active_regime,assigned_bonus,assigned_factor,canopy_dew_lt0_factor,canopy_dew_lt1_factor,counterfactual_winner_id,counterfactual_winner_score,dew_or_humidity_factor,dry_or_high_vpd_factor,dry_vent_factor,energy_relief,factor_vector_id,hour_of_day,is_risk,projected_energy_gap,raw_energy_gap,resolved_risk_family,risk_combo_id,runtime_selected_id,step,switch_relative_to_runtime,switch_relative_to_zero_bonus,switch_to_conservative,zero_bonus_winner_id,zero_minus_counterfactual_final_score
NORMAL_BALANCED,0.08,1.0,1.0,1.0,conservative_prior:conservative_stabilize:6,1.0321250007152558,1.0,1.0,1.0,0.0,canopy_lt0=1.0|canopy_lt1=1.0|dew=1.0|dry_vent=1.0|dry=1.0,0.0,True,0.0,0.0,dew_or_humidity,dew_or_humidity,previous_plan_prior:previous_shift_all:3,0,True,True,True,previous_plan_prior:previous_shift_all:3,0.07587500000000014
NORMAL_BALANCED,0.0,1.0,1.0,1.0,previous_plan_prior:hold_all:3,1.044000000357628,1.0,1.0,1.0,0.0,canopy_lt0=1.0|canopy_lt1=1.0|dew=1.0|dry_vent=1.0|dry=1.0,2.25,False,0.9200000017881393,0.9200000017881393,none,none,previous_plan_prior:previous_shift_all:2,9,True,False,False,previous_plan_prior:hold_all:3,0.0
NORMAL_BALANCED,0.0,1.0,1.0,1.0,previous_plan_prior:hold_all:3,1.044000000357628,1.0,1.0,1.0,0.0,canopy_lt0=1.0|canopy_lt1=1.0|dew=1.0|dry_vent=1.0|dry=1.0,2.5,False,0.9200000017881393,0.9200000017881393,none,none,previous_plan_prior:previous_shift_all:2,10,True,False,False,previous_plan_prior:hold_all:3,0.0
NORMAL_BALANCED,0.0,1.0,1.0,1.0,previous_plan_prior:hold_all:3,1.044000000357628,1.0,1.0,1.0,0.0,canopy_lt0=1.0|canopy_lt1=1.0|dew=1.0|dry_vent=1.0|dry=1.0,2.75,False,0.9200000017881393,0.9200000017881393,none,none,previous_plan_prior:previous_shift_all:2,11,True,False,False,previous_plan_prior:hold_all:3,0.0
NORMAL_BALANCED,0.0,1.0,1.0,1.0,previous_plan_prior:hold_all:2,1.044000000357628,1.0,1.0,1.0,0.0,canopy_lt0=1.0|canopy_lt1=1.0|dew=1.0|dry_vent=1.0|dry=1.0,3.5,False,0.9200000017881393,0.9200000017881393,none,none,previous_plan_prior:previous_shift_all:1,14,True,False,False,previous_plan_prior:hold_all:2,0.0
NORMAL_BALANCED,0.0,1.0,1.0,1.0,previous_plan_prior:hold_all:3,1.044000000357628,1.0,1.0,1.0,0.0,canopy_lt0=1.0|canopy_lt1=1.0|dew=1.0|dry_vent=1.0|dry=1.0,3.75,False,0.9200000017881393,0.9200000017881393,none,none,previous_plan_prior:previous_shift_all:2,15,True,False,False,previous_plan_prior:hold_all:3,0.0
NORMAL_BALANCED,0.0,1.0,1.0,1.0,previous_plan_prior:hold_all:3,1.044000000357628,1.0,1.0,1.0,0.0,canopy_lt0=1.0|canopy_lt1=1.0|dew=1.0|dry_vent=1.0|dry=1.0,4.0,False,0.9200000017881393,0.9200000017881393,none,none,previous_plan_prior:previous_shift_all:2,16,True,False,False,previous_plan_prior:hold_all:3,0.0
NORMAL_BALANCED,0.0,1.0,1.0,1.0,previous_plan_prior:hold_all:3,1.044000000357628,1.0,1.0,1.0,0.0,canopy_lt0=1.0|canopy_lt1=1.0|dew=1.0|dry_vent=1.0|dry=1.0,4.25,False,0.9200000017881393,0.9200000017881393,none,none,previous_plan_prior:previous_shift_all:2,17,True,False,False,previous_plan_prior:hold_all:3,0.0
NORMAL_BALANCED,0.0,1.0,1.0,1.0,previous_plan_prior:hold_all:3,1.044000000357628,1.0,1.0,1.0,0.0,canopy_lt0=1.0|canopy_lt1=1.0|dew=1.0|dry_vent=1.0|dry=1.0,4.5,False,0.9200000017881393,0.9200000017881393,none,none,previous_plan_prior:previous_shift_all:2,18,True,False,False,previous_plan_prior:hold_all:3,0.0
NORMAL_BALANCED,0.0,1.0,1.0,1.0,previous_plan_prior:hold_all:3,1.044000000357628,1.0,1.0,1.0,0.0,canopy_lt0=1.0|canopy_lt1=1.0|dew=1.0|dry_vent=1.0|dry=1.0,4.75,False,0.9200000017881393,0.9200000017881393,none,none,previous_plan_prior:previous_shift_all:2,19,True,False,False,previous_plan_prior:hold_all:3,0.0
NORMAL_BALANCED,0.0,1.0,1.0,1.0,previous_plan_prior:hold_all:3,1.044000000357628,1.0,1.0,1.0,0.0,canopy_lt0=1.0|canopy_lt1=1.0|dew=1.0|dry_vent=1.0|dry=1.0,5.0,False,0.9200000017881393,0.9200000017881393,none,none,previous_plan_prior:previous_shift_all:2,20,True,False,False,previous_plan_prior:hold_all:3,0.0
NORMAL_BALANCED,0.0,1.0,1.0,1.0,previous_plan_prior:hold_all:3,1.06,1.0,1.0,1.0,0.0,canopy_lt0=1.0|canopy_lt1=1.0|dew=1.0|dry_vent=1.0|dry=1.0,6.25,False,1.0,1.0,none,none,previous_plan_prior:previous_shift_all:2,25,True,False,False,previous_plan_prior:hold_all:3,0.0
NORMAL_BALANCED,0.0,1.0,1.0,1.0,previous_plan_prior:hold_all:3,1.06,1.0,1.0,1.0,0.0,canopy_lt0=1.0|canopy_lt1=1.0|dew=1.0|dry_vent=1.0|dry=1.0,6.5,False,1.0,1.0,none,none,previous_plan_prior:previous_shift_all:2,26,True,False,False,previous_plan_prior:hold_all:3,0.0
NORMAL_BALANCED,0.0,1.0,1.0,1.0,previous_plan_prior:hold_all:3,1.06,1.0,1.0,1.0,0.0,canopy_lt0=1.0|canopy_lt1=1.0|dew=1.0|dry_vent=1.0|dry=1.0,6.75,False,1.0,1.0,none,none,previous_plan_prior:previous_shift_all:2,27,True,False,False,previous_plan_prior:hold_all:3,0.0
NORMAL_BALANCED,0.0,1.0,1.0,1.0,previous_plan_prior:hold_all:3,1.06,1.0,1.0,1.0,0.0,canopy_lt0=1.0|canopy_lt1=1.0|dew=1.0|dry_vent=1.0|dry=1.0,7.0,False,1.0,1.0,none,none,previous_plan_prior:previous_shift_all:2,28,True,False,False,previous_plan_prior:hold_all:3,0.0
NORMAL_BALANCED,0.0,1.0,1.0,1.0,previous_plan_prior:hold_all:3,1.06,1.0,1.0,1.0,0.0,canopy_lt0=1.0|canopy_lt1=1.0|dew=1.0|dry_vent=1.0|dry=1.0,7.25,False,1.0,1.0,none,none,previous_plan_prior:previous_shift_all:2,29,True,False,False,previous_plan_prior:hold_all:3,0.0
NORMAL_BALANCED,0.0,1.0,1.0,1.0,previous_plan_prior:hold_all:3,1.06,1.0,1.0,1.0,0.0,canopy_lt0=1.0|canopy_lt1=1.0|dew=1.0|dry_vent=1.0|dry=1.0,7.5,False,1.0,1.0,none,none,previous_plan_prior:previous_shift_all:2,30,True,False,False,previous_plan_prior:hold_all:3,0.0
NORMAL_BALANCED,0.0,1.0,1.0,1.0,previous_plan_prior:hold_all:3,1.06,1.0,1.0,1.0,0.0,canopy_lt0=1.0|canopy_lt1=1.0|dew=1.0|dry_vent=1.0|dry=1.0,7.75,False,1.0,1.0,none,none,previous_plan_prior:previous_shift_all:2,31,True,False,False,previous_plan_prior:hold_all:3,0.0
NORMAL_BALANCED,0.0,1.0,1.0,1.0,previous_plan_prior:hold_all:3,1.06,1.0,1.0,1.0,0.0,canopy_lt0=1.0|canopy_lt1=1.0|dew=1.0|dry_vent=1.0|dry=1.0,8.0,False,1.0,1.0,none,none,previous_plan_prior:previous_shift_all:2,32,True,False,False,previous_plan_prior:hold_all:3,0.0
NORMAL_BALANCED,0.0,1.0,1.0,1.0,previous_plan_prior:hold_all:3,1.06,1.0,1.0,1.0,0.0,canopy_lt0=1.0|canopy_lt1=1.0|dew=1.0|dry_vent=1.0|dry=1.0,8.25,False,1.0,1.0,none,none,previous_plan_prior:previous_shift_all:2,33,True,False,False,previous_plan_prior:hold_all:3,0.0
NORMAL_BALANCED,0.0,1.0,1.0,1.0,previous_plan_prior:hold_all:3,1.06,1.0,1.0,1.0,0.0,canopy_lt0=1.0|canopy_lt1=1.0|dew=1.0|dry_vent=1.0|dry=1.0,8.5,False,1.0,1.0,none,none,previous_plan_prior:previous_shift_all:2,34,True,False,False,previous_plan_prior:hold_all:3,0.0
NORMAL_BALANCED,0.0,1.0,1.0,1.0,previous_plan_prior:hold_all:3,1.06,1.0,1.0,1.0,0.0,canopy_lt0=1.0|canopy_lt1=1.0|dew=1.0|dry_vent=1.0|dry=1.0,8.75,False,1.0,1.0,none,none,previous_plan_prior:previous_shift_all:2,35,True,False,False,previous_plan_prior:hold_all:3,0.0
NORMAL_BALANCED,0.0,1.0,1.0,1.0,previous_plan_prior:hold_all:3,1.06,1.0,1.0,1.0,0.0,canopy_lt0=1.0|canopy_lt1=1.0|dew=1.0|dry_vent=1.0|dry=1.0,9.0,False,1.0,1.0,none,none,previous_plan_prior:previous_shift_all:2,36,True,False,False,previous_plan_prior:hold_all:3,0.0
NORMAL_BALANCED,0.0,1.0,1.0,1.0,previous_plan_prior:hold_all:3,1.06,1.0,1.0,1.0,0.0,canopy_lt0=1.0|canopy_lt1=1.0|dew=1.0|dry_vent=1.0|dry=1.0,9.25,False,1.0,1.0,none,none,previous_plan_prior:previous_shift_all:2,37,True,False,False,previous_plan_prior:hold_all:3,0.0
NORMAL_BALANCED,0.0,1.0,1.0,1.0,previous_plan_prior:hold_all:3,1.06,1.0,1.0,1.0,0.0,canopy_lt0=1.0|canopy_lt1=1.0|dew=1.0|dry_vent=1.0|dry=1.0,9.5,False,1.0,1.0,none,none,previous_plan_prior:previous_shift_all:2,38,True,False,False,previous_plan_prior:hold_all:3,0.0
NORMAL_BALANCED,0.0,1.0,1.0,1.0,previous_plan_prior:hold_all:3,1.06,1.0,1.0,1.0,0.0,canopy_lt0=1.0|canopy_lt1=1.0|dew=1.0|dry_vent=1.0|dry=1.0,9.75,False,1.0,1.0,none,none,previous_plan_prior:previous_shift_all:2,39,True,False,False,previous_plan_prior:hold_all:3,0.0
NORMAL_BALANCED,0.0,1.0,1.0,1.0,previous_plan_prior:hold_all:3,1.06,1.0,1.0,1.0,0.0,canopy_lt0=1.0|canopy_lt1=1.0|dew=1.0|dry_vent=1.0|dry=1.0,10.0,False,1.0,1.0,none,none,previous_plan_prior:previous_shift_all:2,40,True,False,False,previous_plan_prior:hold_all:3,0.0
NORMAL_BALANCED,0.0,1.0,1.0,1.0,previous_plan_prior:hold_all:3,1.06,1.0,1.0,1.0,0.0,canopy_lt0=1.0|canopy_lt1=1.0|dew=1.0|dry_vent=1.0|dry=1.0,10.25,False,1.0,1.0,none,none,previous_plan_prior:previous_shift_all:2,41,True,False,False,previous_plan_prior:hold_all:3,0.0
NORMAL_BALANCED,0.0,1.0,1.0,1.0,previous_plan_prior:hold_all:3,1.06,1.0,1.0,1.0,0.0,canopy_lt0=1.0|canopy_lt1=1.0|dew=1.0|dry_vent=1.0|dry=1.0,10.5,False,1.0,1.0,none,none,previous_plan_prior:previous_shift_all:2,42,True,False,False,previous_plan_prior:hold_all:3,0.0
NORMAL_BALANCED,0.0,1.0,1.0,1.0,previous_plan_prior:hold_all:3,1.06,1.0,1.0,1.0,0.0,canopy_lt0=1.0|canopy_lt1=1.0|dew=1.0|dry_vent=1.0|dry=1.0,10.75,False,1.0,1.0,none,none,previous_plan_prior:previous_shift_all:2,43,True,False,False,previous_plan_prior:hold_all:3,0.0
NORMAL_BALANCED,0.0,1.0,1.0,1.0,previous_plan_prior:hold_all:3,1.06,1.0,1.0,1.0,0.0,canopy_lt0=1.0|canopy_lt1=1.0|dew=1.0|dry_vent=1.0|dry=1.0,11.0,False,1.0,1.0,none,none,previous_plan_prior:previous_shift_all:2,44,True,False,False,previous_plan_prior:hold_all:3,0.0
NORMAL_BALANCED,0.0,1.0,1.0,1.0,previous_plan_prior:hold_all:3,1.06,1.0,1.0,1.0,0.0,canopy_lt0=1.0|canopy_lt1=1.0|dew=1.0|dry_vent=1.0|dry=1.0,11.25,False,1.0,1.0,none,none,previous_plan_prior:previous_shift_all:2,45,True,False,False,previous_plan_prior:hold_all:3,0.0
NORMAL_BALANCED,0.0,1.0,1.0,1.0,previous_plan_prior:hold_all:3,1.06,1.0,1.0,1.0,0.0,canopy_lt0=1.0|canopy_lt1=1.0|dew=1.0|dry_vent=1.0|dry=1.0,11.5,False,1.0,1.0,none,none,previous_plan_prior:previous_shift_all:2,46,True,False,False,previous_plan_prior:hold_all:3,0.0
NORMAL_BALANCED,0.0,1.0,1.0,1.0,previous_plan_prior:hold_all:3,1.06,1.0,1.0,1.0,0.0,canopy_lt0=1.0|canopy_lt1=1.0|dew=1.0|dry_vent=1.0|dry=1.0,12.0,False,1.0,1.0,none,none,previous_plan_prior:previous_shift_all:2,48,True,False,False,previous_plan_prior:hold_all:3,0.0
NORMAL_BALANCED,0.0,1.0,1.0,1.0,previous_plan_prior:hold_all:3,1.06,1.0,1.0,1.0,0.0,canopy_lt0=1.0|canopy_lt1=1.0|dew=1.0|dry_vent=1.0|dry=1.0,12.25,False,1.0,1.0,none,none,previous_plan_prior:previous_shift_all:2,49,True,False,False,previous_plan_prior:hold_all:3,0.0
NORMAL_BALANCED,0.0,1.0,1.0,1.0,previous_plan_prior:hold_all:3,1.06,1.0,1.0,1.0,0.0,canopy_lt0=1.0|canopy_lt1=1.0|dew=1.0|dry_vent=1.0|dry=1.0,12.5,False,1.0,1.0,none,none,previous_plan_prior:previous_shift_all:2,50,True,False,False,previous_plan_prior:hold_all:3,0.0
NORMAL_BALANCED,0.0,1.0,1.0,1.0,previous_plan_prior:hold_all:3,1.06,1.0,1.0,1.0,0.0,canopy_lt0=1.0|canopy_lt1=1.0|dew=1.0|dry_vent=1.0|dry=1.0,14.75,False,1.0,1.0,none,none,previous_plan_prior:previous_shift_all:2,59,True,False,False,previous_plan_prior:hold_all:3,0.0
NORMAL_BALANCED,0.0,1.0,1.0,1.0,previous_plan_prior:hold_all:3,1.06,1.0,1.0,1.0,0.0,canopy_lt0=1.0|canopy_lt1=1.0|dew=1.0|dry_vent=1.0|dry=1.0,15.0,False,1.0,1.0,none,none,previous_plan_prior:previous_shift_all:2,60,True,False,False,previous_plan_prior:hold_all:3,0.0
NORMAL_BALANCED,0.0,1.0,1.0,1.0,previous_plan_prior:hold_all:3,1.06,1.0,1.0,1.0,0.0,canopy_lt0=1.0|canopy_lt1=1.0|dew=1.0|dry_vent=1.0|dry=1.0,15.25,False,1.0,1.0,none,none,previous_plan_prior:previous_shift_all:2,61,True,False,False,previous_plan_prior:hold_all:3,0.0
NORMAL_BALANCED,0.0,1.0,1.0,1.0,previous_plan_prior:hold_all:3,1.06,1.0,1.0,1.0,0.0,canopy_lt0=1.0|canopy_lt1=1.0|dew=1.0|dry_vent=1.0|dry=1.0,15.5,False,1.0,1.0,none,none,previous_plan_prior:previous_shift_all:2,62,True,False,False,previous_plan_prior:hold_all:3,0.0
NORMAL_BALANCED,0.08,1.0,1.0,1.0,previous_plan_prior:previous_shift_all:2,1.0495833334450921,1.0,1.0,1.0,0.0,canopy_lt0=1.0|canopy_lt1=1.0|dew=1.0|dry_vent=1.0|dry=1.0,18.25,True,0.23666666174928352,0.23666666174928352,dew_or_humidity,dew_or_humidity,previous_plan_prior:previous_shift_all:2,73,False,False,False,previous_plan_prior:previous_shift_all:2,0.0
NORMAL_BALANCED,0.0,1.0,1.0,1.0,previous_plan_prior:hold_all:3,1.044000000357628,1.0,1.0,1.0,0.0,canopy_lt0=1.0|canopy_lt1=1.0|dew=1.0|dry_vent=1.0|dry=1.0,20.25,False,0.9200000017881393,0.9200000017881393,none,none,previous_plan_prior:previous_shift_all:2,81,True,False,False,previous_plan_prior:hold_all:3,0.0
NORMAL_BALANCED,0.0,1.0,1.0,1.0,previous_plan_prior:hold_all:3,1.044000000357628,1.0,1.0,1.0,0.0,canopy_lt0=1.0|canopy_lt1=1.0|dew=1.0|dry_vent=1.0|dry=1.0,20.5,False,0.9200000017881393,0.9200000017881393,none,none,previous_plan_prior:previous_shift_all:2,82,True,False,False,previous_plan_prior:hold_all:3,0.0
NORMAL_BALANCED,0.0,1.0,1.0,1.0,previous_plan_prior:hold_all:3,1.044000000357628,1.0,1.0,1.0,0.0,canopy_lt0=1.0|canopy_lt1=1.0|dew=1.0|dry_vent=1.0|dry=1.0,22.25,False,0.9200000017881393,0.9200000017881393,none,none,previous_plan_prior:previous_shift_all:2,89,True,False,False,previous_plan_prior:hold_all:3,0.0
NORMAL_BALANCED,0.0,1.0,1.0,1.0,previous_plan_prior:hold_all:3,1.044000000357628,1.0,1.0,1.0,0.0,canopy_lt0=1.0|canopy_lt1=1.0|dew=1.0|dry_vent=1.0|dry=1.0,0.25,False,0.9200000017881393,0.9200000017881393,none,none,previous_plan_prior:previous_shift_all:2,97,True,False,False,previous_plan_prior:hold_all:3,0.0
NORMAL_BALANCED,0.0,1.0,1.0,1.0,previous_plan_prior:hold_all:3,1.044000000357628,1.0,1.0,1.0,0.0,canopy_lt0=1.0|canopy_lt1=1.0|dew=1.0|dry_vent=1.0|dry=1.0,3.0,False,0.9200000017881393,0.9200000017881393,none,none,previous_plan_prior:previous_shift_all:2,108,True,False,False,previous_plan_prior:hold_all:3,0.0
NORMAL_BALANCED,0.0,1.0,1.0,1.0,previous_plan_prior:hold_all:3,1.044000000357628,1.0,1.0,1.0,0.0,canopy_lt0=1.0|canopy_lt1=1.0|dew=1.0|dry_vent=1.0|dry=1.0,3.25,False,0.9200000017881393,0.9200000017881393,none,none,previous_plan_prior:previous_shift_all:2,109,True,False,False,previous_plan_prior:hold_all:3,0.0
NORMAL_BALANCED,0.0,1.0,1.0,1.0,previous_plan_prior:hold_all:3,1.06,1.0,1.0,1.0,0.0,canopy_lt0=1.0|canopy_lt1=1.0|dew=1.0|dry_vent=1.0|dry=1.0,6.5,False,1.0,1.0,none,none,previous_plan_prior:previous_shift_all:2,122,True,False,False,previous_plan_prior:hold_all:3,0.0
NORMAL_BALANCED,0.0,1.0,1.0,1.0,previous_plan_prior:hold_all:3,1.06,1.0,1.0,1.0,0.0,canopy_lt0=1.0|canopy_lt1=1.0|dew=1.0|dry_vent=1.0|dry=1.0,6.75,False,1.0,1.0,none,none,previous_plan_prior:previous_shift_all:2,123,True,False,False,previous_plan_prior:hold_all:3,0.0
NORMAL_BALANCED,0.0,1.0,1.0,1.0,previous_plan_prior:hold_all:3,1.06,1.0,1.0,1.0,0.0,canopy_lt0=1.0|canopy_lt1=1.0|dew=1.0|dry_vent=1.0|dry=1.0,7.0,False,1.0,1.0,none,none,previous_plan_prior:previous_shift_all:2,124,True,False,False,previous_plan_prior:hold_all:3,0.0
NORMAL_BALANCED,0.0,1.0,1.0,1.0,previous_plan_prior:hold_all:3,1.06,1.0,1.0,1.0,0.0,canopy_lt0=1.0|canopy_lt1=1.0|dew=1.0|dry_vent=1.0|dry=1.0,7.25,False,1.0,1.0,none,none,previous_plan_prior:previous_shift_all:2,125,True,False,False,previous_plan_prior:hold_all:3,0.0
NORMAL_BALANCED,0.0,1.0,1.0,1.0,previous_plan_prior:hold_all:3,1.06,1.0,1.0,1.0,0.0,canopy_lt0=1.0|canopy_lt1=1.0|dew=1.0|dry_vent=1.0|dry=1.0,7.5,False,1.0,1.0,none,none,previous_plan_prior:previous_shift_all:2,126,True,False,False,previous_plan_prior:hold_all:3,0.0
NORMAL_BALANCED,0.0,1.0,1.0,1.0,previous_plan_prior:hold_all:3,1.06,1.0,1.0,1.0,0.0,canopy_lt0=1.0|canopy_lt1=1.0|dew=1.0|dry_vent=1.0|dry=1.0,8.0,False,1.0,1.0,none,none,previous_plan_prior:previous_shift_all:2,128,True,False,False,previous_plan_prior:hold_all:3,0.0
NORMAL_BALANCED,0.0,1.0,1.0,1.0,previous_plan_prior:hold_all:3,1.06,1.0,1.0,1.0,0.0,canopy_lt0=1.0|canopy_lt1=1.0|dew=1.0|dry_vent=1.0|dry=1.0,8.25,False,1.0,1.0,none,none,previous_plan_prior:previous_shift_all:2,129,True,False,False,previous_plan_prior:hold_all:3,0.0
NORMAL_BALANCED,0.0,1.0,1.0,1.0,previous_plan_prior:hold_all:3,1.06,1.0,1.0,1.0,0.0,canopy_lt0=1.0|canopy_lt1=1.0|dew=1.0|dry_vent=1.0|dry=1.0,8.5,False,1.0,1.0,none,none,previous_plan_prior:previous_shift_all:2,130,True,False,False,previous_plan_prior:hold_all:3,0.0
NORMAL_BALANCED,0.0,1.0,1.0,1.0,previous_plan_prior:hold_all:3,1.06,1.0,1.0,1.0,0.0,canopy_lt0=1.0|canopy_lt1=1.0|dew=1.0|dry_vent=1.0|dry=1.0,9.0,False,1.0,1.0,none,none,previous_plan_prior:previous_shift_all:2,132,True,False,False,previous_plan_prior:hold_all:3,0.0
NORMAL_BALANCED,0.0,1.0,1.0,1.0,previous_plan_prior:hold_all:3,1.06,1.0,1.0,1.0,0.0,canopy_lt0=1.0|canopy_lt1=1.0|dew=1.0|dry_vent=1.0|dry=1.0,9.25,False,1.0,1.0,none,none,previous_plan_prior:previous_shift_all:2,133,True,False,False,previous_plan_prior:hold_all:3,0.0
NORMAL_BALANCED,0.0,1.0,1.0,1.0,previous_plan_prior:hold_all:3,1.06,1.0,1.0,1.0,0.0,canopy_lt0=1.0|canopy_lt1=1.0|dew=1.0|dry_vent=1.0|dry=1.0,9.75,False,1.0,1.0,none,none,previous_plan_prior:previous_shift_all:2,135,True,False,False,previous_plan_prior:hold_all:3,0.0
NORMAL_BALANCED,0.0,1.0,1.0,1.0,previous_plan_prior:hold_all:3,1.06,1.0,1.0,1.0,0.0,canopy_lt0=1.0|canopy_lt1=1.0|dew=1.0|dry_vent=1.0|dry=1.0,10.0,False,1.0,1.0,none,none,previous_plan_prior:previous_shift_all:2,136,True,False,False,previous_plan_prior:hold_all:3,0.0
NORMAL_BALANCED,0.0,1.0,1.0,1.0,previous_plan_prior:hold_all:3,1.06,1.0,1.0,1.0,0.0,canopy_lt0=1.0|canopy_lt1=1.0|dew=1.0|dry_vent=1.0|dry=1.0,10.25,False,1.0,1.0,none,none,previous_plan_prior:previous_shift_all:2,137,True,False,False,previous_plan_prior:hold_all:3,0.0
NORMAL_BALANCED,0.0,1.0,1.0,1.0,previous_plan_prior:hold_all:3,1.06,1.0,1.0,1.0,0.0,canopy_lt0=1.0|canopy_lt1=1.0|dew=1.0|dry_vent=1.0|dry=1.0,10.5,False,1.0,1.0,none,none,previous_plan_prior:previous_shift_all:2,138,True,False,False,previous_plan_prior:hold_all:3,0.0
NORMAL_BALANCED,0.0,1.0,1.0,1.0,previous_plan_prior:hold_all:3,1.06,1.0,1.0,1.0,0.0,canopy_lt0=1.0|canopy_lt1=1.0|dew=1.0|dry_vent=1.0|dry=1.0,10.75,False,1.0,1.0,none,none,previous_plan_prior:previous_shift_all:2,139,True,False,False,previous_plan_prior:hold_all:3,0.0
NORMAL_BALANCED,0.0,1.0,1.0,1.0,previous_plan_prior:hold_all:3,1.06,1.0,1.0,1.0,0.0,canopy_lt0=1.0|canopy_lt1=1.0|dew=1.0|dry_vent=1.0|dry=1.0,11.5,False,1.0,1.0,none,none,previous_plan_prior:previous_shift_all:2,142,True,False,False,previous_plan_prior:hold_all:3,0.0
NORMAL_BALANCED,0.0,1.0,1.0,1.0,previous_plan_prior:hold_all:3,1.06,1.0,1.0,1.0,0.0,canopy_lt0=1.0|canopy_lt1=1.0|dew=1.0|dry_vent=1.0|dry=1.0,12.5,False,1.0,1.0,none,none,previous_plan_prior:previous_shift_all:2,146,True,False,False,previous_plan_prior:hold_all:3,0.0
NORMAL_BALANCED,0.06,1.0,1.0,1.0,conservative_prior:conservative_stabilize:5,1.0636250002682208,1.0,1.0,1.0,0.0,canopy_lt0=1.0|canopy_lt1=1.0|dew=1.0|dry_vent=1.0|dry=1.0,12.75,True,0.0,0.0,dry_vent,dry_vent+dry_or_high_vpd,previous_plan_prior:screen_dwell_hold:4,147,True,True,True,previous_plan_prior:screen_dwell_hold:4,0.056374999731779285
NORMAL_BALANCED,0.06,1.0,1.0,1.0,conservative_prior:conservative_stabilize:5,1.0636250002682208,1.0,1.0,1.0,0.0,canopy_lt0=1.0|canopy_lt1=1.0|dew=1.0|dry_vent=1.0|dry=1.0,13.0,True,0.0,0.0,dry_vent,dry_vent+dry_or_high_vpd,previous_plan_prior:previous_shift_all:2,148,True,True,True,previous_plan_prior:previous_shift_all:2,0.056374999731779285
NORMAL_BALANCED,0.06,1.0,1.0,1.0,conservative_prior:conservative_stabilize:5,1.0636250002682208,1.0,1.0,1.0,0.0,canopy_lt0=1.0|canopy_lt1=1.0|dew=1.0|dry_vent=1.0|dry=1.0,13.25,True,0.0,0.0,dry_vent,dry_vent+dry_or_high_vpd,previous_plan_prior:previous_shift_all:2,149,True,True,True,previous_plan_prior:previous_shift_all:2,0.056374999731779285
NORMAL_BALANCED,0.06,1.0,1.0,1.0,conservative_prior:conservative_stabilize:5,1.0636250002682208,1.0,1.0,1.0,0.0,canopy_lt0=1.0|canopy_lt1=1.0|dew=1.0|dry_vent=1.0|dry=1.0,13.5,True,0.0,0.0,dry_vent,dry_vent+dry_or_high_vpd,previous_plan_prior:previous_shift_all:2,150,True,True,True,previous_plan_prior:previous_shift_all:2,0.056374999731779285
NORMAL_BALANCED,0.06,1.0,1.0,1.0,conservative_prior:conservative_stabilize:5,1.0636250002682208,1.0,1.0,1.0,0.0,canopy_lt0=1.0|canopy_lt1=1.0|dew=1.0|dry_vent=1.0|dry=1.0,13.75,True,0.0,0.0,dry_vent,dry_vent+dry_or_high_vpd,previous_plan_prior:previous_shift_all:2,151,True,True,True,previous_plan_prior:previous_shift_all:2,0.056374999731779285
NORMAL_BALANCED,0.0,1.0,1.0,1.0,previous_plan_prior:hold_all:3,1.06,1.0,1.0,1.0,0.0,canopy_lt0=1.0|canopy_lt1=1.0|dew=1.0|dry_vent=1.0|dry=1.0,14.25,False,1.0,1.0,none,none,previous_plan_prior:previous_shift_all:2,153,True,False,False,previous_plan_prior:hold_all:3,0.0
NORMAL_BALANCED,0.0,1.0,1.0,1.0,previous_plan_prior:hold_all:3,1.06,1.0,1.0,1.0,0.0,canopy_lt0=1.0|canopy_lt1=1.0|dew=1.0|dry_vent=1.0|dry=1.0,14.5,False,1.0,1.0,none,none,previous_plan_prior:previous_shift_all:2,154,True,False,False,previous_plan_prior:hold_all:3,0.0
NORMAL_BALANCED,0.0,1.0,1.0,1.0,previous_plan_prior:hold_all:3,1.06,1.0,1.0,1.0,0.0,canopy_lt0=1.0|canopy_lt1=1.0|dew=1.0|dry_vent=1.0|dry=1.0,14.75,False,1.0,1.0,none,none,previous_plan_prior:previous_shift_all:2,155,True,False,False,previous_plan_prior:hold_all:3,0.0
NORMAL_BALANCED,0.0,1.0,1.0,1.0,previous_plan_prior:hold_all:3,1.06,1.0,1.0,1.0,0.0,canopy_lt0=1.0|canopy_lt1=1.0|dew=1.0|dry_vent=1.0|dry=1.0,15.0,False,1.0,1.0,none,none,previous_plan_prior:previous_shift_all:2,156,True,False,False,previous_plan_prior:hold_all:3,0.0
NORMAL_BALANCED,0.0,1.0,1.0,1.0,previous_plan_prior:hold_all:3,1.06,1.0,1.0,1.0,0.0,canopy_lt0=1.0|canopy_lt1=1.0|dew=1.0|dry_vent=1.0|dry=1.0,15.25,False,1.0,1.0,none,none,previous_plan_prior:previous_shift_all:2,157,True,False,False,previous_plan_prior:hold_all:3,0.0
NORMAL_BALANCED,0.0,1.0,1.0,1.0,previous_plan_prior:hold_all:3,1.06,1.0,1.0,1.0,0.0,canopy_lt0=1.0|canopy_lt1=1.0|dew=1.0|dry_vent=1.0|dry=1.0,15.5,False,1.0,1.0,none,none,previous_plan_prior:previous_shift_all:2,158,True,False,False,previous_plan_prior:hold_all:3,0.0
NORMAL_BALANCED,0.0,1.0,1.0,1.0,previous_plan_prior:hold_all:3,1.06,1.0,1.0,1.0,0.0,canopy_lt0=1.0|canopy_lt1=1.0|dew=1.0|dry_vent=1.0|dry=1.0,15.75,False,1.0,1.0,none,none,previous_plan_prior:previous_shift_all:2,159,True,False,False,previous_plan_prior:hold_all:3,0.0
NORMAL_BALANCED,0.0,1.0,1.0,1.0,previous_plan_prior:hold_all:3,1.06,1.0,1.0,1.0,0.0,canopy_lt0=1.0|canopy_lt1=1.0|dew=1.0|dry_vent=1.0|dry=1.0,16.0,False,1.0,1.0,none,none,previous_plan_prior:previous_shift_all:2,160,True,False,False,previous_plan_prior:hold_all:3,0.0
NORMAL_BALANCED,0.0,1.0,1.0,1.0,previous_plan_prior:hold_all:3,1.06,1.0,1.0,1.0,0.0,canopy_lt0=1.0|canopy_lt1=1.0|dew=1.0|dry_vent=1.0|dry=1.0,16.5,False,1.0,1.0,none,none,previous_plan_prior:previous_shift_all:2,162,True,False,False,previous_plan_prior:hold_all:3,0.0
NORMAL_BALANCED,0.0,1.0,1.0,1.0,previous_plan_prior:hold_all:3,1.06,1.0,1.0,1.0,0.0,canopy_lt0=1.0|canopy_lt1=1.0|dew=1.0|dry_vent=1.0|dry=1.0,16.75,False,1.0,1.0,none,none,previous_plan_prior:previous_shift_all:2,163,True,False,False,previous_plan_prior:hold_all:3,0.0
NORMAL_BALANCED,0.0,1.0,1.0,1.0,previous_plan_prior:hold_all:3,1.06,1.0,1.0,1.0,0.0,canopy_lt0=1.0|canopy_lt1=1.0|dew=1.0|dry_vent=1.0|dry=1.0,17.0,False,1.0,1.0,none,none,previous_plan_prior:previous_shift_all:2,164,True,False,False,previous_plan_prior:hold_all:3,0.0
NORMAL_BALANCED,0.0,1.0,1.0,1.0,previous_plan_prior:hold_all:3,1.06,1.0,1.0,1.0,0.0,canopy_lt0=1.0|canopy_lt1=1.0|dew=1.0|dry_vent=1.0|dry=1.0,17.25,False,1.0,1.0,none,none,previous_plan_prior:previous_shift_all:2,165,True,False,False,previous_plan_prior:hold_all:3,0.0
NORMAL_BALANCED,0.0,1.0,1.0,1.0,previous_plan_prior:hold_all:3,1.06,1.0,1.0,1.0,0.0,canopy_lt0=1.0|canopy_lt1=1.0|dew=1.0|dry_vent=1.0|dry=1.0,17.5,False,1.0,1.0,none,none,previous_plan_prior:previous_shift_all:2,166,True,False,False,previous_plan_prior:hold_all:3,0.0
NORMAL_BALANCED,0.0,1.0,1.0,1.0,previous_plan_prior:hold_all:3,1.06,1.0,1.0,1.0,0.0,canopy_lt0=1.0|canopy_lt1=1.0|dew=1.0|dry_vent=1.0|dry=1.0,17.75,False,1.0,1.0,none,none,previous_plan_prior:previous_shift_all:2,167,True,False,False,previous_plan_prior:hold_all:3,0.0
NORMAL_BALANCED,0.0,1.0,1.0,1.0,previous_plan_prior:hold_all:3,1.06,1.0,1.0,1.0,0.0,canopy_lt0=1.0|canopy_lt1=1.0|dew=1.0|dry_vent=1.0|dry=1.0,18.0,False,1.0,1.0,none,none,previous_plan_prior:previous_shift_all:2,168,True,False,False,previous_plan_prior:hold_all:3,0.0
NORMAL_BALANCED,0.0,1.0,1.0,1.0,previous_plan_prior:hold_all:3,1.044000000357628,1.0,1.0,1.0,0.0,canopy_lt0=1.0|canopy_lt1=1.0|dew=1.0|dry_vent=1.0|dry=1.0,21.25,False,0.9200000017881393,0.9200000017881393,none,none,previous_plan_prior:previous_shift_all:2,181,True,False,False,previous_plan_prior:hold_all:3,0.0
NORMAL_BALANCED,0.0,1.0,1.0,1.0,previous_plan_prior:hold_all:3,1.044000000357628,1.0,1.0,1.0,0.0,canopy_lt0=1.0|canopy_lt1=1.0|dew=1.0|dry_vent=1.0|dry=1.0,21.5,False,0.9200000017881393,0.9200000017881393,none,none,previous_plan_prior:previous_shift_all:2,182,True,False,False,previous_plan_prior:hold_all:3,0.0
NORMAL_BALANCED,0.0,1.0,1.0,1.0,previous_plan_prior:hold_all:3,1.044000000357628,1.0,1.0,1.0,0.0,canopy_lt0=1.0|canopy_lt1=1.0|dew=1.0|dry_vent=1.0|dry=1.0,22.0,False,0.9200000017881393,0.9200000017881393,none,none,previous_plan_prior:previous_shift_all:2,184,True,False,False,previous_plan_prior:hold_all:3,0.0
NORMAL_BALANCED,0.08,1.0,1.0,1.0,conservative_prior:conservative_stabilize:5,1.0273750015199183,1.0,1.0,1.0,0.0,canopy_lt0=1.0|canopy_lt1=1.0|dew=1.0|dry_vent=1.0|dry=1.0,5.0,True,0.1599999964237213,0.1599999964237213,dew_or_humidity,dew_or_humidity,previous_plan_prior:previous_shift_all:2,212,True,True,True,previous_plan_prior:previous_shift_all:2,0.0797499979436399
NORMAL_BALANCED,0.08,1.0,1.0,1.0,conservative_prior:conservative_stabilize:5,1.0273750015199183,1.0,1.0,1.0,0.0,canopy_lt0=1.0|canopy_lt1=1.0|dew=1.0|dry_vent=1.0|dry=1.0,5.25,True,0.1599999964237213,0.1599999964237213,dew_or_humidity,dew_or_humidity,previous_plan_prior:previous_shift_all:2,213,True,True,True,previous_plan_prior:previous_shift_all:2,0.0797499979436399
NORMAL_BALANCED,0.08,1.0,1.0,1.0,conservative_prior:conservative_stabilize:5,1.0273750015199183,1.0,1.0,1.0,0.0,canopy_lt0=1.0|canopy_lt1=1.0|dew=1.0|dry_vent=1.0|dry=1.0,5.5,True,0.1599999964237213,0.1599999964237213,dew_or_humidity,dew_or_humidity,previous_plan_prior:previous_shift_all:2,214,True,True,True,previous_plan_prior:previous_shift_all:2,0.0797499979436399
NORMAL_BALANCED,0.0,1.0,1.0,1.0,previous_plan_prior:hold_all:3,1.06,1.0,1.0,1.0,0.0,canopy_lt0=1.0|canopy_lt1=1.0|dew=1.0|dry_vent=1.0|dry=1.0,7.25,False,1.0,1.0,none,none,previous_plan_prior:previous_shift_all:2,221,True,False,False,previous_plan_prior:hold_all:3,0.0
NORMAL_BALANCED,0.0,1.0,1.0,1.0,previous_plan_prior:hold_all:3,1.06,1.0,1.0,1.0,0.0,canopy_lt0=1.0|canopy_lt1=1.0|dew=1.0|dry_vent=1.0|dry=1.0,7.75,False,1.0,1.0,none,none,previous_plan_prior:previous_shift_all:2,223,True,False,False,previous_plan_prior:hold_all:3,0.0
NORMAL_BALANCED,0.0,1.0,1.0,1.0,previous_plan_prior:hold_all:3,1.06,1.0,1.0,1.0,0.0,canopy_lt0=1.0|canopy_lt1=1.0|dew=1.0|dry_vent=1.0|dry=1.0,8.25,False,1.0,1.0,none,none,previous_plan_prior:previous_shift_all:2,225,True,False,False,previous_plan_prior:hold_all:3,0.0
NORMAL_BALANCED,0.0,1.0,1.0,1.0,previous_plan_prior:hold_all:3,1.06,1.0,1.0,1.0,0.0,canopy_lt0=1.0|canopy_lt1=1.0|dew=1.0|dry_vent=1.0|dry=1.0,8.5,False,1.0,1.0,none,none,previous_plan_prior:previous_shift_all:2,226,True,False,False,previous_plan_prior:hold_all:3,0.0
NORMAL_BALANCED,0.0,1.0,1.0,1.0,previous_plan_prior:hold_all:3,1.06,1.0,1.0,1.0,0.0,canopy_lt0=1.0|canopy_lt1=1.0|dew=1.0|dry_vent=1.0|dry=1.0,8.75,False,1.0,1.0,none,none,previous_plan_prior:previous_shift_all:2,227,True,False,False,previous_plan_prior:hold_all:3,0.0
NORMAL_BALANCED,0.0,1.0,1.0,1.0,previous_plan_prior:hold_all:3,1.06,1.0,1.0,1.0,0.0,canopy_lt0=1.0|canopy_lt1=1.0|dew=1.0|dry_vent=1.0|dry=1.0,9.0,False,1.0,1.0,none,none,previous_plan_prior:previous_shift_all:2,228,True,False,False,previous_plan_prior:hold_all:3,0.0
NORMAL_BALANCED,0.0,1.0,1.0,1.0,previous_plan_prior:hold_all:3,1.06,1.0,1.0,1.0,0.0,canopy_lt0=1.0|canopy_lt1=1.0|dew=1.0|dry_vent=1.0|dry=1.0,9.25,False,1.0,1.0,none,none,previous_plan_prior:previous_shift_all:2,229,True,False,False,previous_plan_prior:hold_all:3,0.0
NORMAL_BALANCED,0.0,1.0,1.0,1.0,previous_plan_prior:hold_all:3,1.06,1.0,1.0,1.0,0.0,canopy_lt0=1.0|canopy_lt1=1.0|dew=1.0|dry_vent=1.0|dry=1.0,9.5,False,1.0,1.0,none,none,previous_plan_prior:previous_shift_all:2,230,True,False,False,previous_plan_prior:hold_all:3,0.0
NORMAL_BALANCED,0.0,1.0,1.0,1.0,previous_plan_prior:hold_all:3,1.06,1.0,1.0,1.0,0.0,canopy_lt0=1.0|canopy_lt1=1.0|dew=1.0|dry_vent=1.0|dry=1.0,9.75,False,1.0,1.0,none,none,previous_plan_prior:previous_shift_all:2,231,True,False,False,previous_plan_prior:hold_all:3,0.0
NORMAL_BALANCED,0.0,1.0,1.0,1.0,previous_plan_prior:hold_all:3,1.06,1.0,1.0,1.0,0.0,canopy_lt0=1.0|canopy_lt1=1.0|dew=1.0|dry_vent=1.0|dry=1.0,10.0,False,1.0,1.0,none,none,previous_plan_prior:previous_shift_all:2,232,True,False,False,previous_plan_prior:hold_all:3,0.0
NORMAL_BALANCED,0.0,1.0,1.0,1.0,previous_plan_prior:hold_all:3,1.06,1.0,1.0,1.0,0.0,canopy_lt0=1.0|canopy_lt1=1.0|dew=1.0|dry_vent=1.0|dry=1.0,10.25,False,1.0,1.0,none,none,previous_plan_prior:previous_shift_all:2,233,True,False,False,previous_plan_prior:hold_all:3,0.0
NORMAL_BALANCED,0.0,1.0,1.0,1.0,previous_plan_prior:hold_all:3,1.06,1.0,1.0,1.0,0.0,canopy_lt0=1.0|canopy_lt1=1.0|dew=1.0|dry_vent=1.0|dry=1.0,10.5,False,1.0,1.0,none,none,previous_plan_prior:previous_shift_all:2,234,True,False,False,previous_plan_prior:hold_all:3,0.0
NORMAL_BALANCED,0.0,1.0,1.0,1.0,previous_plan_prior:hold_all:3,1.06,1.0,1.0,1.0,0.0,canopy_lt0=1.0|canopy_lt1=1.0|dew=1.0|dry_vent=1.0|dry=1.0,10.75,False,1.0,1.0,none,none,previous_plan_prior:previous_shift_all:2,235,True,False,False,previous_plan_prior:hold_all:3,0.0
NORMAL_BALANCED,0.0,1.0,1.0,1.0,previous_plan_prior:hold_all:3,1.06,1.0,1.0,1.0,0.0,canopy_lt0=1.0|canopy_lt1=1.0|dew=1.0|dry_vent=1.0|dry=1.0,11.0,False,1.0,1.0,none,none,previous_plan_prior:previous_shift_all:2,236,True,False,False,previous_plan_prior:hold_all:3,0.0
NORMAL_BALANCED,0.0,1.0,1.0,1.0,previous_plan_prior:hold_all:3,1.06,1.0,1.0,1.0,0.0,canopy_lt0=1.0|canopy_lt1=1.0|dew=1.0|dry_vent=1.0|dry=1.0,11.25,False,1.0,1.0,none,none,previous_plan_prior:previous_shift_all:2,237,True,False,False,previous_plan_prior:hold_all:3,0.0
NORMAL_BALANCED,0.0,1.0,1.0,1.0,previous_plan_prior:hold_all:3,1.06,1.0,1.0,1.0,0.0,canopy_lt0=1.0|canopy_lt1=1.0|dew=1.0|dry_vent=1.0|dry=1.0,11.5,False,1.0,1.0,none,none,previous_plan_prior:previous_shift_all:2,238,True,False,False,previous_plan_prior:hold_all:3,0.0
NORMAL_BALANCED,0.0,1.0,1.0,1.0,previous_plan_prior:hold_all:3,1.06,1.0,1.0,1.0,0.0,canopy_lt0=1.0|canopy_lt1=1.0|dew=1.0|dry_vent=1.0|dry=1.0,11.75,False,1.0,1.0,none,none,previous_plan_prior:previous_shift_all:2,239,True,False,False,previous_plan_prior:hold_all:3,0.0
NORMAL_BALANCED,0.0,1.0,1.0,1.0,previous_plan_prior:hold_all:3,1.06,1.0,1.0,1.0,0.0,canopy_lt0=1.0|canopy_lt1=1.0|dew=1.0|dry_vent=1.0|dry=1.0,12.0,False,1.0,1.0,none,none,previous_plan_prior:previous_shift_all:2,240,True,False,False,previous_plan_prior:hold_all:3,0.0
NORMAL_BALANCED,0.0,1.0,1.0,1.0,previous_plan_prior:hold_all:3,1.06,1.0,1.0,1.0,0.0,canopy_lt0=1.0|canopy_lt1=1.0|dew=1.0|dry_vent=1.0|dry=1.0,12.25,False,1.0,1.0,none,none,previous_plan_prior:previous_shift_all:2,241,True,False,False,previous_plan_prior:hold_all:3,0.0
NORMAL_BALANCED,0.0,1.0,1.0,1.0,previous_plan_prior:hold_all:3,1.06,1.0,1.0,1.0,0.0,canopy_lt0=1.0|canopy_lt1=1.0|dew=1.0|dry_vent=1.0|dry=1.0,12.5,False,1.0,1.0,none,none,previous_plan_prior:previous_shift_all:2,242,True,False,False,previous_plan_prior:hold_all:3,0.0
NORMAL_BALANCED,0.0,1.0,1.0,1.0,previous_plan_prior:hold_all:3,1.06,1.0,1.0,1.0,0.0,canopy_lt0=1.0|canopy_lt1=1.0|dew=1.0|dry_vent=1.0|dry=1.0,12.75,False,1.0,1.0,none,none,previous_plan_prior:previous_shift_all:2,243,True,False,False,previous_plan_prior:hold_all:3,0.0
NORMAL_BALANCED,0.0,1.0,1.0,1.0,previous_plan_prior:hold_all:3,1.06,1.0,1.0,1.0,0.0,canopy_lt0=1.0|canopy_lt1=1.0|dew=1.0|dry_vent=1.0|dry=1.0,13.0,False,1.0,1.0,none,none,previous_plan_prior:previous_shift_all:2,244,True,False,False,previous_plan_prior:hold_all:3,0.0
NORMAL_BALANCED,0.0,1.0,1.0,1.0,previous_plan_prior:hold_all:3,1.06,1.0,1.0,1.0,0.0,canopy_lt0=1.0|canopy_lt1=1.0|dew=1.0|dry_vent=1.0|dry=1.0,13.25,False,1.0,1.0,none,none,previous_plan_prior:previous_shift_all:2,245,True,False,False,previous_plan_prior:hold_all:3,0.0
NORMAL_BALANCED,0.0,1.0,1.0,1.0,previous_plan_prior:hold_all:3,1.06,1.0,1.0,1.0,0.0,canopy_lt0=1.0|canopy_lt1=1.0|dew=1.0|dry_vent=1.0|dry=1.0,13.5,False,1.0,1.0,none,none,previous_plan_prior:previous_shift_all:2,246,True,False,False,previous_plan_prior:hold_all:3,0.0
NORMAL_BALANCED,0.0,1.0,1.0,1.0,previous_plan_prior:hold_all:3,1.06,1.0,1.0,1.0,0.0,canopy_lt0=1.0|canopy_lt1=1.0|dew=1.0|dry_vent=1.0|dry=1.0,13.75,False,1.0,1.0,none,none,previous_plan_prior:previous_shift_all:2,247,True,False,False,previous_plan_prior:hold_all:3,0.0
NORMAL_BALANCED,0.0,1.0,1.0,1.0,previous_plan_prior:hold_all:3,1.06,1.0,1.0,1.0,0.0,canopy_lt0=1.0|canopy_lt1=1.0|dew=1.0|dry_vent=1.0|dry=1.0,14.0,False,1.0,1.0,none,none,previous_plan_prior:previous_shift_all:2,248,True,False,False,previous_plan_prior:hold_all:3,0.0
NORMAL_BALANCED,0.0,1.0,1.0,1.0,previous_plan_prior:hold_all:3,1.06,1.0,1.0,1.0,0.0,canopy_lt0=1.0|canopy_lt1=1.0|dew=1.0|dry_vent=1.0|dry=1.0,14.25,False,1.0,1.0,none,none,previous_plan_prior:previous_shift_all:2,249,True,False,False,previous_plan_prior:hold_all:3,0.0
NORMAL_BALANCED,0.0,1.0,1.0,1.0,previous_plan_prior:hold_all:3,1.06,1.0,1.0,1.0,0.0,canopy_lt0=1.0|canopy_lt1=1.0|dew=1.0|dry_vent=1.0|dry=1.0,14.5,False,1.0,1.0,none,none,previous_plan_prior:previous_shift_all:2,250,True,False,False,previous_plan_prior:hold_all:3,0.0
NORMAL_BALANCED,0.0,1.0,1.0,1.0,previous_plan_prior:hold_all:3,1.06,1.0,1.0,1.0,0.0,canopy_lt0=1.0|canopy_lt1=1.0|dew=1.0|dry_vent=1.0|dry=1.0,14.75,False,1.0,1.0,none,none,previous_plan_prior:previous_shift_all:2,251,True,False,False,previous_plan_prior:hold_all:3,0.0
NORMAL_BALANCED,0.0,1.0,1.0,1.0,previous_plan_prior:hold_all:3,1.06,1.0,1.0,1.0,0.0,canopy_lt0=1.0|canopy_lt1=1.0|dew=1.0|dry_vent=1.0|dry=1.0,15.0,False,1.0,1.0,none,none,previous_plan_prior:previous_shift_all:2,252,True,False,False,previous_plan_prior:hold_all:3,0.0
NORMAL_BALANCED,0.0,1.0,1.0,1.0,previous_plan_prior:hold_all:3,1.06,1.0,1.0,1.0,0.0,canopy_lt0=1.0|canopy_lt1=1.0|dew=1.0|dry_vent=1.0|dry=1.0,15.25,False,1.0,1.0,none,none,previous_plan_prior:previous_shift_all:2,253,True,False,False,previous_plan_prior:hold_all:3,0.0
NORMAL_BALANCED,0.0,1.0,1.0,1.0,previous_plan_prior:hold_all:3,1.06,1.0,1.0,1.0,0.0,canopy_lt0=1.0|canopy_lt1=1.0|dew=1.0|dry_vent=1.0|dry=1.0,15.5,False,1.0,1.0,none,none,previous_plan_prior:previous_shift_all:2,254,True,False,False,previous_plan_prior:hold_all:3,0.0
NORMAL_BALANCED,0.0,1.0,1.0,1.0,previous_plan_prior:hold_all:3,1.06,1.0,1.0,1.0,0.0,canopy_lt0=1.0|canopy_lt1=1.0|dew=1.0|dry_vent=1.0|dry=1.0,15.75,False,1.0,1.0,none,none,previous_plan_prior:previous_shift_all:2,255,True,False,False,previous_plan_prior:hold_all:3,0.0
NORMAL_BALANCED,0.0,1.0,1.0,1.0,previous_plan_prior:hold_all:3,1.06,1.0,1.0,1.0,0.0,canopy_lt0=1.0|canopy_lt1=1.0|dew=1.0|dry_vent=1.0|dry=1.0,16.0,False,1.0,1.0,none,none,previous_plan_prior:previous_shift_all:2,256,True,False,False,previous_plan_prior:hold_all:3,0.0
NORMAL_BALANCED,0.0,1.0,1.0,1.0,previous_plan_prior:hold_all:3,1.06,1.0,1.0,1.0,0.0,canopy_lt0=1.0|canopy_lt1=1.0|dew=1.0|dry_vent=1.0|dry=1.0,16.25,False,1.0,1.0,none,none,previous_plan_prior:previous_shift_all:2,257,True,False,False,previous_plan_prior:hold_all:3,0.0
NORMAL_BALANCED,0.0,1.0,1.0,1.0,previous_plan_prior:hold_all:3,1.06,1.0,1.0,1.0,0.0,canopy_lt0=1.0|canopy_lt1=1.0|dew=1.0|dry_vent=1.0|dry=1.0,16.5,False,1.0,1.0,none,none,previous_plan_prior:previous_shift_all:2,258,True,False,False,previous_plan_prior:hold_all:3,0.0
NORMAL_BALANCED,0.0,1.0,1.0,1.0,previous_plan_prior:hold_all:3,1.06,1.0,1.0,1.0,0.0,canopy_lt0=1.0|canopy_lt1=1.0|dew=1.0|dry_vent=1.0|dry=1.0,16.75,False,1.0,1.0,none,none,previous_plan_prior:previous_shift_all:2,259,True,False,False,previous_plan_prior:hold_all:3,0.0
NORMAL_BALANCED,0.0,1.0,1.0,1.0,previous_plan_prior:hold_all:3,1.06,1.0,1.0,1.0,0.0,canopy_lt0=1.0|canopy_lt1=1.0|dew=1.0|dry_vent=1.0|dry=1.0,17.0,False,1.0,1.0,none,none,previous_plan_prior:previous_shift_all:2,260,True,False,False,previous_plan_prior:hold_all:3,0.0
NORMAL_BALANCED,0.0,1.0,1.0,1.0,previous_plan_prior:hold_all:3,1.06,1.0,1.0,1.0,0.0,canopy_lt0=1.0|canopy_lt1=1.0|dew=1.0|dry_vent=1.0|dry=1.0,17.25,False,1.0,1.0,none,none,previous_plan_prior:previous_shift_all:2,261,True,False,False,previous_plan_prior:hold_all:3,0.0
NORMAL_BALANCED,0.0,1.0,1.0,1.0,previous_plan_prior:hold_all:4,1.06,1.0,1.0,1.0,0.0,canopy_lt0=1.0|canopy_lt1=1.0|dew=1.0|dry_vent=1.0|dry=1.0,17.5,False,1.0,1.0,none,none,previous_plan_prior:previous_shift_all:3,262,True,False,False,previous_plan_prior:hold_all:4,0.0
NORMAL_BALANCED,0.0,1.0,1.0,1.0,previous_plan_prior:hold_all:4,1.06,1.0,1.0,1.0,0.0,canopy_lt0=1.0|canopy_lt1=1.0|dew=1.0|dry_vent=1.0|dry=1.0,17.75,False,1.0,1.0,none,none,previous_plan_prior:previous_shift_all:3,263,True,False,False,previous_plan_prior:hold_all:4,0.0
NORMAL_BALANCED,0.0,1.0,1.0,1.0,previous_plan_prior:hold_all:4,1.06,1.0,1.0,1.0,0.0,canopy_lt0=1.0|canopy_lt1=1.0|dew=1.0|dry_vent=1.0|dry=1.0,18.0,False,1.0,1.0,none,none,previous_plan_prior:previous_shift_all:3,264,True,False,False,previous_plan_prior:hold_all:4,0.0
NORMAL_BALANCED,0.0,1.0,1.0,1.0,previous_plan_prior:hold_all:3,1.06,1.0,1.0,1.0,0.0,canopy_lt0=1.0|canopy_lt1=1.0|dew=1.0|dry_vent=1.0|dry=1.0,18.5,False,1.0,1.0,none,none,previous_plan_prior:previous_shift_all:2,266,True,False,False,previous_plan_prior:hold_all:3,0.0
NORMAL_BALANCED,0.0,1.0,1.0,1.0,previous_plan_prior:hold_all:4,1.06,1.0,1.0,1.0,0.0,canopy_lt0=1.0|canopy_lt1=1.0|dew=1.0|dry_vent=1.0|dry=1.0,18.75,False,1.0,1.0,none,none,previous_plan_prior:previous_shift_all:3,267,True,False,False,previous_plan_prior:hold_all:4,0.0
NORMAL_BALANCED,0.0,1.0,1.0,1.0,previous_plan_prior:hold_all:4,1.06,1.0,1.0,1.0,0.0,canopy_lt0=1.0|canopy_lt1=1.0|dew=1.0|dry_vent=1.0|dry=1.0,19.0,False,1.0,1.0,none,none,previous_plan_prior:previous_shift_all:3,268,True,False,False,previous_plan_prior:hold_all:4,0.0
NORMAL_BALANCED,0.0,1.0,1.0,1.0,previous_plan_prior:hold_all:4,1.06,1.0,1.0,1.0,0.0,canopy_lt0=1.0|canopy_lt1=1.0|dew=1.0|dry_vent=1.0|dry=1.0,19.25,False,1.0,1.0,none,none,previous_plan_prior:previous_shift_all:3,269,True,False,False,previous_plan_prior:hold_all:4,0.0
NORMAL_BALANCED,0.0,1.0,1.0,1.0,previous_plan_prior:hold_all:4,1.06,1.0,1.0,1.0,0.0,canopy_lt0=1.0|canopy_lt1=1.0|dew=1.0|dry_vent=1.0|dry=1.0,21.25,False,1.0,1.0,none,none,previous_plan_prior:previous_shift_all:3,277,True,False,False,previous_plan_prior:hold_all:4,0.0
NORMAL_BALANCED,0.0,1.0,1.0,1.0,previous_plan_prior:hold_all:4,1.06,1.0,1.0,1.0,0.0,canopy_lt0=1.0|canopy_lt1=1.0|dew=1.0|dry_vent=1.0|dry=1.0,21.5,False,1.0,1.0,none,none,previous_plan_prior:previous_shift_all:3,278,True,False,False,previous_plan_prior:hold_all:4,0.0
NORMAL_BALANCED,0.0,1.0,1.0,1.0,previous_plan_prior:hold_all:4,1.06,1.0,1.0,1.0,0.0,canopy_lt0=1.0|canopy_lt1=1.0|dew=1.0|dry_vent=1.0|dry=1.0,21.75,False,1.0,1.0,none,none,previous_plan_prior:previous_shift_all:3,279,True,False,False,previous_plan_prior:hold_all:4,0.0
NORMAL_BALANCED,0.0,1.0,1.0,1.0,previous_plan_prior:hold_all:4,1.06,1.0,1.0,1.0,0.0,canopy_lt0=1.0|canopy_lt1=1.0|dew=1.0|dry_vent=1.0|dry=1.0,22.0,False,1.0,1.0,none,none,previous_plan_prior:previous_shift_all:3,280,True,False,False,previous_plan_prior:hold_all:4,0.0
NORMAL_BALANCED,0.0,1.0,1.0,1.0,previous_plan_prior:hold_all:4,1.06,1.0,1.0,1.0,0.0,canopy_lt0=1.0|canopy_lt1=1.0|dew=1.0|dry_vent=1.0|dry=1.0,22.25,False,1.0,1.0,none,none,previous_plan_prior:previous_shift_all:3,281,True,False,False,previous_plan_prior:hold_all:4,0.0
NORMAL_BALANCED,0.0,1.0,1.0,1.0,previous_plan_prior:hold_all:4,1.06,1.0,1.0,1.0,0.0,canopy_lt0=1.0|canopy_lt1=1.0|dew=1.0|dry_vent=1.0|dry=1.0,6.5,False,1.0,1.0,none,none,previous_plan_prior:previous_shift_all:3,314,True,False,False,previous_plan_prior:hold_all:4,0.0
NORMAL_BALANCED,0.0,1.0,1.0,1.0,previous_plan_prior:hold_all:3,1.06,1.0,1.0,1.0,0.0,canopy_lt0=1.0|canopy_lt1=1.0|dew=1.0|dry_vent=1.0|dry=1.0,6.75,False,1.0,1.0,none,none,previous_plan_prior:previous_shift_all:2,315,True,False,False,previous_plan_prior:hold_all:3,0.0
NORMAL_BALANCED,0.0,1.0,1.0,1.0,previous_plan_prior:hold_all:3,1.06,1.0,1.0,1.0,0.0,canopy_lt0=1.0|canopy_lt1=1.0|dew=1.0|dry_vent=1.0|dry=1.0,7.0,False,1.0,1.0,none,none,previous_plan_prior:previous_shift_all:2,316,True,False,False,previous_plan_prior:hold_all:3,0.0
NORMAL_BALANCED,0.0,1.0,1.0,1.0,previous_plan_prior:hold_all:3,1.06,1.0,1.0,1.0,0.0,canopy_lt0=1.0|canopy_lt1=1.0|dew=1.0|dry_vent=1.0|dry=1.0,7.25,False,1.0,1.0,none,none,previous_plan_prior:previous_shift_all:2,317,True,False,False,previous_plan_prior:hold_all:3,0.0
NORMAL_BALANCED,0.0,1.0,1.0,1.0,previous_plan_prior:hold_all:3,1.06,1.0,1.0,1.0,0.0,canopy_lt0=1.0|canopy_lt1=1.0|dew=1.0|dry_vent=1.0|dry=1.0,7.5,False,1.0,1.0,none,none,previous_plan_prior:previous_shift_all:2,318,True,False,False,previous_plan_prior:hold_all:3,0.0
NORMAL_BALANCED,0.0,1.0,1.0,1.0,previous_plan_prior:hold_all:3,1.06,1.0,1.0,1.0,0.0,canopy_lt0=1.0|canopy_lt1=1.0|dew=1.0|dry_vent=1.0|dry=1.0,7.75,False,1.0,1.0,none,none,previous_plan_prior:previous_shift_all:2,319,True,False,False,previous_plan_prior:hold_all:3,0.0
NORMAL_BALANCED,0.0,1.0,1.0,1.0,previous_plan_prior:hold_all:3,1.06,1.0,1.0,1.0,0.0,canopy_lt0=1.0|canopy_lt1=1.0|dew=1.0|dry_vent=1.0|dry=1.0,8.25,False,1.0,1.0,none,none,previous_plan_prior:previous_shift_all:2,321,True,False,False,previous_plan_prior:hold_all:3,0.0
NORMAL_BALANCED,0.0,1.0,1.0,1.0,previous_plan_prior:hold_all:3,1.06,1.0,1.0,1.0,0.0,canopy_lt0=1.0|canopy_lt1=1.0|dew=1.0|dry_vent=1.0|dry=1.0,8.75,False,1.0,1.0,none,none,previous_plan_prior:previous_shift_all:2,323,True,False,False,previous_plan_prior:hold_all:3,0.0
NORMAL_BALANCED,0.0,1.0,1.0,1.0,previous_plan_prior:hold_all:3,1.06,1.0,1.0,1.0,0.0,canopy_lt0=1.0|canopy_lt1=1.0|dew=1.0|dry_vent=1.0|dry=1.0,9.0,False,1.0,1.0,none,none,previous_plan_prior:previous_shift_all:2,324,True,False,False,previous_plan_prior:hold_all:3,0.0
NORMAL_BALANCED,0.0,1.0,1.0,1.0,previous_plan_prior:hold_all:3,1.06,1.0,1.0,1.0,0.0,canopy_lt0=1.0|canopy_lt1=1.0|dew=1.0|dry_vent=1.0|dry=1.0,9.25,False,1.0,1.0,none,none,previous_plan_prior:previous_shift_all:2,325,True,False,False,previous_plan_prior:hold_all:3,0.0
NORMAL_BALANCED,0.06,1.0,1.0,1.0,conservative_prior:conservative_stabilize:5,1.061374999899417,1.0,1.0,1.0,0.0,canopy_lt0=1.0|canopy_lt1=1.0|dew=1.0|dry_vent=1.0|dry=1.0,9.75,True,0.0,0.0,dry_or_high_vpd,dry_or_high_vpd,previous_plan_prior:screen_dwell_hold:4,327,True,True,True,previous_plan_prior:screen_dwell_hold:4,0.058625000100583025
NORMAL_BALANCED,0.06,1.0,1.0,1.0,conservative_prior:conservative_stabilize:5,1.0636250002682208,1.0,1.0,1.0,0.0,canopy_lt0=1.0|canopy_lt1=1.0|dew=1.0|dry_vent=1.0|dry=1.0,10.0,True,0.0,0.0,dry_vent,dry_vent+dry_or_high_vpd,previous_plan_prior:previous_shift_all:2,328,True,True,True,previous_plan_prior:previous_shift_all:2,0.056374999731779285
NORMAL_BALANCED,0.06,1.0,1.0,1.0,conservative_prior:conservative_stabilize:5,1.0636250002682208,1.0,1.0,1.0,0.0,canopy_lt0=1.0|canopy_lt1=1.0|dew=1.0|dry_vent=1.0|dry=1.0,10.25,True,0.0,0.0,dry_vent,dry_vent+dry_or_high_vpd,previous_plan_prior:previous_shift_all:2,329,True,True,True,previous_plan_prior:previous_shift_all:2,0.056374999731779285
NORMAL_BALANCED,0.06,1.0,1.0,1.0,conservative_prior:conservative_stabilize:5,1.0636250002682208,1.0,1.0,1.0,0.0,canopy_lt0=1.0|canopy_lt1=1.0|dew=1.0|dry_vent=1.0|dry=1.0,10.5,True,0.0,0.0,dry_vent,dry_vent+dry_or_high_vpd,previous_plan_prior:previous_shift_all:2,330,True,True,True,previous_plan_prior:previous_shift_all:2,0.056374999731779285
NORMAL_BALANCED,0.06,1.0,1.0,1.0,conservative_prior:conservative_stabilize:5,1.0636250002682208,1.0,1.0,1.0,0.0,canopy_lt0=1.0|canopy_lt1=1.0|dew=1.0|dry_vent=1.0|dry=1.0,10.75,True,0.0,0.0,dry_vent,dry_vent+dry_or_high_vpd,previous_plan_prior:previous_shift_all:2,331,True,True,True,previous_plan_prior:previous_shift_all:2,0.056374999731779285
NORMAL_BALANCED,0.06,1.0,1.0,1.0,conservative_prior:conservative_stabilize:5,1.0636250002682208,1.0,1.0,1.0,0.0,canopy_lt0=1.0|canopy_lt1=1.0|dew=1.0|dry_vent=1.0|dry=1.0,11.0,True,0.0,0.0,dry_vent,dry_vent+dry_or_high_vpd,previous_plan_prior:previous_shift_all:2,332,True,True,True,previous_plan_prior:previous_shift_all:2,0.056374999731779285
NORMAL_BALANCED,0.06,1.0,1.0,1.0,conservative_prior:conservative_stabilize:5,1.0636250002682208,1.0,1.0,1.0,0.0,canopy_lt0=1.0|canopy_lt1=1.0|dew=1.0|dry_vent=1.0|dry=1.0,11.25,True,0.0,0.0,dry_vent,dry_vent+dry_or_high_vpd,previous_plan_prior:previous_shift_all:2,333,True,True,True,previous_plan_prior:previous_shift_all:2,0.056374999731779285
NORMAL_BALANCED,0.06,1.0,1.0,1.0,conservative_prior:conservative_stabilize:5,1.0636250002682208,1.0,1.0,1.0,0.0,canopy_lt0=1.0|canopy_lt1=1.0|dew=1.0|dry_vent=1.0|dry=1.0,11.5,True,0.0,0.0,dry_vent,dry_vent+dry_or_high_vpd,previous_plan_prior:previous_shift_all:2,334,True,True,True,previous_plan_prior:previous_shift_all:2,0.056374999731779285
NORMAL_BALANCED,0.06,1.0,1.0,1.0,conservative_prior:conservative_stabilize:5,1.0636250002682208,1.0,1.0,1.0,0.0,canopy_lt0=1.0|canopy_lt1=1.0|dew=1.0|dry_vent=1.0|dry=1.0,11.75,True,0.0,0.0,dry_vent,dry_vent+dry_or_high_vpd,previous_plan_prior:previous_shift_all:2,335,True,True,True,previous_plan_prior:previous_shift_all:2,0.056374999731779285
NORMAL_BALANCED,0.06,1.0,1.0,1.0,conservative_prior:conservative_stabilize:5,1.0636250002682208,1.0,1.0,1.0,0.0,canopy_lt0=1.0|canopy_lt1=1.0|dew=1.0|dry_vent=1.0|dry=1.0,12.0,True,0.0,0.0,dry_vent,dry_vent+dry_or_high_vpd,previous_plan_prior:previous_shift_all:2,336,True,True,True,previous_plan_prior:previous_shift_all:2,0.056374999731779285
NORMAL_BALANCED,0.06,1.0,1.0,1.0,conservative_prior:conservative_stabilize:5,1.061374999899417,1.0,1.0,1.0,0.0,canopy_lt0=1.0|canopy_lt1=1.0|dew=1.0|dry_vent=1.0|dry=1.0,12.25,True,0.0,0.0,dry_or_high_vpd,dry_or_high_vpd,previous_plan_prior:previous_shift_all:2,337,True,True,True,previous_plan_prior:previous_shift_all:2,0.058625000100583025
NORMAL_BALANCED,0.0,1.0,1.0,1.0,previous_plan_prior:hold_all:3,1.06,1.0,1.0,1.0,0.0,canopy_lt0=1.0|canopy_lt1=1.0|dew=1.0|dry_vent=1.0|dry=1.0,12.75,False,1.0,1.0,none,none,previous_plan_prior:previous_shift_all:2,339,True,False,False,previous_plan_prior:hold_all:3,0.0
NORMAL_BALANCED,0.0,1.0,1.0,1.0,previous_plan_prior:hold_all:3,1.06,1.0,1.0,1.0,0.0,canopy_lt0=1.0|canopy_lt1=1.0|dew=1.0|dry_vent=1.0|dry=1.0,13.0,False,1.0,1.0,none,none,previous_plan_prior:previous_shift_all:2,340,True,False,False,previous_plan_prior:hold_all:3,0.0
NORMAL_BALANCED,0.0,1.0,1.0,1.0,previous_plan_prior:hold_all:3,1.06,1.0,1.0,1.0,0.0,canopy_lt0=1.0|canopy_lt1=1.0|dew=1.0|dry_vent=1.0|dry=1.0,13.25,False,1.0,1.0,none,none,previous_plan_prior:previous_shift_all:2,341,True,False,False,previous_plan_prior:hold_all:3,0.0
NORMAL_BALANCED,0.0,1.0,1.0,1.0,previous_plan_prior:hold_all:3,1.06,1.0,1.0,1.0,0.0,canopy_lt0=1.0|canopy_lt1=1.0|dew=1.0|dry_vent=1.0|dry=1.0,13.5,False,1.0,1.0,none,none,previous_plan_prior:previous_shift_all:2,342,True,False,False,previous_plan_prior:hold_all:3,0.0
NORMAL_BALANCED,0.0,1.0,1.0,1.0,previous_plan_prior:hold_all:3,1.06,1.0,1.0,1.0,0.0,canopy_lt0=1.0|canopy_lt1=1.0|dew=1.0|dry_vent=1.0|dry=1.0,13.75,False,1.0,1.0,none,none,previous_plan_prior:previous_shift_all:2,343,True,False,False,previous_plan_prior:hold_all:3,0.0
NORMAL_BALANCED,0.0,1.0,1.0,1.0,previous_plan_prior:hold_all:3,1.06,1.0,1.0,1.0,0.0,canopy_lt0=1.0|canopy_lt1=1.0|dew=1.0|dry_vent=1.0|dry=1.0,14.0,False,1.0,1.0,none,none,previous_plan_prior:previous_shift_all:2,344,True,False,False,previous_plan_prior:hold_all:3,0.0
NORMAL_BALANCED,0.0,1.0,1.0,1.0,previous_plan_prior:hold_all:3,1.06,1.0,1.0,1.0,0.0,canopy_lt0=1.0|canopy_lt1=1.0|dew=1.0|dry_vent=1.0|dry=1.0,14.25,False,1.0,1.0,none,none,previous_plan_prior:previous_shift_all:2,345,True,False,False,previous_plan_prior:hold_all:3,0.0
NORMAL_BALANCED,0.0,1.0,1.0,1.0,previous_plan_prior:hold_all:3,1.06,1.0,1.0,1.0,0.0,canopy_lt0=1.0|canopy_lt1=1.0|dew=1.0|dry_vent=1.0|dry=1.0,14.5,False,1.0,1.0,none,none,previous_plan_prior:previous_shift_all:2,346,True,False,False,previous_plan_prior:hold_all:3,0.0
NORMAL_BALANCED,0.06,1.0,1.0,1.0,conservative_prior:conservative_stabilize:5,1.061374999899417,1.0,1.0,1.0,0.0,canopy_lt0=1.0|canopy_lt1=1.0|dew=1.0|dry_vent=1.0|dry=1.0,14.75,True,0.0,0.0,dry_or_high_vpd,dry_or_high_vpd,previous_plan_prior:screen_dwell_hold:4,347,True,True,True,previous_plan_prior:screen_dwell_hold:4,0.058625000100583025
NORMAL_BALANCED,0.06,1.0,1.0,1.0,conservative_prior:conservative_stabilize:5,1.061374999899417,1.0,1.0,1.0,0.0,canopy_lt0=1.0|canopy_lt1=1.0|dew=1.0|dry_vent=1.0|dry=1.0,15.25,True,0.0,0.0,dry_or_high_vpd,dry_or_high_vpd,previous_plan_prior:screen_dwell_hold:4,349,True,True,True,previous_plan_prior:screen_dwell_hold:4,0.058625000100583025
NORMAL_BALANCED,0.06,1.0,1.0,1.0,previous_plan_prior:screen_dwell_hold:4,1.06,1.0,1.0,1.0,0.0,canopy_lt0=1.0|canopy_lt1=1.0|dew=1.0|dry_vent=1.0|dry=1.0,15.75,True,0.0,0.0,dry_or_high_vpd,dry_or_high_vpd,previous_plan_prior:screen_dwell_hold:4,351,False,False,False,previous_plan_prior:screen_dwell_hold:4,0.0
NORMAL_BALANCED,0.06,1.0,1.0,1.0,previous_plan_prior:screen_dwell_hold:4,1.06,1.0,1.0,1.0,0.0,canopy_lt0=1.0|canopy_lt1=1.0|dew=1.0|dry_vent=1.0|dry=1.0,16.25,True,0.0,0.0,dry_or_high_vpd,dry_or_high_vpd,previous_plan_prior:screen_dwell_hold:4,353,False,False,False,previous_plan_prior:screen_dwell_hold:4,0.0
NORMAL_BALANCED,0.0,1.0,1.0,1.0,previous_plan_prior:hold_all:3,1.06,1.0,1.0,1.0,0.0,canopy_lt0=1.0|canopy_lt1=1.0|dew=1.0|dry_vent=1.0|dry=1.0,16.75,False,1.0,1.0,none,none,previous_plan_prior:previous_shift_all:2,355,True,False,False,previous_plan_prior:hold_all:3,0.0
NORMAL_BALANCED,0.0,1.0,1.0,1.0,previous_plan_prior:hold_all:3,1.06,1.0,1.0,1.0,0.0,canopy_lt0=1.0|canopy_lt1=1.0|dew=1.0|dry_vent=1.0|dry=1.0,17.0,False,1.0,1.0,none,none,previous_plan_prior:previous_shift_all:2,356,True,False,False,previous_plan_prior:hold_all:3,0.0
NORMAL_BALANCED,0.0,1.0,1.0,1.0,previous_plan_prior:hold_all:3,1.06,1.0,1.0,1.0,0.0,canopy_lt0=1.0|canopy_lt1=1.0|dew=1.0|dry_vent=1.0|dry=1.0,17.25,False,1.0,1.0,none,none,previous_plan_prior:previous_shift_all:2,357,True,False,False,previous_plan_prior:hold_all:3,0.0
NORMAL_BALANCED,0.0,1.0,1.0,1.0,previous_plan_prior:hold_all:3,1.06,1.0,1.0,1.0,0.0,canopy_lt0=1.0|canopy_lt1=1.0|dew=1.0|dry_vent=1.0|dry=1.0,18.75,False,1.0,1.0,none,none,previous_plan_prior:previous_shift_all:2,363,True,False,False,previous_plan_prior:hold_all:3,0.0
NORMAL_BALANCED,0.0,1.0,1.0,1.0,previous_plan_prior:hold_all:3,1.06,1.0,1.0,1.0,0.0,canopy_lt0=1.0|canopy_lt1=1.0|dew=1.0|dry_vent=1.0|dry=1.0,19.0,False,1.0,1.0,none,none,previous_plan_prior:previous_shift_all:2,364,True,False,False,previous_plan_prior:hold_all:3,0.0
NORMAL_BALANCED,0.0,1.0,1.0,1.0,previous_plan_prior:hold_all:3,1.06,1.0,1.0,1.0,0.0,canopy_lt0=1.0|canopy_lt1=1.0|dew=1.0|dry_vent=1.0|dry=1.0,19.25,False,1.0,1.0,none,none,previous_plan_prior:previous_shift_all:2,365,True,False,False,previous_plan_prior:hold_all:3,0.0
NORMAL_BALANCED,0.0,1.0,1.0,1.0,previous_plan_prior:hold_all:3,1.06,1.0,1.0,1.0,0.0,canopy_lt0=1.0|canopy_lt1=1.0|dew=1.0|dry_vent=1.0|dry=1.0,19.5,False,1.0,1.0,none,none,previous_plan_prior:previous_shift_all:2,366,True,False,False,previous_plan_prior:hold_all:3,0.0
NORMAL_BALANCED,0.0,1.0,1.0,1.0,previous_plan_prior:hold_all:3,1.06,1.0,1.0,1.0,0.0,canopy_lt0=1.0|canopy_lt1=1.0|dew=1.0|dry_vent=1.0|dry=1.0,6.5,False,1.0,1.0,none,none,previous_plan_prior:previous_shift_all:2,410,True,False,False,previous_plan_prior:hold_all:3,0.0
NORMAL_BALANCED,0.0,1.0,1.0,1.0,previous_plan_prior:hold_all:3,1.06,1.0,1.0,1.0,0.0,canopy_lt0=1.0|canopy_lt1=1.0|dew=1.0|dry_vent=1.0|dry=1.0,6.75,False,1.0,1.0,none,none,previous_plan_prior:previous_shift_all:2,411,True,False,False,previous_plan_prior:hold_all:3,0.0
NORMAL_BALANCED,0.0,1.0,1.0,1.0,previous_plan_prior:hold_all:3,1.06,1.0,1.0,1.0,0.0,canopy_lt0=1.0|canopy_lt1=1.0|dew=1.0|dry_vent=1.0|dry=1.0,7.0,False,1.0,1.0,none,none,previous_plan_prior:previous_shift_all:2,412,True,False,False,previous_plan_prior:hold_all:3,0.0
NORMAL_BALANCED,0.0,1.0,1.0,1.0,previous_plan_prior:hold_all:3,1.06,1.0,1.0,1.0,0.0,canopy_lt0=1.0|canopy_lt1=1.0|dew=1.0|dry_vent=1.0|dry=1.0,7.25,False,1.0,1.0,none,none,previous_plan_prior:previous_shift_all:2,413,True,False,False,previous_plan_prior:hold_all:3,0.0
NORMAL_BALANCED,0.0,1.0,1.0,1.0,previous_plan_prior:hold_all:3,1.06,1.0,1.0,1.0,0.0,canopy_lt0=1.0|canopy_lt1=1.0|dew=1.0|dry_vent=1.0|dry=1.0,7.5,False,1.0,1.0,none,none,previous_plan_prior:previous_shift_all:2,414,True,False,False,previous_plan_prior:hold_all:3,0.0
NORMAL_BALANCED,0.06,1.0,1.0,1.0,conservative_prior:conservative_stabilize:5,1.061374999899417,1.0,1.0,1.0,0.0,canopy_lt0=1.0|canopy_lt1=1.0|dew=1.0|dry_vent=1.0|dry=1.0,8.25,True,0.0,0.0,dry_or_high_vpd,dry_or_high_vpd,previous_plan_prior:screen_dwell_hold:4,417,True,True,True,previous_plan_prior:screen_dwell_hold:4,0.058625000100583025
NORMAL_BALANCED,0.06,1.0,1.0,1.0,conservative_prior:conservative_stabilize:5,1.0636250002682208,1.0,1.0,1.0,0.0,canopy_lt0=1.0|canopy_lt1=1.0|dew=1.0|dry_vent=1.0|dry=1.0,8.5,True,0.0,0.0,dry_vent,dry_vent+dry_or_high_vpd,previous_plan_prior:previous_shift_all:2,418,True,True,True,previous_plan_prior:previous_shift_all:2,0.056374999731779285
NORMAL_BALANCED,0.0,1.0,1.0,1.0,previous_plan_prior:hold_all:3,1.06,1.0,1.0,1.0,0.0,canopy_lt0=1.0|canopy_lt1=1.0|dew=1.0|dry_vent=1.0|dry=1.0,9.0,False,1.0,1.0,none,none,previous_plan_prior:previous_shift_all:2,420,True,False,False,previous_plan_prior:hold_all:3,0.0
NORMAL_BALANCED,0.0,1.0,1.0,1.0,previous_plan_prior:hold_all:3,1.06,1.0,1.0,1.0,0.0,canopy_lt0=1.0|canopy_lt1=1.0|dew=1.0|dry_vent=1.0|dry=1.0,9.25,False,1.0,1.0,none,none,previous_plan_prior:previous_shift_all:2,421,True,False,False,previous_plan_prior:hold_all:3,0.0
NORMAL_BALANCED,0.0,1.0,1.0,1.0,previous_plan_prior:hold_all:3,1.06,1.0,1.0,1.0,0.0,canopy_lt0=1.0|canopy_lt1=1.0|dew=1.0|dry_vent=1.0|dry=1.0,9.5,False,1.0,1.0,none,none,previous_plan_prior:previous_shift_all:2,422,True,False,False,previous_plan_prior:hold_all:3,0.0
NORMAL_BALANCED,0.0,1.0,1.0,1.0,previous_plan_prior:hold_all:3,1.06,1.0,1.0,1.0,0.0,canopy_lt0=1.0|canopy_lt1=1.0|dew=1.0|dry_vent=1.0|dry=1.0,9.75,False,1.0,1.0,none,none,previous_plan_prior:previous_shift_all:2,423,True,False,False,previous_plan_prior:hold_all:3,0.0
NORMAL_BALANCED,0.0,1.0,1.0,1.0,previous_plan_prior:hold_all:3,1.06,1.0,1.0,1.0,0.0,canopy_lt0=1.0|canopy_lt1=1.0|dew=1.0|dry_vent=1.0|dry=1.0,10.0,False,1.0,1.0,none,none,previous_plan_prior:previous_shift_all:2,424,True,False,False,previous_plan_prior:hold_all:3,0.0
NORMAL_BALANCED,0.0,1.0,1.0,1.0,previous_plan_prior:hold_all:3,1.06,1.0,1.0,1.0,0.0,canopy_lt0=1.0|canopy_lt1=1.0|dew=1.0|dry_vent=1.0|dry=1.0,10.25,False,1.0,1.0,none,none,previous_plan_prior:previous_shift_all:2,425,True,False,False,previous_plan_prior:hold_all:3,0.0
NORMAL_BALANCED,0.0,1.0,1.0,1.0,previous_plan_prior:hold_all:3,1.06,1.0,1.0,1.0,0.0,canopy_lt0=1.0|canopy_lt1=1.0|dew=1.0|dry_vent=1.0|dry=1.0,10.5,False,1.0,1.0,none,none,previous_plan_prior:previous_shift_all:2,426,True,False,False,previous_plan_prior:hold_all:3,0.0
NORMAL_BALANCED,0.0,1.0,1.0,1.0,previous_plan_prior:hold_all:3,1.06,1.0,1.0,1.0,0.0,canopy_lt0=1.0|canopy_lt1=1.0|dew=1.0|dry_vent=1.0|dry=1.0,10.75,False,1.0,1.0,none,none,previous_plan_prior:previous_shift_all:2,427,True,False,False,previous_plan_prior:hold_all:3,0.0
NORMAL_BALANCED,0.0,1.0,1.0,1.0,previous_plan_prior:hold_all:3,1.06,1.0,1.0,1.0,0.0,canopy_lt0=1.0|canopy_lt1=1.0|dew=1.0|dry_vent=1.0|dry=1.0,11.0,False,1.0,1.0,none,none,previous_plan_prior:previous_shift_all:2,428,True,False,False,previous_plan_prior:hold_all:3,0.0
NORMAL_BALANCED,0.0,1.0,1.0,1.0,previous_plan_prior:hold_all:3,1.06,1.0,1.0,1.0,0.0,canopy_lt0=1.0|canopy_lt1=1.0|dew=1.0|dry_vent=1.0|dry=1.0,11.25,False,1.0,1.0,none,none,previous_plan_prior:previous_shift_all:2,429,True,False,False,previous_plan_prior:hold_all:3,0.0
NORMAL_BALANCED,0.0,1.0,1.0,1.0,previous_plan_prior:hold_all:3,1.06,1.0,1.0,1.0,0.0,canopy_lt0=1.0|canopy_lt1=1.0|dew=1.0|dry_vent=1.0|dry=1.0,11.5,False,1.0,1.0,none,none,previous_plan_prior:previous_shift_all:2,430,True,False,False,previous_plan_prior:hold_all:3,0.0
NORMAL_BALANCED,0.0,1.0,1.0,1.0,previous_plan_prior:hold_all:3,1.06,1.0,1.0,1.0,0.0,canopy_lt0=1.0|canopy_lt1=1.0|dew=1.0|dry_vent=1.0|dry=1.0,11.75,False,1.0,1.0,none,none,previous_plan_prior:previous_shift_all:2,431,True,False,False,previous_plan_prior:hold_all:3,0.0
NORMAL_BALANCED,0.0,1.0,1.0,1.0,previous_plan_prior:hold_all:3,1.06,1.0,1.0,1.0,0.0,canopy_lt0=1.0|canopy_lt1=1.0|dew=1.0|dry_vent=1.0|dry=1.0,12.0,False,1.0,1.0,none,none,previous_plan_prior:previous_shift_all:2,432,True,False,False,previous_plan_prior:hold_all:3,0.0
NORMAL_BALANCED,0.0,1.0,1.0,1.0,previous_plan_prior:hold_all:3,1.06,1.0,1.0,1.0,0.0,canopy_lt0=1.0|canopy_lt1=1.0|dew=1.0|dry_vent=1.0|dry=1.0,12.25,False,1.0,1.0,none,none,previous_plan_prior:previous_shift_all:2,433,True,False,False,previous_plan_prior:hold_all:3,0.0
NORMAL_BALANCED,0.0,1.0,1.0,1.0,previous_plan_prior:hold_all:3,1.06,1.0,1.0,1.0,0.0,canopy_lt0=1.0|canopy_lt1=1.0|dew=1.0|dry_vent=1.0|dry=1.0,12.5,False,1.0,1.0,none,none,previous_plan_prior:previous_shift_all:2,434,True,False,False,previous_plan_prior:hold_all:3,0.0
NORMAL_BALANCED,0.0,1.0,1.0,1.0,previous_plan_prior:hold_all:3,1.06,1.0,1.0,1.0,0.0,canopy_lt0=1.0|canopy_lt1=1.0|dew=1.0|dry_vent=1.0|dry=1.0,12.75,False,1.0,1.0,none,none,previous_plan_prior:previous_shift_all:2,435,True,False,False,previous_plan_prior:hold_all:3,0.0
NORMAL_BALANCED,0.0,1.0,1.0,1.0,previous_plan_prior:hold_all:3,1.06,1.0,1.0,1.0,0.0,canopy_lt0=1.0|canopy_lt1=1.0|dew=1.0|dry_vent=1.0|dry=1.0,13.0,False,1.0,1.0,none,none,previous_plan_prior:previous_shift_all:2,436,True,False,False,previous_plan_prior:hold_all:3,0.0
NORMAL_BALANCED,0.0,1.0,1.0,1.0,previous_plan_prior:hold_all:3,1.06,1.0,1.0,1.0,0.0,canopy_lt0=1.0|canopy_lt1=1.0|dew=1.0|dry_vent=1.0|dry=1.0,13.25,False,1.0,1.0,none,none,previous_plan_prior:previous_shift_all:2,437,True,False,False,previous_plan_prior:hold_all:3,0.0
NORMAL_BALANCED,0.0,1.0,1.0,1.0,previous_plan_prior:hold_all:3,1.06,1.0,1.0,1.0,0.0,canopy_lt0=1.0|canopy_lt1=1.0|dew=1.0|dry_vent=1.0|dry=1.0,13.5,False,1.0,1.0,none,none,previous_plan_prior:previous_shift_all:2,438,True,False,False,previous_plan_prior:hold_all:3,0.0
NORMAL_BALANCED,0.0,1.0,1.0,1.0,previous_plan_prior:hold_all:3,1.06,1.0,1.0,1.0,0.0,canopy_lt0=1.0|canopy_lt1=1.0|dew=1.0|dry_vent=1.0|dry=1.0,13.75,False,1.0,1.0,none,none,previous_plan_prior:previous_shift_all:2,439,True,False,False,previous_plan_prior:hold_all:3,0.0
NORMAL_BALANCED,0.0,1.0,1.0,1.0,previous_plan_prior:hold_all:3,1.06,1.0,1.0,1.0,0.0,canopy_lt0=1.0|canopy_lt1=1.0|dew=1.0|dry_vent=1.0|dry=1.0,14.0,False,1.0,1.0,none,none,previous_plan_prior:previous_shift_all:2,440,True,False,False,previous_plan_prior:hold_all:3,0.0
NORMAL_BALANCED,0.0,1.0,1.0,1.0,previous_plan_prior:hold_all:3,1.06,1.0,1.0,1.0,0.0,canopy_lt0=1.0|canopy_lt1=1.0|dew=1.0|dry_vent=1.0|dry=1.0,14.25,False,1.0,1.0,none,none,previous_plan_prior:previous_shift_all:2,441,True,False,False,previous_plan_prior:hold_all:3,0.0
NORMAL_BALANCED,0.0,1.0,1.0,1.0,previous_plan_prior:hold_all:3,1.06,1.0,1.0,1.0,0.0,canopy_lt0=1.0|canopy_lt1=1.0|dew=1.0|dry_vent=1.0|dry=1.0,14.5,False,1.0,1.0,none,none,previous_plan_prior:previous_shift_all:2,442,True,False,False,previous_plan_prior:hold_all:3,0.0
NORMAL_BALANCED,0.0,1.0,1.0,1.0,previous_plan_prior:hold_all:3,1.06,1.0,1.0,1.0,0.0,canopy_lt0=1.0|canopy_lt1=1.0|dew=1.0|dry_vent=1.0|dry=1.0,14.75,False,1.0,1.0,none,none,previous_plan_prior:previous_shift_all:2,443,True,False,False,previous_plan_prior:hold_all:3,0.0
NORMAL_BALANCED,0.0,1.0,1.0,1.0,previous_plan_prior:hold_all:3,1.06,1.0,1.0,1.0,0.0,canopy_lt0=1.0|canopy_lt1=1.0|dew=1.0|dry_vent=1.0|dry=1.0,15.0,False,1.0,1.0,none,none,previous_plan_prior:previous_shift_all:2,444,True,False,False,previous_plan_prior:hold_all:3,0.0
NORMAL_BALANCED,0.0,1.0,1.0,1.0,previous_plan_prior:hold_all:3,1.06,1.0,1.0,1.0,0.0,canopy_lt0=1.0|canopy_lt1=1.0|dew=1.0|dry_vent=1.0|dry=1.0,15.25,False,1.0,1.0,none,none,previous_plan_prior:previous_shift_all:2,445,True,False,False,previous_plan_prior:hold_all:3,0.0
NORMAL_BALANCED,0.0,1.0,1.0,1.0,previous_plan_prior:hold_all:3,1.06,1.0,1.0,1.0,0.0,canopy_lt0=1.0|canopy_lt1=1.0|dew=1.0|dry_vent=1.0|dry=1.0,15.5,False,1.0,1.0,none,none,previous_plan_prior:previous_shift_all:2,446,True,False,False,previous_plan_prior:hold_all:3,0.0
NORMAL_BALANCED,0.0,1.0,1.0,1.0,previous_plan_prior:hold_all:3,1.06,1.0,1.0,1.0,0.0,canopy_lt0=1.0|canopy_lt1=1.0|dew=1.0|dry_vent=1.0|dry=1.0,15.75,False,1.0,1.0,none,none,previous_plan_prior:previous_shift_all:2,447,True,False,False,previous_plan_prior:hold_all:3,0.0
NORMAL_BALANCED,0.0,1.0,1.0,1.0,previous_plan_prior:hold_all:3,1.06,1.0,1.0,1.0,0.0,canopy_lt0=1.0|canopy_lt1=1.0|dew=1.0|dry_vent=1.0|dry=1.0,16.0,False,1.0,1.0,none,none,previous_plan_prior:previous_shift_all:2,448,True,False,False,previous_plan_prior:hold_all:3,0.0
NORMAL_BALANCED,0.0,1.0,1.0,1.0,previous_plan_prior:hold_all:3,1.06,1.0,1.0,1.0,0.0,canopy_lt0=1.0|canopy_lt1=1.0|dew=1.0|dry_vent=1.0|dry=1.0,16.25,False,1.0,1.0,none,none,previous_plan_prior:previous_shift_all:2,449,True,False,False,previous_plan_prior:hold_all:3,0.0
NORMAL_BALANCED,0.0,1.0,1.0,1.0,previous_plan_prior:hold_all:3,1.06,1.0,1.0,1.0,0.0,canopy_lt0=1.0|canopy_lt1=1.0|dew=1.0|dry_vent=1.0|dry=1.0,16.5,False,1.0,1.0,none,none,previous_plan_prior:previous_shift_all:2,450,True,False,False,previous_plan_prior:hold_all:3,0.0
NORMAL_BALANCED,0.0,1.0,1.0,1.0,previous_plan_prior:hold_all:3,1.044000000357628,1.0,1.0,1.0,0.0,canopy_lt0=1.0|canopy_lt1=1.0|dew=1.0|dry_vent=1.0|dry=1.0,23.25,False,0.9200000017881393,0.9200000017881393,none,none,previous_plan_prior:previous_shift_all:2,477,True,False,False,previous_plan_prior:hold_all:3,0.0
NORMAL_BALANCED,0.0,1.0,1.0,1.0,previous_plan_prior:hold_all:3,1.044000000357628,1.0,1.0,1.0,0.0,canopy_lt0=1.0|canopy_lt1=1.0|dew=1.0|dry_vent=1.0|dry=1.0,1.0,False,0.9200000017881393,0.9200000017881393,none,none,previous_plan_prior:previous_shift_all:2,484,True,False,False,previous_plan_prior:hold_all:3,0.0
NORMAL_BALANCED,0.0,1.0,1.0,1.0,previous_plan_prior:hold_all:3,1.044000000357628,1.0,1.0,1.0,0.0,canopy_lt0=1.0|canopy_lt1=1.0|dew=1.0|dry_vent=1.0|dry=1.0,1.25,False,0.9200000017881393,0.9200000017881393,none,none,previous_plan_prior:previous_shift_all:2,485,True,False,False,previous_plan_prior:hold_all:3,0.0
NORMAL_BALANCED,0.0,1.0,1.0,1.0,previous_plan_prior:hold_all:3,1.044000000357628,1.0,1.0,1.0,0.0,canopy_lt0=1.0|canopy_lt1=1.0|dew=1.0|dry_vent=1.0|dry=1.0,6.25,False,0.9200000017881393,0.9200000017881393,none,none,previous_plan_prior:previous_shift_all:2,505,True,False,False,previous_plan_prior:hold_all:3,0.0
NORMAL_BALANCED,0.0,1.0,1.0,1.0,previous_plan_prior:hold_all:3,1.06,1.0,1.0,1.0,0.0,canopy_lt0=1.0|canopy_lt1=1.0|dew=1.0|dry_vent=1.0|dry=1.0,6.75,False,1.0,1.0,none,none,previous_plan_prior:previous_shift_all:2,507,True,False,False,previous_plan_prior:hold_all:3,0.0
NORMAL_BALANCED,0.0,1.0,1.0,1.0,previous_plan_prior:hold_all:3,1.06,1.0,1.0,1.0,0.0,canopy_lt0=1.0|canopy_lt1=1.0|dew=1.0|dry_vent=1.0|dry=1.0,7.0,False,1.0,1.0,none,none,previous_plan_prior:previous_shift_all:2,508,True,False,False,previous_plan_prior:hold_all:3,0.0
NORMAL_BALANCED,0.0,1.0,1.0,1.0,previous_plan_prior:hold_all:3,1.06,1.0,1.0,1.0,0.0,canopy_lt0=1.0|canopy_lt1=1.0|dew=1.0|dry_vent=1.0|dry=1.0,7.25,False,1.0,1.0,none,none,previous_plan_prior:previous_shift_all:2,509,True,False,False,previous_plan_prior:hold_all:3,0.0
NORMAL_BALANCED,0.0,1.0,1.0,1.0,previous_plan_prior:hold_all:3,1.06,1.0,1.0,1.0,0.0,canopy_lt0=1.0|canopy_lt1=1.0|dew=1.0|dry_vent=1.0|dry=1.0,7.5,False,1.0,1.0,none,none,previous_plan_prior:previous_shift_all:2,510,True,False,False,previous_plan_prior:hold_all:3,0.0
NORMAL_BALANCED,0.0,1.0,1.0,1.0,previous_plan_prior:hold_all:3,1.06,1.0,1.0,1.0,0.0,canopy_lt0=1.0|canopy_lt1=1.0|dew=1.0|dry_vent=1.0|dry=1.0,7.75,False,1.0,1.0,none,none,previous_plan_prior:previous_shift_all:2,511,True,False,False,previous_plan_prior:hold_all:3,0.0
NORMAL_BALANCED,0.0,1.0,1.0,1.0,previous_plan_prior:hold_all:3,1.06,1.0,1.0,1.0,0.0,canopy_lt0=1.0|canopy_lt1=1.0|dew=1.0|dry_vent=1.0|dry=1.0,8.0,False,1.0,1.0,none,none,previous_plan_prior:previous_shift_all:2,512,True,False,False,previous_plan_prior:hold_all:3,0.0
NORMAL_BALANCED,0.0,1.0,1.0,1.0,previous_plan_prior:hold_all:3,1.06,1.0,1.0,1.0,0.0,canopy_lt0=1.0|canopy_lt1=1.0|dew=1.0|dry_vent=1.0|dry=1.0,8.25,False,1.0,1.0,none,none,previous_plan_prior:previous_shift_all:2,513,True,False,False,previous_plan_prior:hold_all:3,0.0
NORMAL_BALANCED,0.0,1.0,1.0,1.0,previous_plan_prior:hold_all:3,1.06,1.0,1.0,1.0,0.0,canopy_lt0=1.0|canopy_lt1=1.0|dew=1.0|dry_vent=1.0|dry=1.0,8.5,False,1.0,1.0,none,none,previous_plan_prior:previous_shift_all:2,514,True,False,False,previous_plan_prior:hold_all:3,0.0
NORMAL_BALANCED,0.06,1.0,1.0,1.0,conservative_prior:conservative_stabilize:5,1.061374999899417,1.0,1.0,1.0,0.0,canopy_lt0=1.0|canopy_lt1=1.0|dew=1.0|dry_vent=1.0|dry=1.0,8.75,True,0.0,0.0,dry_or_high_vpd,dry_or_high_vpd,previous_plan_prior:screen_dwell_hold:4,515,True,True,True,previous_plan_prior:screen_dwell_hold:4,0.058625000100583025
NORMAL_BALANCED,0.1,1.0,1.0,1.0,conservative_prior:conservative_stabilize:5,1.1036250002682209,1.0,1.0,1.0,0.0,canopy_lt0=1.0|canopy_lt1=1.0|dew=1.0|dry_vent=1.0|dry=1.0,9.0,True,0.0,0.0,canopy_dew_lt0,dry_vent+canopy_dew_lt0+dew_or_humidity+dry_or_high_vpd,previous_plan_prior:previous_shift_all:2,516,True,True,True,previous_plan_prior:previous_shift_all:2,0.056374999731779285
NORMAL_BALANCED,0.1,1.0,1.0,1.0,conservative_prior:conservative_stabilize:5,1.104,1.0,1.0,1.0,0.0,canopy_lt0=1.0|canopy_lt1=1.0|dew=1.0|dry_vent=1.0|dry=1.0,9.25,True,0.0,0.0,canopy_dew_lt0,canopy_dew_lt0+dew_or_humidity+dry_or_high_vpd,previous_plan_prior:screen_dwell_hold:4,517,True,True,True,previous_plan_prior:screen_dwell_hold:4,0.05600000000000005
NORMAL_BALANCED,0.1,1.0,1.0,1.0,conservative_prior:conservative_stabilize:5,1.1036250002682209,1.0,1.0,1.0,0.0,canopy_lt0=1.0|canopy_lt1=1.0|dew=1.0|dry_vent=1.0|dry=1.0,9.5,True,0.0,0.0,canopy_dew_lt0,dry_vent+canopy_dew_lt0+dew_or_humidity+dry_or_high_vpd,previous_plan_prior:previous_shift_all:2,518,True,True,True,previous_plan_prior:previous_shift_all:2,0.056374999731779285
NORMAL_BALANCED,0.1,1.0,1.0,1.0,conservative_prior:conservative_stabilize:5,1.104,1.0,1.0,1.0,0.0,canopy_lt0=1.0|canopy_lt1=1.0|dew=1.0|dry_vent=1.0|dry=1.0,9.75,True,0.0,0.0,canopy_dew_lt0,canopy_dew_lt0+dew_or_humidity+dry_or_high_vpd,previous_plan_prior:previous_shift_all:2,519,True,True,True,previous_plan_prior:previous_shift_all:2,0.05600000000000005
NORMAL_BALANCED,0.1,1.0,1.0,1.0,conservative_prior:conservative_stabilize:5,1.1036250002682209,1.0,1.0,1.0,0.0,canopy_lt0=1.0|canopy_lt1=1.0|dew=1.0|dry_vent=1.0|dry=1.0,10.0,True,0.0,0.0,canopy_dew_lt0,dry_vent+canopy_dew_lt0+dew_or_humidity+dry_or_high_vpd,previous_plan_prior:previous_shift_all:2,520,True,True,True,previous_plan_prior:previous_shift_all:2,0.056374999731779285
NORMAL_BALANCED,0.1,1.0,1.0,1.0,conservative_prior:conservative_stabilize:5,1.104,1.0,1.0,1.0,0.0,canopy_lt0=1.0|canopy_lt1=1.0|dew=1.0|dry_vent=1.0|dry=1.0,10.25,True,0.0,0.0,canopy_dew_lt0,canopy_dew_lt0+dew_or_humidity+dry_or_high_vpd,previous_plan_prior:previous_shift_all:2,521,True,True,True,previous_plan_prior:previous_shift_all:2,0.05600000000000005
NORMAL_BALANCED,0.1,1.0,1.0,1.0,conservative_prior:conservative_stabilize:5,1.1036250002682209,1.0,1.0,1.0,0.0,canopy_lt0=1.0|canopy_lt1=1.0|dew=1.0|dry_vent=1.0|dry=1.0,10.5,True,0.0,0.0,canopy_dew_lt0,dry_vent+canopy_dew_lt0+dew_or_humidity+dry_or_high_vpd,previous_plan_prior:previous_shift_all:2,522,True,True,True,previous_plan_prior:previous_shift_all:2,0.056374999731779285
NORMAL_BALANCED,0.1,1.0,1.0,1.0,conservative_prior:conservative_stabilize:5,1.104,1.0,1.0,1.0,0.0,canopy_lt0=1.0|canopy_lt1=1.0|dew=1.0|dry_vent=1.0|dry=1.0,10.75,True,0.0,0.0,canopy_dew_lt0,canopy_dew_lt0+dew_or_humidity+dry_or_high_vpd,previous_plan_prior:previous_shift_all:2,523,True,True,True,previous_plan_prior:previous_shift_all:2,0.05600000000000005
NORMAL_BALANCED,0.1,1.0,1.0,1.0,conservative_prior:conservative_stabilize:5,1.104,1.0,1.0,1.0,0.0,canopy_lt0=1.0|canopy_lt1=1.0|dew=1.0|dry_vent=1.0|dry=1.0,11.0,True,0.0,0.0,canopy_dew_lt0,canopy_dew_lt0+dew_or_humidity+dry_or_high_vpd,previous_plan_prior:previous_shift_all:2,524,True,True,True,previous_plan_prior:previous_shift_all:2,0.05600000000000005
NORMAL_BALANCED,0.1,1.0,1.0,1.0,conservative_prior:conservative_stabilize:5,1.104,1.0,1.0,1.0,0.0,canopy_lt0=1.0|canopy_lt1=1.0|dew=1.0|dry_vent=1.0|dry=1.0,11.25,True,0.0,0.0,canopy_dew_lt0,canopy_dew_lt0+dew_or_humidity+dry_or_high_vpd,previous_plan_prior:previous_shift_all:2,525,True,True,True,previous_plan_prior:previous_shift_all:2,0.05600000000000005
NORMAL_BALANCED,0.1,1.0,1.0,1.0,conservative_prior:conservative_stabilize:5,1.104,1.0,1.0,1.0,0.0,canopy_lt0=1.0|canopy_lt1=1.0|dew=1.0|dry_vent=1.0|dry=1.0,11.5,True,0.0,0.0,canopy_dew_lt0,canopy_dew_lt0+dew_or_humidity+dry_or_high_vpd,previous_plan_prior:previous_shift_all:2,526,True,True,True,previous_plan_prior:previous_shift_all:2,0.05600000000000005
NORMAL_BALANCED,0.1,1.0,1.0,1.0,conservative_prior:conservative_stabilize:5,1.104,1.0,1.0,1.0,0.0,canopy_lt0=1.0|canopy_lt1=1.0|dew=1.0|dry_vent=1.0|dry=1.0,11.75,True,0.0,0.0,canopy_dew_lt1,canopy_dew_lt1+dew_or_humidity+dry_or_high_vpd,previous_plan_prior:previous_shift_all:2,527,True,True,True,previous_plan_prior:previous_shift_all:2,0.05600000000000005
NORMAL_BALANCED,0.1,1.0,1.0,1.0,conservative_prior:conservative_stabilize:5,1.104,1.0,1.0,1.0,0.0,canopy_lt0=1.0|canopy_lt1=1.0|dew=1.0|dry_vent=1.0|dry=1.0,12.0,True,0.0,0.0,canopy_dew_lt1,canopy_dew_lt1+dew_or_humidity+dry_or_high_vpd,previous_plan_prior:previous_shift_all:2,528,True,True,True,previous_plan_prior:previous_shift_all:2,0.05600000000000005
NORMAL_BALANCED,0.1,1.0,1.0,1.0,conservative_prior:conservative_stabilize:5,1.104,1.0,1.0,1.0,0.0,canopy_lt0=1.0|canopy_lt1=1.0|dew=1.0|dry_vent=1.0|dry=1.0,12.25,True,0.0,0.0,canopy_dew_lt1,canopy_dew_lt1+dew_or_humidity+dry_or_high_vpd,previous_plan_prior:previous_shift_all:2,529,True,True,True,previous_plan_prior:previous_shift_all:2,0.05600000000000005
NORMAL_BALANCED,0.06,1.0,1.0,1.0,conservative_prior:conservative_stabilize:5,1.0636250002682208,1.0,1.0,1.0,0.0,canopy_lt0=1.0|canopy_lt1=1.0|dew=1.0|dry_vent=1.0|dry=1.0,12.5,True,0.0,0.0,dry_vent,dry_vent+dry_or_high_vpd,previous_plan_prior:previous_shift_all:2,530,True,True,True,previous_plan_prior:previous_shift_all:2,0.056374999731779285
NORMAL_BALANCED,0.1,1.0,1.0,1.0,conservative_prior:conservative_stabilize:5,1.104,1.0,1.0,1.0,0.0,canopy_lt0=1.0|canopy_lt1=1.0|dew=1.0|dry_vent=1.0|dry=1.0,12.75,True,0.0,0.0,canopy_dew_lt0,canopy_dew_lt0+dew_or_humidity+dry_or_high_vpd,previous_plan_prior:previous_shift_all:2,531,True,True,True,previous_plan_prior:previous_shift_all:2,0.05600000000000005
NORMAL_BALANCED,0.06,1.0,1.0,1.0,conservative_prior:conservative_stabilize:5,1.0636250002682208,1.0,1.0,1.0,0.0,canopy_lt0=1.0|canopy_lt1=1.0|dew=1.0|dry_vent=1.0|dry=1.0,13.0,True,0.0,0.0,dry_vent,dry_vent+dry_or_high_vpd,previous_plan_prior:previous_shift_all:2,532,True,True,True,previous_plan_prior:previous_shift_all:2,0.056374999731779285
NORMAL_BALANCED,0.1,1.0,1.0,1.0,conservative_prior:conservative_stabilize:5,1.1036250002682209,1.0,1.0,1.0,0.0,canopy_lt0=1.0|canopy_lt1=1.0|dew=1.0|dry_vent=1.0|dry=1.0,13.25,True,0.0,0.0,canopy_dew_lt1,dry_vent+canopy_dew_lt1+dew_or_humidity+dry_or_high_vpd,previous_plan_prior:previous_shift_all:2,533,True,True,True,previous_plan_prior:previous_shift_all:2,0.056374999731779285
NORMAL_BALANCED,0.1,1.0,1.0,1.0,conservative_prior:conservative_stabilize:5,1.1036250002682209,1.0,1.0,1.0,0.0,canopy_lt0=1.0|canopy_lt1=1.0|dew=1.0|dry_vent=1.0|dry=1.0,13.5,True,0.0,0.0,canopy_dew_lt1,dry_vent+canopy_dew_lt1+dew_or_humidity+dry_or_high_vpd,previous_plan_prior:previous_shift_all:2,534,True,True,True,previous_plan_prior:previous_shift_all:2,0.056374999731779285
NORMAL_BALANCED,0.1,1.0,1.0,1.0,conservative_prior:conservative_stabilize:5,1.1036250002682209,1.0,1.0,1.0,0.0,canopy_lt0=1.0|canopy_lt1=1.0|dew=1.0|dry_vent=1.0|dry=1.0,13.75,True,0.0,0.0,canopy_dew_lt1,dry_vent+canopy_dew_lt1+dew_or_humidity+dry_or_high_vpd,previous_plan_prior:previous_shift_all:2,535,True,True,True,previous_plan_prior:previous_shift_all:2,0.056374999731779285
NORMAL_BALANCED,0.1,1.0,1.0,1.0,conservative_prior:conservative_stabilize:5,1.1036250002682209,1.0,1.0,1.0,0.0,canopy_lt0=1.0|canopy_lt1=1.0|dew=1.0|dry_vent=1.0|dry=1.0,14.0,True,0.0,0.0,canopy_dew_lt1,dry_vent+canopy_dew_lt1+dew_or_humidity+dry_or_high_vpd,previous_plan_prior:previous_shift_all:2,536,True,True,True,previous_plan_prior:previous_shift_all:2,0.056374999731779285
NORMAL_BALANCED,0.06,1.0,1.0,1.0,conservative_prior:conservative_stabilize:5,1.0636250002682208,1.0,1.0,1.0,0.0,canopy_lt0=1.0|canopy_lt1=1.0|dew=1.0|dry_vent=1.0|dry=1.0,14.25,True,0.0,0.0,dry_vent,dry_vent+dry_or_high_vpd,previous_plan_prior:previous_shift_all:2,537,True,True,True,previous_plan_prior:previous_shift_all:2,0.056374999731779285
NORMAL_BALANCED,0.06,1.0,1.0,1.0,conservative_prior:conservative_stabilize:5,1.0636250002682208,1.0,1.0,1.0,0.0,canopy_lt0=1.0|canopy_lt1=1.0|dew=1.0|dry_vent=1.0|dry=1.0,14.5,True,0.0,0.0,dry_vent,dry_vent+dry_or_high_vpd,previous_plan_prior:previous_shift_all:2,538,True,True,True,previous_plan_prior:previous_shift_all:2,0.056374999731779285
NORMAL_BALANCED,0.06,1.0,1.0,1.0,conservative_prior:conservative_stabilize:5,1.0636250002682208,1.0,1.0,1.0,0.0,canopy_lt0=1.0|canopy_lt1=1.0|dew=1.0|dry_vent=1.0|dry=1.0,14.75,True,0.0,0.0,dry_vent,dry_vent+dry_or_high_vpd,previous_plan_prior:previous_shift_all:2,539,True,True,True,previous_plan_prior:previous_shift_all:2,0.056374999731779285
NORMAL_BALANCED,0.06,1.0,1.0,1.0,conservative_prior:conservative_stabilize:5,1.0636250002682208,1.0,1.0,1.0,0.0,canopy_lt0=1.0|canopy_lt1=1.0|dew=1.0|dry_vent=1.0|dry=1.0,15.0,True,0.0,0.0,dry_vent,dry_vent+dry_or_high_vpd,previous_plan_prior:previous_shift_all:2,540,True,True,True,previous_plan_prior:previous_shift_all:2,0.056374999731779285
NORMAL_BALANCED,0.0,1.0,1.0,1.0,previous_plan_prior:hold_all:3,1.06,1.0,1.0,1.0,0.0,canopy_lt0=1.0|canopy_lt1=1.0|dew=1.0|dry_vent=1.0|dry=1.0,15.5,False,1.0,1.0,none,none,previous_plan_prior:previous_shift_all:2,542,True,False,False,previous_plan_prior:hold_all:3,0.0
NORMAL_BALANCED,0.0,1.0,1.0,1.0,previous_plan_prior:hold_all:3,1.06,1.0,1.0,1.0,0.0,canopy_lt0=1.0|canopy_lt1=1.0|dew=1.0|dry_vent=1.0|dry=1.0,15.75,False,1.0,1.0,none,none,previous_plan_prior:previous_shift_all:2,543,True,False,False,previous_plan_prior:hold_all:3,0.0
NORMAL_BALANCED,0.0,1.0,1.0,1.0,previous_plan_prior:hold_all:3,1.06,1.0,1.0,1.0,0.0,canopy_lt0=1.0|canopy_lt1=1.0|dew=1.0|dry_vent=1.0|dry=1.0,16.0,False,1.0,1.0,none,none,previous_plan_prior:previous_shift_all:2,544,True,False,False,previous_plan_prior:hold_all:3,0.0
NORMAL_BALANCED,0.0,1.0,1.0,1.0,previous_plan_prior:hold_all:3,1.06,1.0,1.0,1.0,0.0,canopy_lt0=1.0|canopy_lt1=1.0|dew=1.0|dry_vent=1.0|dry=1.0,16.25,False,1.0,1.0,none,none,previous_plan_prior:previous_shift_all:2,545,True,False,False,previous_plan_prior:hold_all:3,0.0
NORMAL_BALANCED,0.0,1.0,1.0,1.0,previous_plan_prior:hold_all:3,1.06,1.0,1.0,1.0,0.0,canopy_lt0=1.0|canopy_lt1=1.0|dew=1.0|dry_vent=1.0|dry=1.0,16.5,False,1.0,1.0,none,none,previous_plan_prior:previous_shift_all:2,546,True,False,False,previous_plan_prior:hold_all:3,0.0
NORMAL_BALANCED,0.0,1.0,1.0,1.0,previous_plan_prior:hold_all:3,1.06,1.0,1.0,1.0,0.0,canopy_lt0=1.0|canopy_lt1=1.0|dew=1.0|dry_vent=1.0|dry=1.0,16.75,False,1.0,1.0,none,none,previous_plan_prior:previous_shift_all:2,547,True,False,False,previous_plan_prior:hold_all:3,0.0
NORMAL_BALANCED,0.0,1.0,1.0,1.0,previous_plan_prior:hold_all:3,1.06,1.0,1.0,1.0,0.0,canopy_lt0=1.0|canopy_lt1=1.0|dew=1.0|dry_vent=1.0|dry=1.0,17.0,False,1.0,1.0,none,none,previous_plan_prior:previous_shift_all:2,548,True,False,False,previous_plan_prior:hold_all:3,0.0
NORMAL_BALANCED,0.0,1.0,1.0,1.0,previous_plan_prior:hold_all:3,1.06,1.0,1.0,1.0,0.0,canopy_lt0=1.0|canopy_lt1=1.0|dew=1.0|dry_vent=1.0|dry=1.0,17.25,False,1.0,1.0,none,none,previous_plan_prior:previous_shift_all:2,549,True,False,False,previous_plan_prior:hold_all:3,0.0
NORMAL_BALANCED,0.0,1.0,1.0,1.0,previous_plan_prior:hold_all:3,1.06,1.0,1.0,1.0,0.0,canopy_lt0=1.0|canopy_lt1=1.0|dew=1.0|dry_vent=1.0|dry=1.0,17.5,False,1.0,1.0,none,none,previous_plan_prior:previous_shift_all:2,550,True,False,False,previous_plan_prior:hold_all:3,0.0
NORMAL_BALANCED,0.0,1.0,1.0,1.0,previous_plan_prior:hold_all:3,1.06,1.0,1.0,1.0,0.0,canopy_lt0=1.0|canopy_lt1=1.0|dew=1.0|dry_vent=1.0|dry=1.0,17.75,False,1.0,1.0,none,none,previous_plan_prior:previous_shift_all:2,551,True,False,False,previous_plan_prior:hold_all:3,0.0
NORMAL_BALANCED,0.0,1.0,1.0,1.0,previous_plan_prior:hold_all:3,1.06,1.0,1.0,1.0,0.0,canopy_lt0=1.0|canopy_lt1=1.0|dew=1.0|dry_vent=1.0|dry=1.0,18.0,False,1.0,1.0,none,none,previous_plan_prior:previous_shift_all:2,552,True,False,False,previous_plan_prior:hold_all:3,0.0
NORMAL_BALANCED,0.0,1.0,1.0,1.0,previous_plan_prior:hold_all:3,1.06,1.0,1.0,1.0,0.0,canopy_lt0=1.0|canopy_lt1=1.0|dew=1.0|dry_vent=1.0|dry=1.0,18.5,False,1.0,1.0,none,none,previous_plan_prior:previous_shift_all:2,554,True,False,False,previous_plan_prior:hold_all:3,0.0
NORMAL_BALANCED,0.0,1.0,1.0,1.0,previous_plan_prior:hold_all:3,1.06,1.0,1.0,1.0,0.0,canopy_lt0=1.0|canopy_lt1=1.0|dew=1.0|dry_vent=1.0|dry=1.0,19.5,False,1.0,1.0,none,none,previous_plan_prior:previous_shift_all:2,558,True,False,False,previous_plan_prior:hold_all:3,0.0
NORMAL_BALANCED,0.0,1.0,1.0,1.0,previous_plan_prior:hold_all:3,1.06,1.0,1.0,1.0,0.0,canopy_lt0=1.0|canopy_lt1=1.0|dew=1.0|dry_vent=1.0|dry=1.0,19.75,False,1.0,1.0,none,none,previous_plan_prior:previous_shift_all:2,559,True,False,False,previous_plan_prior:hold_all:3,0.0
NORMAL_BALANCED,0.0,1.0,1.0,1.0,previous_plan_prior:hold_all:3,1.06,1.0,1.0,1.0,0.0,canopy_lt0=1.0|canopy_lt1=1.0|dew=1.0|dry_vent=1.0|dry=1.0,21.5,False,1.0,1.0,none,none,previous_plan_prior:previous_shift_all:2,566,True,False,False,previous_plan_prior:hold_all:3,0.0
NORMAL_BALANCED,0.0,1.0,1.0,1.0,previous_plan_prior:hold_all:3,1.06,1.0,1.0,1.0,0.0,canopy_lt0=1.0|canopy_lt1=1.0|dew=1.0|dry_vent=1.0|dry=1.0,21.75,False,1.0,1.0,none,none,previous_plan_prior:previous_shift_all:2,567,True,False,False,previous_plan_prior:hold_all:3,0.0
NORMAL_BALANCED,0.0,1.0,1.0,1.0,previous_plan_prior:hold_all:3,1.06,1.0,1.0,1.0,0.0,canopy_lt0=1.0|canopy_lt1=1.0|dew=1.0|dry_vent=1.0|dry=1.0,2.25,False,1.0,1.0,none,none,previous_plan_prior:previous_shift_all:2,585,True,False,False,previous_plan_prior:hold_all:3,0.0
NORMAL_BALANCED,0.0,1.0,1.0,1.0,previous_plan_prior:hold_all:3,1.06,1.0,1.0,1.0,0.0,canopy_lt0=1.0|canopy_lt1=1.0|dew=1.0|dry_vent=1.0|dry=1.0,2.5,False,1.0,1.0,none,none,previous_plan_prior:previous_shift_all:2,586,True,False,False,previous_plan_prior:hold_all:3,0.0
NORMAL_BALANCED,0.08,1.0,1.0,1.0,conservative_prior:conservative_stabilize:5,1.0307500010728836,1.0,1.0,1.0,0.0,canopy_lt0=1.0|canopy_lt1=1.0|dew=1.0|dry_vent=1.0|dry=1.0,8.75,True,0.07999999821186066,0.07999999821186066,dew_or_humidity,dew_or_humidity,previous_plan_prior:previous_shift_all:2,611,True,True,True,previous_plan_prior:previous_shift_all:2,0.07724999964237234
NORMAL_BALANCED,0.08,1.0,1.0,1.0,conservative_prior:conservative_stabilize:5,1.0307500010728836,1.0,1.0,1.0,0.0,canopy_lt0=1.0|canopy_lt1=1.0|dew=1.0|dry_vent=1.0|dry=1.0,9.0,True,0.07999999821186066,0.07999999821186066,dew_or_humidity,dew_or_humidity,previous_plan_prior:previous_shift_all:2,612,True,True,True,previous_plan_prior:previous_shift_all:2,0.07724999964237234
NORMAL_BALANCED,0.08,1.0,1.0,1.0,conservative_prior:conservative_stabilize:5,1.0307500010728836,1.0,1.0,1.0,0.0,canopy_lt0=1.0|canopy_lt1=1.0|dew=1.0|dry_vent=1.0|dry=1.0,9.25,True,0.07999999821186066,0.07999999821186066,dew_or_humidity,dew_or_humidity,previous_plan_prior:previous_shift_all:2,613,True,True,True,previous_plan_prior:previous_shift_all:2,0.07724999964237234
NORMAL_BALANCED,0.08,1.0,1.0,1.0,conservative_prior:conservative_stabilize:5,1.0307500010728836,1.0,1.0,1.0,0.0,canopy_lt0=1.0|canopy_lt1=1.0|dew=1.0|dry_vent=1.0|dry=1.0,9.5,True,0.07999999821186066,0.07999999821186066,dew_or_humidity,dew_or_humidity,previous_plan_prior:previous_shift_all:2,614,True,True,True,previous_plan_prior:previous_shift_all:2,0.07724999964237234
NORMAL_BALANCED,0.08,1.0,1.0,1.0,conservative_prior:conservative_stabilize:5,1.0467500007152557,1.0,1.0,1.0,0.0,canopy_lt0=1.0|canopy_lt1=1.0|dew=1.0|dry_vent=1.0|dry=1.0,9.75,True,0.0,0.0,dew_or_humidity,dew_or_humidity,previous_plan_prior:previous_shift_all:2,615,True,True,True,previous_plan_prior:previous_shift_all:2,0.06125000000000014
NORMAL_BALANCED,0.08,1.0,1.0,1.0,conservative_prior:conservative_stabilize:5,1.0467500007152557,1.0,1.0,1.0,0.0,canopy_lt0=1.0|canopy_lt1=1.0|dew=1.0|dry_vent=1.0|dry=1.0,10.0,True,0.0,0.0,dew_or_humidity,dew_or_humidity,previous_plan_prior:previous_shift_all:2,616,True,True,True,previous_plan_prior:previous_shift_all:2,0.06125000000000014
NORMAL_BALANCED,0.0,1.0,1.0,1.0,previous_plan_prior:hold_all:3,1.0280000007152559,1.0,1.0,1.0,0.0,canopy_lt0=1.0|canopy_lt1=1.0|dew=1.0|dry_vent=1.0|dry=1.0,10.25,False,0.8400000035762787,0.8400000035762787,none,none,previous_plan_prior:previous_shift_all:2,617,True,False,False,previous_plan_prior:hold_all:3,0.0
NORMAL_BALANCED,0.0,1.0,1.0,1.0,previous_plan_prior:hold_all:3,1.044000000357628,1.0,1.0,1.0,0.0,canopy_lt0=1.0|canopy_lt1=1.0|dew=1.0|dry_vent=1.0|dry=1.0,10.75,False,0.9200000017881393,0.9200000017881393,none,none,previous_plan_prior:previous_shift_all:2,619,True,False,False,previous_plan_prior:hold_all:3,0.0
NORMAL_BALANCED,0.0,1.0,1.0,1.0,previous_plan_prior:hold_all:3,1.06,1.0,1.0,1.0,0.0,canopy_lt0=1.0|canopy_lt1=1.0|dew=1.0|dry_vent=1.0|dry=1.0,11.25,False,1.0,1.0,none,none,previous_plan_prior:previous_shift_all:2,621,True,False,False,previous_plan_prior:hold_all:3,0.0
NORMAL_BALANCED,0.0,1.0,1.0,1.0,previous_plan_prior:hold_all:3,1.06,1.0,1.0,1.0,0.0,canopy_lt0=1.0|canopy_lt1=1.0|dew=1.0|dry_vent=1.0|dry=1.0,11.5,False,1.0,1.0,none,none,previous_plan_prior:previous_shift_all:2,622,True,False,False,previous_plan_prior:hold_all:3,0.0
NORMAL_BALANCED,0.1,1.0,1.0,1.0,conservative_prior:conservative_stabilize:5,1.0987500000000001,1.0,1.0,1.0,0.0,canopy_lt0=1.0|canopy_lt1=1.0|dew=1.0|dry_vent=1.0|dry=1.0,11.75,True,0.0,0.0,canopy_dew_lt1,canopy_dew_lt1+dew_or_humidity,previous_plan_prior:previous_shift_all:2,623,True,True,True,previous_plan_prior:previous_shift_all:2,0.06125000000000003
NORMAL_BALANCED,0.1,1.0,1.0,1.0,conservative_prior:conservative_stabilize:5,1.0987500000000001,1.0,1.0,1.0,0.0,canopy_lt0=1.0|canopy_lt1=1.0|dew=1.0|dry_vent=1.0|dry=1.0,12.0,True,0.0,0.0,canopy_dew_lt1,canopy_dew_lt1+dew_or_humidity,previous_plan_prior:previous_shift_all:2,624,True,True,True,previous_plan_prior:previous_shift_all:2,0.06125000000000003
NORMAL_BALANCED,0.1,1.0,1.0,1.0,conservative_prior:conservative_stabilize:5,1.0667500007152557,1.0,1.0,1.0,0.0,canopy_lt0=1.0|canopy_lt1=1.0|dew=1.0|dry_vent=1.0|dry=1.0,12.25,True,0.1599999964237213,0.1599999964237213,canopy_dew_lt1,canopy_dew_lt1+dew_or_humidity,previous_plan_prior:previous_shift_all:2,625,True,True,True,previous_plan_prior:previous_shift_all:2,0.09137499928474424
NORMAL_BALANCED,0.1,1.0,1.0,1.0,conservative_prior:conservative_stabilize:5,1.0987500000000001,1.0,1.0,1.0,0.0,canopy_lt0=1.0|canopy_lt1=1.0|dew=1.0|dry_vent=1.0|dry=1.0,12.5,True,0.0,0.0,canopy_dew_lt1,canopy_dew_lt1+dew_or_humidity,previous_plan_prior:previous_shift_all:2,626,True,True,True,previous_plan_prior:previous_shift_all:2,0.06125000000000003
NORMAL_BALANCED,0.1,1.0,1.0,1.0,previous_plan_prior:previous_shift_all:2,1.057833333623906,1.0,1.0,1.0,0.0,canopy_lt0=1.0|canopy_lt1=1.0|dew=1.0|dry_vent=1.0|dry=1.0,12.75,True,0.23666666174928352,0.23666666174928352,canopy_dew_lt1,canopy_dew_lt1+dew_or_humidity,previous_plan_prior:previous_shift_all:2,627,False,False,False,previous_plan_prior:previous_shift_all:2,0.0
NORMAL_BALANCED,0.1,1.0,1.0,1.0,previous_plan_prior:previous_shift_all:2,1.057833333623906,1.0,1.0,1.0,0.0,canopy_lt0=1.0|canopy_lt1=1.0|dew=1.0|dry_vent=1.0|dry=1.0,13.0,True,0.23666666174928352,0.23666666174928352,canopy_dew_lt1,canopy_dew_lt1+dew_or_humidity,previous_plan_prior:previous_shift_all:2,628,False,False,False,previous_plan_prior:previous_shift_all:2,0.0
NORMAL_BALANCED,0.1,1.0,1.0,1.0,previous_plan_prior:previous_shift_all:2,1.057833333623906,1.0,1.0,1.0,0.0,canopy_lt0=1.0|canopy_lt1=1.0|dew=1.0|dry_vent=1.0|dry=1.0,13.25,True,0.23666666174928352,0.23666666174928352,canopy_dew_lt1,canopy_dew_lt1+dew_or_humidity,previous_plan_prior:previous_shift_all:2,629,False,False,False,previous_plan_prior:previous_shift_all:2,0.0
NORMAL_BALANCED,0.1,1.0,1.0,1.0,previous_plan_prior:previous_shift_all:2,1.057833333623906,1.0,1.0,1.0,0.0,canopy_lt0=1.0|canopy_lt1=1.0|dew=1.0|dry_vent=1.0|dry=1.0,13.5,True,0.23666666174928352,0.23666666174928352,canopy_dew_lt1,canopy_dew_lt1+dew_or_humidity,previous_plan_prior:previous_shift_all:2,630,False,False,False,previous_plan_prior:previous_shift_all:2,0.0
NORMAL_BALANCED,0.1,1.0,1.0,1.0,previous_plan_prior:previous_shift_all:2,1.057833333623906,1.0,1.0,1.0,0.0,canopy_lt0=1.0|canopy_lt1=1.0|dew=1.0|dry_vent=1.0|dry=1.0,13.75,True,0.23666666174928352,0.23666666174928352,canopy_dew_lt1,canopy_dew_lt1+dew_or_humidity,previous_plan_prior:previous_shift_all:2,631,False,False,False,previous_plan_prior:previous_shift_all:2,0.0
NORMAL_BALANCED,0.1,1.0,1.0,1.0,previous_plan_prior:previous_shift_all:2,1.057833333623906,1.0,1.0,1.0,0.0,canopy_lt0=1.0|canopy_lt1=1.0|dew=1.0|dry_vent=1.0|dry=1.0,14.0,True,0.23666666174928352,0.23666666174928352,canopy_dew_lt0,canopy_dew_lt0+dew_or_humidity,previous_plan_prior:previous_shift_all:2,632,False,False,False,previous_plan_prior:previous_shift_all:2,0.0
HUMIDITY_EXCESS_DISEASE_RISK,0.1,1.0,1.0,1.0,previous_plan_prior:previous_shift_all:2,1.055958333623906,1.0,1.0,1.0,0.0,canopy_lt0=1.0|canopy_lt1=1.0|dew=1.0|dry_vent=1.0|dry=1.0,14.25,True,0.23666666174928352,0.23666666174928352,canopy_dew_lt0,canopy_dew_lt0+dew_or_humidity,previous_plan_prior:previous_shift_all:2,633,False,False,False,previous_plan_prior:previous_shift_all:2,0.0
HUMIDITY_EXCESS_DISEASE_RISK,0.1,1.0,1.0,1.0,previous_plan_prior:previous_shift_all:2,1.055958333623906,1.0,1.0,1.0,0.0,canopy_lt0=1.0|canopy_lt1=1.0|dew=1.0|dry_vent=1.0|dry=1.0,14.5,True,0.23666666174928352,0.23666666174928352,canopy_dew_lt0,canopy_dew_lt0+dew_or_humidity,previous_plan_prior:previous_shift_all:2,634,False,False,False,previous_plan_prior:previous_shift_all:2,0.0
HUMIDITY_EXCESS_DISEASE_RISK,0.1,1.0,1.0,1.0,previous_plan_prior:previous_shift_all:2,1.055958333623906,1.0,1.0,1.0,0.0,canopy_lt0=1.0|canopy_lt1=1.0|dew=1.0|dry_vent=1.0|dry=1.0,14.75,True,0.23666666174928352,0.23666666174928352,canopy_dew_lt0,canopy_dew_lt0+dew_or_humidity,previous_plan_prior:previous_shift_all:2,635,False,False,False,previous_plan_prior:previous_shift_all:2,0.0
HUMIDITY_EXCESS_DISEASE_RISK,0.1,1.0,1.0,1.0,previous_plan_prior:previous_shift_all:2,1.055958333623906,1.0,1.0,1.0,0.0,canopy_lt0=1.0|canopy_lt1=1.0|dew=1.0|dry_vent=1.0|dry=1.0,15.0,True,0.23666666174928352,0.23666666174928352,canopy_dew_lt0,canopy_dew_lt0+dew_or_humidity,previous_plan_prior:previous_shift_all:2,636,False,False,False,previous_plan_prior:previous_shift_all:2,0.0
HUMIDITY_EXCESS_DISEASE_RISK,0.1,1.0,1.0,1.0,previous_plan_prior:previous_shift_all:2,1.055958333623906,1.0,1.0,1.0,0.0,canopy_lt0=1.0|canopy_lt1=1.0|dew=1.0|dry_vent=1.0|dry=1.0,15.25,True,0.23666666174928352,0.23666666174928352,canopy_dew_lt0,canopy_dew_lt0+dew_or_humidity,previous_plan_prior:previous_shift_all:2,637,False,False,False,previous_plan_prior:previous_shift_all:2,0.0
HUMIDITY_EXCESS_DISEASE_RISK,0.1,1.0,1.0,1.0,previous_plan_prior:previous_shift_all:2,1.055958333623906,1.0,1.0,1.0,0.0,canopy_lt0=1.0|canopy_lt1=1.0|dew=1.0|dry_vent=1.0|dry=1.0,15.5,True,0.23666666174928352,0.23666666174928352,canopy_dew_lt1,canopy_dew_lt1+dew_or_humidity,previous_plan_prior:previous_shift_all:2,638,False,False,False,previous_plan_prior:previous_shift_all:2,0.0
HUMIDITY_EXCESS_DISEASE_RISK,0.1,1.0,1.0,1.0,previous_plan_prior:previous_shift_all:2,1.055958333623906,1.0,1.0,1.0,0.0,canopy_lt0=1.0|canopy_lt1=1.0|dew=1.0|dry_vent=1.0|dry=1.0,15.75,True,0.23666666174928352,0.23666666174928352,canopy_dew_lt1,canopy_dew_lt1+dew_or_humidity,previous_plan_prior:previous_shift_all:2,639,False,False,False,previous_plan_prior:previous_shift_all:2,0.0
HUMIDITY_EXCESS_DISEASE_RISK,0.1,1.0,1.0,1.0,previous_plan_prior:previous_shift_all:2,1.055958333623906,1.0,1.0,1.0,0.0,canopy_lt0=1.0|canopy_lt1=1.0|dew=1.0|dry_vent=1.0|dry=1.0,16.0,True,0.23666666174928352,0.23666666174928352,canopy_dew_lt1,canopy_dew_lt1+dew_or_humidity,previous_plan_prior:previous_shift_all:2,640,False,False,False,previous_plan_prior:previous_shift_all:2,0.0
HUMIDITY_EXCESS_DISEASE_RISK,0.1,1.0,1.0,1.0,previous_plan_prior:previous_shift_all:2,1.055958333623906,1.0,1.0,1.0,0.0,canopy_lt0=1.0|canopy_lt1=1.0|dew=1.0|dry_vent=1.0|dry=1.0,16.25,True,0.23666666174928352,0.23666666174928352,canopy_dew_lt1,canopy_dew_lt1+dew_or_humidity,previous_plan_prior:previous_shift_all:2,641,False,False,False,previous_plan_prior:previous_shift_all:2,0.0
HUMIDITY_EXCESS_DISEASE_RISK,0.1,1.0,1.0,1.0,previous_plan_prior:previous_shift_all:2,1.055958333623906,1.0,1.0,1.0,0.0,canopy_lt0=1.0|canopy_lt1=1.0|dew=1.0|dry_vent=1.0|dry=1.0,16.5,True,0.23666666174928352,0.23666666174928352,canopy_dew_lt1,canopy_dew_lt1+dew_or_humidity,previous_plan_prior:previous_shift_all:2,642,False,False,False,previous_plan_prior:previous_shift_all:2,0.0
HUMIDITY_EXCESS_DISEASE_RISK,0.1,1.0,1.0,1.0,previous_plan_prior:previous_shift_all:2,1.055958333623906,1.0,1.0,1.0,0.0,canopy_lt0=1.0|canopy_lt1=1.0|dew=1.0|dry_vent=1.0|dry=1.0,16.75,True,0.23666666174928352,0.23666666174928352,canopy_dew_lt1,canopy_dew_lt1+dew_or_humidity,previous_plan_prior:previous_shift_all:2,643,False,False,False,previous_plan_prior:previous_shift_all:2,0.0
HUMIDITY_EXCESS_DISEASE_RISK,0.1,1.0,1.0,1.0,previous_plan_prior:previous_shift_all:2,1.055958333623906,1.0,1.0,1.0,0.0,canopy_lt0=1.0|canopy_lt1=1.0|dew=1.0|dry_vent=1.0|dry=1.0,17.0,True,0.23666666174928352,0.23666666174928352,canopy_dew_lt1,canopy_dew_lt1+dew_or_humidity,previous_plan_prior:previous_shift_all:2,644,False,False,False,previous_plan_prior:previous_shift_all:2,0.0
HUMIDITY_EXCESS_DISEASE_RISK,0.1,1.0,1.0,1.0,previous_plan_prior:previous_shift_all:2,1.055958333623906,1.0,1.0,1.0,0.0,canopy_lt0=1.0|canopy_lt1=1.0|dew=1.0|dry_vent=1.0|dry=1.0,17.25,True,0.23666666174928352,0.23666666174928352,canopy_dew_lt1,canopy_dew_lt1+dew_or_humidity,previous_plan_prior:previous_shift_all:2,645,False,False,False,previous_plan_prior:previous_shift_all:2,0.0
HUMIDITY_EXCESS_DISEASE_RISK,0.1,1.0,1.0,1.0,previous_plan_prior:previous_shift_all:2,1.055958333623906,1.0,1.0,1.0,0.0,canopy_lt0=1.0|canopy_lt1=1.0|dew=1.0|dry_vent=1.0|dry=1.0,17.5,True,0.23666666174928352,0.23666666174928352,canopy_dew_lt1,canopy_dew_lt1+dew_or_humidity,previous_plan_prior:previous_shift_all:2,646,False,False,False,previous_plan_prior:previous_shift_all:2,0.0
HUMIDITY_EXCESS_DISEASE_RISK,0.1,1.0,1.0,1.0,previous_plan_prior:previous_shift_all:2,1.055958333623906,1.0,1.0,1.0,0.0,canopy_lt0=1.0|canopy_lt1=1.0|dew=1.0|dry_vent=1.0|dry=1.0,17.75,True,0.23666666174928352,0.23666666174928352,canopy_dew_lt1,canopy_dew_lt1+dew_or_humidity,previous_plan_prior:previous_shift_all:2,647,False,False,False,previous_plan_prior:previous_shift_all:2,0.0
HUMIDITY_EXCESS_DISEASE_RISK,0.1,1.0,1.0,1.0,previous_plan_prior:previous_shift_all:2,1.0540833338494997,1.0,1.0,1.0,0.0,canopy_lt0=1.0|canopy_lt1=1.0|dew=1.0|dry_vent=1.0|dry=1.0,18.0,True,0.23666666174928352,0.23666666174928352,canopy_dew_lt1,canopy_dew_lt1+dew_or_humidity,previous_plan_prior:previous_shift_all:2,648,False,False,False,previous_plan_prior:previous_shift_all:2,0.0
HUMIDITY_EXCESS_DISEASE_RISK,0.1,1.0,1.0,1.0,conservative_prior:conservative_stabilize:5,1.0667500007152557,1.0,1.0,1.0,0.0,canopy_lt0=1.0|canopy_lt1=1.0|dew=1.0|dry_vent=1.0|dry=1.0,18.25,True,0.1599999964237213,0.1599999964237213,canopy_dew_lt1,canopy_dew_lt1+dew_or_humidity,previous_plan_prior:previous_shift_all:2,649,True,True,True,previous_plan_prior:previous_shift_all:2,0.08949999951033816
HUMIDITY_EXCESS_DISEASE_RISK,0.1,1.0,1.0,1.0,conservative_prior:conservative_stabilize:5,1.0667500007152557,1.0,1.0,1.0,0.0,canopy_lt0=1.0|canopy_lt1=1.0|dew=1.0|dry_vent=1.0|dry=1.0,18.5,True,0.1599999964237213,0.1599999964237213,canopy_dew_lt1,canopy_dew_lt1+dew_or_humidity,previous_plan_prior:previous_shift_all:2,650,True,True,True,previous_plan_prior:previous_shift_all:2,0.08949999951033816
HUMIDITY_EXCESS_DISEASE_RISK,0.1,1.0,1.0,1.0,previous_plan_prior:previous_shift_all:2,1.0540833338494997,1.0,1.0,1.0,0.0,canopy_lt0=1.0|canopy_lt1=1.0|dew=1.0|dry_vent=1.0|dry=1.0,18.75,True,0.23666666174928352,0.23666666174928352,canopy_dew_lt1,canopy_dew_lt1+dew_or_humidity,previous_plan_prior:previous_shift_all:2,651,False,False,False,previous_plan_prior:previous_shift_all:2,0.0
HUMIDITY_EXCESS_DISEASE_RISK,0.1,1.0,1.0,1.0,previous_plan_prior:previous_shift_all:2,1.0540833338494997,1.0,1.0,1.0,0.0,canopy_lt0=1.0|canopy_lt1=1.0|dew=1.0|dry_vent=1.0|dry=1.0,19.0,True,0.23666666174928352,0.23666666174928352,canopy_dew_lt1,canopy_dew_lt1+dew_or_humidity,previous_plan_prior:previous_shift_all:2,652,False,False,False,previous_plan_prior:previous_shift_all:2,0.0
HUMIDITY_EXCESS_DISEASE_RISK,0.1,1.0,1.0,1.0,previous_plan_prior:previous_shift_all:2,1.0540833338494997,1.0,1.0,1.0,0.0,canopy_lt0=1.0|canopy_lt1=1.0|dew=1.0|dry_vent=1.0|dry=1.0,19.25,True,0.23666666174928352,0.23666666174928352,canopy_dew_lt1,canopy_dew_lt1+dew_or_humidity,previous_plan_prior:previous_shift_all:2,653,False,False,False,previous_plan_prior:previous_shift_all:2,0.0
HUMIDITY_EXCESS_DISEASE_RISK,0.1,1.0,1.0,1.0,previous_plan_prior:previous_shift_all:2,1.0540833338494997,1.0,1.0,1.0,0.0,canopy_lt0=1.0|canopy_lt1=1.0|dew=1.0|dry_vent=1.0|dry=1.0,19.5,True,0.23666666174928352,0.23666666174928352,canopy_dew_lt1,canopy_dew_lt1+dew_or_humidity,previous_plan_prior:previous_shift_all:2,654,False,False,False,previous_plan_prior:previous_shift_all:2,0.0
HUMIDITY_EXCESS_DISEASE_RISK,0.1,1.0,1.0,1.0,previous_plan_prior:previous_shift_all:2,1.0540833338494997,1.0,1.0,1.0,0.0,canopy_lt0=1.0|canopy_lt1=1.0|dew=1.0|dry_vent=1.0|dry=1.0,19.75,True,0.23666666174928352,0.23666666174928352,canopy_dew_lt1,canopy_dew_lt1+dew_or_humidity,previous_plan_prior:previous_shift_all:2,655,False,False,False,previous_plan_prior:previous_shift_all:2,0.0
HUMIDITY_EXCESS_DISEASE_RISK,0.1,1.0,1.0,1.0,conservative_prior:conservative_stabilize:5,1.0667500007152557,1.0,1.0,1.0,0.0,canopy_lt0=1.0|canopy_lt1=1.0|dew=1.0|dry_vent=1.0|dry=1.0,20.0,True,0.1599999964237213,0.1599999964237213,canopy_dew_lt1,canopy_dew_lt1+dew_or_humidity,previous_plan_prior:previous_shift_all:2,656,True,True,True,previous_plan_prior:previous_shift_all:2,0.08949999951033816
HUMIDITY_EXCESS_DISEASE_RISK,0.1,1.0,1.0,1.0,previous_plan_prior:previous_shift_all:2,1.0540833338494997,1.0,1.0,1.0,0.0,canopy_lt0=1.0|canopy_lt1=1.0|dew=1.0|dry_vent=1.0|dry=1.0,20.25,True,0.23666666174928352,0.23666666174928352,canopy_dew_lt1,canopy_dew_lt1+dew_or_humidity,previous_plan_prior:previous_shift_all:2,657,False,False,False,previous_plan_prior:previous_shift_all:2,0.0
HUMIDITY_EXCESS_DISEASE_RISK,0.1,1.0,1.0,1.0,previous_plan_prior:previous_shift_all:2,1.0540833338494997,1.0,1.0,1.0,0.0,canopy_lt0=1.0|canopy_lt1=1.0|dew=1.0|dry_vent=1.0|dry=1.0,20.5,True,0.23666666174928352,0.23666666174928352,canopy_dew_lt1,canopy_dew_lt1+dew_or_humidity,previous_plan_prior:previous_shift_all:2,658,False,False,False,previous_plan_prior:previous_shift_all:2,0.0
HUMIDITY_EXCESS_DISEASE_RISK,0.1,1.0,1.0,1.0,previous_plan_prior:previous_shift_all:2,1.0540833338494997,1.0,1.0,1.0,0.0,canopy_lt0=1.0|canopy_lt1=1.0|dew=1.0|dry_vent=1.0|dry=1.0,20.75,True,0.23666666174928352,0.23666666174928352,canopy_dew_lt1,canopy_dew_lt1+dew_or_humidity,previous_plan_prior:previous_shift_all:2,659,False,False,False,previous_plan_prior:previous_shift_all:2,0.0
HUMIDITY_EXCESS_DISEASE_RISK,0.1,1.0,1.0,1.0,previous_plan_prior:previous_shift_all:2,1.0540833338494997,1.0,1.0,1.0,0.0,canopy_lt0=1.0|canopy_lt1=1.0|dew=1.0|dry_vent=1.0|dry=1.0,21.0,True,0.23666666174928352,0.23666666174928352,canopy_dew_lt1,canopy_dew_lt1+dew_or_humidity,previous_plan_prior:previous_shift_all:2,660,False,False,False,previous_plan_prior:previous_shift_all:2,0.0
HUMIDITY_EXCESS_DISEASE_RISK,0.08,1.0,1.0,1.0,previous_plan_prior:previous_shift_all:2,1.0540833338494997,1.0,1.0,1.0,0.0,canopy_lt0=1.0|canopy_lt1=1.0|dew=1.0|dry_vent=1.0|dry=1.0,21.25,True,0.23666666174928352,0.23666666174928352,dew_or_humidity,dew_or_humidity,previous_plan_prior:previous_shift_all:2,661,False,False,False,previous_plan_prior:previous_shift_all:2,0.0
HUMIDITY_EXCESS_DISEASE_RISK,0.08,1.0,1.0,1.0,previous_plan_prior:previous_shift_all:2,1.0540833338494997,1.0,1.0,1.0,0.0,canopy_lt0=1.0|canopy_lt1=1.0|dew=1.0|dry_vent=1.0|dry=1.0,21.5,True,0.23666666174928352,0.23666666174928352,dew_or_humidity,dew_or_humidity,previous_plan_prior:previous_shift_all:2,662,False,False,False,previous_plan_prior:previous_shift_all:2,0.0
HUMIDITY_EXCESS_DISEASE_RISK,0.08,1.0,1.0,1.0,previous_plan_prior:previous_shift_all:2,1.0540833338494997,1.0,1.0,1.0,0.0,canopy_lt0=1.0|canopy_lt1=1.0|dew=1.0|dry_vent=1.0|dry=1.0,21.75,True,0.23666666174928352,0.23666666174928352,dew_or_humidity,dew_or_humidity,previous_plan_prior:previous_shift_all:2,663,False,False,False,previous_plan_prior:previous_shift_all:2,0.0
HUMIDITY_EXCESS_DISEASE_RISK,0.08,1.0,1.0,1.0,previous_plan_prior:previous_shift_all:2,1.0458333350117903,1.0,1.0,1.0,0.0,canopy_lt0=1.0|canopy_lt1=1.0|dew=1.0|dry_vent=1.0|dry=1.0,22.0,True,0.23666666174928352,0.23666666174928352,dew_or_humidity,dew_or_humidity,previous_plan_prior:previous_shift_all:2,664,False,False,False,previous_plan_prior:previous_shift_all:2,0.0
HUMIDITY_EXCESS_DISEASE_RISK,0.08,1.0,1.0,1.0,previous_plan_prior:previous_shift_all:2,1.0458333350117903,1.0,1.0,1.0,0.0,canopy_lt0=1.0|canopy_lt1=1.0|dew=1.0|dry_vent=1.0|dry=1.0,22.25,True,0.23666666174928352,0.23666666174928352,dew_or_humidity,dew_or_humidity,previous_plan_prior:previous_shift_all:2,665,False,False,False,previous_plan_prior:previous_shift_all:2,0.0
HUMIDITY_EXCESS_DISEASE_RISK,0.08,1.0,1.0,1.0,conservative_prior:conservative_stabilize:5,1.044125000447035,1.0,1.0,1.0,0.0,canopy_lt0=1.0|canopy_lt1=1.0|dew=1.0|dry_vent=1.0|dry=1.0,22.5,True,0.1599999964237213,0.1599999964237213,dew_or_humidity,dew_or_humidity,previous_plan_prior:previous_shift_all:2,666,True,True,True,previous_plan_prior:previous_shift_all:2,0.0797500004044076
HUMIDITY_EXCESS_DISEASE_RISK,0.08,1.0,1.0,1.0,conservative_prior:conservative_stabilize:5,1.044125000447035,1.0,1.0,1.0,0.0,canopy_lt0=1.0|canopy_lt1=1.0|dew=1.0|dry_vent=1.0|dry=1.0,22.75,True,0.1599999964237213,0.1599999964237213,dew_or_humidity,dew_or_humidity,previous_plan_prior:previous_shift_all:2,667,True,True,True,previous_plan_prior:previous_shift_all:2,0.0797500004044076
HUMIDITY_EXCESS_DISEASE_RISK,0.08,1.0,1.0,1.0,conservative_prior:conservative_stabilize:5,1.044125000447035,1.0,1.0,1.0,0.0,canopy_lt0=1.0|canopy_lt1=1.0|dew=1.0|dry_vent=1.0|dry=1.0,23.0,True,0.1599999964237213,0.1599999964237213,dew_or_humidity,dew_or_humidity,previous_plan_prior:previous_shift_all:2,668,True,True,True,previous_plan_prior:previous_shift_all:2,0.0797500004044076
HUMIDITY_EXCESS_DISEASE_RISK,0.08,1.0,1.0,1.0,conservative_prior:conservative_stabilize:5,1.044125000447035,1.0,1.0,1.0,0.0,canopy_lt0=1.0|canopy_lt1=1.0|dew=1.0|dry_vent=1.0|dry=1.0,23.25,True,0.1599999964237213,0.1599999964237213,dew_or_humidity,dew_or_humidity,previous_plan_prior:previous_shift_all:2,669,True,True,True,previous_plan_prior:previous_shift_all:2,0.0797500004044076
HUMIDITY_EXCESS_DISEASE_RISK,0.08,1.0,1.0,1.0,conservative_prior:conservative_stabilize:5,1.044125000447035,1.0,1.0,1.0,0.0,canopy_lt0=1.0|canopy_lt1=1.0|dew=1.0|dry_vent=1.0|dry=1.0,23.5,True,0.1599999964237213,0.1599999964237213,dew_or_humidity,dew_or_humidity,previous_plan_prior:previous_shift_all:2,670,True,True,True,previous_plan_prior:previous_shift_all:2,0.0797500004044076
HUMIDITY_EXCESS_DISEASE_RISK,0.08,1.0,1.0,1.0,previous_plan_prior:previous_shift_all:2,1.0458333350117903,1.0,1.0,1.0,0.0,canopy_lt0=1.0|canopy_lt1=1.0|dew=1.0|dry_vent=1.0|dry=1.0,23.75,True,0.23666666174928352,0.23666666174928352,dew_or_humidity,dew_or_humidity,previous_plan_prior:previous_shift_all:2,671,False,False,False,previous_plan_prior:previous_shift_all:2,0.0
HUMIDITY_EXCESS_DISEASE_RISK,0.08,1.0,1.0,1.0,previous_plan_prior:previous_shift_all:2,1.0458333350117903,1.0,1.0,1.0,0.0,canopy_lt0=1.0|canopy_lt1=1.0|dew=1.0|dry_vent=1.0|dry=1.0,0.0,True,0.23666666174928352,0.23666666174928352,dew_or_humidity,dew_or_humidity,previous_plan_prior:previous_shift_all:2,672,False,False,False,previous_plan_prior:previous_shift_all:2,0.0
HUMIDITY_EXCESS_DISEASE_RISK,0.08,1.0,1.0,1.0,previous_plan_prior:previous_shift_all:2,1.0484583347435694,1.0,1.0,1.0,0.0,canopy_lt0=1.0|canopy_lt1=1.0|dew=1.0|dry_vent=1.0|dry=1.0,0.25,True,0.23666666174928352,0.23666666174928352,dew_or_humidity,dew_or_humidity,previous_plan_prior:previous_shift_all:2,673,False,False,False,previous_plan_prior:previous_shift_all:2,0.0
HUMIDITY_EXCESS_DISEASE_RISK,0.08,1.0,1.0,1.0,previous_plan_prior:previous_shift_all:2,1.0484583347435694,1.0,1.0,1.0,0.0,canopy_lt0=1.0|canopy_lt1=1.0|dew=1.0|dry_vent=1.0|dry=1.0,0.5,True,0.23666666174928352,0.23666666174928352,dew_or_humidity,dew_or_humidity,previous_plan_prior:previous_shift_all:2,674,False,False,False,previous_plan_prior:previous_shift_all:2,0.0
HUMIDITY_EXCESS_DISEASE_RISK,0.08,1.0,1.0,1.0,previous_plan_prior:previous_shift_all:2,1.0484583347435694,1.0,1.0,1.0,0.0,canopy_lt0=1.0|canopy_lt1=1.0|dew=1.0|dry_vent=1.0|dry=1.0,0.75,True,0.23666666174928352,0.23666666174928352,dew_or_humidity,dew_or_humidity,previous_plan_prior:previous_shift_all:2,675,False,False,False,previous_plan_prior:previous_shift_all:2,0.0
HUMIDITY_EXCESS_DISEASE_RISK,0.08,1.0,1.0,1.0,previous_plan_prior:previous_shift_all:2,1.0484583347435694,1.0,1.0,1.0,0.0,canopy_lt0=1.0|canopy_lt1=1.0|dew=1.0|dry_vent=1.0|dry=1.0,1.0,True,0.23666666174928352,0.23666666174928352,dew_or_humidity,dew_or_humidity,previous_plan_prior:previous_shift_all:2,676,False,False,False,previous_plan_prior:previous_shift_all:2,0.0
HUMIDITY_EXCESS_DISEASE_RISK,0.08,1.0,1.0,1.0,previous_plan_prior:previous_shift_all:2,1.0484583347435694,1.0,1.0,1.0,0.0,canopy_lt0=1.0|canopy_lt1=1.0|dew=1.0|dry_vent=1.0|dry=1.0,1.25,True,0.23666666174928352,0.23666666174928352,dew_or_humidity,dew_or_humidity,previous_plan_prior:previous_shift_all:2,677,False,False,False,previous_plan_prior:previous_shift_all:2,0.0
HUMIDITY_EXCESS_DISEASE_RISK,0.08,1.0,1.0,1.0,previous_plan_prior:previous_shift_all:2,1.0484583347435694,1.0,1.0,1.0,0.0,canopy_lt0=1.0|canopy_lt1=1.0|dew=1.0|dry_vent=1.0|dry=1.0,1.5,True,0.23666666174928352,0.23666666174928352,dew_or_humidity,dew_or_humidity,previous_plan_prior:previous_shift_all:2,678,False,False,False,previous_plan_prior:previous_shift_all:2,0.0
HUMIDITY_EXCESS_DISEASE_RISK,0.08,1.0,1.0,1.0,previous_plan_prior:previous_shift_all:2,1.0484583347435694,1.0,1.0,1.0,0.0,canopy_lt0=1.0|canopy_lt1=1.0|dew=1.0|dry_vent=1.0|dry=1.0,1.75,True,0.23666666174928352,0.23666666174928352,dew_or_humidity,dew_or_humidity,previous_plan_prior:previous_shift_all:2,679,False,False,False,previous_plan_prior:previous_shift_all:2,0.0
HUMIDITY_EXCESS_DISEASE_RISK,0.08,1.0,1.0,1.0,previous_plan_prior:previous_shift_all:2,1.0484583347435694,1.0,1.0,1.0,0.0,canopy_lt0=1.0|canopy_lt1=1.0|dew=1.0|dry_vent=1.0|dry=1.0,2.0,True,0.23666666174928352,0.23666666174928352,dew_or_humidity,dew_or_humidity,previous_plan_prior:previous_shift_all:2,680,False,False,False,previous_plan_prior:previous_shift_all:2,0.0
HUMIDITY_EXCESS_DISEASE_RISK,0.08,1.0,1.0,1.0,previous_plan_prior:previous_shift_all:2,1.0484583347435694,1.0,1.0,1.0,0.0,canopy_lt0=1.0|canopy_lt1=1.0|dew=1.0|dry_vent=1.0|dry=1.0,2.25,True,0.23666666174928352,0.23666666174928352,dew_or_humidity,dew_or_humidity,previous_plan_prior:previous_shift_all:2,681,False,False,False,previous_plan_prior:previous_shift_all:2,0.0
HUMIDITY_EXCESS_DISEASE_RISK,0.08,1.0,1.0,1.0,previous_plan_prior:previous_shift_all:2,1.0484583347435694,1.0,1.0,1.0,0.0,canopy_lt0=1.0|canopy_lt1=1.0|dew=1.0|dry_vent=1.0|dry=1.0,2.5,True,0.23666666174928352,0.23666666174928352,dew_or_humidity,dew_or_humidity,previous_plan_prior:previous_shift_all:2,682,False,False,False,previous_plan_prior:previous_shift_all:2,0.0
HUMIDITY_EXCESS_DISEASE_RISK,0.08,1.0,1.0,1.0,previous_plan_prior:previous_shift_all:2,1.050581097828438,1.0,1.0,1.0,0.0,canopy_lt0=1.0|canopy_lt1=1.0|dew=1.0|dry_vent=1.0|dry=1.0,2.75,True,0.1599999964237213,0.1599999964237213,dew_or_humidity,dew_or_humidity,previous_plan_prior:previous_shift_all:2,683,False,False,False,previous_plan_prior:previous_shift_all:2,0.0
HUMIDITY_EXCESS_DISEASE_RISK,0.08,1.0,1.0,1.0,previous_plan_prior:previous_shift_all:3,1.06,1.0,1.0,1.0,0.0,canopy_lt0=1.0|canopy_lt1=1.0|dew=1.0|dry_vent=1.0|dry=1.0,4.0,True,0.1599999964237213,0.1599999964237213,dew_or_humidity,dew_or_humidity,previous_plan_prior:previous_shift_all:3,688,False,False,False,previous_plan_prior:previous_shift_all:3,0.0
HUMIDITY_EXCESS_DISEASE_RISK,0.08,1.0,1.0,1.0,previous_plan_prior:previous_shift_all:3,1.06,1.0,1.0,1.0,0.0,canopy_lt0=1.0|canopy_lt1=1.0|dew=1.0|dry_vent=1.0|dry=1.0,4.25,True,0.1599999964237213,0.1599999964237213,dew_or_humidity,dew_or_humidity,previous_plan_prior:previous_shift_all:3,689,False,False,False,previous_plan_prior:previous_shift_all:3,0.0
HUMIDITY_EXCESS_DISEASE_RISK,0.08,1.0,1.0,1.0,previous_plan_prior:previous_shift_all:2,1.057833333623906,1.0,1.0,1.0,0.0,canopy_lt0=1.0|canopy_lt1=1.0|dew=1.0|dry_vent=1.0|dry=1.0,4.5,True,0.23666666174928352,0.23666666174928352,dew_or_humidity,dew_or_humidity,previous_plan_prior:previous_shift_all:2,690,False,False,False,previous_plan_prior:previous_shift_all:2,0.0
HUMIDITY_EXCESS_DISEASE_RISK,0.08,1.0,1.0,1.0,previous_plan_prior:previous_shift_all:2,1.057833333623906,1.0,1.0,1.0,0.0,canopy_lt0=1.0|canopy_lt1=1.0|dew=1.0|dry_vent=1.0|dry=1.0,4.75,True,0.23666666174928352,0.23666666174928352,dew_or_humidity,dew_or_humidity,previous_plan_prior:previous_shift_all:2,691,False,False,False,previous_plan_prior:previous_shift_all:2,0.0
HUMIDITY_EXCESS_DISEASE_RISK,0.08,1.0,1.0,1.0,previous_plan_prior:previous_shift_all:3,1.057833333623906,1.0,1.0,1.0,0.0,canopy_lt0=1.0|canopy_lt1=1.0|dew=1.0|dry_vent=1.0|dry=1.0,5.0,True,0.23666666174928352,0.23666666174928352,dew_or_humidity,dew_or_humidity,previous_plan_prior:previous_shift_all:3,692,False,False,False,previous_plan_prior:previous_shift_all:3,0.0
HUMIDITY_EXCESS_DISEASE_RISK,0.08,1.0,1.0,1.0,previous_plan_prior:previous_shift_all:3,1.057833333623906,1.0,1.0,1.0,0.0,canopy_lt0=1.0|canopy_lt1=1.0|dew=1.0|dry_vent=1.0|dry=1.0,5.25,True,0.23666666174928352,0.23666666174928352,dew_or_humidity,dew_or_humidity,previous_plan_prior:previous_shift_all:3,693,False,False,False,previous_plan_prior:previous_shift_all:3,0.0
HUMIDITY_EXCESS_DISEASE_RISK,0.0,1.0,1.0,1.0,previous_plan_prior:hold_all:3,1.06,1.0,1.0,1.0,0.0,canopy_lt0=1.0|canopy_lt1=1.0|dew=1.0|dry_vent=1.0|dry=1.0,6.5,False,1.0,1.0,none,none,previous_plan_prior:previous_shift_all:2,698,True,False,False,previous_plan_prior:hold_all:3,0.0
HUMIDITY_EXCESS_DISEASE_RISK,0.0,1.0,1.0,1.0,previous_plan_prior:hold_all:3,1.06,1.0,1.0,1.0,0.0,canopy_lt0=1.0|canopy_lt1=1.0|dew=1.0|dry_vent=1.0|dry=1.0,6.75,False,1.0,1.0,none,none,previous_plan_prior:previous_shift_all:2,699,True,False,False,previous_plan_prior:hold_all:3,0.0
HUMIDITY_EXCESS_DISEASE_RISK,0.0,1.0,1.0,1.0,previous_plan_prior:hold_all:3,1.06,1.0,1.0,1.0,0.0,canopy_lt0=1.0|canopy_lt1=1.0|dew=1.0|dry_vent=1.0|dry=1.0,7.0,False,1.0,1.0,none,none,previous_plan_prior:previous_shift_all:2,700,True,False,False,previous_plan_prior:hold_all:3,0.0
HUMIDITY_EXCESS_DISEASE_RISK,0.0,1.0,1.0,1.0,previous_plan_prior:hold_all:3,1.06,1.0,1.0,1.0,0.0,canopy_lt0=1.0|canopy_lt1=1.0|dew=1.0|dry_vent=1.0|dry=1.0,7.25,False,1.0,1.0,none,none,previous_plan_prior:previous_shift_all:2,701,True,False,False,previous_plan_prior:hold_all:3,0.0
HUMIDITY_EXCESS_DISEASE_RISK,0.0,1.0,1.0,1.0,previous_plan_prior:hold_all:3,1.06,1.0,1.0,1.0,0.0,canopy_lt0=1.0|canopy_lt1=1.0|dew=1.0|dry_vent=1.0|dry=1.0,7.5,False,1.0,1.0,none,none,previous_plan_prior:previous_shift_all:2,702,True,False,False,previous_plan_prior:hold_all:3,0.0
HUMIDITY_EXCESS_DISEASE_RISK,0.0,1.0,1.0,1.0,previous_plan_prior:hold_all:3,1.06,1.0,1.0,1.0,0.0,canopy_lt0=1.0|canopy_lt1=1.0|dew=1.0|dry_vent=1.0|dry=1.0,7.75,False,1.0,1.0,none,none,previous_plan_prior:previous_shift_all:2,703,True,False,False,previous_plan_prior:hold_all:3,0.0
HUMIDITY_EXCESS_DISEASE_RISK,0.0,1.0,1.0,1.0,previous_plan_prior:hold_all:3,1.06,1.0,1.0,1.0,0.0,canopy_lt0=1.0|canopy_lt1=1.0|dew=1.0|dry_vent=1.0|dry=1.0,8.0,False,1.0,1.0,none,none,previous_plan_prior:previous_shift_all:2,704,True,False,False,previous_plan_prior:hold_all:3,0.0
HUMIDITY_EXCESS_DISEASE_RISK,0.0,1.0,1.0,1.0,previous_plan_prior:hold_all:3,1.06,1.0,1.0,1.0,0.0,canopy_lt0=1.0|canopy_lt1=1.0|dew=1.0|dry_vent=1.0|dry=1.0,8.25,False,1.0,1.0,none,none,previous_plan_prior:previous_shift_all:2,705,True,False,False,previous_plan_prior:hold_all:3,0.0
HUMIDITY_EXCESS_DISEASE_RISK,0.0,1.0,1.0,1.0,previous_plan_prior:hold_all:3,1.06,1.0,1.0,1.0,0.0,canopy_lt0=1.0|canopy_lt1=1.0|dew=1.0|dry_vent=1.0|dry=1.0,8.5,False,1.0,1.0,none,none,previous_plan_prior:previous_shift_all:2,706,True,False,False,previous_plan_prior:hold_all:3,0.0
HUMIDITY_EXCESS_DISEASE_RISK,0.0,1.0,1.0,1.0,previous_plan_prior:hold_all:3,1.06,1.0,1.0,1.0,0.0,canopy_lt0=1.0|canopy_lt1=1.0|dew=1.0|dry_vent=1.0|dry=1.0,8.75,False,1.0,1.0,none,none,previous_plan_prior:previous_shift_all:2,707,True,False,False,previous_plan_prior:hold_all:3,0.0
HUMIDITY_EXCESS_DISEASE_RISK,0.0,1.0,1.0,1.0,previous_plan_prior:hold_all:3,1.06,1.0,1.0,1.0,0.0,canopy_lt0=1.0|canopy_lt1=1.0|dew=1.0|dry_vent=1.0|dry=1.0,9.0,False,1.0,1.0,none,none,previous_plan_prior:previous_shift_all:2,708,True,False,False,previous_plan_prior:hold_all:3,0.0
HUMIDITY_EXCESS_DISEASE_RISK,0.0,1.0,1.0,1.0,previous_plan_prior:hold_all:3,1.06,1.0,1.0,1.0,0.0,canopy_lt0=1.0|canopy_lt1=1.0|dew=1.0|dry_vent=1.0|dry=1.0,9.25,False,1.0,1.0,none,none,previous_plan_prior:previous_shift_all:2,709,True,False,False,previous_plan_prior:hold_all:3,0.0
HUMIDITY_EXCESS_DISEASE_RISK,0.0,1.0,1.0,1.0,previous_plan_prior:hold_all:3,1.06,1.0,1.0,1.0,0.0,canopy_lt0=1.0|canopy_lt1=1.0|dew=1.0|dry_vent=1.0|dry=1.0,9.5,False,1.0,1.0,none,none,previous_plan_prior:previous_shift_all:2,710,True,False,False,previous_plan_prior:hold_all:3,0.0
HUMIDITY_EXCESS_DISEASE_RISK,0.0,1.0,1.0,1.0,previous_plan_prior:hold_all:3,1.06,1.0,1.0,1.0,0.0,canopy_lt0=1.0|canopy_lt1=1.0|dew=1.0|dry_vent=1.0|dry=1.0,9.75,False,1.0,1.0,none,none,previous_plan_prior:previous_shift_all:2,711,True,False,False,previous_plan_prior:hold_all:3,0.0
HUMIDITY_EXCESS_DISEASE_RISK,0.0,1.0,1.0,1.0,previous_plan_prior:hold_all:3,1.06,1.0,1.0,1.0,0.0,canopy_lt0=1.0|canopy_lt1=1.0|dew=1.0|dry_vent=1.0|dry=1.0,10.0,False,1.0,1.0,none,none,previous_plan_prior:previous_shift_all:2,712,True,False,False,previous_plan_prior:hold_all:3,0.0
HUMIDITY_EXCESS_DISEASE_RISK,0.0,1.0,1.0,1.0,previous_plan_prior:hold_all:3,1.06,1.0,1.0,1.0,0.0,canopy_lt0=1.0|canopy_lt1=1.0|dew=1.0|dry_vent=1.0|dry=1.0,10.25,False,1.0,1.0,none,none,previous_plan_prior:previous_shift_all:2,713,True,False,False,previous_plan_prior:hold_all:3,0.0
HUMIDITY_EXCESS_DISEASE_RISK,0.0,1.0,1.0,1.0,previous_plan_prior:hold_all:3,1.06,1.0,1.0,1.0,0.0,canopy_lt0=1.0|canopy_lt1=1.0|dew=1.0|dry_vent=1.0|dry=1.0,10.5,False,1.0,1.0,none,none,previous_plan_prior:previous_shift_all:2,714,True,False,False,previous_plan_prior:hold_all:3,0.0
HUMIDITY_EXCESS_DISEASE_RISK,0.0,1.0,1.0,1.0,previous_plan_prior:hold_all:3,1.06,1.0,1.0,1.0,0.0,canopy_lt0=1.0|canopy_lt1=1.0|dew=1.0|dry_vent=1.0|dry=1.0,10.75,False,1.0,1.0,none,none,previous_plan_prior:previous_shift_all:2,715,True,False,False,previous_plan_prior:hold_all:3,0.0
HUMIDITY_EXCESS_DISEASE_RISK,0.0,1.0,1.0,1.0,previous_plan_prior:hold_all:3,1.06,1.0,1.0,1.0,0.0,canopy_lt0=1.0|canopy_lt1=1.0|dew=1.0|dry_vent=1.0|dry=1.0,11.0,False,1.0,1.0,none,none,previous_plan_prior:previous_shift_all:2,716,True,False,False,previous_plan_prior:hold_all:3,0.0
HUMIDITY_EXCESS_DISEASE_RISK,0.0,1.0,1.0,1.0,previous_plan_prior:hold_all:3,1.06,1.0,1.0,1.0,0.0,canopy_lt0=1.0|canopy_lt1=1.0|dew=1.0|dry_vent=1.0|dry=1.0,11.25,False,1.0,1.0,none,none,previous_plan_prior:previous_shift_all:2,717,True,False,False,previous_plan_prior:hold_all:3,0.0
HUMIDITY_EXCESS_DISEASE_RISK,0.0,1.0,1.0,1.0,previous_plan_prior:hold_all:3,1.06,1.0,1.0,1.0,0.0,canopy_lt0=1.0|canopy_lt1=1.0|dew=1.0|dry_vent=1.0|dry=1.0,11.5,False,1.0,1.0,none,none,previous_plan_prior:previous_shift_all:2,718,True,False,False,previous_plan_prior:hold_all:3,0.0
HUMIDITY_EXCESS_DISEASE_RISK,0.0,1.0,1.0,1.0,previous_plan_prior:hold_all:3,1.06,1.0,1.0,1.0,0.0,canopy_lt0=1.0|canopy_lt1=1.0|dew=1.0|dry_vent=1.0|dry=1.0,11.75,False,1.0,1.0,none,none,previous_plan_prior:previous_shift_all:2,719,True,False,False,previous_plan_prior:hold_all:3,0.0
