action_delta_u_heating,action_delta_u_screen,action_delta_u_ventilation,active_regime,assigned_bonus,counterfactual_winner_id,counterfactual_winner_score,current_ventilation,delta_canopy_dew_margin_hat,delta_dew_margin_air_hat,delta_rh_hat,delta_vpd_hat,dry_vent_relief_hat,dry_vent_worsening_hat,formula,formula_energy_delta,formula_projected_energy_score,hour_of_day,is_risk,original_projected_energy_proxy,policy,resolved_risk_family,risk_combo_id,runtime_selected_id,step,switch_relative_to_runtime,switch_relative_to_zero_bonus,switch_to_conservative,zero_bonus_winner_id
0.0,0.0,-0.06000000000000005,NORMAL_BALANCED,0.08,conservative_prior:conservative_stabilize:6,1.0321250007152558,1.0,-0.017250000000000015,-0.01200000000000001,0.15000000000000013,-0.24000000000000019,0.0,0.0,baseline_current_energy,0.0,0.8400000035762787,0.0,True,0.8400000035762787,canopy_dew_first_v1,dew_or_humidity,dew_or_humidity,previous_plan_prior:previous_shift_all:3,0,True,True,True,previous_plan_prior:previous_shift_all:3
0.0,0.0,0.0,NORMAL_BALANCED,0.0,previous_plan_prior:hold_all:3,1.044000000357628,0.30000001192092896,0.0,0.0,0.0,0.0,0.0,0.0,baseline_current_energy,0.0,0.9200000017881393,2.25,False,0.9200000017881393,canopy_dew_first_v1,none,none,previous_plan_prior:previous_shift_all:2,9,True,False,False,previous_plan_prior:hold_all:3
0.0,0.0,0.0,NORMAL_BALANCED,0.0,previous_plan_prior:hold_all:3,1.044000000357628,0.30000001192092896,0.0,0.0,0.0,0.0,0.0,0.0,baseline_current_energy,0.0,0.9200000017881393,2.5,False,0.9200000017881393,canopy_dew_first_v1,none,none,previous_plan_prior:previous_shift_all:2,10,True,False,False,previous_plan_prior:hold_all:3
0.0,0.0,0.0,NORMAL_BALANCED,0.0,previous_plan_prior:hold_all:3,1.044000000357628,0.41999998688697815,0.0,0.0,0.0,0.0,0.0,0.0,baseline_current_energy,0.0,0.9200000017881393,2.75,False,0.9200000017881393,canopy_dew_first_v1,none,none,previous_plan_prior:previous_shift_all:2,11,True,False,False,previous_plan_prior:hold_all:3
0.0,0.0,0.0,NORMAL_BALANCED,0.0,previous_plan_prior:hold_all:2,1.044000000357628,0.30000001192092896,0.0,0.0,0.0,0.0,0.0,0.0,baseline_current_energy,0.0,0.9200000017881393,3.5,False,0.9200000017881393,canopy_dew_first_v1,none,none,previous_plan_prior:previous_shift_all:1,14,True,False,False,previous_plan_prior:hold_all:2
0.0,0.0,0.0,NORMAL_BALANCED,0.0,previous_plan_prior:hold_all:3,1.044000000357628,0.30000001192092896,0.0,0.0,0.0,0.0,0.0,0.0,baseline_current_energy,0.0,0.9200000017881393,3.75,False,0.9200000017881393,canopy_dew_first_v1,none,none,previous_plan_prior:previous_shift_all:2,15,True,False,False,previous_plan_prior:hold_all:3
0.0,0.0,0.0,NORMAL_BALANCED,0.0,previous_plan_prior:hold_all:3,1.044000000357628,0.30000001192092896,0.0,0.0,0.0,0.0,0.0,0.0,baseline_current_energy,0.0,0.9200000017881393,4.0,False,0.9200000017881393,canopy_dew_first_v1,none,none,previous_plan_prior:previous_shift_all:2,16,True,False,False,previous_plan_prior:hold_all:3
0.0,0.0,0.0,NORMAL_BALANCED,0.0,previous_plan_prior:hold_all:3,1.044000000357628,0.30000001192092896,0.0,0.0,0.0,0.0,0.0,0.0,baseline_current_energy,0.0,0.9200000017881393,4.25,False,0.9200000017881393,canopy_dew_first_v1,none,none,previous_plan_prior:previous_shift_all:2,17,True,False,False,previous_plan_prior:hold_all:3
0.0,0.0,0.0,NORMAL_BALANCED,0.0,previous_plan_prior:hold_all:3,1.044000000357628,0.30000001192092896,0.0,0.0,0.0,0.0,0.0,0.0,baseline_current_energy,0.0,0.9200000017881393,4.5,False,0.9200000017881393,canopy_dew_first_v1,none,none,previous_plan_prior:previous_shift_all:2,18,True,False,False,previous_plan_prior:hold_all:3
0.0,0.0,0.0,NORMAL_BALANCED,0.0,previous_plan_prior:hold_all:3,1.044000000357628,0.30000001192092896,0.0,0.0,0.0,0.0,0.0,0.0,baseline_current_energy,0.0,0.9200000017881393,4.75,False,0.9200000017881393,canopy_dew_first_v1,none,none,previous_plan_prior:previous_shift_all:2,19,True,False,False,previous_plan_prior:hold_all:3
0.0,0.0,0.0,NORMAL_BALANCED,0.0,previous_plan_prior:hold_all:3,1.044000000357628,0.30000001192092896,0.0,0.0,0.0,0.0,0.0,0.0,baseline_current_energy,0.0,0.9200000017881393,5.0,False,0.9200000017881393,canopy_dew_first_v1,none,none,previous_plan_prior:previous_shift_all:2,20,True,False,False,previous_plan_prior:hold_all:3
0.0,0.0,0.0,NORMAL_BALANCED,0.0,previous_plan_prior:hold_all:3,1.06,0.20000000298023224,0.0,0.0,0.0,0.0,0.0,0.0,baseline_current_energy,0.0,1.0,6.25,False,1.0,canopy_dew_first_v1,none,none,previous_plan_prior:previous_shift_all:2,25,True,False,False,previous_plan_prior:hold_all:3
0.0,0.0,0.0,NORMAL_BALANCED,0.0,previous_plan_prior:hold_all:3,1.06,0.20000000298023224,0.0,0.0,0.0,0.0,0.0,0.0,baseline_current_energy,0.0,1.0,6.5,False,1.0,canopy_dew_first_v1,none,none,previous_plan_prior:previous_shift_all:2,26,True,False,False,previous_plan_prior:hold_all:3
0.0,0.0,0.0,NORMAL_BALANCED,0.0,previous_plan_prior:hold_all:3,1.06,0.20000000298023224,0.0,0.0,0.0,0.0,0.0,0.0,baseline_current_energy,0.0,1.0,6.75,False,1.0,canopy_dew_first_v1,none,none,previous_plan_prior:previous_shift_all:2,27,True,False,False,previous_plan_prior:hold_all:3
0.0,0.0,0.0,NORMAL_BALANCED,0.0,previous_plan_prior:hold_all:3,1.06,0.20000000298023224,0.0,0.0,0.0,0.0,0.0,0.0,baseline_current_energy,0.0,1.0,7.0,False,1.0,canopy_dew_first_v1,none,none,previous_plan_prior:previous_shift_all:2,28,True,False,False,previous_plan_prior:hold_all:3
0.0,0.0,0.0,NORMAL_BALANCED,0.0,previous_plan_prior:hold_all:3,1.06,0.10000000149011612,0.0,0.0,0.0,0.0,0.0,0.0,baseline_current_energy,0.0,1.0,7.25,False,1.0,canopy_dew_first_v1,none,none,previous_plan_prior:previous_shift_all:2,29,True,False,False,previous_plan_prior:hold_all:3
0.0,0.0,0.0,NORMAL_BALANCED,0.0,previous_plan_prior:hold_all:3,1.06,0.10000000149011612,0.0,0.0,0.0,0.0,0.0,0.0,baseline_current_energy,0.0,1.0,7.5,False,1.0,canopy_dew_first_v1,none,none,previous_plan_prior:previous_shift_all:2,30,True,False,False,previous_plan_prior:hold_all:3
0.0,0.0,0.0,NORMAL_BALANCED,0.0,previous_plan_prior:hold_all:3,1.06,0.10000000149011612,0.0,0.0,0.0,0.0,0.0,0.0,baseline_current_energy,0.0,1.0,7.75,False,1.0,canopy_dew_first_v1,none,none,previous_plan_prior:previous_shift_all:2,31,True,False,False,previous_plan_prior:hold_all:3
0.0,0.0,0.0,NORMAL_BALANCED,0.0,previous_plan_prior:hold_all:3,1.06,0.10000000149011612,0.0,0.0,0.0,0.0,0.0,0.0,baseline_current_energy,0.0,1.0,8.0,False,1.0,canopy_dew_first_v1,none,none,previous_plan_prior:previous_shift_all:2,32,True,False,False,previous_plan_prior:hold_all:3
0.0,0.0,0.0,NORMAL_BALANCED,0.0,previous_plan_prior:hold_all:3,1.06,0.10000000149011612,0.0,0.0,0.0,0.0,0.0,0.0,baseline_current_energy,0.0,1.0,8.25,False,1.0,canopy_dew_first_v1,none,none,previous_plan_prior:previous_shift_all:2,33,True,False,False,previous_plan_prior:hold_all:3
0.0,0.0,0.0,NORMAL_BALANCED,0.0,previous_plan_prior:hold_all:3,1.06,0.10000000149011612,0.0,0.0,0.0,0.0,0.0,0.0,baseline_current_energy,0.0,1.0,8.5,False,1.0,canopy_dew_first_v1,none,none,previous_plan_prior:previous_shift_all:2,34,True,False,False,previous_plan_prior:hold_all:3
0.0,0.0,0.0,NORMAL_BALANCED,0.0,previous_plan_prior:hold_all:3,1.06,0.10000000149011612,0.0,0.0,0.0,0.0,0.0,0.0,baseline_current_energy,0.0,1.0,8.75,False,1.0,canopy_dew_first_v1,none,none,previous_plan_prior:previous_shift_all:2,35,True,False,False,previous_plan_prior:hold_all:3
0.0,0.0,0.0,NORMAL_BALANCED,0.0,previous_plan_prior:hold_all:3,1.06,0.10000000149011612,0.0,0.0,0.0,0.0,0.0,0.0,baseline_current_energy,0.0,1.0,9.0,False,1.0,canopy_dew_first_v1,none,none,previous_plan_prior:previous_shift_all:2,36,True,False,False,previous_plan_prior:hold_all:3
0.0,0.0,0.0,NORMAL_BALANCED,0.0,previous_plan_prior:hold_all:3,1.06,0.20000000298023224,0.0,0.0,0.0,0.0,0.0,0.0,baseline_current_energy,0.0,1.0,9.25,False,1.0,canopy_dew_first_v1,none,none,previous_plan_prior:previous_shift_all:2,37,True,False,False,previous_plan_prior:hold_all:3
0.0,0.0,0.0,NORMAL_BALANCED,0.0,previous_plan_prior:hold_all:3,1.06,0.20000000298023224,0.0,0.0,0.0,0.0,0.0,0.0,baseline_current_energy,0.0,1.0,9.5,False,1.0,canopy_dew_first_v1,none,none,previous_plan_prior:previous_shift_all:2,38,True,False,False,previous_plan_prior:hold_all:3
0.0,0.0,0.0,NORMAL_BALANCED,0.0,previous_plan_prior:hold_all:3,1.06,0.20000000298023224,0.0,0.0,0.0,0.0,0.0,0.0,baseline_current_energy,0.0,1.0,9.75,False,1.0,canopy_dew_first_v1,none,none,previous_plan_prior:previous_shift_all:2,39,True,False,False,previous_plan_prior:hold_all:3
0.0,0.0,0.0,NORMAL_BALANCED,0.0,previous_plan_prior:hold_all:3,1.06,0.20000000298023224,0.0,0.0,0.0,0.0,0.0,0.0,baseline_current_energy,0.0,1.0,10.0,False,1.0,canopy_dew_first_v1,none,none,previous_plan_prior:previous_shift_all:2,40,True,False,False,previous_plan_prior:hold_all:3
0.0,0.0,0.0,NORMAL_BALANCED,0.0,previous_plan_prior:hold_all:3,1.06,0.20000000298023224,0.0,0.0,0.0,0.0,0.0,0.0,baseline_current_energy,0.0,1.0,10.25,False,1.0,canopy_dew_first_v1,none,none,previous_plan_prior:previous_shift_all:2,41,True,False,False,previous_plan_prior:hold_all:3
0.0,0.0,0.0,NORMAL_BALANCED,0.0,previous_plan_prior:hold_all:3,1.06,0.20000000298023224,0.0,0.0,0.0,0.0,0.0,0.0,baseline_current_energy,0.0,1.0,10.5,False,1.0,canopy_dew_first_v1,none,none,previous_plan_prior:previous_shift_all:2,42,True,False,False,previous_plan_prior:hold_all:3
0.0,0.0,0.0,NORMAL_BALANCED,0.0,previous_plan_prior:hold_all:3,1.06,0.20000000298023224,0.0,0.0,0.0,0.0,0.0,0.0,baseline_current_energy,0.0,1.0,10.75,False,1.0,canopy_dew_first_v1,none,none,previous_plan_prior:previous_shift_all:2,43,True,False,False,previous_plan_prior:hold_all:3
0.0,0.0,0.0,NORMAL_BALANCED,0.0,previous_plan_prior:hold_all:3,1.06,0.20000000298023224,0.0,0.0,0.0,0.0,0.0,0.0,baseline_current_energy,0.0,1.0,11.0,False,1.0,canopy_dew_first_v1,none,none,previous_plan_prior:previous_shift_all:2,44,True,False,False,previous_plan_prior:hold_all:3
0.0,0.0,0.0,NORMAL_BALANCED,0.0,previous_plan_prior:hold_all:3,1.06,0.20000000298023224,0.0,0.0,0.0,0.0,0.0,0.0,baseline_current_energy,0.0,1.0,11.25,False,1.0,canopy_dew_first_v1,none,none,previous_plan_prior:previous_shift_all:2,45,True,False,False,previous_plan_prior:hold_all:3
0.0,0.0,0.0,NORMAL_BALANCED,0.0,previous_plan_prior:hold_all:3,1.06,0.20000000298023224,0.0,0.0,0.0,0.0,0.0,0.0,baseline_current_energy,0.0,1.0,11.5,False,1.0,canopy_dew_first_v1,none,none,previous_plan_prior:previous_shift_all:2,46,True,False,False,previous_plan_prior:hold_all:3
0.0,0.0,0.0,NORMAL_BALANCED,0.0,previous_plan_prior:hold_all:3,1.06,1.0,0.0,0.0,0.0,0.0,0.0,0.0,baseline_current_energy,0.0,1.0,12.0,False,1.0,canopy_dew_first_v1,none,none,previous_plan_prior:previous_shift_all:2,48,True,False,False,previous_plan_prior:hold_all:3
0.0,0.0,0.0,NORMAL_BALANCED,0.0,previous_plan_prior:hold_all:3,1.06,0.9953460097312927,0.0,0.0,0.0,0.0,0.0,0.0,baseline_current_energy,0.0,1.0,12.25,False,1.0,canopy_dew_first_v1,none,none,previous_plan_prior:previous_shift_all:2,49,True,False,False,previous_plan_prior:hold_all:3
0.0,0.0,0.0,NORMAL_BALANCED,0.0,previous_plan_prior:hold_all:3,1.06,0.9709953665733337,0.0,0.0,0.0,0.0,0.0,0.0,baseline_current_energy,0.0,1.0,12.5,False,1.0,canopy_dew_first_v1,none,none,previous_plan_prior:previous_shift_all:2,50,True,False,False,previous_plan_prior:hold_all:3
0.0,0.0,0.0,NORMAL_BALANCED,0.0,previous_plan_prior:hold_all:3,1.06,1.0,0.0,0.0,0.0,0.0,0.0,0.0,baseline_current_energy,0.0,1.0,14.75,False,1.0,canopy_dew_first_v1,none,none,previous_plan_prior:previous_shift_all:2,59,True,False,False,previous_plan_prior:hold_all:3
0.0,0.0,0.0,NORMAL_BALANCED,0.0,previous_plan_prior:hold_all:3,1.06,1.0,0.0,0.0,0.0,0.0,0.0,0.0,baseline_current_energy,0.0,1.0,15.0,False,1.0,canopy_dew_first_v1,none,none,previous_plan_prior:previous_shift_all:2,60,True,False,False,previous_plan_prior:hold_all:3
0.0,0.0,0.0,NORMAL_BALANCED,0.0,previous_plan_prior:hold_all:3,1.06,1.0,0.0,0.0,0.0,0.0,0.0,0.0,baseline_current_energy,0.0,1.0,15.25,False,1.0,canopy_dew_first_v1,none,none,previous_plan_prior:previous_shift_all:2,61,True,False,False,previous_plan_prior:hold_all:3
0.0,0.0,0.0,NORMAL_BALANCED,0.0,previous_plan_prior:hold_all:3,1.06,1.0,0.0,0.0,0.0,0.0,0.0,0.0,baseline_current_energy,0.0,1.0,15.5,False,1.0,canopy_dew_first_v1,none,none,previous_plan_prior:previous_shift_all:2,62,True,False,False,previous_plan_prior:hold_all:3
-0.2,-0.2,0.19999999999999996,NORMAL_BALANCED,0.0,previous_plan_prior:previous_shift_all:2,1.0495833334450921,0.699999988079071,0.207,0.18999999999999997,-2.999999999999999,0.8999999999999998,0.0,0.0,baseline_current_energy,0.0,0.9966666671137016,18.25,True,0.9966666671137016,canopy_dew_first_v1,dew_or_humidity,dew_or_humidity,previous_plan_prior:previous_shift_all:2,73,False,False,False,previous_plan_prior:previous_shift_all:2
0.0,0.0,0.0,NORMAL_BALANCED,0.0,previous_plan_prior:hold_all:3,1.044000000357628,0.5442243218421936,0.0,0.0,0.0,0.0,0.0,0.0,baseline_current_energy,0.0,0.9200000017881393,20.25,False,0.9200000017881393,canopy_dew_first_v1,none,none,previous_plan_prior:previous_shift_all:2,81,True,False,False,previous_plan_prior:hold_all:3
0.0,0.0,0.0,NORMAL_BALANCED,0.0,previous_plan_prior:hold_all:3,1.044000000357628,0.5498268008232117,0.0,0.0,0.0,0.0,0.0,0.0,baseline_current_energy,0.0,0.9200000017881393,20.5,False,0.9200000017881393,canopy_dew_first_v1,none,none,previous_plan_prior:previous_shift_all:2,82,True,False,False,previous_plan_prior:hold_all:3
0.0,0.0,0.0,NORMAL_BALANCED,0.0,previous_plan_prior:hold_all:3,1.044000000357628,0.25,0.0,0.0,0.0,0.0,0.0,0.0,baseline_current_energy,0.0,0.9200000017881393,22.25,False,0.9200000017881393,canopy_dew_first_v1,none,none,previous_plan_prior:previous_shift_all:2,89,True,False,False,previous_plan_prior:hold_all:3
0.0,0.0,0.0,NORMAL_BALANCED,0.0,previous_plan_prior:hold_all:3,1.044000000357628,0.25,0.0,0.0,0.0,0.0,0.0,0.0,baseline_current_energy,0.0,0.9200000017881393,0.25,False,0.9200000017881393,canopy_dew_first_v1,none,none,previous_plan_prior:previous_shift_all:2,97,True,False,False,previous_plan_prior:hold_all:3
0.0,0.0,0.0,NORMAL_BALANCED,0.0,previous_plan_prior:hold_all:3,1.044000000357628,0.25,0.0,0.0,0.0,0.0,0.0,0.0,baseline_current_energy,0.0,0.9200000017881393,3.0,False,0.9200000017881393,canopy_dew_first_v1,none,none,previous_plan_prior:previous_shift_all:2,108,True,False,False,previous_plan_prior:hold_all:3
0.0,0.0,0.0,NORMAL_BALANCED,0.0,previous_plan_prior:hold_all:3,1.044000000357628,0.25,0.0,0.0,0.0,0.0,0.0,0.0,baseline_current_energy,0.0,0.9200000017881393,3.25,False,0.9200000017881393,canopy_dew_first_v1,none,none,previous_plan_prior:previous_shift_all:2,109,True,False,False,previous_plan_prior:hold_all:3
0.0,0.0,0.0,NORMAL_BALANCED,0.0,previous_plan_prior:hold_all:3,1.06,0.20000000298023224,0.0,0.0,0.0,0.0,0.0,0.0,baseline_current_energy,0.0,1.0,6.5,False,1.0,canopy_dew_first_v1,none,none,previous_plan_prior:previous_shift_all:2,122,True,False,False,previous_plan_prior:hold_all:3
0.0,0.0,0.0,NORMAL_BALANCED,0.0,previous_plan_prior:hold_all:3,1.06,0.20000000298023224,0.0,0.0,0.0,0.0,0.0,0.0,baseline_current_energy,0.0,1.0,6.75,False,1.0,canopy_dew_first_v1,none,none,previous_plan_prior:previous_shift_all:2,123,True,False,False,previous_plan_prior:hold_all:3
0.0,0.0,0.0,NORMAL_BALANCED,0.0,previous_plan_prior:hold_all:3,1.06,0.20000000298023224,0.0,0.0,0.0,0.0,0.0,0.0,baseline_current_energy,0.0,1.0,7.0,False,1.0,canopy_dew_first_v1,none,none,previous_plan_prior:previous_shift_all:2,124,True,False,False,previous_plan_prior:hold_all:3
0.0,0.0,0.0,NORMAL_BALANCED,0.0,previous_plan_prior:hold_all:3,1.06,0.20000000298023224,0.0,0.0,0.0,0.0,0.0,0.0,baseline_current_energy,0.0,1.0,7.25,False,1.0,canopy_dew_first_v1,none,none,previous_plan_prior:previous_shift_all:2,125,True,False,False,previous_plan_prior:hold_all:3
0.0,0.0,0.0,NORMAL_BALANCED,0.0,previous_plan_prior:hold_all:3,1.06,0.20000000298023224,0.0,0.0,0.0,0.0,0.0,0.0,baseline_current_energy,0.0,1.0,7.5,False,1.0,canopy_dew_first_v1,none,none,previous_plan_prior:previous_shift_all:2,126,True,False,False,previous_plan_prior:hold_all:3
0.0,0.0,0.0,NORMAL_BALANCED,0.0,previous_plan_prior:hold_all:3,1.06,0.9388227462768555,0.0,0.0,0.0,0.0,0.0,0.0,baseline_current_energy,0.0,1.0,8.0,False,1.0,canopy_dew_first_v1,none,none,previous_plan_prior:previous_shift_all:2,128,True,False,False,previous_plan_prior:hold_all:3
0.0,0.0,0.0,NORMAL_BALANCED,0.0,previous_plan_prior:hold_all:3,1.06,0.9623379111289978,0.0,0.0,0.0,0.0,0.0,0.0,baseline_current_energy,0.0,1.0,8.25,False,1.0,canopy_dew_first_v1,none,none,previous_plan_prior:previous_shift_all:2,129,True,False,False,previous_plan_prior:hold_all:3
0.0,0.0,0.0,NORMAL_BALANCED,0.0,previous_plan_prior:hold_all:3,1.06,0.9522208571434021,0.0,0.0,0.0,0.0,0.0,0.0,baseline_current_energy,0.0,1.0,8.5,False,1.0,canopy_dew_first_v1,none,none,previous_plan_prior:previous_shift_all:2,130,True,False,False,previous_plan_prior:hold_all:3
0.0,0.0,0.0,NORMAL_BALANCED,0.0,previous_plan_prior:hold_all:3,1.06,0.5054808259010315,0.0,0.0,0.0,0.0,0.0,0.0,baseline_current_energy,0.0,1.0,9.0,False,1.0,canopy_dew_first_v1,none,none,previous_plan_prior:previous_shift_all:2,132,True,False,False,previous_plan_prior:hold_all:3
0.0,0.0,0.0,NORMAL_BALANCED,0.0,previous_plan_prior:hold_all:3,1.06,0.4964801073074341,0.0,0.0,0.0,0.0,0.0,0.0,baseline_current_energy,0.0,1.0,9.25,False,1.0,canopy_dew_first_v1,none,none,previous_plan_prior:previous_shift_all:2,133,True,False,False,previous_plan_prior:hold_all:3
0.0,0.0,0.0,NORMAL_BALANCED,0.0,previous_plan_prior:hold_all:3,1.06,0.9513817429542542,0.0,0.0,0.0,0.0,0.0,0.0,baseline_current_energy,0.0,1.0,9.75,False,1.0,canopy_dew_first_v1,none,none,previous_plan_prior:previous_shift_all:2,135,True,False,False,previous_plan_prior:hold_all:3
0.0,0.0,0.0,NORMAL_BALANCED,0.0,previous_plan_prior:hold_all:3,1.06,0.9090812802314758,0.0,0.0,0.0,0.0,0.0,0.0,baseline_current_energy,0.0,1.0,10.0,False,1.0,canopy_dew_first_v1,none,none,previous_plan_prior:previous_shift_all:2,136,True,False,False,previous_plan_prior:hold_all:3
0.0,0.0,0.0,NORMAL_BALANCED,0.0,previous_plan_prior:hold_all:3,1.06,0.9060654044151306,0.0,0.0,0.0,0.0,0.0,0.0,baseline_current_energy,0.0,1.0,10.25,False,1.0,canopy_dew_first_v1,none,none,previous_plan_prior:previous_shift_all:2,137,True,False,False,previous_plan_prior:hold_all:3
0.0,0.0,0.0,NORMAL_BALANCED,0.0,previous_plan_prior:hold_all:3,1.06,0.910454511642456,0.0,0.0,0.0,0.0,0.0,0.0,baseline_current_energy,0.0,1.0,10.5,False,1.0,canopy_dew_first_v1,none,none,previous_plan_prior:previous_shift_all:2,138,True,False,False,previous_plan_prior:hold_all:3
0.0,0.0,0.0,NORMAL_BALANCED,0.0,previous_plan_prior:hold_all:3,1.06,0.915049135684967,0.0,0.0,0.0,0.0,0.0,0.0,baseline_current_energy,0.0,1.0,10.75,False,1.0,canopy_dew_first_v1,none,none,previous_plan_prior:previous_shift_all:2,139,True,False,False,previous_plan_prior:hold_all:3
0.0,0.0,0.0,NORMAL_BALANCED,0.0,previous_plan_prior:hold_all:3,1.06,0.9727903008460999,0.0,0.0,0.0,0.0,0.0,0.0,baseline_current_energy,0.0,1.0,11.5,False,1.0,canopy_dew_first_v1,none,none,previous_plan_prior:previous_shift_all:2,142,True,False,False,previous_plan_prior:hold_all:3
0.0,0.0,0.0,NORMAL_BALANCED,0.0,previous_plan_prior:hold_all:3,1.06,0.20000000298023224,0.0,0.0,0.0,0.0,0.0,0.0,baseline_current_energy,0.0,1.0,12.5,False,1.0,canopy_dew_first_v1,none,none,previous_plan_prior:previous_shift_all:2,146,True,False,False,previous_plan_prior:hold_all:3
0.0,0.0,0.06,NORMAL_BALANCED,0.06,conservative_prior:conservative_stabilize:5,1.0636250002682208,0.18000000715255737,0.03795,0.039,-0.54,0.3375,0.0,0.45999999999999996,baseline_current_energy,0.0,1.0,12.75,True,1.0,canopy_dew_first_v1,dry_vent,dry_vent+dry_or_high_vpd,previous_plan_prior:screen_dwell_hold:4,147,True,True,True,previous_plan_prior:screen_dwell_hold:4
0.0,0.0,0.06,NORMAL_BALANCED,0.06,conservative_prior:conservative_stabilize:5,1.0636250002682208,0.18000000715255737,0.03795,0.039,-0.54,0.3375,0.0,0.45999999999999996,baseline_current_energy,0.0,1.0,13.0,True,1.0,canopy_dew_first_v1,dry_vent,dry_vent+dry_or_high_vpd,previous_plan_prior:previous_shift_all:2,148,True,True,True,previous_plan_prior:previous_shift_all:2
0.0,0.0,0.06,NORMAL_BALANCED,0.06,conservative_prior:conservative_stabilize:5,1.0636250002682208,0.18000000715255737,0.03795,0.039,-0.54,0.3375,0.0,0.45999999999999996,baseline_current_energy,0.0,1.0,13.25,True,1.0,canopy_dew_first_v1,dry_vent,dry_vent+dry_or_high_vpd,previous_plan_prior:previous_shift_all:2,149,True,True,True,previous_plan_prior:previous_shift_all:2
0.0,0.0,0.06,NORMAL_BALANCED,0.06,conservative_prior:conservative_stabilize:5,1.0636250002682208,0.18000000715255737,0.03795,0.039,-0.54,0.3375,0.0,0.45999999999999996,baseline_current_energy,0.0,1.0,13.5,True,1.0,canopy_dew_first_v1,dry_vent,dry_vent+dry_or_high_vpd,previous_plan_prior:previous_shift_all:2,150,True,True,True,previous_plan_prior:previous_shift_all:2
0.0,0.0,0.06,NORMAL_BALANCED,0.06,conservative_prior:conservative_stabilize:5,1.0636250002682208,0.18000000715255737,0.03795,0.039,-0.54,0.3375,0.0,0.45999999999999996,baseline_current_energy,0.0,1.0,13.75,True,1.0,canopy_dew_first_v1,dry_vent,dry_vent+dry_or_high_vpd,previous_plan_prior:previous_shift_all:2,151,True,True,True,previous_plan_prior:previous_shift_all:2
0.0,0.0,0.0,NORMAL_BALANCED,0.0,previous_plan_prior:hold_all:3,1.06,0.20000000298023224,0.0,0.0,0.0,0.0,0.0,0.0,baseline_current_energy,0.0,1.0,14.25,False,1.0,canopy_dew_first_v1,none,none,previous_plan_prior:previous_shift_all:2,153,True,False,False,previous_plan_prior:hold_all:3
0.0,0.0,0.0,NORMAL_BALANCED,0.0,previous_plan_prior:hold_all:3,1.06,0.20000000298023224,0.0,0.0,0.0,0.0,0.0,0.0,baseline_current_energy,0.0,1.0,14.5,False,1.0,canopy_dew_first_v1,none,none,previous_plan_prior:previous_shift_all:2,154,True,False,False,previous_plan_prior:hold_all:3
0.0,0.0,0.0,NORMAL_BALANCED,0.0,previous_plan_prior:hold_all:3,1.06,0.20000000298023224,0.0,0.0,0.0,0.0,0.0,0.0,baseline_current_energy,0.0,1.0,14.75,False,1.0,canopy_dew_first_v1,none,none,previous_plan_prior:previous_shift_all:2,155,True,False,False,previous_plan_prior:hold_all:3
0.0,0.0,0.0,NORMAL_BALANCED,0.0,previous_plan_prior:hold_all:3,1.06,0.20000000298023224,0.0,0.0,0.0,0.0,0.0,0.0,baseline_current_energy,0.0,1.0,15.0,False,1.0,canopy_dew_first_v1,none,none,previous_plan_prior:previous_shift_all:2,156,True,False,False,previous_plan_prior:hold_all:3
0.0,0.0,0.0,NORMAL_BALANCED,0.0,previous_plan_prior:hold_all:3,1.06,0.20000000298023224,0.0,0.0,0.0,0.0,0.0,0.0,baseline_current_energy,0.0,1.0,15.25,False,1.0,canopy_dew_first_v1,none,none,previous_plan_prior:previous_shift_all:2,157,True,False,False,previous_plan_prior:hold_all:3
0.0,0.0,0.0,NORMAL_BALANCED,0.0,previous_plan_prior:hold_all:3,1.06,0.20000000298023224,0.0,0.0,0.0,0.0,0.0,0.0,baseline_current_energy,0.0,1.0,15.5,False,1.0,canopy_dew_first_v1,none,none,previous_plan_prior:previous_shift_all:2,158,True,False,False,previous_plan_prior:hold_all:3
0.0,0.0,0.0,NORMAL_BALANCED,0.0,previous_plan_prior:hold_all:3,1.06,0.20000000298023224,0.0,0.0,0.0,0.0,0.0,0.0,baseline_current_energy,0.0,1.0,15.75,False,1.0,canopy_dew_first_v1,none,none,previous_plan_prior:previous_shift_all:2,159,True,False,False,previous_plan_prior:hold_all:3
0.0,0.0,0.0,NORMAL_BALANCED,0.0,previous_plan_prior:hold_all:3,1.06,0.20000000298023224,0.0,0.0,0.0,0.0,0.0,0.0,baseline_current_energy,0.0,1.0,16.0,False,1.0,canopy_dew_first_v1,none,none,previous_plan_prior:previous_shift_all:2,160,True,False,False,previous_plan_prior:hold_all:3
0.0,0.0,0.0,NORMAL_BALANCED,0.0,previous_plan_prior:hold_all:3,1.06,1.0,0.0,0.0,0.0,0.0,0.0,0.0,baseline_current_energy,0.0,1.0,16.5,False,1.0,canopy_dew_first_v1,none,none,previous_plan_prior:previous_shift_all:2,162,True,False,False,previous_plan_prior:hold_all:3
0.0,0.0,0.0,NORMAL_BALANCED,0.0,previous_plan_prior:hold_all:3,1.06,0.9935595989227295,0.0,0.0,0.0,0.0,0.0,0.0,baseline_current_energy,0.0,1.0,16.75,False,1.0,canopy_dew_first_v1,none,none,previous_plan_prior:previous_shift_all:2,163,True,False,False,previous_plan_prior:hold_all:3
0.0,0.0,0.0,NORMAL_BALANCED,0.0,previous_plan_prior:hold_all:3,1.06,0.9538625478744507,0.0,0.0,0.0,0.0,0.0,0.0,baseline_current_energy,0.0,1.0,17.0,False,1.0,canopy_dew_first_v1,none,none,previous_plan_prior:previous_shift_all:2,164,True,False,False,previous_plan_prior:hold_all:3
0.0,0.0,0.0,NORMAL_BALANCED,0.0,previous_plan_prior:hold_all:3,1.06,0.9477711915969849,0.0,0.0,0.0,0.0,0.0,0.0,baseline_current_energy,0.0,1.0,17.25,False,1.0,canopy_dew_first_v1,none,none,previous_plan_prior:previous_shift_all:2,165,True,False,False,previous_plan_prior:hold_all:3
0.0,0.0,0.0,NORMAL_BALANCED,0.0,previous_plan_prior:hold_all:3,1.06,0.9439219236373901,0.0,0.0,0.0,0.0,0.0,0.0,baseline_current_energy,0.0,1.0,17.5,False,1.0,canopy_dew_first_v1,none,none,previous_plan_prior:previous_shift_all:2,166,True,False,False,previous_plan_prior:hold_all:3
0.0,0.0,0.0,NORMAL_BALANCED,0.0,previous_plan_prior:hold_all:3,1.06,0.9404728412628174,0.0,0.0,0.0,0.0,0.0,0.0,baseline_current_energy,0.0,1.0,17.75,False,1.0,canopy_dew_first_v1,none,none,previous_plan_prior:previous_shift_all:2,167,True,False,False,previous_plan_prior:hold_all:3
0.0,0.0,0.0,NORMAL_BALANCED,0.0,previous_plan_prior:hold_all:3,1.06,0.9372163414955139,0.0,0.0,0.0,0.0,0.0,0.0,baseline_current_energy,0.0,1.0,18.0,False,1.0,canopy_dew_first_v1,none,none,previous_plan_prior:previous_shift_all:2,168,True,False,False,previous_plan_prior:hold_all:3
0.0,0.0,0.0,NORMAL_BALANCED,0.0,previous_plan_prior:hold_all:3,1.044000000357628,0.8589292168617249,0.0,0.0,0.0,0.0,0.0,0.0,baseline_current_energy,0.0,0.9200000017881393,21.25,False,0.9200000017881393,canopy_dew_first_v1,none,none,previous_plan_prior:previous_shift_all:2,181,True,False,False,previous_plan_prior:hold_all:3
0.0,0.0,0.0,NORMAL_BALANCED,0.0,previous_plan_prior:hold_all:3,1.044000000357628,0.8338490724563599,0.0,0.0,0.0,0.0,0.0,0.0,baseline_current_energy,0.0,0.9200000017881393,21.5,False,0.9200000017881393,canopy_dew_first_v1,none,none,previous_plan_prior:previous_shift_all:2,182,True,False,False,previous_plan_prior:hold_all:3
0.0,0.0,0.0,NORMAL_BALANCED,0.0,previous_plan_prior:hold_all:3,1.044000000357628,0.25,0.0,0.0,0.0,0.0,0.0,0.0,baseline_current_energy,0.0,0.9200000017881393,22.0,False,0.9200000017881393,canopy_dew_first_v1,none,none,previous_plan_prior:previous_shift_all:2,184,True,False,False,previous_plan_prior:hold_all:3
0.0,0.0,-0.06000000000000005,NORMAL_BALANCED,0.08,conservative_prior:conservative_stabilize:5,1.0273750015199183,0.699999988079071,-0.017250000000000015,-0.01200000000000001,0.15000000000000013,-0.24000000000000019,0.0,0.0,baseline_current_energy,0.0,0.760000005364418,5.0,True,0.760000005364418,canopy_dew_first_v1,dew_or_humidity,dew_or_humidity,previous_plan_prior:previous_shift_all:2,212,True,True,True,previous_plan_prior:previous_shift_all:2
0.0,0.0,-0.06000000000000005,NORMAL_BALANCED,0.08,conservative_prior:conservative_stabilize:5,1.0273750015199183,0.699999988079071,-0.017250000000000015,-0.01200000000000001,0.15000000000000013,-0.24000000000000019,0.0,0.0,baseline_current_energy,0.0,0.760000005364418,5.25,True,0.760000005364418,canopy_dew_first_v1,dew_or_humidity,dew_or_humidity,previous_plan_prior:previous_shift_all:2,213,True,True,True,previous_plan_prior:previous_shift_all:2
0.0,0.0,-0.06000000000000005,NORMAL_BALANCED,0.08,conservative_prior:conservative_stabilize:5,1.0273750015199183,0.699999988079071,-0.017250000000000015,-0.01200000000000001,0.15000000000000013,-0.24000000000000019,0.0,0.0,baseline_current_energy,0.0,0.760000005364418,5.5,True,0.760000005364418,canopy_dew_first_v1,dew_or_humidity,dew_or_humidity,previous_plan_prior:previous_shift_all:2,214,True,True,True,previous_plan_prior:previous_shift_all:2
0.0,0.0,0.0,NORMAL_BALANCED,0.0,previous_plan_prior:hold_all:3,1.06,0.6055004000663757,0.0,0.0,0.0,0.0,0.0,0.0,baseline_current_energy,0.0,1.0,7.25,False,1.0,canopy_dew_first_v1,none,none,previous_plan_prior:previous_shift_all:2,221,True,False,False,previous_plan_prior:hold_all:3
0.0,0.0,0.0,NORMAL_BALANCED,0.0,previous_plan_prior:hold_all:3,1.06,1.0,0.0,0.0,0.0,0.0,0.0,0.0,baseline_current_energy,0.0,1.0,7.75,False,1.0,canopy_dew_first_v1,none,none,previous_plan_prior:previous_shift_all:2,223,True,False,False,previous_plan_prior:hold_all:3
0.0,0.0,0.0,NORMAL_BALANCED,0.0,previous_plan_prior:hold_all:3,1.06,0.20000000298023224,0.0,0.0,0.0,0.0,0.0,0.0,baseline_current_energy,0.0,1.0,8.25,False,1.0,canopy_dew_first_v1,none,none,previous_plan_prior:previous_shift_all:2,225,True,False,False,previous_plan_prior:hold_all:3
0.0,0.0,0.0,NORMAL_BALANCED,0.0,previous_plan_prior:hold_all:3,1.06,0.20000000298023224,0.0,0.0,0.0,0.0,0.0,0.0,baseline_current_energy,0.0,1.0,8.5,False,1.0,canopy_dew_first_v1,none,none,previous_plan_prior:previous_shift_all:2,226,True,False,False,previous_plan_prior:hold_all:3
0.0,0.0,0.0,NORMAL_BALANCED,0.0,previous_plan_prior:hold_all:3,1.06,0.10000000149011612,0.0,0.0,0.0,0.0,0.0,0.0,baseline_current_energy,0.0,1.0,8.75,False,1.0,canopy_dew_first_v1,none,none,previous_plan_prior:previous_shift_all:2,227,True,False,False,previous_plan_prior:hold_all:3
0.0,0.0,0.0,NORMAL_BALANCED,0.0,previous_plan_prior:hold_all:3,1.06,0.10000000149011612,0.0,0.0,0.0,0.0,0.0,0.0,baseline_current_energy,0.0,1.0,9.0,False,1.0,canopy_dew_first_v1,none,none,previous_plan_prior:previous_shift_all:2,228,True,False,False,previous_plan_prior:hold_all:3
0.0,0.0,0.0,NORMAL_BALANCED,0.0,previous_plan_prior:hold_all:3,1.06,0.10000000149011612,0.0,0.0,0.0,0.0,0.0,0.0,baseline_current_energy,0.0,1.0,9.25,False,1.0,canopy_dew_first_v1,none,none,previous_plan_prior:previous_shift_all:2,229,True,False,False,previous_plan_prior:hold_all:3
0.0,0.0,0.0,NORMAL_BALANCED,0.0,previous_plan_prior:hold_all:3,1.06,0.10000000149011612,0.0,0.0,0.0,0.0,0.0,0.0,baseline_current_energy,0.0,1.0,9.5,False,1.0,canopy_dew_first_v1,none,none,previous_plan_prior:previous_shift_all:2,230,True,False,False,previous_plan_prior:hold_all:3
0.0,0.0,0.0,NORMAL_BALANCED,0.0,previous_plan_prior:hold_all:3,1.06,0.10000000149011612,0.0,0.0,0.0,0.0,0.0,0.0,baseline_current_energy,0.0,1.0,9.75,False,1.0,canopy_dew_first_v1,none,none,previous_plan_prior:previous_shift_all:2,231,True,False,False,previous_plan_prior:hold_all:3
0.0,0.0,0.0,NORMAL_BALANCED,0.0,previous_plan_prior:hold_all:3,1.06,0.10000000149011612,0.0,0.0,0.0,0.0,0.0,0.0,baseline_current_energy,0.0,1.0,10.0,False,1.0,canopy_dew_first_v1,none,none,previous_plan_prior:previous_shift_all:2,232,True,False,False,previous_plan_prior:hold_all:3
0.0,0.0,0.0,NORMAL_BALANCED,0.0,previous_plan_prior:hold_all:3,1.06,0.10000000149011612,0.0,0.0,0.0,0.0,0.0,0.0,baseline_current_energy,0.0,1.0,10.25,False,1.0,canopy_dew_first_v1,none,none,previous_plan_prior:previous_shift_all:2,233,True,False,False,previous_plan_prior:hold_all:3
0.0,0.0,0.0,NORMAL_BALANCED,0.0,previous_plan_prior:hold_all:3,1.06,0.10000000149011612,0.0,0.0,0.0,0.0,0.0,0.0,baseline_current_energy,0.0,1.0,10.5,False,1.0,canopy_dew_first_v1,none,none,previous_plan_prior:previous_shift_all:2,234,True,False,False,previous_plan_prior:hold_all:3
0.0,0.0,0.0,NORMAL_BALANCED,0.0,previous_plan_prior:hold_all:3,1.06,0.10000000149011612,0.0,0.0,0.0,0.0,0.0,0.0,baseline_current_energy,0.0,1.0,10.75,False,1.0,canopy_dew_first_v1,none,none,previous_plan_prior:previous_shift_all:2,235,True,False,False,previous_plan_prior:hold_all:3
0.0,0.0,0.0,NORMAL_BALANCED,0.0,previous_plan_prior:hold_all:3,1.06,0.10000000149011612,0.0,0.0,0.0,0.0,0.0,0.0,baseline_current_energy,0.0,1.0,11.0,False,1.0,canopy_dew_first_v1,none,none,previous_plan_prior:previous_shift_all:2,236,True,False,False,previous_plan_prior:hold_all:3
0.0,0.0,0.0,NORMAL_BALANCED,0.0,previous_plan_prior:hold_all:3,1.06,0.10000000149011612,0.0,0.0,0.0,0.0,0.0,0.0,baseline_current_energy,0.0,1.0,11.25,False,1.0,canopy_dew_first_v1,none,none,previous_plan_prior:previous_shift_all:2,237,True,False,False,previous_plan_prior:hold_all:3
0.0,0.0,0.0,NORMAL_BALANCED,0.0,previous_plan_prior:hold_all:3,1.06,0.10000000149011612,0.0,0.0,0.0,0.0,0.0,0.0,baseline_current_energy,0.0,1.0,11.5,False,1.0,canopy_dew_first_v1,none,none,previous_plan_prior:previous_shift_all:2,238,True,False,False,previous_plan_prior:hold_all:3
0.0,0.0,0.0,NORMAL_BALANCED,0.0,previous_plan_prior:hold_all:3,1.06,0.10000000149011612,0.0,0.0,0.0,0.0,0.0,0.0,baseline_current_energy,0.0,1.0,11.75,False,1.0,canopy_dew_first_v1,none,none,previous_plan_prior:previous_shift_all:2,239,True,False,False,previous_plan_prior:hold_all:3
0.0,0.0,0.0,NORMAL_BALANCED,0.0,previous_plan_prior:hold_all:3,1.06,0.10000000149011612,0.0,0.0,0.0,0.0,0.0,0.0,baseline_current_energy,0.0,1.0,12.0,False,1.0,canopy_dew_first_v1,none,none,previous_plan_prior:previous_shift_all:2,240,True,False,False,previous_plan_prior:hold_all:3
0.0,0.0,0.0,NORMAL_BALANCED,0.0,previous_plan_prior:hold_all:3,1.06,0.10000000149011612,0.0,0.0,0.0,0.0,0.0,0.0,baseline_current_energy,0.0,1.0,12.25,False,1.0,canopy_dew_first_v1,none,none,previous_plan_prior:previous_shift_all:2,241,True,False,False,previous_plan_prior:hold_all:3
0.0,0.0,0.0,NORMAL_BALANCED,0.0,previous_plan_prior:hold_all:3,1.06,0.10000000149011612,0.0,0.0,0.0,0.0,0.0,0.0,baseline_current_energy,0.0,1.0,12.5,False,1.0,canopy_dew_first_v1,none,none,previous_plan_prior:previous_shift_all:2,242,True,False,False,previous_plan_prior:hold_all:3
0.0,0.0,0.0,NORMAL_BALANCED,0.0,previous_plan_prior:hold_all:3,1.06,0.10000000149011612,0.0,0.0,0.0,0.0,0.0,0.0,baseline_current_energy,0.0,1.0,12.75,False,1.0,canopy_dew_first_v1,none,none,previous_plan_prior:previous_shift_all:2,243,True,False,False,previous_plan_prior:hold_all:3
0.0,0.0,0.0,NORMAL_BALANCED,0.0,previous_plan_prior:hold_all:3,1.06,0.10000000149011612,0.0,0.0,0.0,0.0,0.0,0.0,baseline_current_energy,0.0,1.0,13.0,False,1.0,canopy_dew_first_v1,none,none,previous_plan_prior:previous_shift_all:2,244,True,False,False,previous_plan_prior:hold_all:3
0.0,0.0,0.0,NORMAL_BALANCED,0.0,previous_plan_prior:hold_all:3,1.06,0.10000000149011612,0.0,0.0,0.0,0.0,0.0,0.0,baseline_current_energy,0.0,1.0,13.25,False,1.0,canopy_dew_first_v1,none,none,previous_plan_prior:previous_shift_all:2,245,True,False,False,previous_plan_prior:hold_all:3
0.0,0.0,0.0,NORMAL_BALANCED,0.0,previous_plan_prior:hold_all:3,1.06,0.10000000149011612,0.0,0.0,0.0,0.0,0.0,0.0,baseline_current_energy,0.0,1.0,13.5,False,1.0,canopy_dew_first_v1,none,none,previous_plan_prior:previous_shift_all:2,246,True,False,False,previous_plan_prior:hold_all:3
0.0,0.0,0.0,NORMAL_BALANCED,0.0,previous_plan_prior:hold_all:3,1.06,0.10000000149011612,0.0,0.0,0.0,0.0,0.0,0.0,baseline_current_energy,0.0,1.0,13.75,False,1.0,canopy_dew_first_v1,none,none,previous_plan_prior:previous_shift_all:2,247,True,False,False,previous_plan_prior:hold_all:3
0.0,0.0,0.0,NORMAL_BALANCED,0.0,previous_plan_prior:hold_all:3,1.06,0.10000000149011612,0.0,0.0,0.0,0.0,0.0,0.0,baseline_current_energy,0.0,1.0,14.0,False,1.0,canopy_dew_first_v1,none,none,previous_plan_prior:previous_shift_all:2,248,True,False,False,previous_plan_prior:hold_all:3
0.0,0.0,0.0,NORMAL_BALANCED,0.0,previous_plan_prior:hold_all:3,1.06,0.10000000149011612,0.0,0.0,0.0,0.0,0.0,0.0,baseline_current_energy,0.0,1.0,14.25,False,1.0,canopy_dew_first_v1,none,none,previous_plan_prior:previous_shift_all:2,249,True,False,False,previous_plan_prior:hold_all:3
0.0,0.0,0.0,NORMAL_BALANCED,0.0,previous_plan_prior:hold_all:3,1.06,0.10000000149011612,0.0,0.0,0.0,0.0,0.0,0.0,baseline_current_energy,0.0,1.0,14.5,False,1.0,canopy_dew_first_v1,none,none,previous_plan_prior:previous_shift_all:2,250,True,False,False,previous_plan_prior:hold_all:3
0.0,0.0,0.0,NORMAL_BALANCED,0.0,previous_plan_prior:hold_all:3,1.06,0.10000000149011612,0.0,0.0,0.0,0.0,0.0,0.0,baseline_current_energy,0.0,1.0,14.75,False,1.0,canopy_dew_first_v1,none,none,previous_plan_prior:previous_shift_all:2,251,True,False,False,previous_plan_prior:hold_all:3
0.0,0.0,0.0,NORMAL_BALANCED,0.0,previous_plan_prior:hold_all:3,1.06,0.10000000149011612,0.0,0.0,0.0,0.0,0.0,0.0,baseline_current_energy,0.0,1.0,15.0,False,1.0,canopy_dew_first_v1,none,none,previous_plan_prior:previous_shift_all:2,252,True,False,False,previous_plan_prior:hold_all:3
0.0,0.0,0.0,NORMAL_BALANCED,0.0,previous_plan_prior:hold_all:3,1.06,0.10000000149011612,0.0,0.0,0.0,0.0,0.0,0.0,baseline_current_energy,0.0,1.0,15.25,False,1.0,canopy_dew_first_v1,none,none,previous_plan_prior:previous_shift_all:2,253,True,False,False,previous_plan_prior:hold_all:3
0.0,0.0,0.0,NORMAL_BALANCED,0.0,previous_plan_prior:hold_all:3,1.06,0.10000000149011612,0.0,0.0,0.0,0.0,0.0,0.0,baseline_current_energy,0.0,1.0,15.5,False,1.0,canopy_dew_first_v1,none,none,previous_plan_prior:previous_shift_all:2,254,True,False,False,previous_plan_prior:hold_all:3
0.0,0.0,0.0,NORMAL_BALANCED,0.0,previous_plan_prior:hold_all:3,1.06,0.10000000149011612,0.0,0.0,0.0,0.0,0.0,0.0,baseline_current_energy,0.0,1.0,15.75,False,1.0,canopy_dew_first_v1,none,none,previous_plan_prior:previous_shift_all:2,255,True,False,False,previous_plan_prior:hold_all:3
0.0,0.0,0.0,NORMAL_BALANCED,0.0,previous_plan_prior:hold_all:3,1.06,0.10000000149011612,0.0,0.0,0.0,0.0,0.0,0.0,baseline_current_energy,0.0,1.0,16.0,False,1.0,canopy_dew_first_v1,none,none,previous_plan_prior:previous_shift_all:2,256,True,False,False,previous_plan_prior:hold_all:3
0.0,0.0,0.0,NORMAL_BALANCED,0.0,previous_plan_prior:hold_all:3,1.06,0.10000000149011612,0.0,0.0,0.0,0.0,0.0,0.0,baseline_current_energy,0.0,1.0,16.25,False,1.0,canopy_dew_first_v1,none,none,previous_plan_prior:previous_shift_all:2,257,True,False,False,previous_plan_prior:hold_all:3
0.0,0.0,0.0,NORMAL_BALANCED,0.0,previous_plan_prior:hold_all:3,1.06,0.10000000149011612,0.0,0.0,0.0,0.0,0.0,0.0,baseline_current_energy,0.0,1.0,16.5,False,1.0,canopy_dew_first_v1,none,none,previous_plan_prior:previous_shift_all:2,258,True,False,False,previous_plan_prior:hold_all:3
0.0,0.0,0.0,NORMAL_BALANCED,0.0,previous_plan_prior:hold_all:3,1.06,0.20000000298023224,0.0,0.0,0.0,0.0,0.0,0.0,baseline_current_energy,0.0,1.0,16.75,False,1.0,canopy_dew_first_v1,none,none,previous_plan_prior:previous_shift_all:2,259,True,False,False,previous_plan_prior:hold_all:3
0.0,0.0,0.0,NORMAL_BALANCED,0.0,previous_plan_prior:hold_all:3,1.06,0.20000000298023224,0.0,0.0,0.0,0.0,0.0,0.0,baseline_current_energy,0.0,1.0,17.0,False,1.0,canopy_dew_first_v1,none,none,previous_plan_prior:previous_shift_all:2,260,True,False,False,previous_plan_prior:hold_all:3
0.0,0.0,0.0,NORMAL_BALANCED,0.0,previous_plan_prior:hold_all:3,1.06,0.20000000298023224,0.0,0.0,0.0,0.0,0.0,0.0,baseline_current_energy,0.0,1.0,17.25,False,1.0,canopy_dew_first_v1,none,none,previous_plan_prior:previous_shift_all:2,261,True,False,False,previous_plan_prior:hold_all:3
0.0,0.0,0.0,NORMAL_BALANCED,0.0,previous_plan_prior:hold_all:4,1.06,0.20000000298023224,0.0,0.0,0.0,0.0,0.0,0.0,baseline_current_energy,0.0,1.0,17.5,False,1.0,canopy_dew_first_v1,none,none,previous_plan_prior:previous_shift_all:3,262,True,False,False,previous_plan_prior:hold_all:4
0.0,0.0,0.0,NORMAL_BALANCED,0.0,previous_plan_prior:hold_all:4,1.06,0.20000000298023224,0.0,0.0,0.0,0.0,0.0,0.0,baseline_current_energy,0.0,1.0,17.75,False,1.0,canopy_dew_first_v1,none,none,previous_plan_prior:previous_shift_all:3,263,True,False,False,previous_plan_prior:hold_all:4
0.0,0.0,0.0,NORMAL_BALANCED,0.0,previous_plan_prior:hold_all:4,1.06,0.20000000298023224,0.0,0.0,0.0,0.0,0.0,0.0,baseline_current_energy,0.0,1.0,18.0,False,1.0,canopy_dew_first_v1,none,none,previous_plan_prior:previous_shift_all:3,264,True,False,False,previous_plan_prior:hold_all:4
0.0,0.0,0.0,NORMAL_BALANCED,0.0,previous_plan_prior:hold_all:3,1.06,0.8390939831733704,0.0,0.0,0.0,0.0,0.0,0.0,baseline_current_energy,0.0,1.0,18.5,False,1.0,canopy_dew_first_v1,none,none,previous_plan_prior:previous_shift_all:2,266,True,False,False,previous_plan_prior:hold_all:3
0.0,0.0,0.0,NORMAL_BALANCED,0.0,previous_plan_prior:hold_all:4,1.06,0.8978866338729858,0.0,0.0,0.0,0.0,0.0,0.0,baseline_current_energy,0.0,1.0,18.75,False,1.0,canopy_dew_first_v1,none,none,previous_plan_prior:previous_shift_all:3,267,True,False,False,previous_plan_prior:hold_all:4
0.0,0.0,0.0,NORMAL_BALANCED,0.0,previous_plan_prior:hold_all:4,1.06,0.9229785203933716,0.0,0.0,0.0,0.0,0.0,0.0,baseline_current_energy,0.0,1.0,19.0,False,1.0,canopy_dew_first_v1,none,none,previous_plan_prior:previous_shift_all:3,268,True,False,False,previous_plan_prior:hold_all:4
0.0,0.0,0.0,NORMAL_BALANCED,0.0,previous_plan_prior:hold_all:4,1.06,0.9375365376472473,0.0,0.0,0.0,0.0,0.0,0.0,baseline_current_energy,0.0,1.0,19.25,False,1.0,canopy_dew_first_v1,none,none,previous_plan_prior:previous_shift_all:3,269,True,False,False,previous_plan_prior:hold_all:4
0.0,0.0,0.0,NORMAL_BALANCED,0.0,previous_plan_prior:hold_all:4,1.06,0.7853459715843201,0.0,0.0,0.0,0.0,0.0,0.0,baseline_current_energy,0.0,1.0,21.25,False,1.0,canopy_dew_first_v1,none,none,previous_plan_prior:previous_shift_all:3,277,True,False,False,previous_plan_prior:hold_all:4
0.0,0.0,0.0,NORMAL_BALANCED,0.0,previous_plan_prior:hold_all:4,1.06,0.8450761437416077,0.0,0.0,0.0,0.0,0.0,0.0,baseline_current_energy,0.0,1.0,21.5,False,1.0,canopy_dew_first_v1,none,none,previous_plan_prior:previous_shift_all:3,278,True,False,False,previous_plan_prior:hold_all:4
0.0,0.0,0.0,NORMAL_BALANCED,0.0,previous_plan_prior:hold_all:4,1.06,0.8905245065689087,0.0,0.0,0.0,0.0,0.0,0.0,baseline_current_energy,0.0,1.0,21.75,False,1.0,canopy_dew_first_v1,none,none,previous_plan_prior:previous_shift_all:3,279,True,False,False,previous_plan_prior:hold_all:4
0.0,0.0,0.0,NORMAL_BALANCED,0.0,previous_plan_prior:hold_all:4,1.06,0.9049479365348816,0.0,0.0,0.0,0.0,0.0,0.0,baseline_current_energy,0.0,1.0,22.0,False,1.0,canopy_dew_first_v1,none,none,previous_plan_prior:previous_shift_all:3,280,True,False,False,previous_plan_prior:hold_all:4
0.0,0.0,0.0,NORMAL_BALANCED,0.0,previous_plan_prior:hold_all:4,1.06,0.9146260619163513,0.0,0.0,0.0,0.0,0.0,0.0,baseline_current_energy,0.0,1.0,22.25,False,1.0,canopy_dew_first_v1,none,none,previous_plan_prior:previous_shift_all:3,281,True,False,False,previous_plan_prior:hold_all:4
0.0,0.0,0.0,NORMAL_BALANCED,0.0,previous_plan_prior:hold_all:4,1.06,0.8536388874053955,0.0,0.0,0.0,0.0,0.0,0.0,baseline_current_energy,0.0,1.0,6.5,False,1.0,canopy_dew_first_v1,none,none,previous_plan_prior:previous_shift_all:3,314,True,False,False,previous_plan_prior:hold_all:4
0.0,0.0,0.0,NORMAL_BALANCED,0.0,previous_plan_prior:hold_all:3,1.06,0.8575627207756042,0.0,0.0,0.0,0.0,0.0,0.0,baseline_current_energy,0.0,1.0,6.75,False,1.0,canopy_dew_first_v1,none,none,previous_plan_prior:previous_shift_all:2,315,True,False,False,previous_plan_prior:hold_all:3
0.0,0.0,0.0,NORMAL_BALANCED,0.0,previous_plan_prior:hold_all:3,1.06,0.8598138093948364,0.0,0.0,0.0,0.0,0.0,0.0,baseline_current_energy,0.0,1.0,7.0,False,1.0,canopy_dew_first_v1,none,none,previous_plan_prior:previous_shift_all:2,316,True,False,False,previous_plan_prior:hold_all:3
0.0,0.0,0.0,NORMAL_BALANCED,0.0,previous_plan_prior:hold_all:3,1.06,0.8614515662193298,0.0,0.0,0.0,0.0,0.0,0.0,baseline_current_energy,0.0,1.0,7.25,False,1.0,canopy_dew_first_v1,none,none,previous_plan_prior:previous_shift_all:2,317,True,False,False,previous_plan_prior:hold_all:3
0.0,0.0,0.0,NORMAL_BALANCED,0.0,previous_plan_prior:hold_all:3,1.06,0.8979479670524597,0.0,0.0,0.0,0.0,0.0,0.0,baseline_current_energy,0.0,1.0,7.5,False,1.0,canopy_dew_first_v1,none,none,previous_plan_prior:previous_shift_all:2,318,True,False,False,previous_plan_prior:hold_all:3
0.0,0.0,0.0,NORMAL_BALANCED,0.0,previous_plan_prior:hold_all:3,1.06,0.9263613224029541,0.0,0.0,0.0,0.0,0.0,0.0,baseline_current_energy,0.0,1.0,7.75,False,1.0,canopy_dew_first_v1,none,none,previous_plan_prior:previous_shift_all:2,319,True,False,False,previous_plan_prior:hold_all:3
0.0,0.0,0.0,NORMAL_BALANCED,0.0,previous_plan_prior:hold_all:3,1.06,0.4415725767612457,0.0,0.0,0.0,0.0,0.0,0.0,baseline_current_energy,0.0,1.0,8.25,False,1.0,canopy_dew_first_v1,none,none,previous_plan_prior:previous_shift_all:2,321,True,False,False,previous_plan_prior:hold_all:3
0.0,0.0,0.0,NORMAL_BALANCED,0.0,previous_plan_prior:hold_all:3,1.06,0.9287273287773132,0.0,0.0,0.0,0.0,0.0,0.0,baseline_current_energy,0.0,1.0,8.75,False,1.0,canopy_dew_first_v1,none,none,previous_plan_prior:previous_shift_all:2,323,True,False,False,previous_plan_prior:hold_all:3
0.0,0.0,0.0,NORMAL_BALANCED,0.0,previous_plan_prior:hold_all:3,1.06,0.9308574795722961,0.0,0.0,0.0,0.0,0.0,0.0,baseline_current_energy,0.0,1.0,9.0,False,1.0,canopy_dew_first_v1,none,none,previous_plan_prior:previous_shift_all:2,324,True,False,False,previous_plan_prior:hold_all:3
0.0,0.0,0.0,NORMAL_BALANCED,0.0,previous_plan_prior:hold_all:3,1.06,0.9322390556335449,0.0,0.0,0.0,0.0,0.0,0.0,baseline_current_energy,0.0,1.0,9.25,False,1.0,canopy_dew_first_v1,none,none,previous_plan_prior:previous_shift_all:2,325,True,False,False,previous_plan_prior:hold_all:3
0.0,0.0,0.06,NORMAL_BALANCED,0.06,conservative_prior:conservative_stabilize:5,1.061374999899417,0.11999999731779099,0.03795,0.039,-0.54,0.27,0.0,0.0,baseline_current_energy,0.0,1.0,9.75,True,1.0,canopy_dew_first_v1,dry_or_high_vpd,dry_or_high_vpd,previous_plan_prior:screen_dwell_hold:4,327,True,True,True,previous_plan_prior:screen_dwell_hold:4
0.0,0.0,0.06,NORMAL_BALANCED,0.06,conservative_prior:conservative_stabilize:5,1.0636250002682208,0.18000000715255737,0.03795,0.039,-0.54,0.3375,0.0,0.45999999999999996,baseline_current_energy,0.0,1.0,10.0,True,1.0,canopy_dew_first_v1,dry_vent,dry_vent+dry_or_high_vpd,previous_plan_prior:previous_shift_all:2,328,True,True,True,previous_plan_prior:previous_shift_all:2
0.0,0.0,0.06,NORMAL_BALANCED,0.06,conservative_prior:conservative_stabilize:5,1.0636250002682208,0.18000000715255737,0.03795,0.039,-0.54,0.3375,0.0,0.45999999999999996,baseline_current_energy,0.0,1.0,10.25,True,1.0,canopy_dew_first_v1,dry_vent,dry_vent+dry_or_high_vpd,previous_plan_prior:previous_shift_all:2,329,True,True,True,previous_plan_prior:previous_shift_all:2
0.0,0.0,0.06,NORMAL_BALANCED,0.06,conservative_prior:conservative_stabilize:5,1.0636250002682208,0.18000000715255737,0.03795,0.039,-0.54,0.3375,0.0,0.45999999999999996,baseline_current_energy,0.0,1.0,10.5,True,1.0,canopy_dew_first_v1,dry_vent,dry_vent+dry_or_high_vpd,previous_plan_prior:previous_shift_all:2,330,True,True,True,previous_plan_prior:previous_shift_all:2
0.0,0.0,0.06,NORMAL_BALANCED,0.06,conservative_prior:conservative_stabilize:5,1.0636250002682208,0.18000000715255737,0.03795,0.039,-0.54,0.3375,0.0,0.45999999999999996,baseline_current_energy,0.0,1.0,10.75,True,1.0,canopy_dew_first_v1,dry_vent,dry_vent+dry_or_high_vpd,previous_plan_prior:previous_shift_all:2,331,True,True,True,previous_plan_prior:previous_shift_all:2
0.0,0.0,0.06,NORMAL_BALANCED,0.06,conservative_prior:conservative_stabilize:5,1.0636250002682208,0.18000000715255737,0.03795,0.039,-0.54,0.3375,0.0,0.45999999999999996,baseline_current_energy,0.0,1.0,11.0,True,1.0,canopy_dew_first_v1,dry_vent,dry_vent+dry_or_high_vpd,previous_plan_prior:previous_shift_all:2,332,True,True,True,previous_plan_prior:previous_shift_all:2
0.0,0.0,0.06,NORMAL_BALANCED,0.06,conservative_prior:conservative_stabilize:5,1.0636250002682208,0.18000000715255737,0.03795,0.039,-0.54,0.3375,0.0,0.45999999999999996,baseline_current_energy,0.0,1.0,11.25,True,1.0,canopy_dew_first_v1,dry_vent,dry_vent+dry_or_high_vpd,previous_plan_prior:previous_shift_all:2,333,True,True,True,previous_plan_prior:previous_shift_all:2
0.0,0.0,0.06,NORMAL_BALANCED,0.06,conservative_prior:conservative_stabilize:5,1.0636250002682208,0.18000000715255737,0.03795,0.039,-0.54,0.3375,0.0,0.45999999999999996,baseline_current_energy,0.0,1.0,11.5,True,1.0,canopy_dew_first_v1,dry_vent,dry_vent+dry_or_high_vpd,previous_plan_prior:previous_shift_all:2,334,True,True,True,previous_plan_prior:previous_shift_all:2
0.0,0.0,0.06,NORMAL_BALANCED,0.06,conservative_prior:conservative_stabilize:5,1.0636250002682208,0.18000000715255737,0.03795,0.039,-0.54,0.3375,0.0,0.45999999999999996,baseline_current_energy,0.0,1.0,11.75,True,1.0,canopy_dew_first_v1,dry_vent,dry_vent+dry_or_high_vpd,previous_plan_prior:previous_shift_all:2,335,True,True,True,previous_plan_prior:previous_shift_all:2
0.0,0.0,0.06,NORMAL_BALANCED,0.06,conservative_prior:conservative_stabilize:5,1.0636250002682208,0.18000000715255737,0.03795,0.039,-0.54,0.3375,0.0,0.45999999999999996,baseline_current_energy,0.0,1.0,12.0,True,1.0,canopy_dew_first_v1,dry_vent,dry_vent+dry_or_high_vpd,previous_plan_prior:previous_shift_all:2,336,True,True,True,previous_plan_prior:previous_shift_all:2
0.0,0.0,0.06,NORMAL_BALANCED,0.06,conservative_prior:conservative_stabilize:5,1.061374999899417,0.11999999731779099,0.03795,0.039,-0.54,0.3375,0.0,0.0,baseline_current_energy,0.0,1.0,12.25,True,1.0,canopy_dew_first_v1,dry_or_high_vpd,dry_or_high_vpd,previous_plan_prior:previous_shift_all:2,337,True,True,True,previous_plan_prior:previous_shift_all:2
0.0,0.0,0.0,NORMAL_BALANCED,0.0,previous_plan_prior:hold_all:3,1.06,0.919098436832428,0.0,0.0,0.0,0.0,0.0,0.0,baseline_current_energy,0.0,1.0,12.75,False,1.0,canopy_dew_first_v1,none,none,previous_plan_prior:previous_shift_all:2,339,True,False,False,previous_plan_prior:hold_all:3
0.0,0.0,0.0,NORMAL_BALANCED,0.0,previous_plan_prior:hold_all:3,1.06,0.9211534261703491,0.0,0.0,0.0,0.0,0.0,0.0,baseline_current_energy,0.0,1.0,13.0,False,1.0,canopy_dew_first_v1,none,none,previous_plan_prior:previous_shift_all:2,340,True,False,False,previous_plan_prior:hold_all:3
0.0,0.0,0.0,NORMAL_BALANCED,0.0,previous_plan_prior:hold_all:3,1.06,0.8885442614555359,0.0,0.0,0.0,0.0,0.0,0.0,baseline_current_energy,0.0,1.0,13.25,False,1.0,canopy_dew_first_v1,none,none,previous_plan_prior:previous_shift_all:2,341,True,False,False,previous_plan_prior:hold_all:3
0.0,0.0,0.0,NORMAL_BALANCED,0.0,previous_plan_prior:hold_all:3,1.06,0.9069811105728149,0.0,0.0,0.0,0.0,0.0,0.0,baseline_current_energy,0.0,1.0,13.5,False,1.0,canopy_dew_first_v1,none,none,previous_plan_prior:previous_shift_all:2,342,True,False,False,previous_plan_prior:hold_all:3
0.0,0.0,0.0,NORMAL_BALANCED,0.0,previous_plan_prior:hold_all:3,1.06,0.9247981905937195,0.0,0.0,0.0,0.0,0.0,0.0,baseline_current_energy,0.0,1.0,13.75,False,1.0,canopy_dew_first_v1,none,none,previous_plan_prior:previous_shift_all:2,343,True,False,False,previous_plan_prior:hold_all:3
0.0,0.0,0.0,NORMAL_BALANCED,0.0,previous_plan_prior:hold_all:3,1.06,0.9242205023765564,0.0,0.0,0.0,0.0,0.0,0.0,baseline_current_energy,0.0,1.0,14.0,False,1.0,canopy_dew_first_v1,none,none,previous_plan_prior:previous_shift_all:2,344,True,False,False,previous_plan_prior:hold_all:3
0.0,0.0,0.0,NORMAL_BALANCED,0.0,previous_plan_prior:hold_all:3,1.06,0.923474133014679,0.0,0.0,0.0,0.0,0.0,0.0,baseline_current_energy,0.0,1.0,14.25,False,1.0,canopy_dew_first_v1,none,none,previous_plan_prior:previous_shift_all:2,345,True,False,False,previous_plan_prior:hold_all:3
0.0,0.0,0.0,NORMAL_BALANCED,0.0,previous_plan_prior:hold_all:3,1.06,0.9181510210037231,0.0,0.0,0.0,0.0,0.0,0.0,baseline_current_energy,0.0,1.0,14.5,False,1.0,canopy_dew_first_v1,none,none,previous_plan_prior:previous_shift_all:2,346,True,False,False,previous_plan_prior:hold_all:3
0.0,0.0,0.06,NORMAL_BALANCED,0.06,conservative_prior:conservative_stabilize:5,1.061374999899417,0.11999999731779099,0.03795,0.039,-0.54,0.27,0.0,0.0,baseline_current_energy,0.0,1.0,14.75,True,1.0,canopy_dew_first_v1,dry_or_high_vpd,dry_or_high_vpd,previous_plan_prior:screen_dwell_hold:4,347,True,True,True,previous_plan_prior:screen_dwell_hold:4
0.0,0.0,0.06,NORMAL_BALANCED,0.06,conservative_prior:conservative_stabilize:5,1.061374999899417,0.11999999731779099,0.03795,0.039,-0.54,0.27,0.0,0.0,baseline_current_energy,0.0,1.0,15.25,True,1.0,canopy_dew_first_v1,dry_or_high_vpd,dry_or_high_vpd,previous_plan_prior:screen_dwell_hold:4,349,True,True,True,previous_plan_prior:screen_dwell_hold:4
0.0,0.0,0.0,NORMAL_BALANCED,0.0,previous_plan_prior:screen_dwell_hold:4,1.06,0.11999999731779099,0.0,0.0,0.0,0.0,0.0,0.0,baseline_current_energy,0.0,1.0,15.75,True,1.0,canopy_dew_first_v1,dry_or_high_vpd,dry_or_high_vpd,previous_plan_prior:screen_dwell_hold:4,351,False,False,False,previous_plan_prior:screen_dwell_hold:4
0.0,0.0,0.0,NORMAL_BALANCED,0.0,previous_plan_prior:screen_dwell_hold:4,1.06,0.11999999731779099,0.0,0.0,0.0,0.0,0.0,0.0,baseline_current_energy,0.0,1.0,16.25,True,1.0,canopy_dew_first_v1,dry_or_high_vpd,dry_or_high_vpd,previous_plan_prior:screen_dwell_hold:4,353,False,False,False,previous_plan_prior:screen_dwell_hold:4
0.0,0.0,0.0,NORMAL_BALANCED,0.0,previous_plan_prior:hold_all:3,1.06,0.8462864756584167,0.0,0.0,0.0,0.0,0.0,0.0,baseline_current_energy,0.0,1.0,16.75,False,1.0,canopy_dew_first_v1,none,none,previous_plan_prior:previous_shift_all:2,355,True,False,False,previous_plan_prior:hold_all:3
0.0,0.0,0.0,NORMAL_BALANCED,0.0,previous_plan_prior:hold_all:3,1.06,0.79194575548172,0.0,0.0,0.0,0.0,0.0,0.0,baseline_current_energy,0.0,1.0,17.0,False,1.0,canopy_dew_first_v1,none,none,previous_plan_prior:previous_shift_all:2,356,True,False,False,previous_plan_prior:hold_all:3
0.0,0.0,0.0,NORMAL_BALANCED,0.0,previous_plan_prior:hold_all:3,1.06,0.7818983197212219,0.0,0.0,0.0,0.0,0.0,0.0,baseline_current_energy,0.0,1.0,17.25,False,1.0,canopy_dew_first_v1,none,none,previous_plan_prior:previous_shift_all:2,357,True,False,False,previous_plan_prior:hold_all:3
0.0,0.0,0.0,NORMAL_BALANCED,0.0,previous_plan_prior:hold_all:3,1.06,0.8766902089118958,0.0,0.0,0.0,0.0,0.0,0.0,baseline_current_energy,0.0,1.0,18.75,False,1.0,canopy_dew_first_v1,none,none,previous_plan_prior:previous_shift_all:2,363,True,False,False,previous_plan_prior:hold_all:3
0.0,0.0,0.0,NORMAL_BALANCED,0.0,previous_plan_prior:hold_all:3,1.06,0.9317722916603088,0.0,0.0,0.0,0.0,0.0,0.0,baseline_current_energy,0.0,1.0,19.0,False,1.0,canopy_dew_first_v1,none,none,previous_plan_prior:previous_shift_all:2,364,True,False,False,previous_plan_prior:hold_all:3
0.0,0.0,0.0,NORMAL_BALANCED,0.0,previous_plan_prior:hold_all:3,1.06,0.9463121891021729,0.0,0.0,0.0,0.0,0.0,0.0,baseline_current_energy,0.0,1.0,19.25,False,1.0,canopy_dew_first_v1,none,none,previous_plan_prior:previous_shift_all:2,365,True,False,False,previous_plan_prior:hold_all:3
0.0,0.0,0.0,NORMAL_BALANCED,0.0,previous_plan_prior:hold_all:3,1.06,0.9421538710594177,0.0,0.0,0.0,0.0,0.0,0.0,baseline_current_energy,0.0,1.0,19.5,False,1.0,canopy_dew_first_v1,none,none,previous_plan_prior:previous_shift_all:2,366,True,False,False,previous_plan_prior:hold_all:3
0.0,0.0,0.0,NORMAL_BALANCED,0.0,previous_plan_prior:hold_all:3,1.06,0.9724367260932922,0.0,0.0,0.0,0.0,0.0,0.0,baseline_current_energy,0.0,1.0,6.5,False,1.0,canopy_dew_first_v1,none,none,previous_plan_prior:previous_shift_all:2,410,True,False,False,previous_plan_prior:hold_all:3
0.0,0.0,0.0,NORMAL_BALANCED,0.0,previous_plan_prior:hold_all:3,1.06,1.0,0.0,0.0,0.0,0.0,0.0,0.0,baseline_current_energy,0.0,1.0,6.75,False,1.0,canopy_dew_first_v1,none,none,previous_plan_prior:previous_shift_all:2,411,True,False,False,previous_plan_prior:hold_all:3
0.0,0.0,0.0,NORMAL_BALANCED,0.0,previous_plan_prior:hold_all:3,1.06,0.9477556943893433,0.0,0.0,0.0,0.0,0.0,0.0,baseline_current_energy,0.0,1.0,7.0,False,1.0,canopy_dew_first_v1,none,none,previous_plan_prior:previous_shift_all:2,412,True,False,False,previous_plan_prior:hold_all:3
0.0,0.0,0.0,NORMAL_BALANCED,0.0,previous_plan_prior:hold_all:3,1.06,0.9411700367927551,0.0,0.0,0.0,0.0,0.0,0.0,baseline_current_energy,0.0,1.0,7.25,False,1.0,canopy_dew_first_v1,none,none,previous_plan_prior:previous_shift_all:2,413,True,False,False,previous_plan_prior:hold_all:3
0.0,0.0,0.0,NORMAL_BALANCED,0.0,previous_plan_prior:hold_all:3,1.06,0.9323041439056396,0.0,0.0,0.0,0.0,0.0,0.0,baseline_current_energy,0.0,1.0,7.5,False,1.0,canopy_dew_first_v1,none,none,previous_plan_prior:previous_shift_all:2,414,True,False,False,previous_plan_prior:hold_all:3
0.0,0.0,0.06,NORMAL_BALANCED,0.06,conservative_prior:conservative_stabilize:5,1.061374999899417,0.11999999731779099,0.03795,0.039,-0.54,0.27,0.0,0.0,baseline_current_energy,0.0,1.0,8.25,True,1.0,canopy_dew_first_v1,dry_or_high_vpd,dry_or_high_vpd,previous_plan_prior:screen_dwell_hold:4,417,True,True,True,previous_plan_prior:screen_dwell_hold:4
0.0,0.0,0.06,NORMAL_BALANCED,0.06,conservative_prior:conservative_stabilize:5,1.0636250002682208,0.18000000715255737,0.03795,0.039,-0.54,0.3375,0.0,0.45999999999999996,baseline_current_energy,0.0,1.0,8.5,True,1.0,canopy_dew_first_v1,dry_vent,dry_vent+dry_or_high_vpd,previous_plan_prior:previous_shift_all:2,418,True,True,True,previous_plan_prior:previous_shift_all:2
0.0,0.0,0.0,NORMAL_BALANCED,0.0,previous_plan_prior:hold_all:3,1.06,0.9442282915115356,0.0,0.0,0.0,0.0,0.0,0.0,baseline_current_energy,0.0,1.0,9.0,False,1.0,canopy_dew_first_v1,none,none,previous_plan_prior:previous_shift_all:2,420,True,False,False,previous_plan_prior:hold_all:3
0.0,0.0,0.0,NORMAL_BALANCED,0.0,previous_plan_prior:hold_all:3,1.06,0.9488937258720398,0.0,0.0,0.0,0.0,0.0,0.0,baseline_current_energy,0.0,1.0,9.25,False,1.0,canopy_dew_first_v1,none,none,previous_plan_prior:previous_shift_all:2,421,True,False,False,previous_plan_prior:hold_all:3
0.0,0.0,0.0,NORMAL_BALANCED,0.0,previous_plan_prior:hold_all:3,1.06,0.9095994234085083,0.0,0.0,0.0,0.0,0.0,0.0,baseline_current_energy,0.0,1.0,9.5,False,1.0,canopy_dew_first_v1,none,none,previous_plan_prior:previous_shift_all:2,422,True,False,False,previous_plan_prior:hold_all:3
0.0,0.0,0.0,NORMAL_BALANCED,0.0,previous_plan_prior:hold_all:3,1.06,0.88067227602005,0.0,0.0,0.0,0.0,0.0,0.0,baseline_current_energy,0.0,1.0,9.75,False,1.0,canopy_dew_first_v1,none,none,previous_plan_prior:previous_shift_all:2,423,True,False,False,previous_plan_prior:hold_all:3
0.0,0.0,0.0,NORMAL_BALANCED,0.0,previous_plan_prior:hold_all:3,1.06,0.8555768132209778,0.0,0.0,0.0,0.0,0.0,0.0,baseline_current_energy,0.0,1.0,10.0,False,1.0,canopy_dew_first_v1,none,none,previous_plan_prior:previous_shift_all:2,424,True,False,False,previous_plan_prior:hold_all:3
0.0,0.0,0.0,NORMAL_BALANCED,0.0,previous_plan_prior:hold_all:3,1.06,0.8344104886054993,0.0,0.0,0.0,0.0,0.0,0.0,baseline_current_energy,0.0,1.0,10.25,False,1.0,canopy_dew_first_v1,none,none,previous_plan_prior:previous_shift_all:2,425,True,False,False,previous_plan_prior:hold_all:3
0.0,0.0,0.0,NORMAL_BALANCED,0.0,previous_plan_prior:hold_all:3,1.06,0.8349441289901733,0.0,0.0,0.0,0.0,0.0,0.0,baseline_current_energy,0.0,1.0,10.5,False,1.0,canopy_dew_first_v1,none,none,previous_plan_prior:previous_shift_all:2,426,True,False,False,previous_plan_prior:hold_all:3
0.0,0.0,0.0,NORMAL_BALANCED,0.0,previous_plan_prior:hold_all:3,1.06,0.8379145264625549,0.0,0.0,0.0,0.0,0.0,0.0,baseline_current_energy,0.0,1.0,10.75,False,1.0,canopy_dew_first_v1,none,none,previous_plan_prior:previous_shift_all:2,427,True,False,False,previous_plan_prior:hold_all:3
0.0,0.0,0.0,NORMAL_BALANCED,0.0,previous_plan_prior:hold_all:3,1.06,0.8440862894058228,0.0,0.0,0.0,0.0,0.0,0.0,baseline_current_energy,0.0,1.0,11.0,False,1.0,canopy_dew_first_v1,none,none,previous_plan_prior:previous_shift_all:2,428,True,False,False,previous_plan_prior:hold_all:3
0.0,0.0,0.0,NORMAL_BALANCED,0.0,previous_plan_prior:hold_all:3,1.06,0.8533675670623779,0.0,0.0,0.0,0.0,0.0,0.0,baseline_current_energy,0.0,1.0,11.25,False,1.0,canopy_dew_first_v1,none,none,previous_plan_prior:previous_shift_all:2,429,True,False,False,previous_plan_prior:hold_all:3
0.0,0.0,0.0,NORMAL_BALANCED,0.0,previous_plan_prior:hold_all:3,1.06,0.8463623523712158,0.0,0.0,0.0,0.0,0.0,0.0,baseline_current_energy,0.0,1.0,11.5,False,1.0,canopy_dew_first_v1,none,none,previous_plan_prior:previous_shift_all:2,430,True,False,False,previous_plan_prior:hold_all:3
0.0,0.0,0.0,NORMAL_BALANCED,0.0,previous_plan_prior:hold_all:3,1.06,0.8401883840560913,0.0,0.0,0.0,0.0,0.0,0.0,baseline_current_energy,0.0,1.0,11.75,False,1.0,canopy_dew_first_v1,none,none,previous_plan_prior:previous_shift_all:2,431,True,False,False,previous_plan_prior:hold_all:3
0.0,0.0,0.0,NORMAL_BALANCED,0.0,previous_plan_prior:hold_all:3,1.06,0.8348044157028198,0.0,0.0,0.0,0.0,0.0,0.0,baseline_current_energy,0.0,1.0,12.0,False,1.0,canopy_dew_first_v1,none,none,previous_plan_prior:previous_shift_all:2,432,True,False,False,previous_plan_prior:hold_all:3
0.0,0.0,0.0,NORMAL_BALANCED,0.0,previous_plan_prior:hold_all:3,1.06,0.8306712508201599,0.0,0.0,0.0,0.0,0.0,0.0,baseline_current_energy,0.0,1.0,12.25,False,1.0,canopy_dew_first_v1,none,none,previous_plan_prior:previous_shift_all:2,433,True,False,False,previous_plan_prior:hold_all:3
0.0,0.0,0.0,NORMAL_BALANCED,0.0,previous_plan_prior:hold_all:3,1.06,0.8514735698699951,0.0,0.0,0.0,0.0,0.0,0.0,baseline_current_energy,0.0,1.0,12.5,False,1.0,canopy_dew_first_v1,none,none,previous_plan_prior:previous_shift_all:2,434,True,False,False,previous_plan_prior:hold_all:3
0.0,0.0,0.0,NORMAL_BALANCED,0.0,previous_plan_prior:hold_all:3,1.06,0.8734123110771179,0.0,0.0,0.0,0.0,0.0,0.0,baseline_current_energy,0.0,1.0,12.75,False,1.0,canopy_dew_first_v1,none,none,previous_plan_prior:previous_shift_all:2,435,True,False,False,previous_plan_prior:hold_all:3
0.0,0.0,0.0,NORMAL_BALANCED,0.0,previous_plan_prior:hold_all:3,1.06,0.898219108581543,0.0,0.0,0.0,0.0,0.0,0.0,baseline_current_energy,0.0,1.0,13.0,False,1.0,canopy_dew_first_v1,none,none,previous_plan_prior:previous_shift_all:2,436,True,False,False,previous_plan_prior:hold_all:3
0.0,0.0,0.0,NORMAL_BALANCED,0.0,previous_plan_prior:hold_all:3,1.06,0.9248541593551636,0.0,0.0,0.0,0.0,0.0,0.0,baseline_current_energy,0.0,1.0,13.25,False,1.0,canopy_dew_first_v1,none,none,previous_plan_prior:previous_shift_all:2,437,True,False,False,previous_plan_prior:hold_all:3
0.0,0.0,0.0,NORMAL_BALANCED,0.0,previous_plan_prior:hold_all:3,1.06,0.9215319156646729,0.0,0.0,0.0,0.0,0.0,0.0,baseline_current_energy,0.0,1.0,13.5,False,1.0,canopy_dew_first_v1,none,none,previous_plan_prior:previous_shift_all:2,438,True,False,False,previous_plan_prior:hold_all:3
0.0,0.0,0.0,NORMAL_BALANCED,0.0,previous_plan_prior:hold_all:3,1.06,0.9171983003616333,0.0,0.0,0.0,0.0,0.0,0.0,baseline_current_energy,0.0,1.0,13.75,False,1.0,canopy_dew_first_v1,none,none,previous_plan_prior:previous_shift_all:2,439,True,False,False,previous_plan_prior:hold_all:3
0.0,0.0,0.0,NORMAL_BALANCED,0.0,previous_plan_prior:hold_all:3,1.06,0.913181483745575,0.0,0.0,0.0,0.0,0.0,0.0,baseline_current_energy,0.0,1.0,14.0,False,1.0,canopy_dew_first_v1,none,none,previous_plan_prior:previous_shift_all:2,440,True,False,False,previous_plan_prior:hold_all:3
0.0,0.0,0.0,NORMAL_BALANCED,0.0,previous_plan_prior:hold_all:3,1.06,0.9098644852638245,0.0,0.0,0.0,0.0,0.0,0.0,baseline_current_energy,0.0,1.0,14.25,False,1.0,canopy_dew_first_v1,none,none,previous_plan_prior:previous_shift_all:2,441,True,False,False,previous_plan_prior:hold_all:3
0.0,0.0,0.0,NORMAL_BALANCED,0.0,previous_plan_prior:hold_all:3,1.06,0.9239664077758789,0.0,0.0,0.0,0.0,0.0,0.0,baseline_current_energy,0.0,1.0,14.5,False,1.0,canopy_dew_first_v1,none,none,previous_plan_prior:previous_shift_all:2,442,True,False,False,previous_plan_prior:hold_all:3
0.0,0.0,0.0,NORMAL_BALANCED,0.0,previous_plan_prior:hold_all:3,1.06,0.9371641278266907,0.0,0.0,0.0,0.0,0.0,0.0,baseline_current_energy,0.0,1.0,14.75,False,1.0,canopy_dew_first_v1,none,none,previous_plan_prior:previous_shift_all:2,443,True,False,False,previous_plan_prior:hold_all:3
0.0,0.0,0.0,NORMAL_BALANCED,0.0,previous_plan_prior:hold_all:3,1.06,0.9510915279388428,0.0,0.0,0.0,0.0,0.0,0.0,baseline_current_energy,0.0,1.0,15.0,False,1.0,canopy_dew_first_v1,none,none,previous_plan_prior:previous_shift_all:2,444,True,False,False,previous_plan_prior:hold_all:3
0.0,0.0,0.0,NORMAL_BALANCED,0.0,previous_plan_prior:hold_all:3,1.06,0.9648048877716064,0.0,0.0,0.0,0.0,0.0,0.0,baseline_current_energy,0.0,1.0,15.25,False,1.0,canopy_dew_first_v1,none,none,previous_plan_prior:previous_shift_all:2,445,True,False,False,previous_plan_prior:hold_all:3
0.0,0.0,0.0,NORMAL_BALANCED,0.0,previous_plan_prior:hold_all:3,1.06,0.9418101906776428,0.0,0.0,0.0,0.0,0.0,0.0,baseline_current_energy,0.0,1.0,15.5,False,1.0,canopy_dew_first_v1,none,none,previous_plan_prior:previous_shift_all:2,446,True,False,False,previous_plan_prior:hold_all:3
0.0,0.0,0.0,NORMAL_BALANCED,0.0,previous_plan_prior:hold_all:3,1.06,0.9200671911239624,0.0,0.0,0.0,0.0,0.0,0.0,baseline_current_energy,0.0,1.0,15.75,False,1.0,canopy_dew_first_v1,none,none,previous_plan_prior:previous_shift_all:2,447,True,False,False,previous_plan_prior:hold_all:3
0.0,0.0,0.0,NORMAL_BALANCED,0.0,previous_plan_prior:hold_all:3,1.06,0.8977408409118652,0.0,0.0,0.0,0.0,0.0,0.0,baseline_current_energy,0.0,1.0,16.0,False,1.0,canopy_dew_first_v1,none,none,previous_plan_prior:previous_shift_all:2,448,True,False,False,previous_plan_prior:hold_all:3
0.0,0.0,0.0,NORMAL_BALANCED,0.0,previous_plan_prior:hold_all:3,1.06,0.8745659589767456,0.0,0.0,0.0,0.0,0.0,0.0,baseline_current_energy,0.0,1.0,16.25,False,1.0,canopy_dew_first_v1,none,none,previous_plan_prior:previous_shift_all:2,449,True,False,False,previous_plan_prior:hold_all:3
0.0,0.0,0.0,NORMAL_BALANCED,0.0,previous_plan_prior:hold_all:3,1.06,0.8260814547538757,0.0,0.0,0.0,0.0,0.0,0.0,baseline_current_energy,0.0,1.0,16.5,False,1.0,canopy_dew_first_v1,none,none,previous_plan_prior:previous_shift_all:2,450,True,False,False,previous_plan_prior:hold_all:3
0.0,0.0,0.0,NORMAL_BALANCED,0.0,previous_plan_prior:hold_all:3,1.044000000357628,0.25,0.0,0.0,0.0,0.0,0.0,0.0,baseline_current_energy,0.0,0.9200000017881393,23.25,False,0.9200000017881393,canopy_dew_first_v1,none,none,previous_plan_prior:previous_shift_all:2,477,True,False,False,previous_plan_prior:hold_all:3
0.0,0.0,0.0,NORMAL_BALANCED,0.0,previous_plan_prior:hold_all:3,1.044000000357628,0.25,0.0,0.0,0.0,0.0,0.0,0.0,baseline_current_energy,0.0,0.9200000017881393,1.0,False,0.9200000017881393,canopy_dew_first_v1,none,none,previous_plan_prior:previous_shift_all:2,484,True,False,False,previous_plan_prior:hold_all:3
0.0,0.0,0.0,NORMAL_BALANCED,0.0,previous_plan_prior:hold_all:3,1.044000000357628,0.25,0.0,0.0,0.0,0.0,0.0,0.0,baseline_current_energy,0.0,0.9200000017881393,1.25,False,0.9200000017881393,canopy_dew_first_v1,none,none,previous_plan_prior:previous_shift_all:2,485,True,False,False,previous_plan_prior:hold_all:3
0.0,0.0,0.0,NORMAL_BALANCED,0.0,previous_plan_prior:hold_all:3,1.044000000357628,0.8406846523284912,0.0,0.0,0.0,0.0,0.0,0.0,baseline_current_energy,0.0,0.9200000017881393,6.25,False,0.9200000017881393,canopy_dew_first_v1,none,none,previous_plan_prior:previous_shift_all:2,505,True,False,False,previous_plan_prior:hold_all:3
0.0,0.0,0.0,NORMAL_BALANCED,0.0,previous_plan_prior:hold_all:3,1.06,0.9235985279083252,0.0,0.0,0.0,0.0,0.0,0.0,baseline_current_energy,0.0,1.0,6.75,False,1.0,canopy_dew_first_v1,none,none,previous_plan_prior:previous_shift_all:2,507,True,False,False,previous_plan_prior:hold_all:3
0.0,0.0,0.0,NORMAL_BALANCED,0.0,previous_plan_prior:hold_all:3,1.06,1.0,0.0,0.0,0.0,0.0,0.0,0.0,baseline_current_energy,0.0,1.0,7.0,False,1.0,canopy_dew_first_v1,none,none,previous_plan_prior:previous_shift_all:2,508,True,False,False,previous_plan_prior:hold_all:3
0.0,0.0,0.0,NORMAL_BALANCED,0.0,previous_plan_prior:hold_all:3,1.06,1.0,0.0,0.0,0.0,0.0,0.0,0.0,baseline_current_energy,0.0,1.0,7.25,False,1.0,canopy_dew_first_v1,none,none,previous_plan_prior:previous_shift_all:2,509,True,False,False,previous_plan_prior:hold_all:3
0.0,0.0,0.0,NORMAL_BALANCED,0.0,previous_plan_prior:hold_all:3,1.06,1.0,0.0,0.0,0.0,0.0,0.0,0.0,baseline_current_energy,0.0,1.0,7.5,False,1.0,canopy_dew_first_v1,none,none,previous_plan_prior:previous_shift_all:2,510,True,False,False,previous_plan_prior:hold_all:3
0.0,0.0,0.0,NORMAL_BALANCED,0.0,previous_plan_prior:hold_all:3,1.06,0.9446737170219421,0.0,0.0,0.0,0.0,0.0,0.0,baseline_current_energy,0.0,1.0,7.75,False,1.0,canopy_dew_first_v1,none,none,previous_plan_prior:previous_shift_all:2,511,True,False,False,previous_plan_prior:hold_all:3
0.0,0.0,0.0,NORMAL_BALANCED,0.0,previous_plan_prior:hold_all:3,1.06,0.938433051109314,0.0,0.0,0.0,0.0,0.0,0.0,baseline_current_energy,0.0,1.0,8.0,False,1.0,canopy_dew_first_v1,none,none,previous_plan_prior:previous_shift_all:2,512,True,False,False,previous_plan_prior:hold_all:3
0.0,0.0,0.0,NORMAL_BALANCED,0.0,previous_plan_prior:hold_all:3,1.06,0.9319400191307068,0.0,0.0,0.0,0.0,0.0,0.0,baseline_current_energy,0.0,1.0,8.25,False,1.0,canopy_dew_first_v1,none,none,previous_plan_prior:previous_shift_all:2,513,True,False,False,previous_plan_prior:hold_all:3
0.0,0.0,0.0,NORMAL_BALANCED,0.0,previous_plan_prior:hold_all:3,1.06,0.7673559188842773,0.0,0.0,0.0,0.0,0.0,0.0,baseline_current_energy,0.0,1.0,8.5,False,1.0,canopy_dew_first_v1,none,none,previous_plan_prior:previous_shift_all:2,514,True,False,False,previous_plan_prior:hold_all:3
0.0,0.0,0.06,NORMAL_BALANCED,0.06,conservative_prior:conservative_stabilize:5,1.061374999899417,0.11999999731779099,0.03795,0.039,-0.54,0.3375,0.0,0.0,baseline_current_energy,0.0,1.0,8.75,True,1.0,canopy_dew_first_v1,dry_or_high_vpd,dry_or_high_vpd,previous_plan_prior:screen_dwell_hold:4,515,True,True,True,previous_plan_prior:screen_dwell_hold:4
0.0,0.0,0.06,NORMAL_BALANCED,0.1,conservative_prior:conservative_stabilize:5,1.1036250002682209,0.18000000715255737,0.044550000000000006,0.04875,-0.675,0.3375,0.0,0.45999999999999996,baseline_current_energy,0.0,1.0,9.0,True,1.0,canopy_dew_first_v1,canopy_dew_lt0,dry_vent+canopy_dew_lt0+dew_or_humidity+dry_or_high_vpd,previous_plan_prior:previous_shift_all:2,516,True,True,True,previous_plan_prior:previous_shift_all:2
0.0,0.0,0.0,NORMAL_BALANCED,0.1,conservative_prior:conservative_stabilize:5,1.104,0.3499999940395355,0.0,0.0,0.0,0.0,0.0,0.0,baseline_current_energy,0.0,1.0,9.25,True,1.0,canopy_dew_first_v1,canopy_dew_lt0,canopy_dew_lt0+dew_or_humidity+dry_or_high_vpd,previous_plan_prior:screen_dwell_hold:4,517,True,True,True,previous_plan_prior:screen_dwell_hold:4
0.0,0.0,0.06,NORMAL_BALANCED,0.1,conservative_prior:conservative_stabilize:5,1.1036250002682209,0.18000000715255737,0.044550000000000006,0.04875,-0.675,0.3375,0.0,0.45999999999999996,baseline_current_energy,0.0,1.0,9.5,True,1.0,canopy_dew_first_v1,canopy_dew_lt0,dry_vent+canopy_dew_lt0+dew_or_humidity+dry_or_high_vpd,previous_plan_prior:previous_shift_all:2,518,True,True,True,previous_plan_prior:previous_shift_all:2
0.0,0.0,0.0,NORMAL_BALANCED,0.1,conservative_prior:conservative_stabilize:5,1.104,0.3499999940395355,0.0,0.0,0.0,0.0,0.0,0.0,baseline_current_energy,0.0,1.0,9.75,True,1.0,canopy_dew_first_v1,canopy_dew_lt0,canopy_dew_lt0+dew_or_humidity+dry_or_high_vpd,previous_plan_prior:previous_shift_all:2,519,True,True,True,previous_plan_prior:previous_shift_all:2
0.0,0.0,0.06,NORMAL_BALANCED,0.1,conservative_prior:conservative_stabilize:5,1.1036250002682209,0.18000000715255737,0.044550000000000006,0.04875,-0.675,0.3375,0.0,0.45999999999999996,baseline_current_energy,0.0,1.0,10.0,True,1.0,canopy_dew_first_v1,canopy_dew_lt0,dry_vent+canopy_dew_lt0+dew_or_humidity+dry_or_high_vpd,previous_plan_prior:previous_shift_all:2,520,True,True,True,previous_plan_prior:previous_shift_all:2
0.0,0.0,0.0,NORMAL_BALANCED,0.1,conservative_prior:conservative_stabilize:5,1.104,0.3499999940395355,0.0,0.0,0.0,0.0,0.0,0.0,baseline_current_energy,0.0,1.0,10.25,True,1.0,canopy_dew_first_v1,canopy_dew_lt0,canopy_dew_lt0+dew_or_humidity+dry_or_high_vpd,previous_plan_prior:previous_shift_all:2,521,True,True,True,previous_plan_prior:previous_shift_all:2
0.0,0.0,0.06,NORMAL_BALANCED,0.1,conservative_prior:conservative_stabilize:5,1.1036250002682209,0.18000000715255737,0.044550000000000006,0.04875,-0.675,0.3375,0.0,0.45999999999999996,baseline_current_energy,0.0,1.0,10.5,True,1.0,canopy_dew_first_v1,canopy_dew_lt0,dry_vent+canopy_dew_lt0+dew_or_humidity+dry_or_high_vpd,previous_plan_prior:previous_shift_all:2,522,True,True,True,previous_plan_prior:previous_shift_all:2
0.0,0.0,0.0,NORMAL_BALANCED,0.1,conservative_prior:conservative_stabilize:5,1.104,0.3499999940395355,0.0,0.0,0.0,0.0,0.0,0.0,baseline_current_energy,0.0,1.0,10.75,True,1.0,canopy_dew_first_v1,canopy_dew_lt0,canopy_dew_lt0+dew_or_humidity+dry_or_high_vpd,previous_plan_prior:previous_shift_all:2,523,True,True,True,previous_plan_prior:previous_shift_all:2
0.0,0.0,0.0,NORMAL_BALANCED,0.1,conservative_prior:conservative_stabilize:5,1.104,0.3499999940395355,0.0,0.0,0.0,0.0,0.0,0.0,baseline_current_energy,0.0,1.0,11.0,True,1.0,canopy_dew_first_v1,canopy_dew_lt0,canopy_dew_lt0+dew_or_humidity+dry_or_high_vpd,previous_plan_prior:previous_shift_all:2,524,True,True,True,previous_plan_prior:previous_shift_all:2
0.0,0.0,0.0,NORMAL_BALANCED,0.1,conservative_prior:conservative_stabilize:5,1.104,0.3499999940395355,0.0,0.0,0.0,0.0,0.0,0.0,baseline_current_energy,0.0,1.0,11.25,True,1.0,canopy_dew_first_v1,canopy_dew_lt0,canopy_dew_lt0+dew_or_humidity+dry_or_high_vpd,previous_plan_prior:previous_shift_all:2,525,True,True,True,previous_plan_prior:previous_shift_all:2
0.0,0.0,0.0,NORMAL_BALANCED,0.1,conservative_prior:conservative_stabilize:5,1.104,0.3499999940395355,0.0,0.0,0.0,0.0,0.0,0.0,baseline_current_energy,0.0,1.0,11.5,True,1.0,canopy_dew_first_v1,canopy_dew_lt0,canopy_dew_lt0+dew_or_humidity+dry_or_high_vpd,previous_plan_prior:previous_shift_all:2,526,True,True,True,previous_plan_prior:previous_shift_all:2
0.0,0.0,0.0,NORMAL_BALANCED,0.1,conservative_prior:conservative_stabilize:5,1.104,0.3499999940395355,0.0,0.0,0.0,0.0,0.0,0.0,baseline_current_energy,0.0,1.0,11.75,True,1.0,canopy_dew_first_v1,canopy_dew_lt1,canopy_dew_lt1+dew_or_humidity+dry_or_high_vpd,previous_plan_prior:previous_shift_all:2,527,True,True,True,previous_plan_prior:previous_shift_all:2
0.0,0.0,0.0,NORMAL_BALANCED,0.1,conservative_prior:conservative_stabilize:5,1.104,0.30000001192092896,0.0,0.0,0.0,0.0,0.0,0.0,baseline_current_energy,0.0,1.0,12.0,True,1.0,canopy_dew_first_v1,canopy_dew_lt1,canopy_dew_lt1+dew_or_humidity+dry_or_high_vpd,previous_plan_prior:previous_shift_all:2,528,True,True,True,previous_plan_prior:previous_shift_all:2
0.0,0.0,0.0,NORMAL_BALANCED,0.1,conservative_prior:conservative_stabilize:5,1.104,0.3499999940395355,0.0,0.0,0.0,0.0,0.0,0.0,baseline_current_energy,0.0,1.0,12.25,True,1.0,canopy_dew_first_v1,canopy_dew_lt1,canopy_dew_lt1+dew_or_humidity+dry_or_high_vpd,previous_plan_prior:previous_shift_all:2,529,True,True,True,previous_plan_prior:previous_shift_all:2
0.0,0.0,0.06,NORMAL_BALANCED,0.06,conservative_prior:conservative_stabilize:5,1.0636250002682208,0.18000000715255737,0.03795,0.039,-0.54,0.3375,0.0,0.45999999999999996,baseline_current_energy,0.0,1.0,12.5,True,1.0,canopy_dew_first_v1,dry_vent,dry_vent+dry_or_high_vpd,previous_plan_prior:previous_shift_all:2,530,True,True,True,previous_plan_prior:previous_shift_all:2
0.0,0.0,0.0,NORMAL_BALANCED,0.1,conservative_prior:conservative_stabilize:5,1.104,0.3499999940395355,0.0,0.0,0.0,0.0,0.0,0.0,baseline_current_energy,0.0,1.0,12.75,True,1.0,canopy_dew_first_v1,canopy_dew_lt0,canopy_dew_lt0+dew_or_humidity+dry_or_high_vpd,previous_plan_prior:previous_shift_all:2,531,True,True,True,previous_plan_prior:previous_shift_all:2
0.0,0.0,0.06,NORMAL_BALANCED,0.06,conservative_prior:conservative_stabilize:5,1.0636250002682208,0.18000000715255737,0.03795,0.039,-0.54,0.3375,0.0,0.45999999999999996,baseline_current_energy,0.0,1.0,13.0,True,1.0,canopy_dew_first_v1,dry_vent,dry_vent+dry_or_high_vpd,previous_plan_prior:previous_shift_all:2,532,True,True,True,previous_plan_prior:previous_shift_all:2
0.0,0.0,0.06,NORMAL_BALANCED,0.1,conservative_prior:conservative_stabilize:5,1.1036250002682209,0.18000000715255737,0.03795,0.04875,-0.675,0.3375,0.0,0.45999999999999996,baseline_current_energy,0.0,1.0,13.25,True,1.0,canopy_dew_first_v1,canopy_dew_lt1,dry_vent+canopy_dew_lt1+dew_or_humidity+dry_or_high_vpd,previous_plan_prior:previous_shift_all:2,533,True,True,True,previous_plan_prior:previous_shift_all:2
0.0,0.0,0.06,NORMAL_BALANCED,0.1,conservative_prior:conservative_stabilize:5,1.1036250002682209,0.18000000715255737,0.03795,0.04875,-0.675,0.3375,0.0,0.45999999999999996,baseline_current_energy,0.0,1.0,13.5,True,1.0,canopy_dew_first_v1,canopy_dew_lt1,dry_vent+canopy_dew_lt1+dew_or_humidity+dry_or_high_vpd,previous_plan_prior:previous_shift_all:2,534,True,True,True,previous_plan_prior:previous_shift_all:2
0.0,0.0,0.06,NORMAL_BALANCED,0.1,conservative_prior:conservative_stabilize:5,1.1036250002682209,0.18000000715255737,0.03795,0.04875,-0.675,0.3375,0.0,0.45999999999999996,baseline_current_energy,0.0,1.0,13.75,True,1.0,canopy_dew_first_v1,canopy_dew_lt1,dry_vent+canopy_dew_lt1+dew_or_humidity+dry_or_high_vpd,previous_plan_prior:previous_shift_all:2,535,True,True,True,previous_plan_prior:previous_shift_all:2
0.0,0.0,0.06,NORMAL_BALANCED,0.1,conservative_prior:conservative_stabilize:5,1.1036250002682209,0.18000000715255737,0.03795,0.04875,-0.675,0.3375,0.0,0.45999999999999996,baseline_current_energy,0.0,1.0,14.0,True,1.0,canopy_dew_first_v1,canopy_dew_lt1,dry_vent+canopy_dew_lt1+dew_or_humidity+dry_or_high_vpd,previous_plan_prior:previous_shift_all:2,536,True,True,True,previous_plan_prior:previous_shift_all:2
0.0,0.0,0.06,NORMAL_BALANCED,0.06,conservative_prior:conservative_stabilize:5,1.0636250002682208,0.18000000715255737,0.03795,0.039,-0.54,0.3375,0.0,0.45999999999999996,baseline_current_energy,0.0,1.0,14.25,True,1.0,canopy_dew_first_v1,dry_vent,dry_vent+dry_or_high_vpd,previous_plan_prior:previous_shift_all:2,537,True,True,True,previous_plan_prior:previous_shift_all:2
0.0,0.0,0.06,NORMAL_BALANCED,0.06,conservative_prior:conservative_stabilize:5,1.0636250002682208,0.18000000715255737,0.03795,0.039,-0.54,0.3375,0.0,0.45999999999999996,baseline_current_energy,0.0,1.0,14.5,True,1.0,canopy_dew_first_v1,dry_vent,dry_vent+dry_or_high_vpd,previous_plan_prior:previous_shift_all:2,538,True,True,True,previous_plan_prior:previous_shift_all:2
0.0,0.0,0.06,NORMAL_BALANCED,0.06,conservative_prior:conservative_stabilize:5,1.0636250002682208,0.18000000715255737,0.03795,0.039,-0.54,0.3375,0.0,0.45999999999999996,baseline_current_energy,0.0,1.0,14.75,True,1.0,canopy_dew_first_v1,dry_vent,dry_vent+dry_or_high_vpd,previous_plan_prior:previous_shift_all:2,539,True,True,True,previous_plan_prior:previous_shift_all:2
0.0,0.0,0.06,NORMAL_BALANCED,0.06,conservative_prior:conservative_stabilize:5,1.0636250002682208,0.18000000715255737,0.03795,0.039,-0.54,0.3375,0.0,0.45999999999999996,baseline_current_energy,0.0,1.0,15.0,True,1.0,canopy_dew_first_v1,dry_vent,dry_vent+dry_or_high_vpd,previous_plan_prior:previous_shift_all:2,540,True,True,True,previous_plan_prior:previous_shift_all:2
0.0,0.0,0.0,NORMAL_BALANCED,0.0,previous_plan_prior:hold_all:3,1.06,0.937416672706604,0.0,0.0,0.0,0.0,0.0,0.0,baseline_current_energy,0.0,1.0,15.5,False,1.0,canopy_dew_first_v1,none,none,previous_plan_prior:previous_shift_all:2,542,True,False,False,previous_plan_prior:hold_all:3
0.0,0.0,0.0,NORMAL_BALANCED,0.0,previous_plan_prior:hold_all:3,1.06,0.9411085247993469,0.0,0.0,0.0,0.0,0.0,0.0,baseline_current_energy,0.0,1.0,15.75,False,1.0,canopy_dew_first_v1,none,none,previous_plan_prior:previous_shift_all:2,543,True,False,False,previous_plan_prior:hold_all:3
0.0,0.0,0.0,NORMAL_BALANCED,0.0,previous_plan_prior:hold_all:3,1.06,0.945476233959198,0.0,0.0,0.0,0.0,0.0,0.0,baseline_current_energy,0.0,1.0,16.0,False,1.0,canopy_dew_first_v1,none,none,previous_plan_prior:previous_shift_all:2,544,True,False,False,previous_plan_prior:hold_all:3
0.0,0.0,0.0,NORMAL_BALANCED,0.0,previous_plan_prior:hold_all:3,1.06,1.0,0.0,0.0,0.0,0.0,0.0,0.0,baseline_current_energy,0.0,1.0,16.25,False,1.0,canopy_dew_first_v1,none,none,previous_plan_prior:previous_shift_all:2,545,True,False,False,previous_plan_prior:hold_all:3
0.0,0.0,0.0,NORMAL_BALANCED,0.0,previous_plan_prior:hold_all:3,1.06,1.0,0.0,0.0,0.0,0.0,0.0,0.0,baseline_current_energy,0.0,1.0,16.5,False,1.0,canopy_dew_first_v1,none,none,previous_plan_prior:previous_shift_all:2,546,True,False,False,previous_plan_prior:hold_all:3
0.0,0.0,0.0,NORMAL_BALANCED,0.0,previous_plan_prior:hold_all:3,1.06,0.981518030166626,0.0,0.0,0.0,0.0,0.0,0.0,baseline_current_energy,0.0,1.0,16.75,False,1.0,canopy_dew_first_v1,none,none,previous_plan_prior:previous_shift_all:2,547,True,False,False,previous_plan_prior:hold_all:3
0.0,0.0,0.0,NORMAL_BALANCED,0.0,previous_plan_prior:hold_all:3,1.06,0.9247728586196899,0.0,0.0,0.0,0.0,0.0,0.0,baseline_current_energy,0.0,1.0,17.0,False,1.0,canopy_dew_first_v1,none,none,previous_plan_prior:previous_shift_all:2,548,True,False,False,previous_plan_prior:hold_all:3
0.0,0.0,0.0,NORMAL_BALANCED,0.0,previous_plan_prior:hold_all:3,1.06,0.8724656105041504,0.0,0.0,0.0,0.0,0.0,0.0,baseline_current_energy,0.0,1.0,17.25,False,1.0,canopy_dew_first_v1,none,none,previous_plan_prior:previous_shift_all:2,549,True,False,False,previous_plan_prior:hold_all:3
0.0,0.0,0.0,NORMAL_BALANCED,0.0,previous_plan_prior:hold_all:3,1.06,0.8519118428230286,0.0,0.0,0.0,0.0,0.0,0.0,baseline_current_energy,0.0,1.0,17.5,False,1.0,canopy_dew_first_v1,none,none,previous_plan_prior:previous_shift_all:2,550,True,False,False,previous_plan_prior:hold_all:3
0.0,0.0,0.0,NORMAL_BALANCED,0.0,previous_plan_prior:hold_all:3,1.06,0.8301988840103149,0.0,0.0,0.0,0.0,0.0,0.0,baseline_current_energy,0.0,1.0,17.75,False,1.0,canopy_dew_first_v1,none,none,previous_plan_prior:previous_shift_all:2,551,True,False,False,previous_plan_prior:hold_all:3
0.0,0.0,0.0,NORMAL_BALANCED,0.0,previous_plan_prior:hold_all:3,1.06,0.8088257312774658,0.0,0.0,0.0,0.0,0.0,0.0,baseline_current_energy,0.0,1.0,18.0,False,1.0,canopy_dew_first_v1,none,none,previous_plan_prior:previous_shift_all:2,552,True,False,False,previous_plan_prior:hold_all:3
0.0,0.0,0.0,NORMAL_BALANCED,0.0,previous_plan_prior:hold_all:3,1.06,0.9204505681991577,0.0,0.0,0.0,0.0,0.0,0.0,baseline_current_energy,0.0,1.0,18.5,False,1.0,canopy_dew_first_v1,none,none,previous_plan_prior:previous_shift_all:2,554,True,False,False,previous_plan_prior:hold_all:3
0.0,0.0,0.0,NORMAL_BALANCED,0.0,previous_plan_prior:hold_all:3,1.06,0.9126839637756348,0.0,0.0,0.0,0.0,0.0,0.0,baseline_current_energy,0.0,1.0,19.5,False,1.0,canopy_dew_first_v1,none,none,previous_plan_prior:previous_shift_all:2,558,True,False,False,previous_plan_prior:hold_all:3
0.0,0.0,0.0,NORMAL_BALANCED,0.0,previous_plan_prior:hold_all:3,1.06,0.9524976015090942,0.0,0.0,0.0,0.0,0.0,0.0,baseline_current_energy,0.0,1.0,19.75,False,1.0,canopy_dew_first_v1,none,none,previous_plan_prior:previous_shift_all:2,559,True,False,False,previous_plan_prior:hold_all:3
0.0,0.0,0.0,NORMAL_BALANCED,0.0,previous_plan_prior:hold_all:3,1.06,0.8723281025886536,0.0,0.0,0.0,0.0,0.0,0.0,baseline_current_energy,0.0,1.0,21.5,False,1.0,canopy_dew_first_v1,none,none,previous_plan_prior:previous_shift_all:2,566,True,False,False,previous_plan_prior:hold_all:3
0.0,0.0,0.0,NORMAL_BALANCED,0.0,previous_plan_prior:hold_all:3,1.06,0.8876261711120605,0.0,0.0,0.0,0.0,0.0,0.0,baseline_current_energy,0.0,1.0,21.75,False,1.0,canopy_dew_first_v1,none,none,previous_plan_prior:previous_shift_all:2,567,True,False,False,previous_plan_prior:hold_all:3
0.0,0.0,0.0,NORMAL_BALANCED,0.0,previous_plan_prior:hold_all:3,1.06,0.8679190874099731,0.0,0.0,0.0,0.0,0.0,0.0,baseline_current_energy,0.0,1.0,2.25,False,1.0,canopy_dew_first_v1,none,none,previous_plan_prior:previous_shift_all:2,585,True,False,False,previous_plan_prior:hold_all:3
0.0,0.0,0.0,NORMAL_BALANCED,0.0,previous_plan_prior:hold_all:3,1.06,0.9003762006759644,0.0,0.0,0.0,0.0,0.0,0.0,baseline_current_energy,0.0,1.0,2.5,False,1.0,canopy_dew_first_v1,none,none,previous_plan_prior:previous_shift_all:2,586,True,False,False,previous_plan_prior:hold_all:3
0.0,0.0,-1.1920928910669204e-08,NORMAL_BALANCED,0.08,conservative_prior:conservative_stabilize:5,1.0307500010728836,0.550000011920929,-3.427267061817396e-09,-2.384185782133841e-09,2.980232227667301e-08,-0.030000041723251186,0.0,0.0,baseline_current_energy,0.0,0.760000005364418,8.75,True,0.760000005364418,canopy_dew_first_v1,dew_or_humidity,dew_or_humidity,previous_plan_prior:previous_shift_all:2,611,True,True,True,previous_plan_prior:previous_shift_all:2
0.0,0.0,-1.1920928910669204e-08,NORMAL_BALANCED,0.08,conservative_prior:conservative_stabilize:5,1.0307500010728836,0.550000011920929,-3.427267061817396e-09,-2.384185782133841e-09,2.980232227667301e-08,-0.030000041723251186,0.0,0.0,baseline_current_energy,0.0,0.760000005364418,9.0,True,0.760000005364418,canopy_dew_first_v1,dew_or_humidity,dew_or_humidity,previous_plan_prior:previous_shift_all:2,612,True,True,True,previous_plan_prior:previous_shift_all:2
0.0,0.0,-1.1920928910669204e-08,NORMAL_BALANCED,0.08,conservative_prior:conservative_stabilize:5,1.0307500010728836,0.550000011920929,-3.427267061817396e-09,-2.384185782133841e-09,2.980232227667301e-08,-0.030000041723251186,0.0,0.0,baseline_current_energy,0.0,0.760000005364418,9.25,True,0.760000005364418,canopy_dew_first_v1,dew_or_humidity,dew_or_humidity,previous_plan_prior:previous_shift_all:2,613,True,True,True,previous_plan_prior:previous_shift_all:2
0.0,0.0,-1.1920928910669204e-08,NORMAL_BALANCED,0.08,conservative_prior:conservative_stabilize:5,1.0307500010728836,0.550000011920929,-3.427267061817396e-09,-2.384185782133841e-09,2.980232227667301e-08,-0.030000041723251186,0.0,0.0,baseline_current_energy,0.0,0.760000005364418,9.5,True,0.760000005364418,canopy_dew_first_v1,dew_or_humidity,dew_or_humidity,previous_plan_prior:previous_shift_all:2,614,True,True,True,previous_plan_prior:previous_shift_all:2
0.0,0.0,-1.1920928910669204e-08,NORMAL_BALANCED,0.08,conservative_prior:conservative_stabilize:5,1.0467500007152557,0.550000011920929,-3.427267061817396e-09,-2.384185782133841e-09,2.980232227667301e-08,-0.030000041723251186,0.0,0.0,baseline_current_energy,0.0,0.8400000035762787,9.75,True,0.8400000035762787,canopy_dew_first_v1,dew_or_humidity,dew_or_humidity,previous_plan_prior:previous_shift_all:2,615,True,True,True,previous_plan_prior:previous_shift_all:2
0.0,0.0,-1.1920928910669204e-08,NORMAL_BALANCED,0.08,conservative_prior:conservative_stabilize:5,1.0467500007152557,0.550000011920929,-3.427267061817396e-09,-2.384185782133841e-09,2.980232227667301e-08,-0.030000041723251186,0.0,0.0,baseline_current_energy,0.0,0.8400000035762787,10.0,True,0.8400000035762787,canopy_dew_first_v1,dew_or_humidity,dew_or_humidity,previous_plan_prior:previous_shift_all:2,616,True,True,True,previous_plan_prior:previous_shift_all:2
0.0,0.0,0.0,NORMAL_BALANCED,0.0,previous_plan_prior:hold_all:3,1.0280000007152559,0.550000011920929,0.0,0.0,0.0,0.0,0.0,0.0,baseline_current_energy,0.0,0.8400000035762787,10.25,False,0.8400000035762787,canopy_dew_first_v1,none,none,previous_plan_prior:previous_shift_all:2,617,True,False,False,previous_plan_prior:hold_all:3
0.0,0.0,0.0,NORMAL_BALANCED,0.0,previous_plan_prior:hold_all:3,1.044000000357628,0.30000001192092896,0.0,0.0,0.0,0.0,0.0,0.0,baseline_current_energy,0.0,0.9200000017881393,10.75,False,0.9200000017881393,canopy_dew_first_v1,none,none,previous_plan_prior:previous_shift_all:2,619,True,False,False,previous_plan_prior:hold_all:3
0.0,0.0,0.0,NORMAL_BALANCED,0.0,previous_plan_prior:hold_all:3,1.06,0.30000001192092896,0.0,0.0,0.0,0.0,0.0,0.0,baseline_current_energy,0.0,1.0,11.25,False,1.0,canopy_dew_first_v1,none,none,previous_plan_prior:previous_shift_all:2,621,True,False,False,previous_plan_prior:hold_all:3
0.0,0.0,0.0,NORMAL_BALANCED,0.0,previous_plan_prior:hold_all:3,1.06,0.30000001192092896,0.0,0.0,0.0,0.0,0.0,0.0,baseline_current_energy,0.0,1.0,11.5,False,1.0,canopy_dew_first_v1,none,none,previous_plan_prior:previous_shift_all:2,622,True,False,False,previous_plan_prior:hold_all:3
0.0,0.0,0.0,NORMAL_BALANCED,0.1,conservative_prior:conservative_stabilize:5,1.0987500000000001,0.30000001192092896,0.0,0.0,0.0,-0.03,0.0,0.0,baseline_current_energy,0.0,1.0,11.75,True,1.0,canopy_dew_first_v1,canopy_dew_lt1,canopy_dew_lt1+dew_or_humidity,previous_plan_prior:previous_shift_all:2,623,True,True,True,previous_plan_prior:previous_shift_all:2
0.0,0.0,0.0,NORMAL_BALANCED,0.1,conservative_prior:conservative_stabilize:5,1.0987500000000001,0.30000001192092896,0.0,0.0,0.0,-0.03,0.0,0.0,baseline_current_energy,0.0,1.0,12.0,True,1.0,canopy_dew_first_v1,canopy_dew_lt1,canopy_dew_lt1+dew_or_humidity,previous_plan_prior:previous_shift_all:2,624,True,True,True,previous_plan_prior:previous_shift_all:2
0.0,0.0,-1.1920928910669204e-08,NORMAL_BALANCED,0.1,conservative_prior:conservative_stabilize:5,1.0667500007152557,0.550000011920929,-3.427267061817396e-09,-2.9802322276673014e-09,2.980232227667301e-08,-0.030000041723251186,0.0,0.0,baseline_current_energy,0.0,0.8400000035762787,12.25,True,0.8400000035762787,canopy_dew_first_v1,canopy_dew_lt1,canopy_dew_lt1+dew_or_humidity,previous_plan_prior:previous_shift_all:2,625,True,True,True,previous_plan_prior:previous_shift_all:2
0.0,0.0,0.0,NORMAL_BALANCED,0.1,conservative_prior:conservative_stabilize:5,1.0987500000000001,0.30000001192092896,0.0,0.0,0.0,-0.03,0.0,0.0,baseline_current_energy,0.0,1.0,12.5,True,1.0,canopy_dew_first_v1,canopy_dew_lt1,canopy_dew_lt1+dew_or_humidity,previous_plan_prior:previous_shift_all:2,626,True,True,True,previous_plan_prior:previous_shift_all:2
-0.2,6.01583449721943e-09,-0.17999997735023499,NORMAL_BALANCED,0.0,previous_plan_prior:previous_shift_all:2,1.057833333623906,0.47999998927116394,-0.051749997293207874,-0.044999997345476,0.44999997345475995,-0.629999926741657,0.0,0.0,baseline_current_energy,0.0,0.9966666671137016,12.75,True,0.9966666671137016,canopy_dew_first_v1,canopy_dew_lt1,canopy_dew_lt1+dew_or_humidity,previous_plan_prior:previous_shift_all:2,627,False,False,False,previous_plan_prior:previous_shift_all:2
-0.2,6.01583449721943e-09,-0.17999997735023499,NORMAL_BALANCED,0.0,previous_plan_prior:previous_shift_all:2,1.057833333623906,0.47999998927116394,-0.051749997293207874,-0.044999997345476,0.44999997345475995,-0.629999926741657,0.0,0.0,baseline_current_energy,0.0,0.9966666671137016,13.0,True,0.9966666671137016,canopy_dew_first_v1,canopy_dew_lt1,canopy_dew_lt1+dew_or_humidity,previous_plan_prior:previous_shift_all:2,628,False,False,False,previous_plan_prior:previous_shift_all:2
-0.2,6.01583449721943e-09,-0.17999997735023499,NORMAL_BALANCED,0.0,previous_plan_prior:previous_shift_all:2,1.057833333623906,0.47999998927116394,-0.051749997293207874,-0.044999997345476,0.44999997345475995,-0.629999926741657,0.0,0.0,baseline_current_energy,0.0,0.9966666671137016,13.25,True,0.9966666671137016,canopy_dew_first_v1,canopy_dew_lt1,canopy_dew_lt1+dew_or_humidity,previous_plan_prior:previous_shift_all:2,629,False,False,False,previous_plan_prior:previous_shift_all:2
-0.2,6.01583449721943e-09,-0.17999997735023499,NORMAL_BALANCED,0.0,previous_plan_prior:previous_shift_all:2,1.057833333623906,0.47999998927116394,-0.051749997293207874,-0.044999997345476,0.44999997345475995,-0.629999926741657,0.0,0.0,baseline_current_energy,0.0,0.9966666671137016,13.5,True,0.9966666671137016,canopy_dew_first_v1,canopy_dew_lt1,canopy_dew_lt1+dew_or_humidity,previous_plan_prior:previous_shift_all:2,630,False,False,False,previous_plan_prior:previous_shift_all:2
-0.2,6.01583449721943e-09,-0.17999997735023499,NORMAL_BALANCED,0.0,previous_plan_prior:previous_shift_all:2,1.057833333623906,0.47999998927116394,-0.051749997293207874,-0.044999997345476,0.44999997345475995,-0.629999926741657,0.0,0.0,baseline_current_energy,0.0,0.9966666671137016,13.75,True,0.9966666671137016,canopy_dew_first_v1,canopy_dew_lt1,canopy_dew_lt1+dew_or_humidity,previous_plan_prior:previous_shift_all:2,631,False,False,False,previous_plan_prior:previous_shift_all:2
-0.2,-1.828909330647832e-07,-0.17999997735023499,NORMAL_BALANCED,0.0,previous_plan_prior:previous_shift_all:2,1.057833333623906,0.47999998927116394,-0.06074990593973843,-0.04499992575345885,0.44999925753458847,-0.6299999207258224,0.0,0.0,baseline_current_energy,0.0,0.9966666671137016,14.0,True,0.9966666671137016,canopy_dew_first_v1,canopy_dew_lt0,canopy_dew_lt0+dew_or_humidity,previous_plan_prior:previous_shift_all:2,632,False,False,False,previous_plan_prior:previous_shift_all:2
-0.2,-1.507170179770867e-07,-0.2,HUMIDITY_EXCESS_DISEASE_RISK,0.0,previous_plan_prior:previous_shift_all:2,1.055958333623906,0.550000011920929,-0.06749992878620902,-0.04999994348111826,0.4999994348111826,-0.7000000000000001,0.0,0.0,baseline_current_energy,0.0,0.9966666671137016,14.25,True,0.9966666671137016,canopy_dew_first_v1,canopy_dew_lt0,canopy_dew_lt0+dew_or_humidity,previous_plan_prior:previous_shift_all:2,633,False,False,False,previous_plan_prior:previous_shift_all:2
-0.2,-1.2434657437054852e-07,-0.2,HUMIDITY_EXCESS_DISEASE_RISK,0.0,previous_plan_prior:previous_shift_all:2,1.055958333623906,0.550000011920929,-0.06749994124624362,-0.049999953370034614,0.4999995337003461,-0.7000000000000001,0.0,0.0,baseline_current_energy,0.0,0.9966666671137016,14.5,True,0.9966666671137016,canopy_dew_first_v1,canopy_dew_lt0,canopy_dew_lt0+dew_or_humidity,previous_plan_prior:previous_shift_all:2,634,False,False,False,previous_plan_prior:previous_shift_all:2
-0.2,-1.0241298697977186e-07,-0.2,HUMIDITY_EXCESS_DISEASE_RISK,0.0,previous_plan_prior:previous_shift_all:2,1.055958333623906,0.550000011920929,-0.06749995160986366,-0.04999996159512989,0.4999996159512988,-0.7000000000000001,0.0,0.0,baseline_current_energy,0.0,0.9966666671137016,14.75,True,0.9966666671137016,canopy_dew_first_v1,canopy_dew_lt0,canopy_dew_lt0+dew_or_humidity,previous_plan_prior:previous_shift_all:2,635,False,False,False,previous_plan_prior:previous_shift_all:2
-0.2,-8.526990002977186e-08,-0.2,HUMIDITY_EXCESS_DISEASE_RISK,0.0,previous_plan_prior:previous_shift_all:2,1.055958333623906,0.550000011920929,-0.06749995970997225,-0.0499999680237875,0.4999996802378749,-0.7000000000000001,0.0,0.0,baseline_current_energy,0.0,0.9966666671137016,15.0,True,0.9966666671137016,canopy_dew_first_v1,canopy_dew_lt0,canopy_dew_lt0+dew_or_humidity,previous_plan_prior:previous_shift_all:2,636,False,False,False,previous_plan_prior:previous_shift_all:2
-0.2,-8.975154175416833e-08,-0.2,HUMIDITY_EXCESS_DISEASE_RISK,0.0,previous_plan_prior:previous_shift_all:2,1.055958333623906,0.550000011920929,-0.06749995759239653,-0.04999996634317185,0.4999996634317184,-0.7000000000000001,0.0,0.0,baseline_current_energy,0.0,0.9966666671137016,15.25,True,0.9966666671137016,canopy_dew_first_v1,canopy_dew_lt0,canopy_dew_lt0+dew_or_humidity,previous_plan_prior:previous_shift_all:2,637,False,False,False,previous_plan_prior:previous_shift_all:2
-0.2,-9.426535685364001e-08,-0.2,HUMIDITY_EXCESS_DISEASE_RISK,0.0,previous_plan_prior:previous_shift_all:2,1.055958333623906,0.550000011920929,-0.05749996205819387,-0.04999996465049118,0.4999996465049118,-0.7000000000000001,0.0,0.0,baseline_current_energy,0.0,0.9966666671137016,15.5,True,0.9966666671137016,canopy_dew_first_v1,canopy_dew_lt1,canopy_dew_lt1+dew_or_humidity,previous_plan_prior:previous_shift_all:2,638,False,False,False,previous_plan_prior:previous_shift_all:2
-0.2,-9.899192976448035e-08,-0.2,HUMIDITY_EXCESS_DISEASE_RISK,0.0,previous_plan_prior:previous_shift_all:2,1.055958333623906,0.550000011920929,-0.057499960155748264,-0.04999996287802635,0.4999996287802634,-0.7000000000000001,0.0,0.0,baseline_current_energy,0.0,0.9966666671137016,15.75,True,0.9966666671137016,canopy_dew_first_v1,canopy_dew_lt1,canopy_dew_lt1+dew_or_humidity,previous_plan_prior:previous_shift_all:2,639,False,False,False,previous_plan_prior:previous_shift_all:2
-0.2,-1.032209238083226e-07,-0.2,HUMIDITY_EXCESS_DISEASE_RISK,0.0,previous_plan_prior:previous_shift_all:2,1.055958333623906,0.550000011920929,-0.057499958453578165,-0.04999996129215359,0.4999996129215357,-0.7000000000000001,0.0,0.0,baseline_current_energy,0.0,0.9966666671137016,16.0,True,0.9966666671137016,canopy_dew_first_v1,canopy_dew_lt1,canopy_dew_lt1+dew_or_humidity,previous_plan_prior:previous_shift_all:2,640,False,False,False,previous_plan_prior:previous_shift_all:2
-0.2,-8.416180863335398e-08,-0.2,HUMIDITY_EXCESS_DISEASE_RISK,0.0,previous_plan_prior:previous_shift_all:2,1.055958333623906,0.550000011920929,-0.05749996612487202,-0.04999996843932177,0.4999996843932176,-0.7000000000000001,0.0,0.0,baseline_current_energy,0.0,0.9966666671137016,16.25,True,0.9966666671137016,canopy_dew_first_v1,canopy_dew_lt1,canopy_dew_lt1+dew_or_humidity,previous_plan_prior:previous_shift_all:2,641,False,False,False,previous_plan_prior:previous_shift_all:2
-0.2,-6.898934090671105e-08,-0.2,HUMIDITY_EXCESS_DISEASE_RISK,0.0,previous_plan_prior:previous_shift_all:2,1.055958333623906,0.550000011920929,-0.057499972231790285,-0.04999997412899717,0.4999997412899716,-0.7000000000000001,0.0,0.0,baseline_current_energy,0.0,0.9966666671137016,16.5,True,0.9966666671137016,canopy_dew_first_v1,canopy_dew_lt1,canopy_dew_lt1+dew_or_humidity,previous_plan_prior:previous_shift_all:2,642,False,False,False,previous_plan_prior:previous_shift_all:2
-0.2,-5.636965427768814e-08,-0.2,HUMIDITY_EXCESS_DISEASE_RISK,0.0,previous_plan_prior:previous_shift_all:2,1.055958333623906,0.550000011920929,-0.05749997731121415,-0.04999997886137966,0.49999978861379646,-0.7000000000000001,0.0,0.0,baseline_current_energy,0.0,0.9966666671137016,16.75,True,0.9966666671137016,canopy_dew_first_v1,canopy_dew_lt1,canopy_dew_lt1+dew_or_humidity,previous_plan_prior:previous_shift_all:2,643,False,False,False,previous_plan_prior:previous_shift_all:2
-0.2,-4.651479601491815e-08,-0.2,HUMIDITY_EXCESS_DISEASE_RISK,0.0,previous_plan_prior:previous_shift_all:2,1.055958333623906,0.550000011920929,-0.0574999812777946,-0.049999982556951504,0.49999982556951494,-0.7000000000000001,0.0,0.0,baseline_current_energy,0.0,0.9966666671137016,17.0,True,0.9966666671137016,canopy_dew_first_v1,canopy_dew_lt1,canopy_dew_lt1+dew_or_humidity,previous_plan_prior:previous_shift_all:2,644,False,False,False,previous_plan_prior:previous_shift_all:2
-0.2,-4.909448181322773e-08,-0.2,HUMIDITY_EXCESS_DISEASE_RISK,0.0,previous_plan_prior:previous_shift_all:2,1.055958333623906,0.550000011920929,-0.05749998023947107,-0.04999998158956933,0.4999998158956932,-0.7000000000000001,0.0,0.0,baseline_current_energy,0.0,0.9966666671137016,17.25,True,0.9966666671137016,canopy_dew_first_v1,canopy_dew_lt1,canopy_dew_lt1+dew_or_humidity,previous_plan_prior:previous_shift_all:2,645,False,False,False,previous_plan_prior:previous_shift_all:2
-0.2,-1.1269220476783914e-06,-0.2,HUMIDITY_EXCESS_DISEASE_RISK,0.0,previous_plan_prior:previous_shift_all:2,1.055958333623906,0.550000011920929,-0.05749954641387581,-0.04999957740423214,0.4999957740423212,-0.7000000000000001,0.0,0.0,baseline_current_energy,0.0,0.9966666671137016,17.5,True,0.9966666671137016,canopy_dew_first_v1,canopy_dew_lt1,canopy_dew_lt1+dew_or_humidity,previous_plan_prior:previous_shift_all:2,646,False,False,False,previous_plan_prior:previous_shift_all:2
-0.2,-0.002219639057802869,-0.2,HUMIDITY_EXCESS_DISEASE_RISK,0.0,previous_plan_prior:previous_shift_all:2,1.055958333623906,0.550000011920929,-0.05660659527923434,-0.049167635353323934,0.49167635353323924,-0.7000000000000001,0.0,0.0,baseline_current_energy,0.0,0.9966666671137016,17.75,True,0.9966666671137016,canopy_dew_first_v1,canopy_dew_lt1,canopy_dew_lt1+dew_or_humidity,previous_plan_prior:previous_shift_all:2,647,False,False,False,previous_plan_prior:previous_shift_all:2
-0.2,-0.2,-0.2,HUMIDITY_EXCESS_DISEASE_RISK,0.0,previous_plan_prior:previous_shift_all:2,1.0540833338494997,0.550000011920929,0.022999999999999986,0.024999999999999988,-0.2500000000000001,-0.7000000000000001,0.0,0.0,baseline_current_energy,0.0,0.9966666671137016,18.0,True,0.9966666671137016,canopy_dew_first_v1,canopy_dew_lt1,canopy_dew_lt1+dew_or_humidity,previous_plan_prior:previous_shift_all:2,648,False,False,False,previous_plan_prior:previous_shift_all:2
0.0,0.0,-1.1920928910669204e-08,HUMIDITY_EXCESS_DISEASE_RISK,0.1,conservative_prior:conservative_stabilize:5,1.0667500007152557,0.550000011920929,-3.427267061817396e-09,-2.9802322276673014e-09,2.980232227667301e-08,-0.030000041723251186,0.0,0.0,baseline_current_energy,0.0,0.8400000035762787,18.25,True,0.8400000035762787,canopy_dew_first_v1,canopy_dew_lt1,canopy_dew_lt1+dew_or_humidity,previous_plan_prior:previous_shift_all:2,649,True,True,True,previous_plan_prior:previous_shift_all:2
0.0,0.0,-1.1920928910669204e-08,HUMIDITY_EXCESS_DISEASE_RISK,0.1,conservative_prior:conservative_stabilize:5,1.0667500007152557,0.550000011920929,-3.427267061817396e-09,-2.9802322276673014e-09,2.980232227667301e-08,-0.030000041723251186,0.0,0.0,baseline_current_energy,0.0,0.8400000035762787,18.5,True,0.8400000035762787,canopy_dew_first_v1,canopy_dew_lt1,canopy_dew_lt1+dew_or_humidity,previous_plan_prior:previous_shift_all:2,650,True,True,True,previous_plan_prior:previous_shift_all:2
-0.2,-0.2,-0.2,HUMIDITY_EXCESS_DISEASE_RISK,0.0,previous_plan_prior:previous_shift_all:2,1.0540833338494997,0.550000011920929,0.022999999999999986,0.024999999999999988,-0.2500000000000001,-0.7000000000000001,0.0,0.0,baseline_current_energy,0.0,0.9966666671137016,18.75,True,0.9966666671137016,canopy_dew_first_v1,canopy_dew_lt1,canopy_dew_lt1+dew_or_humidity,previous_plan_prior:previous_shift_all:2,651,False,False,False,previous_plan_prior:previous_shift_all:2
-0.2,-0.2,-0.2,HUMIDITY_EXCESS_DISEASE_RISK,0.0,previous_plan_prior:previous_shift_all:2,1.0540833338494997,0.550000011920929,0.022999999999999986,0.024999999999999988,-0.2500000000000001,-0.7000000000000001,0.0,0.0,baseline_current_energy,0.0,0.9966666671137016,19.0,True,0.9966666671137016,canopy_dew_first_v1,canopy_dew_lt1,canopy_dew_lt1+dew_or_humidity,previous_plan_prior:previous_shift_all:2,652,False,False,False,previous_plan_prior:previous_shift_all:2
-0.2,-0.2,-0.2,HUMIDITY_EXCESS_DISEASE_RISK,0.0,previous_plan_prior:previous_shift_all:2,1.0540833338494997,0.550000011920929,0.022999999999999986,0.024999999999999988,-0.2500000000000001,-0.7000000000000001,0.0,0.0,baseline_current_energy,0.0,0.9966666671137016,19.25,True,0.9966666671137016,canopy_dew_first_v1,canopy_dew_lt1,canopy_dew_lt1+dew_or_humidity,previous_plan_prior:previous_shift_all:2,653,False,False,False,previous_plan_prior:previous_shift_all:2
-0.2,-0.2,-0.2,HUMIDITY_EXCESS_DISEASE_RISK,0.0,previous_plan_prior:previous_shift_all:2,1.0540833338494997,0.550000011920929,0.022999999999999986,0.024999999999999988,-0.2500000000000001,-0.7000000000000001,0.0,0.0,baseline_current_energy,0.0,0.9966666671137016,19.5,True,0.9966666671137016,canopy_dew_first_v1,canopy_dew_lt1,canopy_dew_lt1+dew_or_humidity,previous_plan_prior:previous_shift_all:2,654,False,False,False,previous_plan_prior:previous_shift_all:2
-0.2,-0.2,-0.2,HUMIDITY_EXCESS_DISEASE_RISK,0.0,previous_plan_prior:previous_shift_all:2,1.0540833338494997,0.550000011920929,0.022999999999999986,0.024999999999999988,-0.2500000000000001,-0.7000000000000001,0.0,0.0,baseline_current_energy,0.0,0.9966666671137016,19.75,True,0.9966666671137016,canopy_dew_first_v1,canopy_dew_lt1,canopy_dew_lt1+dew_or_humidity,previous_plan_prior:previous_shift_all:2,655,False,False,False,previous_plan_prior:previous_shift_all:2
0.0,0.0,-1.1920928910669204e-08,HUMIDITY_EXCESS_DISEASE_RISK,0.1,conservative_prior:conservative_stabilize:5,1.0667500007152557,0.550000011920929,-3.427267061817396e-09,-2.9802322276673014e-09,2.980232227667301e-08,-0.030000041723251186,0.0,0.0,baseline_current_energy,0.0,0.8400000035762787,20.0,True,0.8400000035762787,canopy_dew_first_v1,canopy_dew_lt1,canopy_dew_lt1+dew_or_humidity,previous_plan_prior:previous_shift_all:2,656,True,True,True,previous_plan_prior:previous_shift_all:2
-0.2,-0.2,-0.2,HUMIDITY_EXCESS_DISEASE_RISK,0.0,previous_plan_prior:previous_shift_all:2,1.0540833338494997,0.550000011920929,0.022999999999999986,0.024999999999999988,-0.2500000000000001,-0.7000000000000001,0.0,0.0,baseline_current_energy,0.0,0.9966666671137016,20.25,True,0.9966666671137016,canopy_dew_first_v1,canopy_dew_lt1,canopy_dew_lt1+dew_or_humidity,previous_plan_prior:previous_shift_all:2,657,False,False,False,previous_plan_prior:previous_shift_all:2
-0.2,-0.2,-0.2,HUMIDITY_EXCESS_DISEASE_RISK,0.0,previous_plan_prior:previous_shift_all:2,1.0540833338494997,0.550000011920929,0.022999999999999986,0.024999999999999988,-0.2500000000000001,-0.7000000000000001,0.0,0.0,baseline_current_energy,0.0,0.9966666671137016,20.5,True,0.9966666671137016,canopy_dew_first_v1,canopy_dew_lt1,canopy_dew_lt1+dew_or_humidity,previous_plan_prior:previous_shift_all:2,658,False,False,False,previous_plan_prior:previous_shift_all:2
-0.2,-0.2,-0.2,HUMIDITY_EXCESS_DISEASE_RISK,0.0,previous_plan_prior:previous_shift_all:2,1.0540833338494997,0.550000011920929,0.022999999999999986,0.024999999999999988,-0.2500000000000001,-0.7000000000000001,0.0,0.0,baseline_current_energy,0.0,0.9966666671137016,20.75,True,0.9966666671137016,canopy_dew_first_v1,canopy_dew_lt1,canopy_dew_lt1+dew_or_humidity,previous_plan_prior:previous_shift_all:2,659,False,False,False,previous_plan_prior:previous_shift_all:2
-0.2,-0.2,-0.2,HUMIDITY_EXCESS_DISEASE_RISK,0.0,previous_plan_prior:previous_shift_all:2,1.0540833338494997,0.550000011920929,0.022999999999999986,0.024999999999999988,-0.2500000000000001,-0.7000000000000001,0.0,0.0,baseline_current_energy,0.0,0.9966666671137016,21.0,True,0.9966666671137016,canopy_dew_first_v1,canopy_dew_lt1,canopy_dew_lt1+dew_or_humidity,previous_plan_prior:previous_shift_all:2,660,False,False,False,previous_plan_prior:previous_shift_all:2
-0.2,-0.2,-0.2,HUMIDITY_EXCESS_DISEASE_RISK,0.0,previous_plan_prior:previous_shift_all:2,1.0540833338494997,0.550000011920929,0.022999999999999986,0.01999999999999999,-0.2500000000000001,-0.7000000000000001,0.0,0.0,baseline_current_energy,0.0,0.9966666671137016,21.25,True,0.9966666671137016,canopy_dew_first_v1,dew_or_humidity,dew_or_humidity,previous_plan_prior:previous_shift_all:2,661,False,False,False,previous_plan_prior:previous_shift_all:2
-0.2,-0.2,-0.2,HUMIDITY_EXCESS_DISEASE_RISK,0.0,previous_plan_prior:previous_shift_all:2,1.0540833338494997,0.550000011920929,0.022999999999999986,0.01999999999999999,-0.2500000000000001,-0.7000000000000001,0.0,0.0,baseline_current_energy,0.0,0.9966666671137016,21.5,True,0.9966666671137016,canopy_dew_first_v1,dew_or_humidity,dew_or_humidity,previous_plan_prior:previous_shift_all:2,662,False,False,False,previous_plan_prior:previous_shift_all:2
-0.2,-0.2,-0.2,HUMIDITY_EXCESS_DISEASE_RISK,0.0,previous_plan_prior:previous_shift_all:2,1.0540833338494997,0.550000011920929,0.022999999999999986,0.01999999999999999,-0.2500000000000001,-0.7000000000000001,0.0,0.0,baseline_current_energy,0.0,0.9966666671137016,21.75,True,0.9966666671137016,canopy_dew_first_v1,dew_or_humidity,dew_or_humidity,previous_plan_prior:previous_shift_all:2,663,False,False,False,previous_plan_prior:previous_shift_all:2
-0.2,-0.2,-0.2,HUMIDITY_EXCESS_DISEASE_RISK,0.0,previous_plan_prior:previous_shift_all:2,1.0458333350117903,0.699999988079071,0.022999999999999986,0.01999999999999999,-0.2500000000000001,-0.7000000000000001,0.0,0.0,baseline_current_energy,0.0,0.9966666671137016,22.0,True,0.9966666671137016,canopy_dew_first_v1,dew_or_humidity,dew_or_humidity,previous_plan_prior:previous_shift_all:2,664,False,False,False,previous_plan_prior:previous_shift_all:2
-0.2,-0.2,-0.2,HUMIDITY_EXCESS_DISEASE_RISK,0.0,previous_plan_prior:previous_shift_all:2,1.0458333350117903,0.699999988079071,0.022999999999999986,0.01999999999999999,-0.2500000000000001,-0.7000000000000001,0.0,0.0,baseline_current_energy,0.0,0.9966666671137016,22.25,True,0.9966666671137016,canopy_dew_first_v1,dew_or_humidity,dew_or_humidity,previous_plan_prior:previous_shift_all:2,665,False,False,False,previous_plan_prior:previous_shift_all:2
0.0,0.0,-0.06000000000000005,HUMIDITY_EXCESS_DISEASE_RISK,0.08,conservative_prior:conservative_stabilize:5,1.044125000447035,0.6800000071525574,-0.017250000000000015,-0.01200000000000001,0.15000000000000013,-0.24000000000000019,0.0,0.0,baseline_current_energy,0.0,0.8400000035762787,22.5,True,0.8400000035762787,canopy_dew_first_v1,dew_or_humidity,dew_or_humidity,previous_plan_prior:previous_shift_all:2,666,True,True,True,previous_plan_prior:previous_shift_all:2
0.0,0.0,-0.06000000000000005,HUMIDITY_EXCESS_DISEASE_RISK,0.08,conservative_prior:conservative_stabilize:5,1.044125000447035,0.6800000071525574,-0.017250000000000015,-0.01200000000000001,0.15000000000000013,-0.24000000000000019,0.0,0.0,baseline_current_energy,0.0,0.8400000035762787,22.75,True,0.8400000035762787,canopy_dew_first_v1,dew_or_humidity,dew_or_humidity,previous_plan_prior:previous_shift_all:2,667,True,True,True,previous_plan_prior:previous_shift_all:2
0.0,0.0,-0.06000000000000005,HUMIDITY_EXCESS_DISEASE_RISK,0.08,conservative_prior:conservative_stabilize:5,1.044125000447035,0.6800000071525574,-0.017250000000000015,-0.01200000000000001,0.15000000000000013,-0.24000000000000019,0.0,0.0,baseline_current_energy,0.0,0.8400000035762787,23.0,True,0.8400000035762787,canopy_dew_first_v1,dew_or_humidity,dew_or_humidity,previous_plan_prior:previous_shift_all:2,668,True,True,True,previous_plan_prior:previous_shift_all:2
0.0,0.0,-0.06000000000000005,HUMIDITY_EXCESS_DISEASE_RISK,0.08,conservative_prior:conservative_stabilize:5,1.044125000447035,0.6800000071525574,-0.017250000000000015,-0.01200000000000001,0.15000000000000013,-0.24000000000000019,0.0,0.0,baseline_current_energy,0.0,0.8400000035762787,23.25,True,0.8400000035762787,canopy_dew_first_v1,dew_or_humidity,dew_or_humidity,previous_plan_prior:previous_shift_all:2,669,True,True,True,previous_plan_prior:previous_shift_all:2
0.0,0.0,-0.06000000000000005,HUMIDITY_EXCESS_DISEASE_RISK,0.08,conservative_prior:conservative_stabilize:5,1.044125000447035,0.6800000071525574,-0.017250000000000015,-0.01200000000000001,0.15000000000000013,-0.24000000000000019,0.0,0.0,baseline_current_energy,0.0,0.8400000035762787,23.5,True,0.8400000035762787,canopy_dew_first_v1,dew_or_humidity,dew_or_humidity,previous_plan_prior:previous_shift_all:2,670,True,True,True,previous_plan_prior:previous_shift_all:2
-0.2,-0.2,-0.2,HUMIDITY_EXCESS_DISEASE_RISK,0.0,previous_plan_prior:previous_shift_all:2,1.0458333350117903,0.699999988079071,0.022999999999999986,0.01999999999999999,-0.2500000000000001,-0.7000000000000001,0.0,0.0,baseline_current_energy,0.0,0.9966666671137016,23.75,True,0.9966666671137016,canopy_dew_first_v1,dew_or_humidity,dew_or_humidity,previous_plan_prior:previous_shift_all:2,671,False,False,False,previous_plan_prior:previous_shift_all:2
-0.2,-0.2,-0.2,HUMIDITY_EXCESS_DISEASE_RISK,0.0,previous_plan_prior:previous_shift_all:2,1.0458333350117903,0.699999988079071,0.022999999999999986,0.01999999999999999,-0.2500000000000001,-0.7000000000000001,0.0,0.0,baseline_current_energy,0.0,0.9966666671137016,0.0,True,0.9966666671137016,canopy_dew_first_v1,dew_or_humidity,dew_or_humidity,previous_plan_prior:previous_shift_all:2,672,False,False,False,previous_plan_prior:previous_shift_all:2
-0.2,-0.2,-0.2,HUMIDITY_EXCESS_DISEASE_RISK,0.0,previous_plan_prior:previous_shift_all:2,1.0484583347435694,0.699999988079071,0.022999999999999986,0.01999999999999999,-0.2500000000000001,-0.7000000000000001,0.0,0.0,baseline_current_energy,0.0,0.9966666671137016,0.25,True,0.9966666671137016,canopy_dew_first_v1,dew_or_humidity,dew_or_humidity,previous_plan_prior:previous_shift_all:2,673,False,False,False,previous_plan_prior:previous_shift_all:2
-0.2,-0.2,-0.2,HUMIDITY_EXCESS_DISEASE_RISK,0.0,previous_plan_prior:previous_shift_all:2,1.0484583347435694,0.699999988079071,0.022999999999999986,0.01999999999999999,-0.2500000000000001,-0.7000000000000001,0.0,0.0,baseline_current_energy,0.0,0.9966666671137016,0.5,True,0.9966666671137016,canopy_dew_first_v1,dew_or_humidity,dew_or_humidity,previous_plan_prior:previous_shift_all:2,674,False,False,False,previous_plan_prior:previous_shift_all:2
-0.2,-0.2,-0.2,HUMIDITY_EXCESS_DISEASE_RISK,0.0,previous_plan_prior:previous_shift_all:2,1.0484583347435694,0.699999988079071,0.022999999999999986,0.01999999999999999,-0.2500000000000001,-0.7000000000000001,0.0,0.0,baseline_current_energy,0.0,0.9966666671137016,0.75,True,0.9966666671137016,canopy_dew_first_v1,dew_or_humidity,dew_or_humidity,previous_plan_prior:previous_shift_all:2,675,False,False,False,previous_plan_prior:previous_shift_all:2
-0.2,-0.2,-0.2,HUMIDITY_EXCESS_DISEASE_RISK,0.0,previous_plan_prior:previous_shift_all:2,1.0484583347435694,0.699999988079071,0.022999999999999986,0.01999999999999999,-0.2500000000000001,-0.7000000000000001,0.0,0.0,baseline_current_energy,0.0,0.9966666671137016,1.0,True,0.9966666671137016,canopy_dew_first_v1,dew_or_humidity,dew_or_humidity,previous_plan_prior:previous_shift_all:2,676,False,False,False,previous_plan_prior:previous_shift_all:2
-0.2,-0.2,-0.2,HUMIDITY_EXCESS_DISEASE_RISK,0.0,previous_plan_prior:previous_shift_all:2,1.0484583347435694,0.699999988079071,0.022999999999999986,0.01999999999999999,-0.2500000000000001,-0.7000000000000001,0.0,0.0,baseline_current_energy,0.0,0.9966666671137016,1.25,True,0.9966666671137016,canopy_dew_first_v1,dew_or_humidity,dew_or_humidity,previous_plan_prior:previous_shift_all:2,677,False,False,False,previous_plan_prior:previous_shift_all:2
-0.2,-0.2,-0.2,HUMIDITY_EXCESS_DISEASE_RISK,0.0,previous_plan_prior:previous_shift_all:2,1.0484583347435694,0.699999988079071,0.022999999999999986,0.01999999999999999,-0.2500000000000001,-0.7000000000000001,0.0,0.0,baseline_current_energy,0.0,0.9966666671137016,1.5,True,0.9966666671137016,canopy_dew_first_v1,dew_or_humidity,dew_or_humidity,previous_plan_prior:previous_shift_all:2,678,False,False,False,previous_plan_prior:previous_shift_all:2
-0.2,-0.2,-0.2,HUMIDITY_EXCESS_DISEASE_RISK,0.0,previous_plan_prior:previous_shift_all:2,1.0484583347435694,0.699999988079071,0.022999999999999986,0.01999999999999999,-0.2500000000000001,-0.7000000000000001,0.0,0.0,baseline_current_energy,0.0,0.9966666671137016,1.75,True,0.9966666671137016,canopy_dew_first_v1,dew_or_humidity,dew_or_humidity,previous_plan_prior:previous_shift_all:2,679,False,False,False,previous_plan_prior:previous_shift_all:2
-0.2,-0.2,-0.2,HUMIDITY_EXCESS_DISEASE_RISK,0.0,previous_plan_prior:previous_shift_all:2,1.0484583347435694,0.699999988079071,0.022999999999999986,0.01999999999999999,-0.2500000000000001,-0.7000000000000001,0.0,0.0,baseline_current_energy,0.0,0.9966666671137016,2.0,True,0.9966666671137016,canopy_dew_first_v1,dew_or_humidity,dew_or_humidity,previous_plan_prior:previous_shift_all:2,680,False,False,False,previous_plan_prior:previous_shift_all:2
-0.2,-0.2,-0.2,HUMIDITY_EXCESS_DISEASE_RISK,0.0,previous_plan_prior:previous_shift_all:2,1.0484583347435694,0.699999988079071,0.022999999999999986,0.01999999999999999,-0.2500000000000001,-0.7000000000000001,0.0,0.0,baseline_current_energy,0.0,0.9966666671137016,2.25,True,0.9966666671137016,canopy_dew_first_v1,dew_or_humidity,dew_or_humidity,previous_plan_prior:previous_shift_all:2,681,False,False,False,previous_plan_prior:previous_shift_all:2
-0.2,-0.2,-0.2,HUMIDITY_EXCESS_DISEASE_RISK,0.0,previous_plan_prior:previous_shift_all:2,1.0484583347435694,0.699999988079071,0.022999999999999986,0.01999999999999999,-0.2500000000000001,-0.7000000000000001,0.0,0.0,baseline_current_energy,0.0,0.9966666671137016,2.5,True,0.9966666671137016,canopy_dew_first_v1,dew_or_humidity,dew_or_humidity,previous_plan_prior:previous_shift_all:2,682,False,False,False,previous_plan_prior:previous_shift_all:2
-0.1599999964237213,-0.2,-0.2,HUMIDITY_EXCESS_DISEASE_RISK,0.0,previous_plan_prior:previous_shift_all:2,1.050581097828438,0.6800000071525574,0.022999999999999986,0.01999999999999999,-0.2500000000000001,-0.7000000000000001,0.0,0.0,baseline_current_energy,0.0,1.0,2.75,True,1.0,canopy_dew_first_v1,dew_or_humidity,dew_or_humidity,previous_plan_prior:previous_shift_all:2,683,False,False,False,previous_plan_prior:previous_shift_all:2
-0.1599999964237213,-0.1153382658958435,-0.0371321439743042,HUMIDITY_EXCESS_DISEASE_RISK,0.0,previous_plan_prior:previous_shift_all:3,1.06,0.6624704003334045,0.03574816063046455,0.027175050973892213,-0.33968813717365265,-0.1299625039100647,0.0,0.0,baseline_current_energy,0.0,1.0,4.0,True,1.0,canopy_dew_first_v1,dew_or_humidity,dew_or_humidity,previous_plan_prior:previous_shift_all:3,688,False,False,False,previous_plan_prior:previous_shift_all:3
-0.1599999964237213,-0.1153382658958435,-0.04895913600921631,HUMIDITY_EXCESS_DISEASE_RISK,0.0,previous_plan_prior:previous_shift_all:3,1.06,0.6742973923683167,0.03234790042042732,0.02480965256690979,-0.3101206570863724,-0.17135697603225708,0.0,0.0,baseline_current_energy,0.0,1.0,4.25,True,1.0,canopy_dew_first_v1,dew_or_humidity,dew_or_humidity,previous_plan_prior:previous_shift_all:3,689,False,False,False,previous_plan_prior:previous_shift_all:3
-0.2,0.014661729335784912,-0.0746617317199707,HUMIDITY_EXCESS_DISEASE_RISK,0.0,previous_plan_prior:previous_shift_all:2,1.057833333623906,0.699999988079071,-0.030738791674375533,-0.020797038078308107,0.2599629759788513,-0.2759777903556824,0.0,0.0,baseline_current_energy,0.0,0.9966666671137016,4.5,True,0.9966666671137016,canopy_dew_first_v1,dew_or_humidity,dew_or_humidity,previous_plan_prior:previous_shift_all:2,690,False,False,False,previous_plan_prior:previous_shift_all:2
-0.2,0.014661729335784912,-0.0746617317199707,HUMIDITY_EXCESS_DISEASE_RISK,0.0,previous_plan_prior:previous_shift_all:2,1.057833333623906,0.699999988079071,-0.030738791674375533,-0.020797038078308107,0.2599629759788513,-0.2759777903556824,0.0,0.0,baseline_current_energy,0.0,0.9966666671137016,4.75,True,0.9966666671137016,canopy_dew_first_v1,dew_or_humidity,dew_or_humidity,previous_plan_prior:previous_shift_all:2,691,False,False,False,previous_plan_prior:previous_shift_all:2
-0.2,0.014661729335784912,-0.0746617317199707,HUMIDITY_EXCESS_DISEASE_RISK,0.0,previous_plan_prior:previous_shift_all:3,1.057833333623906,0.699999988079071,-0.030738791674375533,-0.020797038078308107,0.2599629759788513,-0.2759777903556824,0.0,0.0,baseline_current_energy,0.0,0.9966666671137016,5.0,True,0.9966666671137016,canopy_dew_first_v1,dew_or_humidity,dew_or_humidity,previous_plan_prior:previous_shift_all:3,692,False,False,False,previous_plan_prior:previous_shift_all:3
-0.2,0.014661729335784912,-0.0746617317199707,HUMIDITY_EXCESS_DISEASE_RISK,0.0,previous_plan_prior:previous_shift_all:3,1.057833333623906,0.699999988079071,-0.030738791674375533,-0.020797038078308107,0.2599629759788513,-0.2759777903556824,0.0,0.0,baseline_current_energy,0.0,0.9966666671137016,5.25,True,0.9966666671137016,canopy_dew_first_v1,dew_or_humidity,dew_or_humidity,previous_plan_prior:previous_shift_all:3,693,False,False,False,previous_plan_prior:previous_shift_all:3
0.0,0.0,0.0,HUMIDITY_EXCESS_DISEASE_RISK,0.0,previous_plan_prior:hold_all:3,1.06,1.0,0.0,0.0,0.0,0.0,0.0,0.0,baseline_current_energy,0.0,1.0,6.5,False,1.0,canopy_dew_first_v1,none,none,previous_plan_prior:previous_shift_all:2,698,True,False,False,previous_plan_prior:hold_all:3
0.0,0.0,0.0,HUMIDITY_EXCESS_DISEASE_RISK,0.0,previous_plan_prior:hold_all:3,1.06,1.0,0.0,0.0,0.0,0.0,0.0,0.0,baseline_current_energy,0.0,1.0,6.75,False,1.0,canopy_dew_first_v1,none,none,previous_plan_prior:previous_shift_all:2,699,True,False,False,previous_plan_prior:hold_all:3
0.0,0.0,0.0,HUMIDITY_EXCESS_DISEASE_RISK,0.0,previous_plan_prior:hold_all:3,1.06,1.0,0.0,0.0,0.0,0.0,0.0,0.0,baseline_current_energy,0.0,1.0,7.0,False,1.0,canopy_dew_first_v1,none,none,previous_plan_prior:previous_shift_all:2,700,True,False,False,previous_plan_prior:hold_all:3
0.0,0.0,0.0,HUMIDITY_EXCESS_DISEASE_RISK,0.0,previous_plan_prior:hold_all:3,1.06,1.0,0.0,0.0,0.0,0.0,0.0,0.0,baseline_current_energy,0.0,1.0,7.25,False,1.0,canopy_dew_first_v1,none,none,previous_plan_prior:previous_shift_all:2,701,True,False,False,previous_plan_prior:hold_all:3
0.0,0.0,0.0,HUMIDITY_EXCESS_DISEASE_RISK,0.0,previous_plan_prior:hold_all:3,1.06,1.0,0.0,0.0,0.0,0.0,0.0,0.0,baseline_current_energy,0.0,1.0,7.5,False,1.0,canopy_dew_first_v1,none,none,previous_plan_prior:previous_shift_all:2,702,True,False,False,previous_plan_prior:hold_all:3
0.0,0.0,0.0,HUMIDITY_EXCESS_DISEASE_RISK,0.0,previous_plan_prior:hold_all:3,1.06,1.0,0.0,0.0,0.0,0.0,0.0,0.0,baseline_current_energy,0.0,1.0,7.75,False,1.0,canopy_dew_first_v1,none,none,previous_plan_prior:previous_shift_all:2,703,True,False,False,previous_plan_prior:hold_all:3
0.0,0.0,0.0,HUMIDITY_EXCESS_DISEASE_RISK,0.0,previous_plan_prior:hold_all:3,1.06,1.0,0.0,0.0,0.0,0.0,0.0,0.0,baseline_current_energy,0.0,1.0,8.0,False,1.0,canopy_dew_first_v1,none,none,previous_plan_prior:previous_shift_all:2,704,True,False,False,previous_plan_prior:hold_all:3
0.0,0.0,0.0,HUMIDITY_EXCESS_DISEASE_RISK,0.0,previous_plan_prior:hold_all:3,1.06,1.0,0.0,0.0,0.0,0.0,0.0,0.0,baseline_current_energy,0.0,1.0,8.25,False,1.0,canopy_dew_first_v1,none,none,previous_plan_prior:previous_shift_all:2,705,True,False,False,previous_plan_prior:hold_all:3
0.0,0.0,0.0,HUMIDITY_EXCESS_DISEASE_RISK,0.0,previous_plan_prior:hold_all:3,1.06,1.0,0.0,0.0,0.0,0.0,0.0,0.0,baseline_current_energy,0.0,1.0,8.5,False,1.0,canopy_dew_first_v1,none,none,previous_plan_prior:previous_shift_all:2,706,True,False,False,previous_plan_prior:hold_all:3
0.0,0.0,0.0,HUMIDITY_EXCESS_DISEASE_RISK,0.0,previous_plan_prior:hold_all:3,1.06,1.0,0.0,0.0,0.0,0.0,0.0,0.0,baseline_current_energy,0.0,1.0,8.75,False,1.0,canopy_dew_first_v1,none,none,previous_plan_prior:previous_shift_all:2,707,True,False,False,previous_plan_prior:hold_all:3
0.0,0.0,0.0,HUMIDITY_EXCESS_DISEASE_RISK,0.0,previous_plan_prior:hold_all:3,1.06,1.0,0.0,0.0,0.0,0.0,0.0,0.0,baseline_current_energy,0.0,1.0,9.0,False,1.0,canopy_dew_first_v1,none,none,previous_plan_prior:previous_shift_all:2,708,True,False,False,previous_plan_prior:hold_all:3
0.0,0.0,0.0,HUMIDITY_EXCESS_DISEASE_RISK,0.0,previous_plan_prior:hold_all:3,1.06,1.0,0.0,0.0,0.0,0.0,0.0,0.0,baseline_current_energy,0.0,1.0,9.25,False,1.0,canopy_dew_first_v1,none,none,previous_plan_prior:previous_shift_all:2,709,True,False,False,previous_plan_prior:hold_all:3
0.0,0.0,0.0,HUMIDITY_EXCESS_DISEASE_RISK,0.0,previous_plan_prior:hold_all:3,1.06,1.0,0.0,0.0,0.0,0.0,0.0,0.0,baseline_current_energy,0.0,1.0,9.5,False,1.0,canopy_dew_first_v1,none,none,previous_plan_prior:previous_shift_all:2,710,True,False,False,previous_plan_prior:hold_all:3
0.0,0.0,0.0,HUMIDITY_EXCESS_DISEASE_RISK,0.0,previous_plan_prior:hold_all:3,1.06,1.0,0.0,0.0,0.0,0.0,0.0,0.0,baseline_current_energy,0.0,1.0,9.75,False,1.0,canopy_dew_first_v1,none,none,previous_plan_prior:previous_shift_all:2,711,True,False,False,previous_plan_prior:hold_all:3
0.0,0.0,0.0,HUMIDITY_EXCESS_DISEASE_RISK,0.0,previous_plan_prior:hold_all:3,1.06,1.0,0.0,0.0,0.0,0.0,0.0,0.0,baseline_current_energy,0.0,1.0,10.0,False,1.0,canopy_dew_first_v1,none,none,previous_plan_prior:previous_shift_all:2,712,True,False,False,previous_plan_prior:hold_all:3
0.0,0.0,0.0,HUMIDITY_EXCESS_DISEASE_RISK,0.0,previous_plan_prior:hold_all:3,1.06,1.0,0.0,0.0,0.0,0.0,0.0,0.0,baseline_current_energy,0.0,1.0,10.25,False,1.0,canopy_dew_first_v1,none,none,previous_plan_prior:previous_shift_all:2,713,True,False,False,previous_plan_prior:hold_all:3
0.0,0.0,0.0,HUMIDITY_EXCESS_DISEASE_RISK,0.0,previous_plan_prior:hold_all:3,1.06,1.0,0.0,0.0,0.0,0.0,0.0,0.0,baseline_current_energy,0.0,1.0,10.5,False,1.0,canopy_dew_first_v1,none,none,previous_plan_prior:previous_shift_all:2,714,True,False,False,previous_plan_prior:hold_all:3
0.0,0.0,0.0,HUMIDITY_EXCESS_DISEASE_RISK,0.0,previous_plan_prior:hold_all:3,1.06,1.0,0.0,0.0,0.0,0.0,0.0,0.0,baseline_current_energy,0.0,1.0,10.75,False,1.0,canopy_dew_first_v1,none,none,previous_plan_prior:previous_shift_all:2,715,True,False,False,previous_plan_prior:hold_all:3
0.0,0.0,0.0,HUMIDITY_EXCESS_DISEASE_RISK,0.0,previous_plan_prior:hold_all:3,1.06,1.0,0.0,0.0,0.0,0.0,0.0,0.0,baseline_current_energy,0.0,1.0,11.0,False,1.0,canopy_dew_first_v1,none,none,previous_plan_prior:previous_shift_all:2,716,True,False,False,previous_plan_prior:hold_all:3
0.0,0.0,0.0,HUMIDITY_EXCESS_DISEASE_RISK,0.0,previous_plan_prior:hold_all:3,1.06,1.0,0.0,0.0,0.0,0.0,0.0,0.0,baseline_current_energy,0.0,1.0,11.25,False,1.0,canopy_dew_first_v1,none,none,previous_plan_prior:previous_shift_all:2,717,True,False,False,previous_plan_prior:hold_all:3
0.0,0.0,0.0,HUMIDITY_EXCESS_DISEASE_RISK,0.0,previous_plan_prior:hold_all:3,1.06,1.0,0.0,0.0,0.0,0.0,0.0,0.0,baseline_current_energy,0.0,1.0,11.5,False,1.0,canopy_dew_first_v1,none,none,previous_plan_prior:previous_shift_all:2,718,True,False,False,previous_plan_prior:hold_all:3
0.0,0.0,0.0,HUMIDITY_EXCESS_DISEASE_RISK,0.0,previous_plan_prior:hold_all:3,1.06,1.0,0.0,0.0,0.0,0.0,0.0,0.0,baseline_current_energy,0.0,1.0,11.75,False,1.0,canopy_dew_first_v1,none,none,previous_plan_prior:previous_shift_all:2,719,True,False,False,previous_plan_prior:hold_all:3
