best_candidate_id,best_template_name,candidate_count,candidate_count_after_override,candidate_count_before_override,candidate_count_override_applied,candidate_count_override_flags,candidate_count_override_reason,confidence,confidence_reasons,generated_template_count,margin_status,no_candidate_reason,no_candidate_reasons,risk,risk_category_flags,selected_score_margin,step
conservative_prior:conservative_stabilize:6,conservative_stabilize,1,1,0,True,"[""any_risk""]",risk_triggered_conservative_floor,0.05,"{""crash_warning_score"": 0.0, ""raw_confidence"": 0.05, ""solver_risk"": 0.0, ""vpd_risk"": 0.0}",1,lower_score,,[],True,"{""any_risk"": true, ""co2_ventilation_conflict"": false, ""dry_or_high_vpd_risk"": false, ""humidity_or_dew_risk"": true, ""solver_sensitive_risk"": false}",0.07587500000000014,0
,,0,0,0,False,[],,0.05,"{""crash_warning_score"": 0.0, ""raw_confidence"": 0.05, ""solver_risk"": 0.0, ""vpd_risk"": 0.0}",0,no_candidate,confidence_below_candidate_threshold,"[""confidence_below_candidate_threshold"", ""risk_trigger_missing_or_low""]",False,"{""any_risk"": false, ""co2_ventilation_conflict"": false, ""dry_or_high_vpd_risk"": false, ""humidity_or_dew_risk"": false, ""solver_sensitive_risk"": false}",,1
,,0,0,0,False,[],,0.05,"{""crash_warning_score"": 0.0, ""raw_confidence"": 0.05, ""solver_risk"": 0.0, ""vpd_risk"": 0.0}",0,no_candidate,confidence_below_candidate_threshold,"[""confidence_below_candidate_threshold"", ""risk_trigger_missing_or_low""]",False,"{""any_risk"": false, ""co2_ventilation_conflict"": false, ""dry_or_high_vpd_risk"": false, ""humidity_or_dew_risk"": false, ""solver_sensitive_risk"": false}",,2
,,0,0,0,False,[],,0.05,"{""crash_warning_score"": 0.0, ""raw_confidence"": 0.05, ""solver_risk"": 0.0, ""vpd_risk"": 0.0}",0,no_candidate,confidence_below_candidate_threshold,"[""confidence_below_candidate_threshold"", ""risk_trigger_missing_or_low""]",False,"{""any_risk"": false, ""co2_ventilation_conflict"": false, ""dry_or_high_vpd_risk"": false, ""humidity_or_dew_risk"": false, ""solver_sensitive_risk"": false}",,3
,,0,0,0,False,[],,0.05,"{""crash_warning_score"": 0.0, ""raw_confidence"": 0.05, ""solver_risk"": 0.0, ""vpd_risk"": 0.0}",0,no_candidate,confidence_below_candidate_threshold,"[""confidence_below_candidate_threshold"", ""risk_trigger_missing_or_low""]",False,"{""any_risk"": false, ""co2_ventilation_conflict"": false, ""dry_or_high_vpd_risk"": false, ""humidity_or_dew_risk"": false, ""solver_sensitive_risk"": false}",,4
,,0,0,0,False,[],,0.05,"{""crash_warning_score"": 0.0, ""raw_confidence"": 0.05, ""solver_risk"": 0.0, ""vpd_risk"": 0.0}",0,no_candidate,confidence_below_candidate_threshold,"[""confidence_below_candidate_threshold"", ""risk_trigger_missing_or_low""]",False,"{""any_risk"": false, ""co2_ventilation_conflict"": false, ""dry_or_high_vpd_risk"": false, ""humidity_or_dew_risk"": false, ""solver_sensitive_risk"": false}",,5
,,0,0,0,False,[],,0.05,"{""crash_warning_score"": 0.0, ""raw_confidence"": 0.05, ""solver_risk"": 0.0, ""vpd_risk"": 0.0}",0,no_candidate,confidence_below_candidate_threshold,"[""confidence_below_candidate_threshold"", ""risk_trigger_missing_or_low""]",False,"{""any_risk"": false, ""co2_ventilation_conflict"": false, ""dry_or_high_vpd_risk"": false, ""humidity_or_dew_risk"": false, ""solver_sensitive_risk"": false}",,6
,,0,0,0,False,[],,0.05,"{""crash_warning_score"": 0.0, ""raw_confidence"": 0.05, ""solver_risk"": 0.0, ""vpd_risk"": 0.0}",0,no_candidate,confidence_below_candidate_threshold,"[""confidence_below_candidate_threshold"", ""risk_trigger_missing_or_low""]",False,"{""any_risk"": false, ""co2_ventilation_conflict"": false, ""dry_or_high_vpd_risk"": false, ""humidity_or_dew_risk"": false, ""solver_sensitive_risk"": false}",,7
,,0,0,0,False,[],,0.05,"{""crash_warning_score"": 0.0, ""raw_confidence"": 0.05, ""solver_risk"": 0.0, ""vpd_risk"": 0.0}",0,no_candidate,confidence_below_candidate_threshold,"[""confidence_below_candidate_threshold"", ""risk_trigger_missing_or_low""]",False,"{""any_risk"": false, ""co2_ventilation_conflict"": false, ""dry_or_high_vpd_risk"": false, ""humidity_or_dew_risk"": false, ""solver_sensitive_risk"": false}",,8
,,0,0,0,False,[],,0.05,"{""crash_warning_score"": 0.0, ""raw_confidence"": 0.05, ""solver_risk"": 0.0, ""vpd_risk"": 0.0}",0,no_candidate,confidence_below_candidate_threshold,"[""confidence_below_candidate_threshold"", ""risk_trigger_missing_or_low""]",False,"{""any_risk"": false, ""co2_ventilation_conflict"": false, ""dry_or_high_vpd_risk"": false, ""humidity_or_dew_risk"": false, ""solver_sensitive_risk"": false}",,9
,,0,0,0,False,[],,0.05,"{""crash_warning_score"": 0.0, ""raw_confidence"": 0.05, ""solver_risk"": 0.0, ""vpd_risk"": 0.0}",0,no_candidate,confidence_below_candidate_threshold,"[""confidence_below_candidate_threshold"", ""risk_trigger_missing_or_low""]",False,"{""any_risk"": false, ""co2_ventilation_conflict"": false, ""dry_or_high_vpd_risk"": false, ""humidity_or_dew_risk"": false, ""solver_sensitive_risk"": false}",,10
,,0,0,0,False,[],,0.05,"{""crash_warning_score"": 0.0, ""raw_confidence"": 0.05, ""solver_risk"": 0.0, ""vpd_risk"": 0.0}",0,no_candidate,confidence_below_candidate_threshold,"[""confidence_below_candidate_threshold"", ""risk_trigger_missing_or_low""]",False,"{""any_risk"": false, ""co2_ventilation_conflict"": false, ""dry_or_high_vpd_risk"": false, ""humidity_or_dew_risk"": false, ""solver_sensitive_risk"": false}",,11
,,0,0,0,False,[],,0.05,"{""crash_warning_score"": 0.0, ""raw_confidence"": 0.05, ""solver_risk"": 0.0, ""vpd_risk"": 0.0}",0,no_candidate,confidence_below_candidate_threshold,"[""confidence_below_candidate_threshold"", ""risk_trigger_missing_or_low""]",False,"{""any_risk"": false, ""co2_ventilation_conflict"": false, ""dry_or_high_vpd_risk"": false, ""humidity_or_dew_risk"": false, ""solver_sensitive_risk"": false}",,12
,,0,0,0,False,[],,0.05,"{""crash_warning_score"": 0.0, ""raw_confidence"": 0.05, ""solver_risk"": 0.0, ""vpd_risk"": 0.0}",0,no_candidate,confidence_below_candidate_threshold,"[""confidence_below_candidate_threshold"", ""risk_trigger_missing_or_low""]",False,"{""any_risk"": false, ""co2_ventilation_conflict"": false, ""dry_or_high_vpd_risk"": false, ""humidity_or_dew_risk"": false, ""solver_sensitive_risk"": false}",,13
,,0,0,0,False,[],,0.05,"{""crash_warning_score"": 0.0, ""raw_confidence"": 0.05, ""solver_risk"": 0.0, ""vpd_risk"": 0.0}",0,no_candidate,confidence_below_candidate_threshold,"[""confidence_below_candidate_threshold"", ""risk_trigger_missing_or_low""]",False,"{""any_risk"": false, ""co2_ventilation_conflict"": false, ""dry_or_high_vpd_risk"": false, ""humidity_or_dew_risk"": false, ""solver_sensitive_risk"": false}",,14
,,0,0,0,False,[],,0.05,"{""crash_warning_score"": 0.0, ""raw_confidence"": 0.05, ""solver_risk"": 0.0, ""vpd_risk"": 0.0}",0,no_candidate,confidence_below_candidate_threshold,"[""confidence_below_candidate_threshold"", ""risk_trigger_missing_or_low""]",False,"{""any_risk"": false, ""co2_ventilation_conflict"": false, ""dry_or_high_vpd_risk"": false, ""humidity_or_dew_risk"": false, ""solver_sensitive_risk"": false}",,15
,,0,0,0,False,[],,0.05,"{""crash_warning_score"": 0.0, ""raw_confidence"": 0.05, ""solver_risk"": 0.0, ""vpd_risk"": 0.0}",0,no_candidate,confidence_below_candidate_threshold,"[""confidence_below_candidate_threshold"", ""risk_trigger_missing_or_low""]",False,"{""any_risk"": false, ""co2_ventilation_conflict"": false, ""dry_or_high_vpd_risk"": false, ""humidity_or_dew_risk"": false, ""solver_sensitive_risk"": false}",,16
,,0,0,0,False,[],,0.05,"{""crash_warning_score"": 0.0, ""raw_confidence"": 0.05, ""solver_risk"": 0.0, ""vpd_risk"": 0.0}",0,no_candidate,confidence_below_candidate_threshold,"[""confidence_below_candidate_threshold"", ""risk_trigger_missing_or_low""]",False,"{""any_risk"": false, ""co2_ventilation_conflict"": false, ""dry_or_high_vpd_risk"": false, ""humidity_or_dew_risk"": false, ""solver_sensitive_risk"": false}",,17
,,0,0,0,False,[],,0.05,"{""crash_warning_score"": 0.0, ""raw_confidence"": 0.05, ""solver_risk"": 0.0, ""vpd_risk"": 0.0}",0,no_candidate,confidence_below_candidate_threshold,"[""confidence_below_candidate_threshold"", ""risk_trigger_missing_or_low""]",False,"{""any_risk"": false, ""co2_ventilation_conflict"": false, ""dry_or_high_vpd_risk"": false, ""humidity_or_dew_risk"": false, ""solver_sensitive_risk"": false}",,18
,,0,0,0,False,[],,0.05,"{""crash_warning_score"": 0.0, ""raw_confidence"": 0.05, ""solver_risk"": 0.0, ""vpd_risk"": 0.0}",0,no_candidate,confidence_below_candidate_threshold,"[""confidence_below_candidate_threshold"", ""risk_trigger_missing_or_low""]",False,"{""any_risk"": false, ""co2_ventilation_conflict"": false, ""dry_or_high_vpd_risk"": false, ""humidity_or_dew_risk"": false, ""solver_sensitive_risk"": false}",,19
,,0,0,0,False,[],,0.05,"{""crash_warning_score"": 0.0, ""raw_confidence"": 0.05, ""solver_risk"": 0.0, ""vpd_risk"": 0.0}",0,no_candidate,confidence_below_candidate_threshold,"[""confidence_below_candidate_threshold"", ""risk_trigger_missing_or_low""]",False,"{""any_risk"": false, ""co2_ventilation_conflict"": false, ""dry_or_high_vpd_risk"": false, ""humidity_or_dew_risk"": false, ""solver_sensitive_risk"": false}",,20
,,0,0,0,False,[],,0.05,"{""crash_warning_score"": 0.0, ""raw_confidence"": 0.05, ""solver_risk"": 0.0, ""vpd_risk"": 0.0}",0,no_candidate,confidence_below_candidate_threshold,"[""confidence_below_candidate_threshold"", ""risk_trigger_missing_or_low""]",False,"{""any_risk"": false, ""co2_ventilation_conflict"": false, ""dry_or_high_vpd_risk"": false, ""humidity_or_dew_risk"": false, ""solver_sensitive_risk"": false}",,21
,,0,0,0,False,[],,0.05,"{""crash_warning_score"": 0.0, ""raw_confidence"": 0.05, ""solver_risk"": 0.0, ""vpd_risk"": 0.0}",0,no_candidate,confidence_below_candidate_threshold,"[""confidence_below_candidate_threshold"", ""risk_trigger_missing_or_low""]",False,"{""any_risk"": false, ""co2_ventilation_conflict"": false, ""dry_or_high_vpd_risk"": false, ""humidity_or_dew_risk"": false, ""solver_sensitive_risk"": false}",,22
,,0,0,0,False,[],,0.05,"{""crash_warning_score"": 0.0, ""raw_confidence"": 0.05, ""solver_risk"": 0.0, ""vpd_risk"": 0.0}",0,no_candidate,confidence_below_candidate_threshold,"[""confidence_below_candidate_threshold"", ""risk_trigger_missing_or_low""]",False,"{""any_risk"": false, ""co2_ventilation_conflict"": false, ""dry_or_high_vpd_risk"": false, ""humidity_or_dew_risk"": false, ""solver_sensitive_risk"": false}",,23
,,0,0,0,False,[],,0.05,"{""crash_warning_score"": 0.0, ""raw_confidence"": 0.05, ""solver_risk"": 0.0, ""vpd_risk"": 0.0}",0,no_candidate,confidence_below_candidate_threshold,"[""confidence_below_candidate_threshold"", ""risk_trigger_missing_or_low""]",False,"{""any_risk"": false, ""co2_ventilation_conflict"": false, ""dry_or_high_vpd_risk"": false, ""humidity_or_dew_risk"": false, ""solver_sensitive_risk"": false}",,24
,,0,0,0,False,[],,0.05,"{""crash_warning_score"": 0.0, ""raw_confidence"": 0.05, ""solver_risk"": 0.0, ""vpd_risk"": 0.0}",0,no_candidate,confidence_below_candidate_threshold,"[""confidence_below_candidate_threshold"", ""risk_trigger_missing_or_low""]",False,"{""any_risk"": false, ""co2_ventilation_conflict"": false, ""dry_or_high_vpd_risk"": false, ""humidity_or_dew_risk"": false, ""solver_sensitive_risk"": false}",,25
,,0,0,0,False,[],,0.05,"{""crash_warning_score"": 0.0, ""raw_confidence"": 0.05, ""solver_risk"": 0.0, ""vpd_risk"": 0.0}",0,no_candidate,confidence_below_candidate_threshold,"[""confidence_below_candidate_threshold"", ""risk_trigger_missing_or_low""]",False,"{""any_risk"": false, ""co2_ventilation_conflict"": false, ""dry_or_high_vpd_risk"": false, ""humidity_or_dew_risk"": false, ""solver_sensitive_risk"": false}",,26
,,0,0,0,False,[],,0.05,"{""crash_warning_score"": 0.0, ""raw_confidence"": 0.05, ""solver_risk"": 0.0, ""vpd_risk"": 0.0}",0,no_candidate,confidence_below_candidate_threshold,"[""confidence_below_candidate_threshold"", ""risk_trigger_missing_or_low""]",False,"{""any_risk"": false, ""co2_ventilation_conflict"": false, ""dry_or_high_vpd_risk"": false, ""humidity_or_dew_risk"": false, ""solver_sensitive_risk"": false}",,27
,,0,0,0,False,[],,0.05,"{""crash_warning_score"": 0.0, ""raw_confidence"": 0.05, ""solver_risk"": 0.0, ""vpd_risk"": 0.0}",0,no_candidate,confidence_below_candidate_threshold,"[""confidence_below_candidate_threshold"", ""risk_trigger_missing_or_low""]",False,"{""any_risk"": false, ""co2_ventilation_conflict"": false, ""dry_or_high_vpd_risk"": false, ""humidity_or_dew_risk"": false, ""solver_sensitive_risk"": false}",,28
,,0,0,0,False,[],,0.05,"{""crash_warning_score"": 0.0, ""raw_confidence"": 0.05, ""solver_risk"": 0.0, ""vpd_risk"": 0.0}",0,no_candidate,confidence_below_candidate_threshold,"[""confidence_below_candidate_threshold"", ""risk_trigger_missing_or_low""]",False,"{""any_risk"": false, ""co2_ventilation_conflict"": false, ""dry_or_high_vpd_risk"": false, ""humidity_or_dew_risk"": false, ""solver_sensitive_risk"": false}",,29
,,0,0,0,False,[],,0.05,"{""crash_warning_score"": 0.0, ""raw_confidence"": 0.05, ""solver_risk"": 0.0, ""vpd_risk"": 0.0}",0,no_candidate,confidence_below_candidate_threshold,"[""confidence_below_candidate_threshold"", ""risk_trigger_missing_or_low""]",False,"{""any_risk"": false, ""co2_ventilation_conflict"": false, ""dry_or_high_vpd_risk"": false, ""humidity_or_dew_risk"": false, ""solver_sensitive_risk"": false}",,30
,,0,0,0,False,[],,0.05,"{""crash_warning_score"": 0.0, ""raw_confidence"": 0.05, ""solver_risk"": 0.0, ""vpd_risk"": 0.0}",0,no_candidate,confidence_below_candidate_threshold,"[""confidence_below_candidate_threshold"", ""risk_trigger_missing_or_low""]",False,"{""any_risk"": false, ""co2_ventilation_conflict"": false, ""dry_or_high_vpd_risk"": false, ""humidity_or_dew_risk"": false, ""solver_sensitive_risk"": false}",,31
,,0,0,0,False,[],,0.05,"{""crash_warning_score"": 0.0, ""raw_confidence"": 0.05, ""solver_risk"": 0.0, ""vpd_risk"": 0.0}",0,no_candidate,confidence_below_candidate_threshold,"[""confidence_below_candidate_threshold"", ""risk_trigger_missing_or_low""]",False,"{""any_risk"": false, ""co2_ventilation_conflict"": false, ""dry_or_high_vpd_risk"": false, ""humidity_or_dew_risk"": false, ""solver_sensitive_risk"": false}",,32
,,0,0,0,False,[],,0.05,"{""crash_warning_score"": 0.0, ""raw_confidence"": 0.05, ""solver_risk"": 0.0, ""vpd_risk"": 0.0}",0,no_candidate,confidence_below_candidate_threshold,"[""confidence_below_candidate_threshold"", ""risk_trigger_missing_or_low""]",False,"{""any_risk"": false, ""co2_ventilation_conflict"": false, ""dry_or_high_vpd_risk"": false, ""humidity_or_dew_risk"": false, ""solver_sensitive_risk"": false}",,33
,,0,0,0,False,[],,0.05,"{""crash_warning_score"": 0.0, ""raw_confidence"": 0.05, ""solver_risk"": 0.0, ""vpd_risk"": 0.0}",0,no_candidate,confidence_below_candidate_threshold,"[""confidence_below_candidate_threshold"", ""risk_trigger_missing_or_low""]",False,"{""any_risk"": false, ""co2_ventilation_conflict"": false, ""dry_or_high_vpd_risk"": false, ""humidity_or_dew_risk"": false, ""solver_sensitive_risk"": false}",,34
,,0,0,0,False,[],,0.05,"{""crash_warning_score"": 0.0, ""raw_confidence"": 0.05, ""solver_risk"": 0.0, ""vpd_risk"": 0.0}",0,no_candidate,confidence_below_candidate_threshold,"[""confidence_below_candidate_threshold"", ""risk_trigger_missing_or_low""]",False,"{""any_risk"": false, ""co2_ventilation_conflict"": false, ""dry_or_high_vpd_risk"": false, ""humidity_or_dew_risk"": false, ""solver_sensitive_risk"": false}",,35
,,0,0,0,False,[],,0.05,"{""crash_warning_score"": 0.0, ""raw_confidence"": 0.05, ""solver_risk"": 0.0, ""vpd_risk"": 0.0}",0,no_candidate,confidence_below_candidate_threshold,"[""confidence_below_candidate_threshold"", ""risk_trigger_missing_or_low""]",False,"{""any_risk"": false, ""co2_ventilation_conflict"": false, ""dry_or_high_vpd_risk"": false, ""humidity_or_dew_risk"": false, ""solver_sensitive_risk"": false}",,36
,,0,0,0,False,[],,0.05,"{""crash_warning_score"": 0.0, ""raw_confidence"": 0.05, ""solver_risk"": 0.0, ""vpd_risk"": 0.0}",0,no_candidate,confidence_below_candidate_threshold,"[""confidence_below_candidate_threshold"", ""risk_trigger_missing_or_low""]",False,"{""any_risk"": false, ""co2_ventilation_conflict"": false, ""dry_or_high_vpd_risk"": false, ""humidity_or_dew_risk"": false, ""solver_sensitive_risk"": false}",,37
,,0,0,0,False,[],,0.05,"{""crash_warning_score"": 0.0, ""raw_confidence"": 0.05, ""solver_risk"": 0.0, ""vpd_risk"": 0.0}",0,no_candidate,confidence_below_candidate_threshold,"[""confidence_below_candidate_threshold"", ""risk_trigger_missing_or_low""]",False,"{""any_risk"": false, ""co2_ventilation_conflict"": false, ""dry_or_high_vpd_risk"": false, ""humidity_or_dew_risk"": false, ""solver_sensitive_risk"": false}",,38
,,0,0,0,False,[],,0.05,"{""crash_warning_score"": 0.0, ""raw_confidence"": 0.05, ""solver_risk"": 0.0, ""vpd_risk"": 0.0}",0,no_candidate,confidence_below_candidate_threshold,"[""confidence_below_candidate_threshold"", ""risk_trigger_missing_or_low""]",False,"{""any_risk"": false, ""co2_ventilation_conflict"": false, ""dry_or_high_vpd_risk"": false, ""humidity_or_dew_risk"": false, ""solver_sensitive_risk"": false}",,39
,,0,0,0,False,[],,0.05,"{""crash_warning_score"": 0.0, ""raw_confidence"": 0.05, ""solver_risk"": 0.0, ""vpd_risk"": 0.0}",0,no_candidate,confidence_below_candidate_threshold,"[""confidence_below_candidate_threshold"", ""risk_trigger_missing_or_low""]",False,"{""any_risk"": false, ""co2_ventilation_conflict"": false, ""dry_or_high_vpd_risk"": false, ""humidity_or_dew_risk"": false, ""solver_sensitive_risk"": false}",,40
,,0,0,0,False,[],,0.05,"{""crash_warning_score"": 0.0, ""raw_confidence"": 0.05, ""solver_risk"": 0.0, ""vpd_risk"": 0.0}",0,no_candidate,confidence_below_candidate_threshold,"[""confidence_below_candidate_threshold"", ""risk_trigger_missing_or_low""]",False,"{""any_risk"": false, ""co2_ventilation_conflict"": false, ""dry_or_high_vpd_risk"": false, ""humidity_or_dew_risk"": false, ""solver_sensitive_risk"": false}",,41
,,0,0,0,False,[],,0.05,"{""crash_warning_score"": 0.0, ""raw_confidence"": 0.05, ""solver_risk"": 0.0, ""vpd_risk"": 0.0}",0,no_candidate,confidence_below_candidate_threshold,"[""confidence_below_candidate_threshold"", ""risk_trigger_missing_or_low""]",False,"{""any_risk"": false, ""co2_ventilation_conflict"": false, ""dry_or_high_vpd_risk"": false, ""humidity_or_dew_risk"": false, ""solver_sensitive_risk"": false}",,42
,,0,0,0,False,[],,0.05,"{""crash_warning_score"": 0.0, ""raw_confidence"": 0.05, ""solver_risk"": 0.0, ""vpd_risk"": 0.0}",0,no_candidate,confidence_below_candidate_threshold,"[""confidence_below_candidate_threshold"", ""risk_trigger_missing_or_low""]",False,"{""any_risk"": false, ""co2_ventilation_conflict"": false, ""dry_or_high_vpd_risk"": false, ""humidity_or_dew_risk"": false, ""solver_sensitive_risk"": false}",,43
,,0,0,0,False,[],,0.05,"{""crash_warning_score"": 0.0, ""raw_confidence"": 0.05, ""solver_risk"": 0.0, ""vpd_risk"": 0.0}",0,no_candidate,confidence_below_candidate_threshold,"[""confidence_below_candidate_threshold"", ""risk_trigger_missing_or_low""]",False,"{""any_risk"": false, ""co2_ventilation_conflict"": false, ""dry_or_high_vpd_risk"": false, ""humidity_or_dew_risk"": false, ""solver_sensitive_risk"": false}",,44
,,0,0,0,False,[],,0.05,"{""crash_warning_score"": 0.0, ""raw_confidence"": 0.05, ""solver_risk"": 0.0, ""vpd_risk"": 0.0}",0,no_candidate,confidence_below_candidate_threshold,"[""confidence_below_candidate_threshold"", ""risk_trigger_missing_or_low""]",False,"{""any_risk"": false, ""co2_ventilation_conflict"": false, ""dry_or_high_vpd_risk"": false, ""humidity_or_dew_risk"": false, ""solver_sensitive_risk"": false}",,45
,,0,0,0,False,[],,0.05,"{""crash_warning_score"": 0.0, ""raw_confidence"": 0.05, ""solver_risk"": 0.0, ""vpd_risk"": 0.0}",0,no_candidate,confidence_below_candidate_threshold,"[""confidence_below_candidate_threshold"", ""risk_trigger_missing_or_low""]",False,"{""any_risk"": false, ""co2_ventilation_conflict"": false, ""dry_or_high_vpd_risk"": false, ""humidity_or_dew_risk"": false, ""solver_sensitive_risk"": false}",,46
,,0,0,0,False,[],,0.05,"{""crash_warning_score"": 0.0, ""raw_confidence"": 0.05, ""solver_risk"": 0.0, ""vpd_risk"": 0.0}",0,no_candidate,confidence_below_candidate_threshold,"[""confidence_below_candidate_threshold"", ""risk_trigger_missing_or_low""]",False,"{""any_risk"": false, ""co2_ventilation_conflict"": false, ""dry_or_high_vpd_risk"": false, ""humidity_or_dew_risk"": false, ""solver_sensitive_risk"": false}",,47
,,0,0,0,False,[],,0.05,"{""crash_warning_score"": 0.0, ""raw_confidence"": 0.05, ""solver_risk"": 0.0, ""vpd_risk"": 0.0}",0,no_candidate,confidence_below_candidate_threshold,"[""confidence_below_candidate_threshold"", ""risk_trigger_missing_or_low""]",False,"{""any_risk"": false, ""co2_ventilation_conflict"": false, ""dry_or_high_vpd_risk"": false, ""humidity_or_dew_risk"": false, ""solver_sensitive_risk"": false}",,48
,,0,0,0,False,[],,0.05,"{""crash_warning_score"": 0.0, ""raw_confidence"": 0.05, ""solver_risk"": 0.0, ""vpd_risk"": 0.0}",0,no_candidate,confidence_below_candidate_threshold,"[""confidence_below_candidate_threshold"", ""risk_trigger_missing_or_low""]",False,"{""any_risk"": false, ""co2_ventilation_conflict"": false, ""dry_or_high_vpd_risk"": false, ""humidity_or_dew_risk"": false, ""solver_sensitive_risk"": false}",,49
,,0,0,0,False,[],,0.05,"{""crash_warning_score"": 0.0, ""raw_confidence"": 0.05, ""solver_risk"": 0.0, ""vpd_risk"": 0.0}",0,no_candidate,confidence_below_candidate_threshold,"[""confidence_below_candidate_threshold"", ""risk_trigger_missing_or_low""]",False,"{""any_risk"": false, ""co2_ventilation_conflict"": false, ""dry_or_high_vpd_risk"": false, ""humidity_or_dew_risk"": false, ""solver_sensitive_risk"": false}",,50
,,0,0,0,False,[],,0.05,"{""crash_warning_score"": 0.0, ""raw_confidence"": 0.05, ""solver_risk"": 0.0, ""vpd_risk"": 0.0}",0,no_candidate,confidence_below_candidate_threshold,"[""confidence_below_candidate_threshold"", ""risk_trigger_missing_or_low""]",False,"{""any_risk"": false, ""co2_ventilation_conflict"": false, ""dry_or_high_vpd_risk"": false, ""humidity_or_dew_risk"": false, ""solver_sensitive_risk"": false}",,51
,,0,0,0,False,[],,0.05,"{""crash_warning_score"": 0.0, ""raw_confidence"": 0.05, ""solver_risk"": 0.0, ""vpd_risk"": 0.0}",0,no_candidate,confidence_below_candidate_threshold,"[""confidence_below_candidate_threshold"", ""risk_trigger_missing_or_low""]",False,"{""any_risk"": false, ""co2_ventilation_conflict"": false, ""dry_or_high_vpd_risk"": false, ""humidity_or_dew_risk"": false, ""solver_sensitive_risk"": false}",,52
,,0,0,0,False,[],,0.05,"{""crash_warning_score"": 0.0, ""raw_confidence"": 0.05, ""solver_risk"": 0.0, ""vpd_risk"": 0.0}",0,no_candidate,confidence_below_candidate_threshold,"[""confidence_below_candidate_threshold"", ""risk_trigger_missing_or_low""]",False,"{""any_risk"": false, ""co2_ventilation_conflict"": false, ""dry_or_high_vpd_risk"": false, ""humidity_or_dew_risk"": false, ""solver_sensitive_risk"": false}",,53
,,0,0,0,False,[],,0.05,"{""crash_warning_score"": 0.0, ""raw_confidence"": 0.05, ""solver_risk"": 0.0, ""vpd_risk"": 0.0}",0,no_candidate,confidence_below_candidate_threshold,"[""confidence_below_candidate_threshold"", ""risk_trigger_missing_or_low""]",False,"{""any_risk"": false, ""co2_ventilation_conflict"": false, ""dry_or_high_vpd_risk"": false, ""humidity_or_dew_risk"": false, ""solver_sensitive_risk"": false}",,54
,,0,0,0,False,[],,0.05,"{""crash_warning_score"": 0.0, ""raw_confidence"": 0.05, ""solver_risk"": 0.0, ""vpd_risk"": 0.0}",0,no_candidate,confidence_below_candidate_threshold,"[""confidence_below_candidate_threshold"", ""risk_trigger_missing_or_low""]",False,"{""any_risk"": false, ""co2_ventilation_conflict"": false, ""dry_or_high_vpd_risk"": false, ""humidity_or_dew_risk"": false, ""solver_sensitive_risk"": false}",,55
,,0,0,0,False,[],,0.05,"{""crash_warning_score"": 0.0, ""raw_confidence"": 0.05, ""solver_risk"": 0.0, ""vpd_risk"": 0.0}",0,no_candidate,confidence_below_candidate_threshold,"[""confidence_below_candidate_threshold"", ""risk_trigger_missing_or_low""]",False,"{""any_risk"": false, ""co2_ventilation_conflict"": false, ""dry_or_high_vpd_risk"": false, ""humidity_or_dew_risk"": false, ""solver_sensitive_risk"": false}",,56
,,0,0,0,False,[],,0.05,"{""crash_warning_score"": 0.0, ""raw_confidence"": 0.05, ""solver_risk"": 0.0, ""vpd_risk"": 0.0}",0,no_candidate,confidence_below_candidate_threshold,"[""confidence_below_candidate_threshold"", ""risk_trigger_missing_or_low""]",False,"{""any_risk"": false, ""co2_ventilation_conflict"": false, ""dry_or_high_vpd_risk"": false, ""humidity_or_dew_risk"": false, ""solver_sensitive_risk"": false}",,57
,,0,0,0,False,[],,0.05,"{""crash_warning_score"": 0.0, ""raw_confidence"": 0.05, ""solver_risk"": 0.0, ""vpd_risk"": 0.0}",0,no_candidate,confidence_below_candidate_threshold,"[""confidence_below_candidate_threshold"", ""risk_trigger_missing_or_low""]",False,"{""any_risk"": false, ""co2_ventilation_conflict"": false, ""dry_or_high_vpd_risk"": false, ""humidity_or_dew_risk"": false, ""solver_sensitive_risk"": false}",,58
,,0,0,0,False,[],,0.05,"{""crash_warning_score"": 0.0, ""raw_confidence"": 0.05, ""solver_risk"": 0.0, ""vpd_risk"": 0.0}",0,no_candidate,confidence_below_candidate_threshold,"[""confidence_below_candidate_threshold"", ""risk_trigger_missing_or_low""]",False,"{""any_risk"": false, ""co2_ventilation_conflict"": false, ""dry_or_high_vpd_risk"": false, ""humidity_or_dew_risk"": false, ""solver_sensitive_risk"": false}",,59
,,0,0,0,False,[],,0.05,"{""crash_warning_score"": 0.0, ""raw_confidence"": 0.05, ""solver_risk"": 0.0, ""vpd_risk"": 0.0}",0,no_candidate,confidence_below_candidate_threshold,"[""confidence_below_candidate_threshold"", ""risk_trigger_missing_or_low""]",False,"{""any_risk"": false, ""co2_ventilation_conflict"": false, ""dry_or_high_vpd_risk"": false, ""humidity_or_dew_risk"": false, ""solver_sensitive_risk"": false}",,60
,,0,0,0,False,[],,0.05,"{""crash_warning_score"": 0.0, ""raw_confidence"": 0.05, ""solver_risk"": 0.0, ""vpd_risk"": 0.0}",0,no_candidate,confidence_below_candidate_threshold,"[""confidence_below_candidate_threshold"", ""risk_trigger_missing_or_low""]",False,"{""any_risk"": false, ""co2_ventilation_conflict"": false, ""dry_or_high_vpd_risk"": false, ""humidity_or_dew_risk"": false, ""solver_sensitive_risk"": false}",,61
,,0,0,0,False,[],,0.05,"{""crash_warning_score"": 0.0, ""raw_confidence"": 0.05, ""solver_risk"": 0.0, ""vpd_risk"": 0.0}",0,no_candidate,confidence_below_candidate_threshold,"[""confidence_below_candidate_threshold"", ""risk_trigger_missing_or_low""]",False,"{""any_risk"": false, ""co2_ventilation_conflict"": false, ""dry_or_high_vpd_risk"": false, ""humidity_or_dew_risk"": false, ""solver_sensitive_risk"": false}",,62
,,0,0,0,False,[],,0.05,"{""crash_warning_score"": 0.0, ""raw_confidence"": 0.05, ""solver_risk"": 0.0, ""vpd_risk"": 0.0}",0,no_candidate,confidence_below_candidate_threshold,"[""confidence_below_candidate_threshold"", ""risk_trigger_missing_or_low""]",False,"{""any_risk"": false, ""co2_ventilation_conflict"": false, ""dry_or_high_vpd_risk"": false, ""humidity_or_dew_risk"": false, ""solver_sensitive_risk"": false}",,63
,,0,0,0,False,[],,0.05,"{""crash_warning_score"": 0.0, ""raw_confidence"": 0.05, ""solver_risk"": 0.0, ""vpd_risk"": 0.0}",0,no_candidate,confidence_below_candidate_threshold,"[""confidence_below_candidate_threshold"", ""risk_trigger_missing_or_low""]",False,"{""any_risk"": false, ""co2_ventilation_conflict"": false, ""dry_or_high_vpd_risk"": false, ""humidity_or_dew_risk"": false, ""solver_sensitive_risk"": false}",,64
,,0,0,0,False,[],,0.05,"{""crash_warning_score"": 0.0, ""raw_confidence"": 0.05, ""solver_risk"": 0.0, ""vpd_risk"": 0.0}",0,no_candidate,confidence_below_candidate_threshold,"[""confidence_below_candidate_threshold"", ""risk_trigger_missing_or_low""]",False,"{""any_risk"": false, ""co2_ventilation_conflict"": false, ""dry_or_high_vpd_risk"": false, ""humidity_or_dew_risk"": false, ""solver_sensitive_risk"": false}",,65
,,0,0,0,False,[],,0.05,"{""crash_warning_score"": 0.0, ""raw_confidence"": 0.05, ""solver_risk"": 0.0, ""vpd_risk"": 0.0}",0,no_candidate,confidence_below_candidate_threshold,"[""confidence_below_candidate_threshold"", ""risk_trigger_missing_or_low""]",False,"{""any_risk"": false, ""co2_ventilation_conflict"": false, ""dry_or_high_vpd_risk"": false, ""humidity_or_dew_risk"": false, ""solver_sensitive_risk"": false}",,66
,,0,0,0,False,[],,0.05,"{""crash_warning_score"": 0.0, ""raw_confidence"": 0.05, ""solver_risk"": 0.0, ""vpd_risk"": 0.0}",0,no_candidate,confidence_below_candidate_threshold,"[""confidence_below_candidate_threshold"", ""risk_trigger_missing_or_low""]",False,"{""any_risk"": false, ""co2_ventilation_conflict"": false, ""dry_or_high_vpd_risk"": false, ""humidity_or_dew_risk"": false, ""solver_sensitive_risk"": false}",,67
,,0,0,0,False,[],,0.05,"{""crash_warning_score"": 0.0, ""raw_confidence"": 0.05, ""solver_risk"": 0.0, ""vpd_risk"": 0.0}",0,no_candidate,confidence_below_candidate_threshold,"[""confidence_below_candidate_threshold"", ""risk_trigger_missing_or_low""]",False,"{""any_risk"": false, ""co2_ventilation_conflict"": false, ""dry_or_high_vpd_risk"": false, ""humidity_or_dew_risk"": false, ""solver_sensitive_risk"": false}",,68
,,0,0,0,False,[],,0.05,"{""crash_warning_score"": 0.0, ""raw_confidence"": 0.05, ""solver_risk"": 0.0, ""vpd_risk"": 0.0}",0,no_candidate,confidence_below_candidate_threshold,"[""confidence_below_candidate_threshold"", ""risk_trigger_missing_or_low""]",False,"{""any_risk"": false, ""co2_ventilation_conflict"": false, ""dry_or_high_vpd_risk"": false, ""humidity_or_dew_risk"": false, ""solver_sensitive_risk"": false}",,69
,,0,0,0,False,[],,0.05,"{""crash_warning_score"": 0.0, ""raw_confidence"": 0.05, ""solver_risk"": 0.0, ""vpd_risk"": 0.0}",0,no_candidate,confidence_below_candidate_threshold,"[""confidence_below_candidate_threshold"", ""risk_trigger_missing_or_low""]",False,"{""any_risk"": false, ""co2_ventilation_conflict"": false, ""dry_or_high_vpd_risk"": false, ""humidity_or_dew_risk"": false, ""solver_sensitive_risk"": false}",,70
,,0,0,0,False,[],,0.05,"{""crash_warning_score"": 0.0, ""raw_confidence"": 0.05, ""solver_risk"": 0.0, ""vpd_risk"": 0.0}",0,no_candidate,confidence_below_candidate_threshold,"[""confidence_below_candidate_threshold"", ""risk_trigger_missing_or_low""]",False,"{""any_risk"": false, ""co2_ventilation_conflict"": false, ""dry_or_high_vpd_risk"": false, ""humidity_or_dew_risk"": false, ""solver_sensitive_risk"": false}",,71
,,0,0,0,False,[],,0.05,"{""crash_warning_score"": 0.0, ""raw_confidence"": 0.05, ""solver_risk"": 0.0, ""vpd_risk"": 0.0}",0,no_candidate,confidence_below_candidate_threshold,"[""confidence_below_candidate_threshold"", ""risk_trigger_missing_or_low""]",False,"{""any_risk"": false, ""co2_ventilation_conflict"": false, ""dry_or_high_vpd_risk"": false, ""humidity_or_dew_risk"": false, ""solver_sensitive_risk"": false}",,72
conservative_prior:conservative_stabilize:5,conservative_stabilize,1,1,0,True,"[""any_risk""]",risk_triggered_conservative_floor,0.05,"{""crash_warning_score"": 0.0, ""raw_confidence"": 0.05, ""solver_risk"": 0.0, ""vpd_risk"": 0.0}",1,lower_score,,[],True,"{""any_risk"": true, ""co2_ventilation_conflict"": false, ""dry_or_high_vpd_risk"": false, ""humidity_or_dew_risk"": true, ""solver_sensitive_risk"": false}",0.10220833192517376,73
,,0,0,0,False,[],,0.05,"{""crash_warning_score"": 0.0, ""raw_confidence"": 0.05, ""solver_risk"": 0.0, ""vpd_risk"": 0.0}",0,no_candidate,confidence_below_candidate_threshold,"[""confidence_below_candidate_threshold"", ""risk_trigger_missing_or_low""]",False,"{""any_risk"": false, ""co2_ventilation_conflict"": false, ""dry_or_high_vpd_risk"": false, ""humidity_or_dew_risk"": false, ""solver_sensitive_risk"": false}",,74
,,0,0,0,False,[],,0.05,"{""crash_warning_score"": 0.0, ""raw_confidence"": 0.05, ""solver_risk"": 0.0, ""vpd_risk"": 0.0}",0,no_candidate,confidence_below_candidate_threshold,"[""confidence_below_candidate_threshold"", ""risk_trigger_missing_or_low""]",False,"{""any_risk"": false, ""co2_ventilation_conflict"": false, ""dry_or_high_vpd_risk"": false, ""humidity_or_dew_risk"": false, ""solver_sensitive_risk"": false}",,75
,,0,0,0,False,[],,0.05,"{""crash_warning_score"": 0.0, ""raw_confidence"": 0.05, ""solver_risk"": 0.0, ""vpd_risk"": 0.0}",0,no_candidate,confidence_below_candidate_threshold,"[""confidence_below_candidate_threshold"", ""risk_trigger_missing_or_low""]",False,"{""any_risk"": false, ""co2_ventilation_conflict"": false, ""dry_or_high_vpd_risk"": false, ""humidity_or_dew_risk"": false, ""solver_sensitive_risk"": false}",,76
,,0,0,0,False,[],,0.05,"{""crash_warning_score"": 0.0, ""raw_confidence"": 0.05, ""solver_risk"": 0.0, ""vpd_risk"": 0.0}",0,no_candidate,confidence_below_candidate_threshold,"[""confidence_below_candidate_threshold"", ""risk_trigger_missing_or_low""]",False,"{""any_risk"": false, ""co2_ventilation_conflict"": false, ""dry_or_high_vpd_risk"": false, ""humidity_or_dew_risk"": false, ""solver_sensitive_risk"": false}",,77
,,0,0,0,False,[],,0.05,"{""crash_warning_score"": 0.0, ""raw_confidence"": 0.05, ""solver_risk"": 0.0, ""vpd_risk"": 0.0}",0,no_candidate,confidence_below_candidate_threshold,"[""confidence_below_candidate_threshold"", ""risk_trigger_missing_or_low""]",False,"{""any_risk"": false, ""co2_ventilation_conflict"": false, ""dry_or_high_vpd_risk"": false, ""humidity_or_dew_risk"": false, ""solver_sensitive_risk"": false}",,78
,,0,0,0,False,[],,0.05,"{""crash_warning_score"": 0.0, ""raw_confidence"": 0.05, ""solver_risk"": 0.0, ""vpd_risk"": 0.0}",0,no_candidate,confidence_below_candidate_threshold,"[""confidence_below_candidate_threshold"", ""risk_trigger_missing_or_low""]",False,"{""any_risk"": false, ""co2_ventilation_conflict"": false, ""dry_or_high_vpd_risk"": false, ""humidity_or_dew_risk"": false, ""solver_sensitive_risk"": false}",,79
,,0,0,0,False,[],,0.05,"{""crash_warning_score"": 0.0, ""raw_confidence"": 0.05, ""solver_risk"": 0.0, ""vpd_risk"": 0.0}",0,no_candidate,confidence_below_candidate_threshold,"[""confidence_below_candidate_threshold"", ""risk_trigger_missing_or_low""]",False,"{""any_risk"": false, ""co2_ventilation_conflict"": false, ""dry_or_high_vpd_risk"": false, ""humidity_or_dew_risk"": false, ""solver_sensitive_risk"": false}",,80
,,0,0,0,False,[],,0.05,"{""crash_warning_score"": 0.0, ""raw_confidence"": 0.05, ""solver_risk"": 0.0, ""vpd_risk"": 0.0}",0,no_candidate,confidence_below_candidate_threshold,"[""confidence_below_candidate_threshold"", ""risk_trigger_missing_or_low""]",False,"{""any_risk"": false, ""co2_ventilation_conflict"": false, ""dry_or_high_vpd_risk"": false, ""humidity_or_dew_risk"": false, ""solver_sensitive_risk"": false}",,81
,,0,0,0,False,[],,0.05,"{""crash_warning_score"": 0.0, ""raw_confidence"": 0.05, ""solver_risk"": 0.0, ""vpd_risk"": 0.0}",0,no_candidate,confidence_below_candidate_threshold,"[""confidence_below_candidate_threshold"", ""risk_trigger_missing_or_low""]",False,"{""any_risk"": false, ""co2_ventilation_conflict"": false, ""dry_or_high_vpd_risk"": false, ""humidity_or_dew_risk"": false, ""solver_sensitive_risk"": false}",,82
,,0,0,0,False,[],,0.05,"{""crash_warning_score"": 0.0, ""raw_confidence"": 0.05, ""solver_risk"": 0.0, ""vpd_risk"": 0.0}",0,no_candidate,confidence_below_candidate_threshold,"[""confidence_below_candidate_threshold"", ""risk_trigger_missing_or_low""]",False,"{""any_risk"": false, ""co2_ventilation_conflict"": false, ""dry_or_high_vpd_risk"": false, ""humidity_or_dew_risk"": false, ""solver_sensitive_risk"": false}",,83
,,0,0,0,False,[],,0.05,"{""crash_warning_score"": 0.0, ""raw_confidence"": 0.05, ""solver_risk"": 0.0, ""vpd_risk"": 0.0}",0,no_candidate,confidence_below_candidate_threshold,"[""confidence_below_candidate_threshold"", ""risk_trigger_missing_or_low""]",False,"{""any_risk"": false, ""co2_ventilation_conflict"": false, ""dry_or_high_vpd_risk"": false, ""humidity_or_dew_risk"": false, ""solver_sensitive_risk"": false}",,84
,,0,0,0,False,[],,0.05,"{""crash_warning_score"": 0.0, ""raw_confidence"": 0.05, ""solver_risk"": 0.0, ""vpd_risk"": 0.0}",0,no_candidate,confidence_below_candidate_threshold,"[""confidence_below_candidate_threshold"", ""risk_trigger_missing_or_low""]",False,"{""any_risk"": false, ""co2_ventilation_conflict"": false, ""dry_or_high_vpd_risk"": false, ""humidity_or_dew_risk"": false, ""solver_sensitive_risk"": false}",,85
,,0,0,0,False,[],,0.05,"{""crash_warning_score"": 0.0, ""raw_confidence"": 0.05, ""solver_risk"": 0.0, ""vpd_risk"": 0.0}",0,no_candidate,confidence_below_candidate_threshold,"[""confidence_below_candidate_threshold"", ""risk_trigger_missing_or_low""]",False,"{""any_risk"": false, ""co2_ventilation_conflict"": false, ""dry_or_high_vpd_risk"": false, ""humidity_or_dew_risk"": false, ""solver_sensitive_risk"": false}",,86
,,0,0,0,False,[],,0.05,"{""crash_warning_score"": 0.0, ""raw_confidence"": 0.05, ""solver_risk"": 0.0, ""vpd_risk"": 0.0}",0,no_candidate,confidence_below_candidate_threshold,"[""confidence_below_candidate_threshold"", ""risk_trigger_missing_or_low""]",False,"{""any_risk"": false, ""co2_ventilation_conflict"": false, ""dry_or_high_vpd_risk"": false, ""humidity_or_dew_risk"": false, ""solver_sensitive_risk"": false}",,87
,,0,0,0,False,[],,0.05,"{""crash_warning_score"": 0.0, ""raw_confidence"": 0.05, ""solver_risk"": 0.0, ""vpd_risk"": 0.0}",0,no_candidate,confidence_below_candidate_threshold,"[""confidence_below_candidate_threshold"", ""risk_trigger_missing_or_low""]",False,"{""any_risk"": false, ""co2_ventilation_conflict"": false, ""dry_or_high_vpd_risk"": false, ""humidity_or_dew_risk"": false, ""solver_sensitive_risk"": false}",,88
,,0,0,0,False,[],,0.05,"{""crash_warning_score"": 0.0, ""raw_confidence"": 0.05, ""solver_risk"": 0.0, ""vpd_risk"": 0.0}",0,no_candidate,confidence_below_candidate_threshold,"[""confidence_below_candidate_threshold"", ""risk_trigger_missing_or_low""]",False,"{""any_risk"": false, ""co2_ventilation_conflict"": false, ""dry_or_high_vpd_risk"": false, ""humidity_or_dew_risk"": false, ""solver_sensitive_risk"": false}",,89
,,0,0,0,False,[],,0.05,"{""crash_warning_score"": 0.0, ""raw_confidence"": 0.05, ""solver_risk"": 0.0, ""vpd_risk"": 0.0}",0,no_candidate,confidence_below_candidate_threshold,"[""confidence_below_candidate_threshold"", ""risk_trigger_missing_or_low""]",False,"{""any_risk"": false, ""co2_ventilation_conflict"": false, ""dry_or_high_vpd_risk"": false, ""humidity_or_dew_risk"": false, ""solver_sensitive_risk"": false}",,90
,,0,0,0,False,[],,0.05,"{""crash_warning_score"": 0.0, ""raw_confidence"": 0.05, ""solver_risk"": 0.0, ""vpd_risk"": 0.0}",0,no_candidate,confidence_below_candidate_threshold,"[""confidence_below_candidate_threshold"", ""risk_trigger_missing_or_low""]",False,"{""any_risk"": false, ""co2_ventilation_conflict"": false, ""dry_or_high_vpd_risk"": false, ""humidity_or_dew_risk"": false, ""solver_sensitive_risk"": false}",,91
,,0,0,0,False,[],,0.05,"{""crash_warning_score"": 0.0, ""raw_confidence"": 0.05, ""solver_risk"": 0.0, ""vpd_risk"": 0.0}",0,no_candidate,confidence_below_candidate_threshold,"[""confidence_below_candidate_threshold"", ""risk_trigger_missing_or_low""]",False,"{""any_risk"": false, ""co2_ventilation_conflict"": false, ""dry_or_high_vpd_risk"": false, ""humidity_or_dew_risk"": false, ""solver_sensitive_risk"": false}",,92
,,0,0,0,False,[],,0.05,"{""crash_warning_score"": 0.0, ""raw_confidence"": 0.05, ""solver_risk"": 0.0, ""vpd_risk"": 0.0}",0,no_candidate,confidence_below_candidate_threshold,"[""confidence_below_candidate_threshold"", ""risk_trigger_missing_or_low""]",False,"{""any_risk"": false, ""co2_ventilation_conflict"": false, ""dry_or_high_vpd_risk"": false, ""humidity_or_dew_risk"": false, ""solver_sensitive_risk"": false}",,93
,,0,0,0,False,[],,0.05,"{""crash_warning_score"": 0.0, ""raw_confidence"": 0.05, ""solver_risk"": 0.0, ""vpd_risk"": 0.0}",0,no_candidate,confidence_below_candidate_threshold,"[""confidence_below_candidate_threshold"", ""risk_trigger_missing_or_low""]",False,"{""any_risk"": false, ""co2_ventilation_conflict"": false, ""dry_or_high_vpd_risk"": false, ""humidity_or_dew_risk"": false, ""solver_sensitive_risk"": false}",,94
,,0,0,0,False,[],,0.05,"{""crash_warning_score"": 0.0, ""raw_confidence"": 0.05, ""solver_risk"": 0.0, ""vpd_risk"": 0.0}",0,no_candidate,confidence_below_candidate_threshold,"[""confidence_below_candidate_threshold"", ""risk_trigger_missing_or_low""]",False,"{""any_risk"": false, ""co2_ventilation_conflict"": false, ""dry_or_high_vpd_risk"": false, ""humidity_or_dew_risk"": false, ""solver_sensitive_risk"": false}",,95
,,0,0,0,False,[],,0.05,"{""crash_warning_score"": 0.0, ""raw_confidence"": 0.05, ""solver_risk"": 0.0, ""vpd_risk"": 0.0}",0,no_candidate,confidence_below_candidate_threshold,"[""confidence_below_candidate_threshold"", ""risk_trigger_missing_or_low""]",False,"{""any_risk"": false, ""co2_ventilation_conflict"": false, ""dry_or_high_vpd_risk"": false, ""humidity_or_dew_risk"": false, ""solver_sensitive_risk"": false}",,96
,,0,0,0,False,[],,0.05,"{""crash_warning_score"": 0.0, ""raw_confidence"": 0.05, ""solver_risk"": 0.0, ""vpd_risk"": 0.0}",0,no_candidate,confidence_below_candidate_threshold,"[""confidence_below_candidate_threshold"", ""risk_trigger_missing_or_low""]",False,"{""any_risk"": false, ""co2_ventilation_conflict"": false, ""dry_or_high_vpd_risk"": false, ""humidity_or_dew_risk"": false, ""solver_sensitive_risk"": false}",,97
,,0,0,0,False,[],,0.05,"{""crash_warning_score"": 0.0, ""raw_confidence"": 0.05, ""solver_risk"": 0.0, ""vpd_risk"": 0.0}",0,no_candidate,confidence_below_candidate_threshold,"[""confidence_below_candidate_threshold"", ""risk_trigger_missing_or_low""]",False,"{""any_risk"": false, ""co2_ventilation_conflict"": false, ""dry_or_high_vpd_risk"": false, ""humidity_or_dew_risk"": false, ""solver_sensitive_risk"": false}",,98
,,0,0,0,False,[],,0.05,"{""crash_warning_score"": 0.0, ""raw_confidence"": 0.05, ""solver_risk"": 0.0, ""vpd_risk"": 0.0}",0,no_candidate,confidence_below_candidate_threshold,"[""confidence_below_candidate_threshold"", ""risk_trigger_missing_or_low""]",False,"{""any_risk"": false, ""co2_ventilation_conflict"": false, ""dry_or_high_vpd_risk"": false, ""humidity_or_dew_risk"": false, ""solver_sensitive_risk"": false}",,99
,,0,0,0,False,[],,0.05,"{""crash_warning_score"": 0.0, ""raw_confidence"": 0.05, ""solver_risk"": 0.0, ""vpd_risk"": 0.0}",0,no_candidate,confidence_below_candidate_threshold,"[""confidence_below_candidate_threshold"", ""risk_trigger_missing_or_low""]",False,"{""any_risk"": false, ""co2_ventilation_conflict"": false, ""dry_or_high_vpd_risk"": false, ""humidity_or_dew_risk"": false, ""solver_sensitive_risk"": false}",,100
,,0,0,0,False,[],,0.05,"{""crash_warning_score"": 0.0, ""raw_confidence"": 0.05, ""solver_risk"": 0.0, ""vpd_risk"": 0.0}",0,no_candidate,confidence_below_candidate_threshold,"[""confidence_below_candidate_threshold"", ""risk_trigger_missing_or_low""]",False,"{""any_risk"": false, ""co2_ventilation_conflict"": false, ""dry_or_high_vpd_risk"": false, ""humidity_or_dew_risk"": false, ""solver_sensitive_risk"": false}",,101
,,0,0,0,False,[],,0.05,"{""crash_warning_score"": 0.0, ""raw_confidence"": 0.05, ""solver_risk"": 0.0, ""vpd_risk"": 0.0}",0,no_candidate,confidence_below_candidate_threshold,"[""confidence_below_candidate_threshold"", ""risk_trigger_missing_or_low""]",False,"{""any_risk"": false, ""co2_ventilation_conflict"": false, ""dry_or_high_vpd_risk"": false, ""humidity_or_dew_risk"": false, ""solver_sensitive_risk"": false}",,102
,,0,0,0,False,[],,0.05,"{""crash_warning_score"": 0.0, ""raw_confidence"": 0.05, ""solver_risk"": 0.0, ""vpd_risk"": 0.0}",0,no_candidate,confidence_below_candidate_threshold,"[""confidence_below_candidate_threshold"", ""risk_trigger_missing_or_low""]",False,"{""any_risk"": false, ""co2_ventilation_conflict"": false, ""dry_or_high_vpd_risk"": false, ""humidity_or_dew_risk"": false, ""solver_sensitive_risk"": false}",,103
,,0,0,0,False,[],,0.05,"{""crash_warning_score"": 0.0, ""raw_confidence"": 0.05, ""solver_risk"": 0.0, ""vpd_risk"": 0.0}",0,no_candidate,confidence_below_candidate_threshold,"[""confidence_below_candidate_threshold"", ""risk_trigger_missing_or_low""]",False,"{""any_risk"": false, ""co2_ventilation_conflict"": false, ""dry_or_high_vpd_risk"": false, ""humidity_or_dew_risk"": false, ""solver_sensitive_risk"": false}",,104
,,0,0,0,False,[],,0.05,"{""crash_warning_score"": 0.0, ""raw_confidence"": 0.05, ""solver_risk"": 0.0, ""vpd_risk"": 0.0}",0,no_candidate,confidence_below_candidate_threshold,"[""confidence_below_candidate_threshold"", ""risk_trigger_missing_or_low""]",False,"{""any_risk"": false, ""co2_ventilation_conflict"": false, ""dry_or_high_vpd_risk"": false, ""humidity_or_dew_risk"": false, ""solver_sensitive_risk"": false}",,105
,,0,0,0,False,[],,0.05,"{""crash_warning_score"": 0.0, ""raw_confidence"": 0.05, ""solver_risk"": 0.0, ""vpd_risk"": 0.0}",0,no_candidate,confidence_below_candidate_threshold,"[""confidence_below_candidate_threshold"", ""risk_trigger_missing_or_low""]",False,"{""any_risk"": false, ""co2_ventilation_conflict"": false, ""dry_or_high_vpd_risk"": false, ""humidity_or_dew_risk"": false, ""solver_sensitive_risk"": false}",,106
,,0,0,0,False,[],,0.05,"{""crash_warning_score"": 0.0, ""raw_confidence"": 0.05, ""solver_risk"": 0.0, ""vpd_risk"": 0.0}",0,no_candidate,confidence_below_candidate_threshold,"[""confidence_below_candidate_threshold"", ""risk_trigger_missing_or_low""]",False,"{""any_risk"": false, ""co2_ventilation_conflict"": false, ""dry_or_high_vpd_risk"": false, ""humidity_or_dew_risk"": false, ""solver_sensitive_risk"": false}",,107
,,0,0,0,False,[],,0.05,"{""crash_warning_score"": 0.0, ""raw_confidence"": 0.05, ""solver_risk"": 0.0, ""vpd_risk"": 0.0}",0,no_candidate,confidence_below_candidate_threshold,"[""confidence_below_candidate_threshold"", ""risk_trigger_missing_or_low""]",False,"{""any_risk"": false, ""co2_ventilation_conflict"": false, ""dry_or_high_vpd_risk"": false, ""humidity_or_dew_risk"": false, ""solver_sensitive_risk"": false}",,108
,,0,0,0,False,[],,0.05,"{""crash_warning_score"": 0.0, ""raw_confidence"": 0.05, ""solver_risk"": 0.0, ""vpd_risk"": 0.0}",0,no_candidate,confidence_below_candidate_threshold,"[""confidence_below_candidate_threshold"", ""risk_trigger_missing_or_low""]",False,"{""any_risk"": false, ""co2_ventilation_conflict"": false, ""dry_or_high_vpd_risk"": false, ""humidity_or_dew_risk"": false, ""solver_sensitive_risk"": false}",,109
,,0,0,0,False,[],,0.05,"{""crash_warning_score"": 0.0, ""raw_confidence"": 0.05, ""solver_risk"": 0.0, ""vpd_risk"": 0.0}",0,no_candidate,confidence_below_candidate_threshold,"[""confidence_below_candidate_threshold"", ""risk_trigger_missing_or_low""]",False,"{""any_risk"": false, ""co2_ventilation_conflict"": false, ""dry_or_high_vpd_risk"": false, ""humidity_or_dew_risk"": false, ""solver_sensitive_risk"": false}",,110
,,0,0,0,False,[],,0.05,"{""crash_warning_score"": 0.0, ""raw_confidence"": 0.05, ""solver_risk"": 0.0, ""vpd_risk"": 0.0}",0,no_candidate,confidence_below_candidate_threshold,"[""confidence_below_candidate_threshold"", ""risk_trigger_missing_or_low""]",False,"{""any_risk"": false, ""co2_ventilation_conflict"": false, ""dry_or_high_vpd_risk"": false, ""humidity_or_dew_risk"": false, ""solver_sensitive_risk"": false}",,111
,,0,0,0,False,[],,0.05,"{""crash_warning_score"": 0.0, ""raw_confidence"": 0.05, ""solver_risk"": 0.0, ""vpd_risk"": 0.0}",0,no_candidate,confidence_below_candidate_threshold,"[""confidence_below_candidate_threshold"", ""risk_trigger_missing_or_low""]",False,"{""any_risk"": false, ""co2_ventilation_conflict"": false, ""dry_or_high_vpd_risk"": false, ""humidity_or_dew_risk"": false, ""solver_sensitive_risk"": false}",,112
,,0,0,0,False,[],,0.05,"{""crash_warning_score"": 0.0, ""raw_confidence"": 0.05, ""solver_risk"": 0.0, ""vpd_risk"": 0.0}",0,no_candidate,confidence_below_candidate_threshold,"[""confidence_below_candidate_threshold"", ""risk_trigger_missing_or_low""]",False,"{""any_risk"": false, ""co2_ventilation_conflict"": false, ""dry_or_high_vpd_risk"": false, ""humidity_or_dew_risk"": false, ""solver_sensitive_risk"": false}",,113
,,0,0,0,False,[],,0.05,"{""crash_warning_score"": 0.0, ""raw_confidence"": 0.05, ""solver_risk"": 0.0, ""vpd_risk"": 0.0}",0,no_candidate,confidence_below_candidate_threshold,"[""confidence_below_candidate_threshold"", ""risk_trigger_missing_or_low""]",False,"{""any_risk"": false, ""co2_ventilation_conflict"": false, ""dry_or_high_vpd_risk"": false, ""humidity_or_dew_risk"": false, ""solver_sensitive_risk"": false}",,114
,,0,0,0,False,[],,0.05,"{""crash_warning_score"": 0.0, ""raw_confidence"": 0.05, ""solver_risk"": 0.0, ""vpd_risk"": 0.0}",0,no_candidate,confidence_below_candidate_threshold,"[""confidence_below_candidate_threshold"", ""risk_trigger_missing_or_low""]",False,"{""any_risk"": false, ""co2_ventilation_conflict"": false, ""dry_or_high_vpd_risk"": false, ""humidity_or_dew_risk"": false, ""solver_sensitive_risk"": false}",,115
,,0,0,0,False,[],,0.05,"{""crash_warning_score"": 0.0, ""raw_confidence"": 0.05, ""solver_risk"": 0.0, ""vpd_risk"": 0.0}",0,no_candidate,confidence_below_candidate_threshold,"[""confidence_below_candidate_threshold"", ""risk_trigger_missing_or_low""]",False,"{""any_risk"": false, ""co2_ventilation_conflict"": false, ""dry_or_high_vpd_risk"": false, ""humidity_or_dew_risk"": false, ""solver_sensitive_risk"": false}",,116
,,0,0,0,False,[],,0.05,"{""crash_warning_score"": 0.0, ""raw_confidence"": 0.05, ""solver_risk"": 0.0, ""vpd_risk"": 0.0}",0,no_candidate,confidence_below_candidate_threshold,"[""confidence_below_candidate_threshold"", ""risk_trigger_missing_or_low""]",False,"{""any_risk"": false, ""co2_ventilation_conflict"": false, ""dry_or_high_vpd_risk"": false, ""humidity_or_dew_risk"": false, ""solver_sensitive_risk"": false}",,117
,,0,0,0,False,[],,0.05,"{""crash_warning_score"": 0.0, ""raw_confidence"": 0.05, ""solver_risk"": 0.0, ""vpd_risk"": 0.0}",0,no_candidate,confidence_below_candidate_threshold,"[""confidence_below_candidate_threshold"", ""risk_trigger_missing_or_low""]",False,"{""any_risk"": false, ""co2_ventilation_conflict"": false, ""dry_or_high_vpd_risk"": false, ""humidity_or_dew_risk"": false, ""solver_sensitive_risk"": false}",,118
,,0,0,0,False,[],,0.05,"{""crash_warning_score"": 0.0, ""raw_confidence"": 0.05, ""solver_risk"": 0.0, ""vpd_risk"": 0.0}",0,no_candidate,confidence_below_candidate_threshold,"[""confidence_below_candidate_threshold"", ""risk_trigger_missing_or_low""]",False,"{""any_risk"": false, ""co2_ventilation_conflict"": false, ""dry_or_high_vpd_risk"": false, ""humidity_or_dew_risk"": false, ""solver_sensitive_risk"": false}",,119
,,0,0,0,False,[],,0.05,"{""crash_warning_score"": 0.0, ""raw_confidence"": 0.05, ""solver_risk"": 0.0, ""vpd_risk"": 0.0}",0,no_candidate,confidence_below_candidate_threshold,"[""confidence_below_candidate_threshold"", ""risk_trigger_missing_or_low""]",False,"{""any_risk"": false, ""co2_ventilation_conflict"": false, ""dry_or_high_vpd_risk"": false, ""humidity_or_dew_risk"": false, ""solver_sensitive_risk"": false}",,120
,,0,0,0,False,[],,0.05,"{""crash_warning_score"": 0.0, ""raw_confidence"": 0.05, ""solver_risk"": 0.0, ""vpd_risk"": 0.0}",0,no_candidate,confidence_below_candidate_threshold,"[""confidence_below_candidate_threshold"", ""risk_trigger_missing_or_low""]",False,"{""any_risk"": false, ""co2_ventilation_conflict"": false, ""dry_or_high_vpd_risk"": false, ""humidity_or_dew_risk"": false, ""solver_sensitive_risk"": false}",,121
,,0,0,0,False,[],,0.05,"{""crash_warning_score"": 0.0, ""raw_confidence"": 0.05, ""solver_risk"": 0.0, ""vpd_risk"": 0.0}",0,no_candidate,confidence_below_candidate_threshold,"[""confidence_below_candidate_threshold"", ""risk_trigger_missing_or_low""]",False,"{""any_risk"": false, ""co2_ventilation_conflict"": false, ""dry_or_high_vpd_risk"": false, ""humidity_or_dew_risk"": false, ""solver_sensitive_risk"": false}",,122
,,0,0,0,False,[],,0.05,"{""crash_warning_score"": 0.0, ""raw_confidence"": 0.05, ""solver_risk"": 0.0, ""vpd_risk"": 0.0}",0,no_candidate,confidence_below_candidate_threshold,"[""confidence_below_candidate_threshold"", ""risk_trigger_missing_or_low""]",False,"{""any_risk"": false, ""co2_ventilation_conflict"": false, ""dry_or_high_vpd_risk"": false, ""humidity_or_dew_risk"": false, ""solver_sensitive_risk"": false}",,123
,,0,0,0,False,[],,0.05,"{""crash_warning_score"": 0.0, ""raw_confidence"": 0.05, ""solver_risk"": 0.0, ""vpd_risk"": 0.0}",0,no_candidate,confidence_below_candidate_threshold,"[""confidence_below_candidate_threshold"", ""risk_trigger_missing_or_low""]",False,"{""any_risk"": false, ""co2_ventilation_conflict"": false, ""dry_or_high_vpd_risk"": false, ""humidity_or_dew_risk"": false, ""solver_sensitive_risk"": false}",,124
,,0,0,0,False,[],,0.05,"{""crash_warning_score"": 0.0, ""raw_confidence"": 0.05, ""solver_risk"": 0.0, ""vpd_risk"": 0.0}",0,no_candidate,confidence_below_candidate_threshold,"[""confidence_below_candidate_threshold"", ""risk_trigger_missing_or_low""]",False,"{""any_risk"": false, ""co2_ventilation_conflict"": false, ""dry_or_high_vpd_risk"": false, ""humidity_or_dew_risk"": false, ""solver_sensitive_risk"": false}",,125
,,0,0,0,False,[],,0.05,"{""crash_warning_score"": 0.0, ""raw_confidence"": 0.05, ""solver_risk"": 0.0, ""vpd_risk"": 0.0}",0,no_candidate,confidence_below_candidate_threshold,"[""confidence_below_candidate_threshold"", ""risk_trigger_missing_or_low""]",False,"{""any_risk"": false, ""co2_ventilation_conflict"": false, ""dry_or_high_vpd_risk"": false, ""humidity_or_dew_risk"": false, ""solver_sensitive_risk"": false}",,126
,,0,0,0,False,[],,0.05,"{""crash_warning_score"": 0.0, ""raw_confidence"": 0.05, ""solver_risk"": 0.0, ""vpd_risk"": 0.0}",0,no_candidate,confidence_below_candidate_threshold,"[""confidence_below_candidate_threshold"", ""risk_trigger_missing_or_low""]",False,"{""any_risk"": false, ""co2_ventilation_conflict"": false, ""dry_or_high_vpd_risk"": false, ""humidity_or_dew_risk"": false, ""solver_sensitive_risk"": false}",,127
,,0,0,0,False,[],,0.05,"{""crash_warning_score"": 0.0, ""raw_confidence"": 0.05, ""solver_risk"": 0.0, ""vpd_risk"": 0.0}",0,no_candidate,confidence_below_candidate_threshold,"[""confidence_below_candidate_threshold"", ""risk_trigger_missing_or_low""]",False,"{""any_risk"": false, ""co2_ventilation_conflict"": false, ""dry_or_high_vpd_risk"": false, ""humidity_or_dew_risk"": false, ""solver_sensitive_risk"": false}",,128
,,0,0,0,False,[],,0.05,"{""crash_warning_score"": 0.0, ""raw_confidence"": 0.05, ""solver_risk"": 0.0, ""vpd_risk"": 0.0}",0,no_candidate,confidence_below_candidate_threshold,"[""confidence_below_candidate_threshold"", ""risk_trigger_missing_or_low""]",False,"{""any_risk"": false, ""co2_ventilation_conflict"": false, ""dry_or_high_vpd_risk"": false, ""humidity_or_dew_risk"": false, ""solver_sensitive_risk"": false}",,129
,,0,0,0,False,[],,0.05,"{""crash_warning_score"": 0.0, ""raw_confidence"": 0.05, ""solver_risk"": 0.0, ""vpd_risk"": 0.0}",0,no_candidate,confidence_below_candidate_threshold,"[""confidence_below_candidate_threshold"", ""risk_trigger_missing_or_low""]",False,"{""any_risk"": false, ""co2_ventilation_conflict"": false, ""dry_or_high_vpd_risk"": false, ""humidity_or_dew_risk"": false, ""solver_sensitive_risk"": false}",,130
,,0,0,0,False,[],,0.05,"{""crash_warning_score"": 0.0, ""raw_confidence"": 0.05, ""solver_risk"": 0.0, ""vpd_risk"": 0.0}",0,no_candidate,confidence_below_candidate_threshold,"[""confidence_below_candidate_threshold"", ""risk_trigger_missing_or_low""]",False,"{""any_risk"": false, ""co2_ventilation_conflict"": false, ""dry_or_high_vpd_risk"": false, ""humidity_or_dew_risk"": false, ""solver_sensitive_risk"": false}",,131
,,0,0,0,False,[],,0.05,"{""crash_warning_score"": 0.0, ""raw_confidence"": 0.05, ""solver_risk"": 0.0, ""vpd_risk"": 0.0}",0,no_candidate,confidence_below_candidate_threshold,"[""confidence_below_candidate_threshold"", ""risk_trigger_missing_or_low""]",False,"{""any_risk"": false, ""co2_ventilation_conflict"": false, ""dry_or_high_vpd_risk"": false, ""humidity_or_dew_risk"": false, ""solver_sensitive_risk"": false}",,132
,,0,0,0,False,[],,0.05,"{""crash_warning_score"": 0.0, ""raw_confidence"": 0.05, ""solver_risk"": 0.0, ""vpd_risk"": 0.0}",0,no_candidate,confidence_below_candidate_threshold,"[""confidence_below_candidate_threshold"", ""risk_trigger_missing_or_low""]",False,"{""any_risk"": false, ""co2_ventilation_conflict"": false, ""dry_or_high_vpd_risk"": false, ""humidity_or_dew_risk"": false, ""solver_sensitive_risk"": false}",,133
,,0,0,0,False,[],,0.05,"{""crash_warning_score"": 0.0, ""raw_confidence"": 0.05, ""solver_risk"": 0.0, ""vpd_risk"": 0.0}",0,no_candidate,confidence_below_candidate_threshold,"[""confidence_below_candidate_threshold"", ""risk_trigger_missing_or_low""]",False,"{""any_risk"": false, ""co2_ventilation_conflict"": false, ""dry_or_high_vpd_risk"": false, ""humidity_or_dew_risk"": false, ""solver_sensitive_risk"": false}",,134
,,0,0,0,False,[],,0.05,"{""crash_warning_score"": 0.0, ""raw_confidence"": 0.05, ""solver_risk"": 0.0, ""vpd_risk"": 0.0}",0,no_candidate,confidence_below_candidate_threshold,"[""confidence_below_candidate_threshold"", ""risk_trigger_missing_or_low""]",False,"{""any_risk"": false, ""co2_ventilation_conflict"": false, ""dry_or_high_vpd_risk"": false, ""humidity_or_dew_risk"": false, ""solver_sensitive_risk"": false}",,135
,,0,0,0,False,[],,0.05,"{""crash_warning_score"": 0.0, ""raw_confidence"": 0.05, ""solver_risk"": 0.0, ""vpd_risk"": 0.0}",0,no_candidate,confidence_below_candidate_threshold,"[""confidence_below_candidate_threshold"", ""risk_trigger_missing_or_low""]",False,"{""any_risk"": false, ""co2_ventilation_conflict"": false, ""dry_or_high_vpd_risk"": false, ""humidity_or_dew_risk"": false, ""solver_sensitive_risk"": false}",,136
,,0,0,0,False,[],,0.05,"{""crash_warning_score"": 0.0, ""raw_confidence"": 0.05, ""solver_risk"": 0.0, ""vpd_risk"": 0.0}",0,no_candidate,confidence_below_candidate_threshold,"[""confidence_below_candidate_threshold"", ""risk_trigger_missing_or_low""]",False,"{""any_risk"": false, ""co2_ventilation_conflict"": false, ""dry_or_high_vpd_risk"": false, ""humidity_or_dew_risk"": false, ""solver_sensitive_risk"": false}",,137
,,0,0,0,False,[],,0.05,"{""crash_warning_score"": 0.0, ""raw_confidence"": 0.05, ""solver_risk"": 0.0, ""vpd_risk"": 0.0}",0,no_candidate,confidence_below_candidate_threshold,"[""confidence_below_candidate_threshold"", ""risk_trigger_missing_or_low""]",False,"{""any_risk"": false, ""co2_ventilation_conflict"": false, ""dry_or_high_vpd_risk"": false, ""humidity_or_dew_risk"": false, ""solver_sensitive_risk"": false}",,138
,,0,0,0,False,[],,0.05,"{""crash_warning_score"": 0.0, ""raw_confidence"": 0.05, ""solver_risk"": 0.0, ""vpd_risk"": 0.0}",0,no_candidate,confidence_below_candidate_threshold,"[""confidence_below_candidate_threshold"", ""risk_trigger_missing_or_low""]",False,"{""any_risk"": false, ""co2_ventilation_conflict"": false, ""dry_or_high_vpd_risk"": false, ""humidity_or_dew_risk"": false, ""solver_sensitive_risk"": false}",,139
,,0,0,0,False,[],,0.05,"{""crash_warning_score"": 0.0, ""raw_confidence"": 0.05, ""solver_risk"": 0.0, ""vpd_risk"": 0.0}",0,no_candidate,confidence_below_candidate_threshold,"[""confidence_below_candidate_threshold"", ""risk_trigger_missing_or_low""]",False,"{""any_risk"": false, ""co2_ventilation_conflict"": false, ""dry_or_high_vpd_risk"": false, ""humidity_or_dew_risk"": false, ""solver_sensitive_risk"": false}",,140
,,0,0,0,False,[],,0.05,"{""crash_warning_score"": 0.0, ""raw_confidence"": 0.05, ""solver_risk"": 0.0, ""vpd_risk"": 0.0}",0,no_candidate,confidence_below_candidate_threshold,"[""confidence_below_candidate_threshold"", ""risk_trigger_missing_or_low""]",False,"{""any_risk"": false, ""co2_ventilation_conflict"": false, ""dry_or_high_vpd_risk"": false, ""humidity_or_dew_risk"": false, ""solver_sensitive_risk"": false}",,141
,,0,0,0,False,[],,0.05,"{""crash_warning_score"": 0.0, ""raw_confidence"": 0.05, ""solver_risk"": 0.0, ""vpd_risk"": 0.0}",0,no_candidate,confidence_below_candidate_threshold,"[""confidence_below_candidate_threshold"", ""risk_trigger_missing_or_low""]",False,"{""any_risk"": false, ""co2_ventilation_conflict"": false, ""dry_or_high_vpd_risk"": false, ""humidity_or_dew_risk"": false, ""solver_sensitive_risk"": false}",,142
,,0,0,0,False,[],,0.05,"{""crash_warning_score"": 0.0, ""raw_confidence"": 0.05, ""solver_risk"": 0.0, ""vpd_risk"": 0.0}",0,no_candidate,confidence_below_candidate_threshold,"[""confidence_below_candidate_threshold"", ""risk_trigger_missing_or_low""]",False,"{""any_risk"": false, ""co2_ventilation_conflict"": false, ""dry_or_high_vpd_risk"": false, ""humidity_or_dew_risk"": false, ""solver_sensitive_risk"": false}",,143
,,0,0,0,False,[],,0.05,"{""crash_warning_score"": 0.0, ""raw_confidence"": 0.05, ""solver_risk"": 0.0, ""vpd_risk"": 0.0}",0,no_candidate,confidence_below_candidate_threshold,"[""confidence_below_candidate_threshold"", ""risk_trigger_missing_or_low""]",False,"{""any_risk"": false, ""co2_ventilation_conflict"": false, ""dry_or_high_vpd_risk"": false, ""humidity_or_dew_risk"": false, ""solver_sensitive_risk"": false}",,144
,,0,0,0,False,[],,0.05,"{""crash_warning_score"": 0.0, ""raw_confidence"": 0.05, ""solver_risk"": 0.0, ""vpd_risk"": 0.0}",0,no_candidate,confidence_below_candidate_threshold,"[""confidence_below_candidate_threshold"", ""risk_trigger_missing_or_low""]",False,"{""any_risk"": false, ""co2_ventilation_conflict"": false, ""dry_or_high_vpd_risk"": false, ""humidity_or_dew_risk"": false, ""solver_sensitive_risk"": false}",,145
,,0,0,0,False,[],,0.05,"{""crash_warning_score"": 0.0, ""raw_confidence"": 0.05, ""solver_risk"": 0.0, ""vpd_risk"": 0.0}",0,no_candidate,confidence_below_candidate_threshold,"[""confidence_below_candidate_threshold"", ""risk_trigger_missing_or_low""]",False,"{""any_risk"": false, ""co2_ventilation_conflict"": false, ""dry_or_high_vpd_risk"": false, ""humidity_or_dew_risk"": false, ""solver_sensitive_risk"": false}",,146
conservative_prior:conservative_stabilize:5,conservative_stabilize,1,1,0,True,"[""any_risk""]",risk_triggered_conservative_floor,0.05,"{""crash_warning_score"": 0.0, ""raw_confidence"": 0.05, ""solver_risk"": 0.0, ""vpd_risk"": 0.0}",1,lower_score,,[],True,"{""any_risk"": true, ""co2_ventilation_conflict"": false, ""dry_or_high_vpd_risk"": true, ""humidity_or_dew_risk"": false, ""solver_sensitive_risk"": false}",0.056374999731779285,147
conservative_prior:conservative_stabilize:5,conservative_stabilize,1,1,0,True,"[""any_risk""]",risk_triggered_conservative_floor,0.05,"{""crash_warning_score"": 0.0, ""raw_confidence"": 0.05, ""solver_risk"": 0.0, ""vpd_risk"": 0.0}",1,lower_score,,[],True,"{""any_risk"": true, ""co2_ventilation_conflict"": false, ""dry_or_high_vpd_risk"": true, ""humidity_or_dew_risk"": false, ""solver_sensitive_risk"": false}",0.056374999731779285,148
conservative_prior:conservative_stabilize:5,conservative_stabilize,1,1,0,True,"[""any_risk""]",risk_triggered_conservative_floor,0.05,"{""crash_warning_score"": 0.0, ""raw_confidence"": 0.05, ""solver_risk"": 0.0, ""vpd_risk"": 0.0}",1,lower_score,,[],True,"{""any_risk"": true, ""co2_ventilation_conflict"": false, ""dry_or_high_vpd_risk"": true, ""humidity_or_dew_risk"": false, ""solver_sensitive_risk"": false}",0.056374999731779285,149
conservative_prior:conservative_stabilize:5,conservative_stabilize,1,1,0,True,"[""any_risk""]",risk_triggered_conservative_floor,0.05,"{""crash_warning_score"": 0.0, ""raw_confidence"": 0.05, ""solver_risk"": 0.0, ""vpd_risk"": 0.0}",1,lower_score,,[],True,"{""any_risk"": true, ""co2_ventilation_conflict"": false, ""dry_or_high_vpd_risk"": true, ""humidity_or_dew_risk"": false, ""solver_sensitive_risk"": false}",0.056374999731779285,150
conservative_prior:conservative_stabilize:5,conservative_stabilize,1,1,0,True,"[""any_risk""]",risk_triggered_conservative_floor,0.05,"{""crash_warning_score"": 0.0, ""raw_confidence"": 0.05, ""solver_risk"": 0.0, ""vpd_risk"": 0.0}",1,lower_score,,[],True,"{""any_risk"": true, ""co2_ventilation_conflict"": false, ""dry_or_high_vpd_risk"": true, ""humidity_or_dew_risk"": false, ""solver_sensitive_risk"": false}",0.056374999731779285,151
,,0,0,0,False,[],,0.05,"{""crash_warning_score"": 0.0, ""raw_confidence"": 0.05, ""solver_risk"": 0.0, ""vpd_risk"": 0.0}",0,no_candidate,confidence_below_candidate_threshold,"[""confidence_below_candidate_threshold"", ""risk_trigger_missing_or_low""]",False,"{""any_risk"": false, ""co2_ventilation_conflict"": false, ""dry_or_high_vpd_risk"": false, ""humidity_or_dew_risk"": false, ""solver_sensitive_risk"": false}",,152
,,0,0,0,False,[],,0.05,"{""crash_warning_score"": 0.0, ""raw_confidence"": 0.05, ""solver_risk"": 0.0, ""vpd_risk"": 0.0}",0,no_candidate,confidence_below_candidate_threshold,"[""confidence_below_candidate_threshold"", ""risk_trigger_missing_or_low""]",False,"{""any_risk"": false, ""co2_ventilation_conflict"": false, ""dry_or_high_vpd_risk"": false, ""humidity_or_dew_risk"": false, ""solver_sensitive_risk"": false}",,153
,,0,0,0,False,[],,0.05,"{""crash_warning_score"": 0.0, ""raw_confidence"": 0.05, ""solver_risk"": 0.0, ""vpd_risk"": 0.0}",0,no_candidate,confidence_below_candidate_threshold,"[""confidence_below_candidate_threshold"", ""risk_trigger_missing_or_low""]",False,"{""any_risk"": false, ""co2_ventilation_conflict"": false, ""dry_or_high_vpd_risk"": false, ""humidity_or_dew_risk"": false, ""solver_sensitive_risk"": false}",,154
,,0,0,0,False,[],,0.05,"{""crash_warning_score"": 0.0, ""raw_confidence"": 0.05, ""solver_risk"": 0.0, ""vpd_risk"": 0.0}",0,no_candidate,confidence_below_candidate_threshold,"[""confidence_below_candidate_threshold"", ""risk_trigger_missing_or_low""]",False,"{""any_risk"": false, ""co2_ventilation_conflict"": false, ""dry_or_high_vpd_risk"": false, ""humidity_or_dew_risk"": false, ""solver_sensitive_risk"": false}",,155
,,0,0,0,False,[],,0.05,"{""crash_warning_score"": 0.0, ""raw_confidence"": 0.05, ""solver_risk"": 0.0, ""vpd_risk"": 0.0}",0,no_candidate,confidence_below_candidate_threshold,"[""confidence_below_candidate_threshold"", ""risk_trigger_missing_or_low""]",False,"{""any_risk"": false, ""co2_ventilation_conflict"": false, ""dry_or_high_vpd_risk"": false, ""humidity_or_dew_risk"": false, ""solver_sensitive_risk"": false}",,156
,,0,0,0,False,[],,0.05,"{""crash_warning_score"": 0.0, ""raw_confidence"": 0.05, ""solver_risk"": 0.0, ""vpd_risk"": 0.0}",0,no_candidate,confidence_below_candidate_threshold,"[""confidence_below_candidate_threshold"", ""risk_trigger_missing_or_low""]",False,"{""any_risk"": false, ""co2_ventilation_conflict"": false, ""dry_or_high_vpd_risk"": false, ""humidity_or_dew_risk"": false, ""solver_sensitive_risk"": false}",,157
,,0,0,0,False,[],,0.05,"{""crash_warning_score"": 0.0, ""raw_confidence"": 0.05, ""solver_risk"": 0.0, ""vpd_risk"": 0.0}",0,no_candidate,confidence_below_candidate_threshold,"[""confidence_below_candidate_threshold"", ""risk_trigger_missing_or_low""]",False,"{""any_risk"": false, ""co2_ventilation_conflict"": false, ""dry_or_high_vpd_risk"": false, ""humidity_or_dew_risk"": false, ""solver_sensitive_risk"": false}",,158
,,0,0,0,False,[],,0.05,"{""crash_warning_score"": 0.0, ""raw_confidence"": 0.05, ""solver_risk"": 0.0, ""vpd_risk"": 0.0}",0,no_candidate,confidence_below_candidate_threshold,"[""confidence_below_candidate_threshold"", ""risk_trigger_missing_or_low""]",False,"{""any_risk"": false, ""co2_ventilation_conflict"": false, ""dry_or_high_vpd_risk"": false, ""humidity_or_dew_risk"": false, ""solver_sensitive_risk"": false}",,159
,,0,0,0,False,[],,0.05,"{""crash_warning_score"": 0.0, ""raw_confidence"": 0.05, ""solver_risk"": 0.0, ""vpd_risk"": 0.0}",0,no_candidate,confidence_below_candidate_threshold,"[""confidence_below_candidate_threshold"", ""risk_trigger_missing_or_low""]",False,"{""any_risk"": false, ""co2_ventilation_conflict"": false, ""dry_or_high_vpd_risk"": false, ""humidity_or_dew_risk"": false, ""solver_sensitive_risk"": false}",,160
,,0,0,0,False,[],,0.05,"{""crash_warning_score"": 0.0, ""raw_confidence"": 0.05, ""solver_risk"": 0.0, ""vpd_risk"": 0.0}",0,no_candidate,confidence_below_candidate_threshold,"[""confidence_below_candidate_threshold"", ""risk_trigger_missing_or_low""]",False,"{""any_risk"": false, ""co2_ventilation_conflict"": false, ""dry_or_high_vpd_risk"": false, ""humidity_or_dew_risk"": false, ""solver_sensitive_risk"": false}",,161
,,0,0,0,False,[],,0.05,"{""crash_warning_score"": 0.0, ""raw_confidence"": 0.05, ""solver_risk"": 0.0, ""vpd_risk"": 0.0}",0,no_candidate,confidence_below_candidate_threshold,"[""confidence_below_candidate_threshold"", ""risk_trigger_missing_or_low""]",False,"{""any_risk"": false, ""co2_ventilation_conflict"": false, ""dry_or_high_vpd_risk"": false, ""humidity_or_dew_risk"": false, ""solver_sensitive_risk"": false}",,162
,,0,0,0,False,[],,0.05,"{""crash_warning_score"": 0.0, ""raw_confidence"": 0.05, ""solver_risk"": 0.0, ""vpd_risk"": 0.0}",0,no_candidate,confidence_below_candidate_threshold,"[""confidence_below_candidate_threshold"", ""risk_trigger_missing_or_low""]",False,"{""any_risk"": false, ""co2_ventilation_conflict"": false, ""dry_or_high_vpd_risk"": false, ""humidity_or_dew_risk"": false, ""solver_sensitive_risk"": false}",,163
,,0,0,0,False,[],,0.05,"{""crash_warning_score"": 0.0, ""raw_confidence"": 0.05, ""solver_risk"": 0.0, ""vpd_risk"": 0.0}",0,no_candidate,confidence_below_candidate_threshold,"[""confidence_below_candidate_threshold"", ""risk_trigger_missing_or_low""]",False,"{""any_risk"": false, ""co2_ventilation_conflict"": false, ""dry_or_high_vpd_risk"": false, ""humidity_or_dew_risk"": false, ""solver_sensitive_risk"": false}",,164
,,0,0,0,False,[],,0.05,"{""crash_warning_score"": 0.0, ""raw_confidence"": 0.05, ""solver_risk"": 0.0, ""vpd_risk"": 0.0}",0,no_candidate,confidence_below_candidate_threshold,"[""confidence_below_candidate_threshold"", ""risk_trigger_missing_or_low""]",False,"{""any_risk"": false, ""co2_ventilation_conflict"": false, ""dry_or_high_vpd_risk"": false, ""humidity_or_dew_risk"": false, ""solver_sensitive_risk"": false}",,165
,,0,0,0,False,[],,0.05,"{""crash_warning_score"": 0.0, ""raw_confidence"": 0.05, ""solver_risk"": 0.0, ""vpd_risk"": 0.0}",0,no_candidate,confidence_below_candidate_threshold,"[""confidence_below_candidate_threshold"", ""risk_trigger_missing_or_low""]",False,"{""any_risk"": false, ""co2_ventilation_conflict"": false, ""dry_or_high_vpd_risk"": false, ""humidity_or_dew_risk"": false, ""solver_sensitive_risk"": false}",,166
,,0,0,0,False,[],,0.05,"{""crash_warning_score"": 0.0, ""raw_confidence"": 0.05, ""solver_risk"": 0.0, ""vpd_risk"": 0.0}",0,no_candidate,confidence_below_candidate_threshold,"[""confidence_below_candidate_threshold"", ""risk_trigger_missing_or_low""]",False,"{""any_risk"": false, ""co2_ventilation_conflict"": false, ""dry_or_high_vpd_risk"": false, ""humidity_or_dew_risk"": false, ""solver_sensitive_risk"": false}",,167
,,0,0,0,False,[],,0.05,"{""crash_warning_score"": 0.0, ""raw_confidence"": 0.05, ""solver_risk"": 0.0, ""vpd_risk"": 0.0}",0,no_candidate,confidence_below_candidate_threshold,"[""confidence_below_candidate_threshold"", ""risk_trigger_missing_or_low""]",False,"{""any_risk"": false, ""co2_ventilation_conflict"": false, ""dry_or_high_vpd_risk"": false, ""humidity_or_dew_risk"": false, ""solver_sensitive_risk"": false}",,168
,,0,0,0,False,[],,0.05,"{""crash_warning_score"": 0.0, ""raw_confidence"": 0.05, ""solver_risk"": 0.0, ""vpd_risk"": 0.0}",0,no_candidate,confidence_below_candidate_threshold,"[""confidence_below_candidate_threshold"", ""risk_trigger_missing_or_low""]",False,"{""any_risk"": false, ""co2_ventilation_conflict"": false, ""dry_or_high_vpd_risk"": false, ""humidity_or_dew_risk"": false, ""solver_sensitive_risk"": false}",,169
,,0,0,0,False,[],,0.05,"{""crash_warning_score"": 0.0, ""raw_confidence"": 0.05, ""solver_risk"": 0.0, ""vpd_risk"": 0.0}",0,no_candidate,confidence_below_candidate_threshold,"[""confidence_below_candidate_threshold"", ""risk_trigger_missing_or_low""]",False,"{""any_risk"": false, ""co2_ventilation_conflict"": false, ""dry_or_high_vpd_risk"": false, ""humidity_or_dew_risk"": false, ""solver_sensitive_risk"": false}",,170
,,0,0,0,False,[],,0.05,"{""crash_warning_score"": 0.0, ""raw_confidence"": 0.05, ""solver_risk"": 0.0, ""vpd_risk"": 0.0}",0,no_candidate,confidence_below_candidate_threshold,"[""confidence_below_candidate_threshold"", ""risk_trigger_missing_or_low""]",False,"{""any_risk"": false, ""co2_ventilation_conflict"": false, ""dry_or_high_vpd_risk"": false, ""humidity_or_dew_risk"": false, ""solver_sensitive_risk"": false}",,171
,,0,0,0,False,[],,0.05,"{""crash_warning_score"": 0.0, ""raw_confidence"": 0.05, ""solver_risk"": 0.0, ""vpd_risk"": 0.0}",0,no_candidate,confidence_below_candidate_threshold,"[""confidence_below_candidate_threshold"", ""risk_trigger_missing_or_low""]",False,"{""any_risk"": false, ""co2_ventilation_conflict"": false, ""dry_or_high_vpd_risk"": false, ""humidity_or_dew_risk"": false, ""solver_sensitive_risk"": false}",,172
,,0,0,0,False,[],,0.05,"{""crash_warning_score"": 0.0, ""raw_confidence"": 0.05, ""solver_risk"": 0.0, ""vpd_risk"": 0.0}",0,no_candidate,confidence_below_candidate_threshold,"[""confidence_below_candidate_threshold"", ""risk_trigger_missing_or_low""]",False,"{""any_risk"": false, ""co2_ventilation_conflict"": false, ""dry_or_high_vpd_risk"": false, ""humidity_or_dew_risk"": false, ""solver_sensitive_risk"": false}",,173
,,0,0,0,False,[],,0.05,"{""crash_warning_score"": 0.0, ""raw_confidence"": 0.05, ""solver_risk"": 0.0, ""vpd_risk"": 0.0}",0,no_candidate,confidence_below_candidate_threshold,"[""confidence_below_candidate_threshold"", ""risk_trigger_missing_or_low""]",False,"{""any_risk"": false, ""co2_ventilation_conflict"": false, ""dry_or_high_vpd_risk"": false, ""humidity_or_dew_risk"": false, ""solver_sensitive_risk"": false}",,174
,,0,0,0,False,[],,0.05,"{""crash_warning_score"": 0.0, ""raw_confidence"": 0.05, ""solver_risk"": 0.0, ""vpd_risk"": 0.0}",0,no_candidate,confidence_below_candidate_threshold,"[""confidence_below_candidate_threshold"", ""risk_trigger_missing_or_low""]",False,"{""any_risk"": false, ""co2_ventilation_conflict"": false, ""dry_or_high_vpd_risk"": false, ""humidity_or_dew_risk"": false, ""solver_sensitive_risk"": false}",,175
,,0,0,0,False,[],,0.05,"{""crash_warning_score"": 0.0, ""raw_confidence"": 0.05, ""solver_risk"": 0.0, ""vpd_risk"": 0.0}",0,no_candidate,confidence_below_candidate_threshold,"[""confidence_below_candidate_threshold"", ""risk_trigger_missing_or_low""]",False,"{""any_risk"": false, ""co2_ventilation_conflict"": false, ""dry_or_high_vpd_risk"": false, ""humidity_or_dew_risk"": false, ""solver_sensitive_risk"": false}",,176
,,0,0,0,False,[],,0.05,"{""crash_warning_score"": 0.0, ""raw_confidence"": 0.05, ""solver_risk"": 0.0, ""vpd_risk"": 0.0}",0,no_candidate,confidence_below_candidate_threshold,"[""confidence_below_candidate_threshold"", ""risk_trigger_missing_or_low""]",False,"{""any_risk"": false, ""co2_ventilation_conflict"": false, ""dry_or_high_vpd_risk"": false, ""humidity_or_dew_risk"": false, ""solver_sensitive_risk"": false}",,177
,,0,0,0,False,[],,0.05,"{""crash_warning_score"": 0.0, ""raw_confidence"": 0.05, ""solver_risk"": 0.0, ""vpd_risk"": 0.0}",0,no_candidate,confidence_below_candidate_threshold,"[""confidence_below_candidate_threshold"", ""risk_trigger_missing_or_low""]",False,"{""any_risk"": false, ""co2_ventilation_conflict"": false, ""dry_or_high_vpd_risk"": false, ""humidity_or_dew_risk"": false, ""solver_sensitive_risk"": false}",,178
,,0,0,0,False,[],,0.05,"{""crash_warning_score"": 0.0, ""raw_confidence"": 0.05, ""solver_risk"": 0.0, ""vpd_risk"": 0.0}",0,no_candidate,confidence_below_candidate_threshold,"[""confidence_below_candidate_threshold"", ""risk_trigger_missing_or_low""]",False,"{""any_risk"": false, ""co2_ventilation_conflict"": false, ""dry_or_high_vpd_risk"": false, ""humidity_or_dew_risk"": false, ""solver_sensitive_risk"": false}",,179
,,0,0,0,False,[],,0.05,"{""crash_warning_score"": 0.0, ""raw_confidence"": 0.05, ""solver_risk"": 0.0, ""vpd_risk"": 0.0}",0,no_candidate,confidence_below_candidate_threshold,"[""confidence_below_candidate_threshold"", ""risk_trigger_missing_or_low""]",False,"{""any_risk"": false, ""co2_ventilation_conflict"": false, ""dry_or_high_vpd_risk"": false, ""humidity_or_dew_risk"": false, ""solver_sensitive_risk"": false}",,180
,,0,0,0,False,[],,0.05,"{""crash_warning_score"": 0.0, ""raw_confidence"": 0.05, ""solver_risk"": 0.0, ""vpd_risk"": 0.0}",0,no_candidate,confidence_below_candidate_threshold,"[""confidence_below_candidate_threshold"", ""risk_trigger_missing_or_low""]",False,"{""any_risk"": false, ""co2_ventilation_conflict"": false, ""dry_or_high_vpd_risk"": false, ""humidity_or_dew_risk"": false, ""solver_sensitive_risk"": false}",,181
,,0,0,0,False,[],,0.05,"{""crash_warning_score"": 0.0, ""raw_confidence"": 0.05, ""solver_risk"": 0.0, ""vpd_risk"": 0.0}",0,no_candidate,confidence_below_candidate_threshold,"[""confidence_below_candidate_threshold"", ""risk_trigger_missing_or_low""]",False,"{""any_risk"": false, ""co2_ventilation_conflict"": false, ""dry_or_high_vpd_risk"": false, ""humidity_or_dew_risk"": false, ""solver_sensitive_risk"": false}",,182
,,0,0,0,False,[],,0.05,"{""crash_warning_score"": 0.0, ""raw_confidence"": 0.05, ""solver_risk"": 0.0, ""vpd_risk"": 0.0}",0,no_candidate,confidence_below_candidate_threshold,"[""confidence_below_candidate_threshold"", ""risk_trigger_missing_or_low""]",False,"{""any_risk"": false, ""co2_ventilation_conflict"": false, ""dry_or_high_vpd_risk"": false, ""humidity_or_dew_risk"": false, ""solver_sensitive_risk"": false}",,183
,,0,0,0,False,[],,0.05,"{""crash_warning_score"": 0.0, ""raw_confidence"": 0.05, ""solver_risk"": 0.0, ""vpd_risk"": 0.0}",0,no_candidate,confidence_below_candidate_threshold,"[""confidence_below_candidate_threshold"", ""risk_trigger_missing_or_low""]",False,"{""any_risk"": false, ""co2_ventilation_conflict"": false, ""dry_or_high_vpd_risk"": false, ""humidity_or_dew_risk"": false, ""solver_sensitive_risk"": false}",,184
,,0,0,0,False,[],,0.05,"{""crash_warning_score"": 0.0, ""raw_confidence"": 0.05, ""solver_risk"": 0.0, ""vpd_risk"": 0.0}",0,no_candidate,confidence_below_candidate_threshold,"[""confidence_below_candidate_threshold"", ""risk_trigger_missing_or_low""]",False,"{""any_risk"": false, ""co2_ventilation_conflict"": false, ""dry_or_high_vpd_risk"": false, ""humidity_or_dew_risk"": false, ""solver_sensitive_risk"": false}",,185
,,0,0,0,False,[],,0.05,"{""crash_warning_score"": 0.0, ""raw_confidence"": 0.05, ""solver_risk"": 0.0, ""vpd_risk"": 0.0}",0,no_candidate,confidence_below_candidate_threshold,"[""confidence_below_candidate_threshold"", ""risk_trigger_missing_or_low""]",False,"{""any_risk"": false, ""co2_ventilation_conflict"": false, ""dry_or_high_vpd_risk"": false, ""humidity_or_dew_risk"": false, ""solver_sensitive_risk"": false}",,186
,,0,0,0,False,[],,0.05,"{""crash_warning_score"": 0.0, ""raw_confidence"": 0.05, ""solver_risk"": 0.0, ""vpd_risk"": 0.0}",0,no_candidate,confidence_below_candidate_threshold,"[""confidence_below_candidate_threshold"", ""risk_trigger_missing_or_low""]",False,"{""any_risk"": false, ""co2_ventilation_conflict"": false, ""dry_or_high_vpd_risk"": false, ""humidity_or_dew_risk"": false, ""solver_sensitive_risk"": false}",,187
,,0,0,0,False,[],,0.05,"{""crash_warning_score"": 0.0, ""raw_confidence"": 0.05, ""solver_risk"": 0.0, ""vpd_risk"": 0.0}",0,no_candidate,confidence_below_candidate_threshold,"[""confidence_below_candidate_threshold"", ""risk_trigger_missing_or_low""]",False,"{""any_risk"": false, ""co2_ventilation_conflict"": false, ""dry_or_high_vpd_risk"": false, ""humidity_or_dew_risk"": false, ""solver_sensitive_risk"": false}",,188
,,0,0,0,False,[],,0.05,"{""crash_warning_score"": 0.0, ""raw_confidence"": 0.05, ""solver_risk"": 0.0, ""vpd_risk"": 0.0}",0,no_candidate,confidence_below_candidate_threshold,"[""confidence_below_candidate_threshold"", ""risk_trigger_missing_or_low""]",False,"{""any_risk"": false, ""co2_ventilation_conflict"": false, ""dry_or_high_vpd_risk"": false, ""humidity_or_dew_risk"": false, ""solver_sensitive_risk"": false}",,189
,,0,0,0,False,[],,0.05,"{""crash_warning_score"": 0.0, ""raw_confidence"": 0.05, ""solver_risk"": 0.0, ""vpd_risk"": 0.0}",0,no_candidate,confidence_below_candidate_threshold,"[""confidence_below_candidate_threshold"", ""risk_trigger_missing_or_low""]",False,"{""any_risk"": false, ""co2_ventilation_conflict"": false, ""dry_or_high_vpd_risk"": false, ""humidity_or_dew_risk"": false, ""solver_sensitive_risk"": false}",,190
,,0,0,0,False,[],,0.05,"{""crash_warning_score"": 0.0, ""raw_confidence"": 0.05, ""solver_risk"": 0.0, ""vpd_risk"": 0.0}",0,no_candidate,confidence_below_candidate_threshold,"[""confidence_below_candidate_threshold"", ""risk_trigger_missing_or_low""]",False,"{""any_risk"": false, ""co2_ventilation_conflict"": false, ""dry_or_high_vpd_risk"": false, ""humidity_or_dew_risk"": false, ""solver_sensitive_risk"": false}",,191
,,0,0,0,False,[],,0.05,"{""crash_warning_score"": 0.0, ""raw_confidence"": 0.05, ""solver_risk"": 0.0, ""vpd_risk"": 0.0}",0,no_candidate,confidence_below_candidate_threshold,"[""confidence_below_candidate_threshold"", ""risk_trigger_missing_or_low""]",False,"{""any_risk"": false, ""co2_ventilation_conflict"": false, ""dry_or_high_vpd_risk"": false, ""humidity_or_dew_risk"": false, ""solver_sensitive_risk"": false}",,192
,,0,0,0,False,[],,0.05,"{""crash_warning_score"": 0.0, ""raw_confidence"": 0.05, ""solver_risk"": 0.0, ""vpd_risk"": 0.0}",0,no_candidate,confidence_below_candidate_threshold,"[""confidence_below_candidate_threshold"", ""risk_trigger_missing_or_low""]",False,"{""any_risk"": false, ""co2_ventilation_conflict"": false, ""dry_or_high_vpd_risk"": false, ""humidity_or_dew_risk"": false, ""solver_sensitive_risk"": false}",,193
,,0,0,0,False,[],,0.05,"{""crash_warning_score"": 0.0, ""raw_confidence"": 0.05, ""solver_risk"": 0.0, ""vpd_risk"": 0.0}",0,no_candidate,confidence_below_candidate_threshold,"[""confidence_below_candidate_threshold"", ""risk_trigger_missing_or_low""]",False,"{""any_risk"": false, ""co2_ventilation_conflict"": false, ""dry_or_high_vpd_risk"": false, ""humidity_or_dew_risk"": false, ""solver_sensitive_risk"": false}",,194
,,0,0,0,False,[],,0.05,"{""crash_warning_score"": 0.0, ""raw_confidence"": 0.05, ""solver_risk"": 0.0, ""vpd_risk"": 0.0}",0,no_candidate,confidence_below_candidate_threshold,"[""confidence_below_candidate_threshold"", ""risk_trigger_missing_or_low""]",False,"{""any_risk"": false, ""co2_ventilation_conflict"": false, ""dry_or_high_vpd_risk"": false, ""humidity_or_dew_risk"": false, ""solver_sensitive_risk"": false}",,195
,,0,0,0,False,[],,0.05,"{""crash_warning_score"": 0.0, ""raw_confidence"": 0.05, ""solver_risk"": 0.0, ""vpd_risk"": 0.0}",0,no_candidate,confidence_below_candidate_threshold,"[""confidence_below_candidate_threshold"", ""risk_trigger_missing_or_low""]",False,"{""any_risk"": false, ""co2_ventilation_conflict"": false, ""dry_or_high_vpd_risk"": false, ""humidity_or_dew_risk"": false, ""solver_sensitive_risk"": false}",,196
,,0,0,0,False,[],,0.05,"{""crash_warning_score"": 0.0, ""raw_confidence"": 0.05, ""solver_risk"": 0.0, ""vpd_risk"": 0.0}",0,no_candidate,confidence_below_candidate_threshold,"[""confidence_below_candidate_threshold"", ""risk_trigger_missing_or_low""]",False,"{""any_risk"": false, ""co2_ventilation_conflict"": false, ""dry_or_high_vpd_risk"": false, ""humidity_or_dew_risk"": false, ""solver_sensitive_risk"": false}",,197
,,0,0,0,False,[],,0.05,"{""crash_warning_score"": 0.0, ""raw_confidence"": 0.05, ""solver_risk"": 0.0, ""vpd_risk"": 0.0}",0,no_candidate,confidence_below_candidate_threshold,"[""confidence_below_candidate_threshold"", ""risk_trigger_missing_or_low""]",False,"{""any_risk"": false, ""co2_ventilation_conflict"": false, ""dry_or_high_vpd_risk"": false, ""humidity_or_dew_risk"": false, ""solver_sensitive_risk"": false}",,198
,,0,0,0,False,[],,0.05,"{""crash_warning_score"": 0.0, ""raw_confidence"": 0.05, ""solver_risk"": 0.0, ""vpd_risk"": 0.0}",0,no_candidate,confidence_below_candidate_threshold,"[""confidence_below_candidate_threshold"", ""risk_trigger_missing_or_low""]",False,"{""any_risk"": false, ""co2_ventilation_conflict"": false, ""dry_or_high_vpd_risk"": false, ""humidity_or_dew_risk"": false, ""solver_sensitive_risk"": false}",,199
,,0,0,0,False,[],,0.05,"{""crash_warning_score"": 0.0, ""raw_confidence"": 0.05, ""solver_risk"": 0.0, ""vpd_risk"": 0.0}",0,no_candidate,confidence_below_candidate_threshold,"[""confidence_below_candidate_threshold"", ""risk_trigger_missing_or_low""]",False,"{""any_risk"": false, ""co2_ventilation_conflict"": false, ""dry_or_high_vpd_risk"": false, ""humidity_or_dew_risk"": false, ""solver_sensitive_risk"": false}",,200
,,0,0,0,False,[],,0.05,"{""crash_warning_score"": 0.0, ""raw_confidence"": 0.05, ""solver_risk"": 0.0, ""vpd_risk"": 0.0}",0,no_candidate,confidence_below_candidate_threshold,"[""confidence_below_candidate_threshold"", ""risk_trigger_missing_or_low""]",False,"{""any_risk"": false, ""co2_ventilation_conflict"": false, ""dry_or_high_vpd_risk"": false, ""humidity_or_dew_risk"": false, ""solver_sensitive_risk"": false}",,201
,,0,0,0,False,[],,0.05,"{""crash_warning_score"": 0.0, ""raw_confidence"": 0.05, ""solver_risk"": 0.0, ""vpd_risk"": 0.0}",0,no_candidate,confidence_below_candidate_threshold,"[""confidence_below_candidate_threshold"", ""risk_trigger_missing_or_low""]",False,"{""any_risk"": false, ""co2_ventilation_conflict"": false, ""dry_or_high_vpd_risk"": false, ""humidity_or_dew_risk"": false, ""solver_sensitive_risk"": false}",,202
,,0,0,0,False,[],,0.05,"{""crash_warning_score"": 0.0, ""raw_confidence"": 0.05, ""solver_risk"": 0.0, ""vpd_risk"": 0.0}",0,no_candidate,confidence_below_candidate_threshold,"[""confidence_below_candidate_threshold"", ""risk_trigger_missing_or_low""]",False,"{""any_risk"": false, ""co2_ventilation_conflict"": false, ""dry_or_high_vpd_risk"": false, ""humidity_or_dew_risk"": false, ""solver_sensitive_risk"": false}",,203
,,0,0,0,False,[],,0.05,"{""crash_warning_score"": 0.0, ""raw_confidence"": 0.05, ""solver_risk"": 0.0, ""vpd_risk"": 0.0}",0,no_candidate,confidence_below_candidate_threshold,"[""confidence_below_candidate_threshold"", ""risk_trigger_missing_or_low""]",False,"{""any_risk"": false, ""co2_ventilation_conflict"": false, ""dry_or_high_vpd_risk"": false, ""humidity_or_dew_risk"": false, ""solver_sensitive_risk"": false}",,204
,,0,0,0,False,[],,0.05,"{""crash_warning_score"": 0.0, ""raw_confidence"": 0.05, ""solver_risk"": 0.0, ""vpd_risk"": 0.0}",0,no_candidate,confidence_below_candidate_threshold,"[""confidence_below_candidate_threshold"", ""risk_trigger_missing_or_low""]",False,"{""any_risk"": false, ""co2_ventilation_conflict"": false, ""dry_or_high_vpd_risk"": false, ""humidity_or_dew_risk"": false, ""solver_sensitive_risk"": false}",,205
,,0,0,0,False,[],,0.05,"{""crash_warning_score"": 0.0, ""raw_confidence"": 0.05, ""solver_risk"": 0.0, ""vpd_risk"": 0.0}",0,no_candidate,confidence_below_candidate_threshold,"[""confidence_below_candidate_threshold"", ""risk_trigger_missing_or_low""]",False,"{""any_risk"": false, ""co2_ventilation_conflict"": false, ""dry_or_high_vpd_risk"": false, ""humidity_or_dew_risk"": false, ""solver_sensitive_risk"": false}",,206
,,0,0,0,False,[],,0.05,"{""crash_warning_score"": 0.0, ""raw_confidence"": 0.05, ""solver_risk"": 0.0, ""vpd_risk"": 0.0}",0,no_candidate,confidence_below_candidate_threshold,"[""confidence_below_candidate_threshold"", ""risk_trigger_missing_or_low""]",False,"{""any_risk"": false, ""co2_ventilation_conflict"": false, ""dry_or_high_vpd_risk"": false, ""humidity_or_dew_risk"": false, ""solver_sensitive_risk"": false}",,207
,,0,0,0,False,[],,0.05,"{""crash_warning_score"": 0.0, ""raw_confidence"": 0.05, ""solver_risk"": 0.0, ""vpd_risk"": 0.0}",0,no_candidate,confidence_below_candidate_threshold,"[""confidence_below_candidate_threshold"", ""risk_trigger_missing_or_low""]",False,"{""any_risk"": false, ""co2_ventilation_conflict"": false, ""dry_or_high_vpd_risk"": false, ""humidity_or_dew_risk"": false, ""solver_sensitive_risk"": false}",,208
,,0,0,0,False,[],,0.05,"{""crash_warning_score"": 0.0, ""raw_confidence"": 0.05, ""solver_risk"": 0.0, ""vpd_risk"": 0.0}",0,no_candidate,confidence_below_candidate_threshold,"[""confidence_below_candidate_threshold"", ""risk_trigger_missing_or_low""]",False,"{""any_risk"": false, ""co2_ventilation_conflict"": false, ""dry_or_high_vpd_risk"": false, ""humidity_or_dew_risk"": false, ""solver_sensitive_risk"": false}",,209
,,0,0,0,False,[],,0.05,"{""crash_warning_score"": 0.0, ""raw_confidence"": 0.05, ""solver_risk"": 0.0, ""vpd_risk"": 0.0}",0,no_candidate,confidence_below_candidate_threshold,"[""confidence_below_candidate_threshold"", ""risk_trigger_missing_or_low""]",False,"{""any_risk"": false, ""co2_ventilation_conflict"": false, ""dry_or_high_vpd_risk"": false, ""humidity_or_dew_risk"": false, ""solver_sensitive_risk"": false}",,210
,,0,0,0,False,[],,0.05,"{""crash_warning_score"": 0.0, ""raw_confidence"": 0.05, ""solver_risk"": 0.0, ""vpd_risk"": 0.0}",0,no_candidate,confidence_below_candidate_threshold,"[""confidence_below_candidate_threshold"", ""risk_trigger_missing_or_low""]",False,"{""any_risk"": false, ""co2_ventilation_conflict"": false, ""dry_or_high_vpd_risk"": false, ""humidity_or_dew_risk"": false, ""solver_sensitive_risk"": false}",,211
conservative_prior:conservative_stabilize:5,conservative_stabilize,1,1,0,True,"[""any_risk""]",risk_triggered_conservative_floor,0.05,"{""crash_warning_score"": 0.0, ""raw_confidence"": 0.05, ""solver_risk"": 0.0, ""vpd_risk"": 0.0}",1,lower_score,,[],True,"{""any_risk"": true, ""co2_ventilation_conflict"": false, ""dry_or_high_vpd_risk"": false, ""humidity_or_dew_risk"": true, ""solver_sensitive_risk"": false}",0.0797499979436399,212
conservative_prior:conservative_stabilize:5,conservative_stabilize,1,1,0,True,"[""any_risk""]",risk_triggered_conservative_floor,0.05,"{""crash_warning_score"": 0.0, ""raw_confidence"": 0.05, ""solver_risk"": 0.0, ""vpd_risk"": 0.0}",1,lower_score,,[],True,"{""any_risk"": true, ""co2_ventilation_conflict"": false, ""dry_or_high_vpd_risk"": false, ""humidity_or_dew_risk"": true, ""solver_sensitive_risk"": false}",0.0797499979436399,213
conservative_prior:conservative_stabilize:5,conservative_stabilize,1,1,0,True,"[""any_risk""]",risk_triggered_conservative_floor,0.05,"{""crash_warning_score"": 0.0, ""raw_confidence"": 0.05, ""solver_risk"": 0.0, ""vpd_risk"": 0.0}",1,lower_score,,[],True,"{""any_risk"": true, ""co2_ventilation_conflict"": false, ""dry_or_high_vpd_risk"": false, ""humidity_or_dew_risk"": true, ""solver_sensitive_risk"": false}",0.0797499979436399,214
,,0,0,0,False,[],,0.05,"{""crash_warning_score"": 0.0, ""raw_confidence"": 0.05, ""solver_risk"": 0.0, ""vpd_risk"": 0.0}",0,no_candidate,confidence_below_candidate_threshold,"[""confidence_below_candidate_threshold"", ""risk_trigger_missing_or_low""]",False,"{""any_risk"": false, ""co2_ventilation_conflict"": false, ""dry_or_high_vpd_risk"": false, ""humidity_or_dew_risk"": false, ""solver_sensitive_risk"": false}",,215
,,0,0,0,False,[],,0.05,"{""crash_warning_score"": 0.0, ""raw_confidence"": 0.05, ""solver_risk"": 0.0, ""vpd_risk"": 0.0}",0,no_candidate,confidence_below_candidate_threshold,"[""confidence_below_candidate_threshold"", ""risk_trigger_missing_or_low""]",False,"{""any_risk"": false, ""co2_ventilation_conflict"": false, ""dry_or_high_vpd_risk"": false, ""humidity_or_dew_risk"": false, ""solver_sensitive_risk"": false}",,216
,,0,0,0,False,[],,0.05,"{""crash_warning_score"": 0.0, ""raw_confidence"": 0.05, ""solver_risk"": 0.0, ""vpd_risk"": 0.0}",0,no_candidate,confidence_below_candidate_threshold,"[""confidence_below_candidate_threshold"", ""risk_trigger_missing_or_low""]",False,"{""any_risk"": false, ""co2_ventilation_conflict"": false, ""dry_or_high_vpd_risk"": false, ""humidity_or_dew_risk"": false, ""solver_sensitive_risk"": false}",,217
,,0,0,0,False,[],,0.05,"{""crash_warning_score"": 0.0, ""raw_confidence"": 0.05, ""solver_risk"": 0.0, ""vpd_risk"": 0.0}",0,no_candidate,confidence_below_candidate_threshold,"[""confidence_below_candidate_threshold"", ""risk_trigger_missing_or_low""]",False,"{""any_risk"": false, ""co2_ventilation_conflict"": false, ""dry_or_high_vpd_risk"": false, ""humidity_or_dew_risk"": false, ""solver_sensitive_risk"": false}",,218
,,0,0,0,False,[],,0.05,"{""crash_warning_score"": 0.0, ""raw_confidence"": 0.05, ""solver_risk"": 0.0, ""vpd_risk"": 0.0}",0,no_candidate,confidence_below_candidate_threshold,"[""confidence_below_candidate_threshold"", ""risk_trigger_missing_or_low""]",False,"{""any_risk"": false, ""co2_ventilation_conflict"": false, ""dry_or_high_vpd_risk"": false, ""humidity_or_dew_risk"": false, ""solver_sensitive_risk"": false}",,219
,,0,0,0,False,[],,0.05,"{""crash_warning_score"": 0.0, ""raw_confidence"": 0.05, ""solver_risk"": 0.0, ""vpd_risk"": 0.0}",0,no_candidate,confidence_below_candidate_threshold,"[""confidence_below_candidate_threshold"", ""risk_trigger_missing_or_low""]",False,"{""any_risk"": false, ""co2_ventilation_conflict"": false, ""dry_or_high_vpd_risk"": false, ""humidity_or_dew_risk"": false, ""solver_sensitive_risk"": false}",,220
,,0,0,0,False,[],,0.05,"{""crash_warning_score"": 0.0, ""raw_confidence"": 0.05, ""solver_risk"": 0.0, ""vpd_risk"": 0.0}",0,no_candidate,confidence_below_candidate_threshold,"[""confidence_below_candidate_threshold"", ""risk_trigger_missing_or_low""]",False,"{""any_risk"": false, ""co2_ventilation_conflict"": false, ""dry_or_high_vpd_risk"": false, ""humidity_or_dew_risk"": false, ""solver_sensitive_risk"": false}",,221
,,0,0,0,False,[],,0.05,"{""crash_warning_score"": 0.0, ""raw_confidence"": 0.05, ""solver_risk"": 0.0, ""vpd_risk"": 0.0}",0,no_candidate,confidence_below_candidate_threshold,"[""confidence_below_candidate_threshold"", ""risk_trigger_missing_or_low""]",False,"{""any_risk"": false, ""co2_ventilation_conflict"": false, ""dry_or_high_vpd_risk"": false, ""humidity_or_dew_risk"": false, ""solver_sensitive_risk"": false}",,222
,,0,0,0,False,[],,0.05,"{""crash_warning_score"": 0.0, ""raw_confidence"": 0.05, ""solver_risk"": 0.0, ""vpd_risk"": 0.0}",0,no_candidate,confidence_below_candidate_threshold,"[""confidence_below_candidate_threshold"", ""risk_trigger_missing_or_low""]",False,"{""any_risk"": false, ""co2_ventilation_conflict"": false, ""dry_or_high_vpd_risk"": false, ""humidity_or_dew_risk"": false, ""solver_sensitive_risk"": false}",,223
,,0,0,0,False,[],,0.05,"{""crash_warning_score"": 0.0, ""raw_confidence"": 0.05, ""solver_risk"": 0.0, ""vpd_risk"": 0.0}",0,no_candidate,confidence_below_candidate_threshold,"[""confidence_below_candidate_threshold"", ""risk_trigger_missing_or_low""]",False,"{""any_risk"": false, ""co2_ventilation_conflict"": false, ""dry_or_high_vpd_risk"": false, ""humidity_or_dew_risk"": false, ""solver_sensitive_risk"": false}",,224
,,0,0,0,False,[],,0.05,"{""crash_warning_score"": 0.0, ""raw_confidence"": 0.05, ""solver_risk"": 0.0, ""vpd_risk"": 0.0}",0,no_candidate,confidence_below_candidate_threshold,"[""confidence_below_candidate_threshold"", ""risk_trigger_missing_or_low""]",False,"{""any_risk"": false, ""co2_ventilation_conflict"": false, ""dry_or_high_vpd_risk"": false, ""humidity_or_dew_risk"": false, ""solver_sensitive_risk"": false}",,225
,,0,0,0,False,[],,0.05,"{""crash_warning_score"": 0.0, ""raw_confidence"": 0.05, ""solver_risk"": 0.0, ""vpd_risk"": 0.0}",0,no_candidate,confidence_below_candidate_threshold,"[""confidence_below_candidate_threshold"", ""risk_trigger_missing_or_low""]",False,"{""any_risk"": false, ""co2_ventilation_conflict"": false, ""dry_or_high_vpd_risk"": false, ""humidity_or_dew_risk"": false, ""solver_sensitive_risk"": false}",,226
,,0,0,0,False,[],,0.05,"{""crash_warning_score"": 0.0, ""raw_confidence"": 0.05, ""solver_risk"": 0.0, ""vpd_risk"": 0.0}",0,no_candidate,confidence_below_candidate_threshold,"[""confidence_below_candidate_threshold"", ""risk_trigger_missing_or_low""]",False,"{""any_risk"": false, ""co2_ventilation_conflict"": false, ""dry_or_high_vpd_risk"": false, ""humidity_or_dew_risk"": false, ""solver_sensitive_risk"": false}",,227
,,0,0,0,False,[],,0.05,"{""crash_warning_score"": 0.0, ""raw_confidence"": 0.05, ""solver_risk"": 0.0, ""vpd_risk"": 0.0}",0,no_candidate,confidence_below_candidate_threshold,"[""confidence_below_candidate_threshold"", ""risk_trigger_missing_or_low""]",False,"{""any_risk"": false, ""co2_ventilation_conflict"": false, ""dry_or_high_vpd_risk"": false, ""humidity_or_dew_risk"": false, ""solver_sensitive_risk"": false}",,228
,,0,0,0,False,[],,0.05,"{""crash_warning_score"": 0.0, ""raw_confidence"": 0.05, ""solver_risk"": 0.0, ""vpd_risk"": 0.0}",0,no_candidate,confidence_below_candidate_threshold,"[""confidence_below_candidate_threshold"", ""risk_trigger_missing_or_low""]",False,"{""any_risk"": false, ""co2_ventilation_conflict"": false, ""dry_or_high_vpd_risk"": false, ""humidity_or_dew_risk"": false, ""solver_sensitive_risk"": false}",,229
,,0,0,0,False,[],,0.05,"{""crash_warning_score"": 0.0, ""raw_confidence"": 0.05, ""solver_risk"": 0.0, ""vpd_risk"": 0.0}",0,no_candidate,confidence_below_candidate_threshold,"[""confidence_below_candidate_threshold"", ""risk_trigger_missing_or_low""]",False,"{""any_risk"": false, ""co2_ventilation_conflict"": false, ""dry_or_high_vpd_risk"": false, ""humidity_or_dew_risk"": false, ""solver_sensitive_risk"": false}",,230
,,0,0,0,False,[],,0.05,"{""crash_warning_score"": 0.0, ""raw_confidence"": 0.05, ""solver_risk"": 0.0, ""vpd_risk"": 0.0}",0,no_candidate,confidence_below_candidate_threshold,"[""confidence_below_candidate_threshold"", ""risk_trigger_missing_or_low""]",False,"{""any_risk"": false, ""co2_ventilation_conflict"": false, ""dry_or_high_vpd_risk"": false, ""humidity_or_dew_risk"": false, ""solver_sensitive_risk"": false}",,231
,,0,0,0,False,[],,0.05,"{""crash_warning_score"": 0.0, ""raw_confidence"": 0.05, ""solver_risk"": 0.0, ""vpd_risk"": 0.0}",0,no_candidate,confidence_below_candidate_threshold,"[""confidence_below_candidate_threshold"", ""risk_trigger_missing_or_low""]",False,"{""any_risk"": false, ""co2_ventilation_conflict"": false, ""dry_or_high_vpd_risk"": false, ""humidity_or_dew_risk"": false, ""solver_sensitive_risk"": false}",,232
,,0,0,0,False,[],,0.05,"{""crash_warning_score"": 0.0, ""raw_confidence"": 0.05, ""solver_risk"": 0.0, ""vpd_risk"": 0.0}",0,no_candidate,confidence_below_candidate_threshold,"[""confidence_below_candidate_threshold"", ""risk_trigger_missing_or_low""]",False,"{""any_risk"": false, ""co2_ventilation_conflict"": false, ""dry_or_high_vpd_risk"": false, ""humidity_or_dew_risk"": false, ""solver_sensitive_risk"": false}",,233
,,0,0,0,False,[],,0.05,"{""crash_warning_score"": 0.0, ""raw_confidence"": 0.05, ""solver_risk"": 0.0, ""vpd_risk"": 0.0}",0,no_candidate,confidence_below_candidate_threshold,"[""confidence_below_candidate_threshold"", ""risk_trigger_missing_or_low""]",False,"{""any_risk"": false, ""co2_ventilation_conflict"": false, ""dry_or_high_vpd_risk"": false, ""humidity_or_dew_risk"": false, ""solver_sensitive_risk"": false}",,234
,,0,0,0,False,[],,0.05,"{""crash_warning_score"": 0.0, ""raw_confidence"": 0.05, ""solver_risk"": 0.0, ""vpd_risk"": 0.0}",0,no_candidate,confidence_below_candidate_threshold,"[""confidence_below_candidate_threshold"", ""risk_trigger_missing_or_low""]",False,"{""any_risk"": false, ""co2_ventilation_conflict"": false, ""dry_or_high_vpd_risk"": false, ""humidity_or_dew_risk"": false, ""solver_sensitive_risk"": false}",,235
,,0,0,0,False,[],,0.05,"{""crash_warning_score"": 0.0, ""raw_confidence"": 0.05, ""solver_risk"": 0.0, ""vpd_risk"": 0.0}",0,no_candidate,confidence_below_candidate_threshold,"[""confidence_below_candidate_threshold"", ""risk_trigger_missing_or_low""]",False,"{""any_risk"": false, ""co2_ventilation_conflict"": false, ""dry_or_high_vpd_risk"": false, ""humidity_or_dew_risk"": false, ""solver_sensitive_risk"": false}",,236
,,0,0,0,False,[],,0.05,"{""crash_warning_score"": 0.0, ""raw_confidence"": 0.05, ""solver_risk"": 0.0, ""vpd_risk"": 0.0}",0,no_candidate,confidence_below_candidate_threshold,"[""confidence_below_candidate_threshold"", ""risk_trigger_missing_or_low""]",False,"{""any_risk"": false, ""co2_ventilation_conflict"": false, ""dry_or_high_vpd_risk"": false, ""humidity_or_dew_risk"": false, ""solver_sensitive_risk"": false}",,237
,,0,0,0,False,[],,0.05,"{""crash_warning_score"": 0.0, ""raw_confidence"": 0.05, ""solver_risk"": 0.0, ""vpd_risk"": 0.0}",0,no_candidate,confidence_below_candidate_threshold,"[""confidence_below_candidate_threshold"", ""risk_trigger_missing_or_low""]",False,"{""any_risk"": false, ""co2_ventilation_conflict"": false, ""dry_or_high_vpd_risk"": false, ""humidity_or_dew_risk"": false, ""solver_sensitive_risk"": false}",,238
,,0,0,0,False,[],,0.05,"{""crash_warning_score"": 0.0, ""raw_confidence"": 0.05, ""solver_risk"": 0.0, ""vpd_risk"": 0.0}",0,no_candidate,confidence_below_candidate_threshold,"[""confidence_below_candidate_threshold"", ""risk_trigger_missing_or_low""]",False,"{""any_risk"": false, ""co2_ventilation_conflict"": false, ""dry_or_high_vpd_risk"": false, ""humidity_or_dew_risk"": false, ""solver_sensitive_risk"": false}",,239
,,0,0,0,False,[],,0.05,"{""crash_warning_score"": 0.0, ""raw_confidence"": 0.05, ""solver_risk"": 0.0, ""vpd_risk"": 0.0}",0,no_candidate,confidence_below_candidate_threshold,"[""confidence_below_candidate_threshold"", ""risk_trigger_missing_or_low""]",False,"{""any_risk"": false, ""co2_ventilation_conflict"": false, ""dry_or_high_vpd_risk"": false, ""humidity_or_dew_risk"": false, ""solver_sensitive_risk"": false}",,240
,,0,0,0,False,[],,0.05,"{""crash_warning_score"": 0.0, ""raw_confidence"": 0.05, ""solver_risk"": 0.0, ""vpd_risk"": 0.0}",0,no_candidate,confidence_below_candidate_threshold,"[""confidence_below_candidate_threshold"", ""risk_trigger_missing_or_low""]",False,"{""any_risk"": false, ""co2_ventilation_conflict"": false, ""dry_or_high_vpd_risk"": false, ""humidity_or_dew_risk"": false, ""solver_sensitive_risk"": false}",,241
,,0,0,0,False,[],,0.05,"{""crash_warning_score"": 0.0, ""raw_confidence"": 0.05, ""solver_risk"": 0.0, ""vpd_risk"": 0.0}",0,no_candidate,confidence_below_candidate_threshold,"[""confidence_below_candidate_threshold"", ""risk_trigger_missing_or_low""]",False,"{""any_risk"": false, ""co2_ventilation_conflict"": false, ""dry_or_high_vpd_risk"": false, ""humidity_or_dew_risk"": false, ""solver_sensitive_risk"": false}",,242
,,0,0,0,False,[],,0.05,"{""crash_warning_score"": 0.0, ""raw_confidence"": 0.05, ""solver_risk"": 0.0, ""vpd_risk"": 0.0}",0,no_candidate,confidence_below_candidate_threshold,"[""confidence_below_candidate_threshold"", ""risk_trigger_missing_or_low""]",False,"{""any_risk"": false, ""co2_ventilation_conflict"": false, ""dry_or_high_vpd_risk"": false, ""humidity_or_dew_risk"": false, ""solver_sensitive_risk"": false}",,243
,,0,0,0,False,[],,0.05,"{""crash_warning_score"": 0.0, ""raw_confidence"": 0.05, ""solver_risk"": 0.0, ""vpd_risk"": 0.0}",0,no_candidate,confidence_below_candidate_threshold,"[""confidence_below_candidate_threshold"", ""risk_trigger_missing_or_low""]",False,"{""any_risk"": false, ""co2_ventilation_conflict"": false, ""dry_or_high_vpd_risk"": false, ""humidity_or_dew_risk"": false, ""solver_sensitive_risk"": false}",,244
,,0,0,0,False,[],,0.05,"{""crash_warning_score"": 0.0, ""raw_confidence"": 0.05, ""solver_risk"": 0.0, ""vpd_risk"": 0.0}",0,no_candidate,confidence_below_candidate_threshold,"[""confidence_below_candidate_threshold"", ""risk_trigger_missing_or_low""]",False,"{""any_risk"": false, ""co2_ventilation_conflict"": false, ""dry_or_high_vpd_risk"": false, ""humidity_or_dew_risk"": false, ""solver_sensitive_risk"": false}",,245
,,0,0,0,False,[],,0.05,"{""crash_warning_score"": 0.0, ""raw_confidence"": 0.05, ""solver_risk"": 0.0, ""vpd_risk"": 0.0}",0,no_candidate,confidence_below_candidate_threshold,"[""confidence_below_candidate_threshold"", ""risk_trigger_missing_or_low""]",False,"{""any_risk"": false, ""co2_ventilation_conflict"": false, ""dry_or_high_vpd_risk"": false, ""humidity_or_dew_risk"": false, ""solver_sensitive_risk"": false}",,246
,,0,0,0,False,[],,0.05,"{""crash_warning_score"": 0.0, ""raw_confidence"": 0.05, ""solver_risk"": 0.0, ""vpd_risk"": 0.0}",0,no_candidate,confidence_below_candidate_threshold,"[""confidence_below_candidate_threshold"", ""risk_trigger_missing_or_low""]",False,"{""any_risk"": false, ""co2_ventilation_conflict"": false, ""dry_or_high_vpd_risk"": false, ""humidity_or_dew_risk"": false, ""solver_sensitive_risk"": false}",,247
,,0,0,0,False,[],,0.05,"{""crash_warning_score"": 0.0, ""raw_confidence"": 0.05, ""solver_risk"": 0.0, ""vpd_risk"": 0.0}",0,no_candidate,confidence_below_candidate_threshold,"[""confidence_below_candidate_threshold"", ""risk_trigger_missing_or_low""]",False,"{""any_risk"": false, ""co2_ventilation_conflict"": false, ""dry_or_high_vpd_risk"": false, ""humidity_or_dew_risk"": false, ""solver_sensitive_risk"": false}",,248
,,0,0,0,False,[],,0.05,"{""crash_warning_score"": 0.0, ""raw_confidence"": 0.05, ""solver_risk"": 0.0, ""vpd_risk"": 0.0}",0,no_candidate,confidence_below_candidate_threshold,"[""confidence_below_candidate_threshold"", ""risk_trigger_missing_or_low""]",False,"{""any_risk"": false, ""co2_ventilation_conflict"": false, ""dry_or_high_vpd_risk"": false, ""humidity_or_dew_risk"": false, ""solver_sensitive_risk"": false}",,249
,,0,0,0,False,[],,0.05,"{""crash_warning_score"": 0.0, ""raw_confidence"": 0.05, ""solver_risk"": 0.0, ""vpd_risk"": 0.0}",0,no_candidate,confidence_below_candidate_threshold,"[""confidence_below_candidate_threshold"", ""risk_trigger_missing_or_low""]",False,"{""any_risk"": false, ""co2_ventilation_conflict"": false, ""dry_or_high_vpd_risk"": false, ""humidity_or_dew_risk"": false, ""solver_sensitive_risk"": false}",,250
,,0,0,0,False,[],,0.05,"{""crash_warning_score"": 0.0, ""raw_confidence"": 0.05, ""solver_risk"": 0.0, ""vpd_risk"": 0.0}",0,no_candidate,confidence_below_candidate_threshold,"[""confidence_below_candidate_threshold"", ""risk_trigger_missing_or_low""]",False,"{""any_risk"": false, ""co2_ventilation_conflict"": false, ""dry_or_high_vpd_risk"": false, ""humidity_or_dew_risk"": false, ""solver_sensitive_risk"": false}",,251
,,0,0,0,False,[],,0.05,"{""crash_warning_score"": 0.0, ""raw_confidence"": 0.05, ""solver_risk"": 0.0, ""vpd_risk"": 0.0}",0,no_candidate,confidence_below_candidate_threshold,"[""confidence_below_candidate_threshold"", ""risk_trigger_missing_or_low""]",False,"{""any_risk"": false, ""co2_ventilation_conflict"": false, ""dry_or_high_vpd_risk"": false, ""humidity_or_dew_risk"": false, ""solver_sensitive_risk"": false}",,252
,,0,0,0,False,[],,0.05,"{""crash_warning_score"": 0.0, ""raw_confidence"": 0.05, ""solver_risk"": 0.0, ""vpd_risk"": 0.0}",0,no_candidate,confidence_below_candidate_threshold,"[""confidence_below_candidate_threshold"", ""risk_trigger_missing_or_low""]",False,"{""any_risk"": false, ""co2_ventilation_conflict"": false, ""dry_or_high_vpd_risk"": false, ""humidity_or_dew_risk"": false, ""solver_sensitive_risk"": false}",,253
,,0,0,0,False,[],,0.05,"{""crash_warning_score"": 0.0, ""raw_confidence"": 0.05, ""solver_risk"": 0.0, ""vpd_risk"": 0.0}",0,no_candidate,confidence_below_candidate_threshold,"[""confidence_below_candidate_threshold"", ""risk_trigger_missing_or_low""]",False,"{""any_risk"": false, ""co2_ventilation_conflict"": false, ""dry_or_high_vpd_risk"": false, ""humidity_or_dew_risk"": false, ""solver_sensitive_risk"": false}",,254
,,0,0,0,False,[],,0.05,"{""crash_warning_score"": 0.0, ""raw_confidence"": 0.05, ""solver_risk"": 0.0, ""vpd_risk"": 0.0}",0,no_candidate,confidence_below_candidate_threshold,"[""confidence_below_candidate_threshold"", ""risk_trigger_missing_or_low""]",False,"{""any_risk"": false, ""co2_ventilation_conflict"": false, ""dry_or_high_vpd_risk"": false, ""humidity_or_dew_risk"": false, ""solver_sensitive_risk"": false}",,255
,,0,0,0,False,[],,0.05,"{""crash_warning_score"": 0.0, ""raw_confidence"": 0.05, ""solver_risk"": 0.0, ""vpd_risk"": 0.0}",0,no_candidate,confidence_below_candidate_threshold,"[""confidence_below_candidate_threshold"", ""risk_trigger_missing_or_low""]",False,"{""any_risk"": false, ""co2_ventilation_conflict"": false, ""dry_or_high_vpd_risk"": false, ""humidity_or_dew_risk"": false, ""solver_sensitive_risk"": false}",,256
,,0,0,0,False,[],,0.05,"{""crash_warning_score"": 0.0, ""raw_confidence"": 0.05, ""solver_risk"": 0.0, ""vpd_risk"": 0.0}",0,no_candidate,confidence_below_candidate_threshold,"[""confidence_below_candidate_threshold"", ""risk_trigger_missing_or_low""]",False,"{""any_risk"": false, ""co2_ventilation_conflict"": false, ""dry_or_high_vpd_risk"": false, ""humidity_or_dew_risk"": false, ""solver_sensitive_risk"": false}",,257
,,0,0,0,False,[],,0.05,"{""crash_warning_score"": 0.0, ""raw_confidence"": 0.05, ""solver_risk"": 0.0, ""vpd_risk"": 0.0}",0,no_candidate,confidence_below_candidate_threshold,"[""confidence_below_candidate_threshold"", ""risk_trigger_missing_or_low""]",False,"{""any_risk"": false, ""co2_ventilation_conflict"": false, ""dry_or_high_vpd_risk"": false, ""humidity_or_dew_risk"": false, ""solver_sensitive_risk"": false}",,258
,,0,0,0,False,[],,0.05,"{""crash_warning_score"": 0.0, ""raw_confidence"": 0.05, ""solver_risk"": 0.0, ""vpd_risk"": 0.0}",0,no_candidate,confidence_below_candidate_threshold,"[""confidence_below_candidate_threshold"", ""risk_trigger_missing_or_low""]",False,"{""any_risk"": false, ""co2_ventilation_conflict"": false, ""dry_or_high_vpd_risk"": false, ""humidity_or_dew_risk"": false, ""solver_sensitive_risk"": false}",,259
,,0,0,0,False,[],,0.05,"{""crash_warning_score"": 0.0, ""raw_confidence"": 0.05, ""solver_risk"": 0.0, ""vpd_risk"": 0.0}",0,no_candidate,confidence_below_candidate_threshold,"[""confidence_below_candidate_threshold"", ""risk_trigger_missing_or_low""]",False,"{""any_risk"": false, ""co2_ventilation_conflict"": false, ""dry_or_high_vpd_risk"": false, ""humidity_or_dew_risk"": false, ""solver_sensitive_risk"": false}",,260
,,0,0,0,False,[],,0.05,"{""crash_warning_score"": 0.0, ""raw_confidence"": 0.05, ""solver_risk"": 0.0, ""vpd_risk"": 0.0}",0,no_candidate,confidence_below_candidate_threshold,"[""confidence_below_candidate_threshold"", ""risk_trigger_missing_or_low""]",False,"{""any_risk"": false, ""co2_ventilation_conflict"": false, ""dry_or_high_vpd_risk"": false, ""humidity_or_dew_risk"": false, ""solver_sensitive_risk"": false}",,261
,,0,0,0,False,[],,0.05,"{""crash_warning_score"": 0.0, ""raw_confidence"": 0.05, ""solver_risk"": 0.0, ""vpd_risk"": 0.0}",0,no_candidate,confidence_below_candidate_threshold,"[""confidence_below_candidate_threshold"", ""risk_trigger_missing_or_low""]",False,"{""any_risk"": false, ""co2_ventilation_conflict"": false, ""dry_or_high_vpd_risk"": false, ""humidity_or_dew_risk"": false, ""solver_sensitive_risk"": false}",,262
,,0,0,0,False,[],,0.05,"{""crash_warning_score"": 0.0, ""raw_confidence"": 0.05, ""solver_risk"": 0.0, ""vpd_risk"": 0.0}",0,no_candidate,confidence_below_candidate_threshold,"[""confidence_below_candidate_threshold"", ""risk_trigger_missing_or_low""]",False,"{""any_risk"": false, ""co2_ventilation_conflict"": false, ""dry_or_high_vpd_risk"": false, ""humidity_or_dew_risk"": false, ""solver_sensitive_risk"": false}",,263
,,0,0,0,False,[],,0.05,"{""crash_warning_score"": 0.0, ""raw_confidence"": 0.05, ""solver_risk"": 0.0, ""vpd_risk"": 0.0}",0,no_candidate,confidence_below_candidate_threshold,"[""confidence_below_candidate_threshold"", ""risk_trigger_missing_or_low""]",False,"{""any_risk"": false, ""co2_ventilation_conflict"": false, ""dry_or_high_vpd_risk"": false, ""humidity_or_dew_risk"": false, ""solver_sensitive_risk"": false}",,264
,,0,0,0,False,[],,0.05,"{""crash_warning_score"": 0.0, ""raw_confidence"": 0.05, ""solver_risk"": 0.0, ""vpd_risk"": 0.0}",0,no_candidate,confidence_below_candidate_threshold,"[""confidence_below_candidate_threshold"", ""risk_trigger_missing_or_low""]",False,"{""any_risk"": false, ""co2_ventilation_conflict"": false, ""dry_or_high_vpd_risk"": false, ""humidity_or_dew_risk"": false, ""solver_sensitive_risk"": false}",,265
,,0,0,0,False,[],,0.05,"{""crash_warning_score"": 0.0, ""raw_confidence"": 0.05, ""solver_risk"": 0.0, ""vpd_risk"": 0.0}",0,no_candidate,confidence_below_candidate_threshold,"[""confidence_below_candidate_threshold"", ""risk_trigger_missing_or_low""]",False,"{""any_risk"": false, ""co2_ventilation_conflict"": false, ""dry_or_high_vpd_risk"": false, ""humidity_or_dew_risk"": false, ""solver_sensitive_risk"": false}",,266
,,0,0,0,False,[],,0.05,"{""crash_warning_score"": 0.0, ""raw_confidence"": 0.05, ""solver_risk"": 0.0, ""vpd_risk"": 0.0}",0,no_candidate,confidence_below_candidate_threshold,"[""confidence_below_candidate_threshold"", ""risk_trigger_missing_or_low""]",False,"{""any_risk"": false, ""co2_ventilation_conflict"": false, ""dry_or_high_vpd_risk"": false, ""humidity_or_dew_risk"": false, ""solver_sensitive_risk"": false}",,267
,,0,0,0,False,[],,0.05,"{""crash_warning_score"": 0.0, ""raw_confidence"": 0.05, ""solver_risk"": 0.0, ""vpd_risk"": 0.0}",0,no_candidate,confidence_below_candidate_threshold,"[""confidence_below_candidate_threshold"", ""risk_trigger_missing_or_low""]",False,"{""any_risk"": false, ""co2_ventilation_conflict"": false, ""dry_or_high_vpd_risk"": false, ""humidity_or_dew_risk"": false, ""solver_sensitive_risk"": false}",,268
,,0,0,0,False,[],,0.05,"{""crash_warning_score"": 0.0, ""raw_confidence"": 0.05, ""solver_risk"": 0.0, ""vpd_risk"": 0.0}",0,no_candidate,confidence_below_candidate_threshold,"[""confidence_below_candidate_threshold"", ""risk_trigger_missing_or_low""]",False,"{""any_risk"": false, ""co2_ventilation_conflict"": false, ""dry_or_high_vpd_risk"": false, ""humidity_or_dew_risk"": false, ""solver_sensitive_risk"": false}",,269
,,0,0,0,False,[],,0.05,"{""crash_warning_score"": 0.0, ""raw_confidence"": 0.05, ""solver_risk"": 0.0, ""vpd_risk"": 0.0}",0,no_candidate,confidence_below_candidate_threshold,"[""confidence_below_candidate_threshold"", ""risk_trigger_missing_or_low""]",False,"{""any_risk"": false, ""co2_ventilation_conflict"": false, ""dry_or_high_vpd_risk"": false, ""humidity_or_dew_risk"": false, ""solver_sensitive_risk"": false}",,270
,,0,0,0,False,[],,0.05,"{""crash_warning_score"": 0.0, ""raw_confidence"": 0.05, ""solver_risk"": 0.0, ""vpd_risk"": 0.0}",0,no_candidate,confidence_below_candidate_threshold,"[""confidence_below_candidate_threshold"", ""risk_trigger_missing_or_low""]",False,"{""any_risk"": false, ""co2_ventilation_conflict"": false, ""dry_or_high_vpd_risk"": false, ""humidity_or_dew_risk"": false, ""solver_sensitive_risk"": false}",,271
,,0,0,0,False,[],,0.05,"{""crash_warning_score"": 0.0, ""raw_confidence"": 0.05, ""solver_risk"": 0.0, ""vpd_risk"": 0.0}",0,no_candidate,confidence_below_candidate_threshold,"[""confidence_below_candidate_threshold"", ""risk_trigger_missing_or_low""]",False,"{""any_risk"": false, ""co2_ventilation_conflict"": false, ""dry_or_high_vpd_risk"": false, ""humidity_or_dew_risk"": false, ""solver_sensitive_risk"": false}",,272
,,0,0,0,False,[],,0.05,"{""crash_warning_score"": 0.0, ""raw_confidence"": 0.05, ""solver_risk"": 0.0, ""vpd_risk"": 0.0}",0,no_candidate,confidence_below_candidate_threshold,"[""confidence_below_candidate_threshold"", ""risk_trigger_missing_or_low""]",False,"{""any_risk"": false, ""co2_ventilation_conflict"": false, ""dry_or_high_vpd_risk"": false, ""humidity_or_dew_risk"": false, ""solver_sensitive_risk"": false}",,273
,,0,0,0,False,[],,0.05,"{""crash_warning_score"": 0.0, ""raw_confidence"": 0.05, ""solver_risk"": 0.0, ""vpd_risk"": 0.0}",0,no_candidate,confidence_below_candidate_threshold,"[""confidence_below_candidate_threshold"", ""risk_trigger_missing_or_low""]",False,"{""any_risk"": false, ""co2_ventilation_conflict"": false, ""dry_or_high_vpd_risk"": false, ""humidity_or_dew_risk"": false, ""solver_sensitive_risk"": false}",,274
,,0,0,0,False,[],,0.05,"{""crash_warning_score"": 0.0, ""raw_confidence"": 0.05, ""solver_risk"": 0.0, ""vpd_risk"": 0.0}",0,no_candidate,confidence_below_candidate_threshold,"[""confidence_below_candidate_threshold"", ""risk_trigger_missing_or_low""]",False,"{""any_risk"": false, ""co2_ventilation_conflict"": false, ""dry_or_high_vpd_risk"": false, ""humidity_or_dew_risk"": false, ""solver_sensitive_risk"": false}",,275
,,0,0,0,False,[],,0.05,"{""crash_warning_score"": 0.0, ""raw_confidence"": 0.05, ""solver_risk"": 0.0, ""vpd_risk"": 0.0}",0,no_candidate,confidence_below_candidate_threshold,"[""confidence_below_candidate_threshold"", ""risk_trigger_missing_or_low""]",False,"{""any_risk"": false, ""co2_ventilation_conflict"": false, ""dry_or_high_vpd_risk"": false, ""humidity_or_dew_risk"": false, ""solver_sensitive_risk"": false}",,276
,,0,0,0,False,[],,0.05,"{""crash_warning_score"": 0.0, ""raw_confidence"": 0.05, ""solver_risk"": 0.0, ""vpd_risk"": 0.0}",0,no_candidate,confidence_below_candidate_threshold,"[""confidence_below_candidate_threshold"", ""risk_trigger_missing_or_low""]",False,"{""any_risk"": false, ""co2_ventilation_conflict"": false, ""dry_or_high_vpd_risk"": false, ""humidity_or_dew_risk"": false, ""solver_sensitive_risk"": false}",,277
,,0,0,0,False,[],,0.05,"{""crash_warning_score"": 0.0, ""raw_confidence"": 0.05, ""solver_risk"": 0.0, ""vpd_risk"": 0.0}",0,no_candidate,confidence_below_candidate_threshold,"[""confidence_below_candidate_threshold"", ""risk_trigger_missing_or_low""]",False,"{""any_risk"": false, ""co2_ventilation_conflict"": false, ""dry_or_high_vpd_risk"": false, ""humidity_or_dew_risk"": false, ""solver_sensitive_risk"": false}",,278
,,0,0,0,False,[],,0.05,"{""crash_warning_score"": 0.0, ""raw_confidence"": 0.05, ""solver_risk"": 0.0, ""vpd_risk"": 0.0}",0,no_candidate,confidence_below_candidate_threshold,"[""confidence_below_candidate_threshold"", ""risk_trigger_missing_or_low""]",False,"{""any_risk"": false, ""co2_ventilation_conflict"": false, ""dry_or_high_vpd_risk"": false, ""humidity_or_dew_risk"": false, ""solver_sensitive_risk"": false}",,279
,,0,0,0,False,[],,0.05,"{""crash_warning_score"": 0.0, ""raw_confidence"": 0.05, ""solver_risk"": 0.0, ""vpd_risk"": 0.0}",0,no_candidate,confidence_below_candidate_threshold,"[""confidence_below_candidate_threshold"", ""risk_trigger_missing_or_low""]",False,"{""any_risk"": false, ""co2_ventilation_conflict"": false, ""dry_or_high_vpd_risk"": false, ""humidity_or_dew_risk"": false, ""solver_sensitive_risk"": false}",,280
,,0,0,0,False,[],,0.05,"{""crash_warning_score"": 0.0, ""raw_confidence"": 0.05, ""solver_risk"": 0.0, ""vpd_risk"": 0.0}",0,no_candidate,confidence_below_candidate_threshold,"[""confidence_below_candidate_threshold"", ""risk_trigger_missing_or_low""]",False,"{""any_risk"": false, ""co2_ventilation_conflict"": false, ""dry_or_high_vpd_risk"": false, ""humidity_or_dew_risk"": false, ""solver_sensitive_risk"": false}",,281
,,0,0,0,False,[],,0.05,"{""crash_warning_score"": 0.0, ""raw_confidence"": 0.05, ""solver_risk"": 0.0, ""vpd_risk"": 0.0}",0,no_candidate,confidence_below_candidate_threshold,"[""confidence_below_candidate_threshold"", ""risk_trigger_missing_or_low""]",False,"{""any_risk"": false, ""co2_ventilation_conflict"": false, ""dry_or_high_vpd_risk"": false, ""humidity_or_dew_risk"": false, ""solver_sensitive_risk"": false}",,282
,,0,0,0,False,[],,0.05,"{""crash_warning_score"": 0.0, ""raw_confidence"": 0.05, ""solver_risk"": 0.0, ""vpd_risk"": 0.0}",0,no_candidate,confidence_below_candidate_threshold,"[""confidence_below_candidate_threshold"", ""risk_trigger_missing_or_low""]",False,"{""any_risk"": false, ""co2_ventilation_conflict"": false, ""dry_or_high_vpd_risk"": false, ""humidity_or_dew_risk"": false, ""solver_sensitive_risk"": false}",,283
,,0,0,0,False,[],,0.05,"{""crash_warning_score"": 0.0, ""raw_confidence"": 0.05, ""solver_risk"": 0.0, ""vpd_risk"": 0.0}",0,no_candidate,confidence_below_candidate_threshold,"[""confidence_below_candidate_threshold"", ""risk_trigger_missing_or_low""]",False,"{""any_risk"": false, ""co2_ventilation_conflict"": false, ""dry_or_high_vpd_risk"": false, ""humidity_or_dew_risk"": false, ""solver_sensitive_risk"": false}",,284
,,0,0,0,False,[],,0.05,"{""crash_warning_score"": 0.0, ""raw_confidence"": 0.05, ""solver_risk"": 0.0, ""vpd_risk"": 0.0}",0,no_candidate,confidence_below_candidate_threshold,"[""confidence_below_candidate_threshold"", ""risk_trigger_missing_or_low""]",False,"{""any_risk"": false, ""co2_ventilation_conflict"": false, ""dry_or_high_vpd_risk"": false, ""humidity_or_dew_risk"": false, ""solver_sensitive_risk"": false}",,285
,,0,0,0,False,[],,0.05,"{""crash_warning_score"": 0.0, ""raw_confidence"": 0.05, ""solver_risk"": 0.0, ""vpd_risk"": 0.0}",0,no_candidate,confidence_below_candidate_threshold,"[""confidence_below_candidate_threshold"", ""risk_trigger_missing_or_low""]",False,"{""any_risk"": false, ""co2_ventilation_conflict"": false, ""dry_or_high_vpd_risk"": false, ""humidity_or_dew_risk"": false, ""solver_sensitive_risk"": false}",,286
,,0,0,0,False,[],,0.05,"{""crash_warning_score"": 0.0, ""raw_confidence"": 0.05, ""solver_risk"": 0.0, ""vpd_risk"": 0.0}",0,no_candidate,confidence_below_candidate_threshold,"[""confidence_below_candidate_threshold"", ""risk_trigger_missing_or_low""]",False,"{""any_risk"": false, ""co2_ventilation_conflict"": false, ""dry_or_high_vpd_risk"": false, ""humidity_or_dew_risk"": false, ""solver_sensitive_risk"": false}",,287
,,0,0,0,False,[],,0.05,"{""crash_warning_score"": 0.0, ""raw_confidence"": 0.05, ""solver_risk"": 0.0, ""vpd_risk"": 0.0}",0,no_candidate,confidence_below_candidate_threshold,"[""confidence_below_candidate_threshold"", ""risk_trigger_missing_or_low""]",False,"{""any_risk"": false, ""co2_ventilation_conflict"": false, ""dry_or_high_vpd_risk"": false, ""humidity_or_dew_risk"": false, ""solver_sensitive_risk"": false}",,288
,,0,0,0,False,[],,0.05,"{""crash_warning_score"": 0.0, ""raw_confidence"": 0.05, ""solver_risk"": 0.0, ""vpd_risk"": 0.0}",0,no_candidate,confidence_below_candidate_threshold,"[""confidence_below_candidate_threshold"", ""risk_trigger_missing_or_low""]",False,"{""any_risk"": false, ""co2_ventilation_conflict"": false, ""dry_or_high_vpd_risk"": false, ""humidity_or_dew_risk"": false, ""solver_sensitive_risk"": false}",,289
,,0,0,0,False,[],,0.05,"{""crash_warning_score"": 0.0, ""raw_confidence"": 0.05, ""solver_risk"": 0.0, ""vpd_risk"": 0.0}",0,no_candidate,confidence_below_candidate_threshold,"[""confidence_below_candidate_threshold"", ""risk_trigger_missing_or_low""]",False,"{""any_risk"": false, ""co2_ventilation_conflict"": false, ""dry_or_high_vpd_risk"": false, ""humidity_or_dew_risk"": false, ""solver_sensitive_risk"": false}",,290
,,0,0,0,False,[],,0.05,"{""crash_warning_score"": 0.0, ""raw_confidence"": 0.05, ""solver_risk"": 0.0, ""vpd_risk"": 0.0}",0,no_candidate,confidence_below_candidate_threshold,"[""confidence_below_candidate_threshold"", ""risk_trigger_missing_or_low""]",False,"{""any_risk"": false, ""co2_ventilation_conflict"": false, ""dry_or_high_vpd_risk"": false, ""humidity_or_dew_risk"": false, ""solver_sensitive_risk"": false}",,291
,,0,0,0,False,[],,0.05,"{""crash_warning_score"": 0.0, ""raw_confidence"": 0.05, ""solver_risk"": 0.0, ""vpd_risk"": 0.0}",0,no_candidate,confidence_below_candidate_threshold,"[""confidence_below_candidate_threshold"", ""risk_trigger_missing_or_low""]",False,"{""any_risk"": false, ""co2_ventilation_conflict"": false, ""dry_or_high_vpd_risk"": false, ""humidity_or_dew_risk"": false, ""solver_sensitive_risk"": false}",,292
,,0,0,0,False,[],,0.05,"{""crash_warning_score"": 0.0, ""raw_confidence"": 0.05, ""solver_risk"": 0.0, ""vpd_risk"": 0.0}",0,no_candidate,confidence_below_candidate_threshold,"[""confidence_below_candidate_threshold"", ""risk_trigger_missing_or_low""]",False,"{""any_risk"": false, ""co2_ventilation_conflict"": false, ""dry_or_high_vpd_risk"": false, ""humidity_or_dew_risk"": false, ""solver_sensitive_risk"": false}",,293
,,0,0,0,False,[],,0.05,"{""crash_warning_score"": 0.0, ""raw_confidence"": 0.05, ""solver_risk"": 0.0, ""vpd_risk"": 0.0}",0,no_candidate,confidence_below_candidate_threshold,"[""confidence_below_candidate_threshold"", ""risk_trigger_missing_or_low""]",False,"{""any_risk"": false, ""co2_ventilation_conflict"": false, ""dry_or_high_vpd_risk"": false, ""humidity_or_dew_risk"": false, ""solver_sensitive_risk"": false}",,294
,,0,0,0,False,[],,0.05,"{""crash_warning_score"": 0.0, ""raw_confidence"": 0.05, ""solver_risk"": 0.0, ""vpd_risk"": 0.0}",0,no_candidate,confidence_below_candidate_threshold,"[""confidence_below_candidate_threshold"", ""risk_trigger_missing_or_low""]",False,"{""any_risk"": false, ""co2_ventilation_conflict"": false, ""dry_or_high_vpd_risk"": false, ""humidity_or_dew_risk"": false, ""solver_sensitive_risk"": false}",,295
,,0,0,0,False,[],,0.05,"{""crash_warning_score"": 0.0, ""raw_confidence"": 0.05, ""solver_risk"": 0.0, ""vpd_risk"": 0.0}",0,no_candidate,confidence_below_candidate_threshold,"[""confidence_below_candidate_threshold"", ""risk_trigger_missing_or_low""]",False,"{""any_risk"": false, ""co2_ventilation_conflict"": false, ""dry_or_high_vpd_risk"": false, ""humidity_or_dew_risk"": false, ""solver_sensitive_risk"": false}",,296
,,0,0,0,False,[],,0.05,"{""crash_warning_score"": 0.0, ""raw_confidence"": 0.05, ""solver_risk"": 0.0, ""vpd_risk"": 0.0}",0,no_candidate,confidence_below_candidate_threshold,"[""confidence_below_candidate_threshold"", ""risk_trigger_missing_or_low""]",False,"{""any_risk"": false, ""co2_ventilation_conflict"": false, ""dry_or_high_vpd_risk"": false, ""humidity_or_dew_risk"": false, ""solver_sensitive_risk"": false}",,297
,,0,0,0,False,[],,0.05,"{""crash_warning_score"": 0.0, ""raw_confidence"": 0.05, ""solver_risk"": 0.0, ""vpd_risk"": 0.0}",0,no_candidate,confidence_below_candidate_threshold,"[""confidence_below_candidate_threshold"", ""risk_trigger_missing_or_low""]",False,"{""any_risk"": false, ""co2_ventilation_conflict"": false, ""dry_or_high_vpd_risk"": false, ""humidity_or_dew_risk"": false, ""solver_sensitive_risk"": false}",,298
,,0,0,0,False,[],,0.05,"{""crash_warning_score"": 0.0, ""raw_confidence"": 0.05, ""solver_risk"": 0.0, ""vpd_risk"": 0.0}",0,no_candidate,confidence_below_candidate_threshold,"[""confidence_below_candidate_threshold"", ""risk_trigger_missing_or_low""]",False,"{""any_risk"": false, ""co2_ventilation_conflict"": false, ""dry_or_high_vpd_risk"": false, ""humidity_or_dew_risk"": false, ""solver_sensitive_risk"": false}",,299
,,0,0,0,False,[],,0.05,"{""crash_warning_score"": 0.0, ""raw_confidence"": 0.05, ""solver_risk"": 0.0, ""vpd_risk"": 0.0}",0,no_candidate,confidence_below_candidate_threshold,"[""confidence_below_candidate_threshold"", ""risk_trigger_missing_or_low""]",False,"{""any_risk"": false, ""co2_ventilation_conflict"": false, ""dry_or_high_vpd_risk"": false, ""humidity_or_dew_risk"": false, ""solver_sensitive_risk"": false}",,300
,,0,0,0,False,[],,0.05,"{""crash_warning_score"": 0.0, ""raw_confidence"": 0.05, ""solver_risk"": 0.0, ""vpd_risk"": 0.0}",0,no_candidate,confidence_below_candidate_threshold,"[""confidence_below_candidate_threshold"", ""risk_trigger_missing_or_low""]",False,"{""any_risk"": false, ""co2_ventilation_conflict"": false, ""dry_or_high_vpd_risk"": false, ""humidity_or_dew_risk"": false, ""solver_sensitive_risk"": false}",,301
,,0,0,0,False,[],,0.05,"{""crash_warning_score"": 0.0, ""raw_confidence"": 0.05, ""solver_risk"": 0.0, ""vpd_risk"": 0.0}",0,no_candidate,confidence_below_candidate_threshold,"[""confidence_below_candidate_threshold"", ""risk_trigger_missing_or_low""]",False,"{""any_risk"": false, ""co2_ventilation_conflict"": false, ""dry_or_high_vpd_risk"": false, ""humidity_or_dew_risk"": false, ""solver_sensitive_risk"": false}",,302
,,0,0,0,False,[],,0.05,"{""crash_warning_score"": 0.0, ""raw_confidence"": 0.05, ""solver_risk"": 0.0, ""vpd_risk"": 0.0}",0,no_candidate,confidence_below_candidate_threshold,"[""confidence_below_candidate_threshold"", ""risk_trigger_missing_or_low""]",False,"{""any_risk"": false, ""co2_ventilation_conflict"": false, ""dry_or_high_vpd_risk"": false, ""humidity_or_dew_risk"": false, ""solver_sensitive_risk"": false}",,303
,,0,0,0,False,[],,0.05,"{""crash_warning_score"": 0.0, ""raw_confidence"": 0.05, ""solver_risk"": 0.0, ""vpd_risk"": 0.0}",0,no_candidate,confidence_below_candidate_threshold,"[""confidence_below_candidate_threshold"", ""risk_trigger_missing_or_low""]",False,"{""any_risk"": false, ""co2_ventilation_conflict"": false, ""dry_or_high_vpd_risk"": false, ""humidity_or_dew_risk"": false, ""solver_sensitive_risk"": false}",,304
,,0,0,0,False,[],,0.05,"{""crash_warning_score"": 0.0, ""raw_confidence"": 0.05, ""solver_risk"": 0.0, ""vpd_risk"": 0.0}",0,no_candidate,confidence_below_candidate_threshold,"[""confidence_below_candidate_threshold"", ""risk_trigger_missing_or_low""]",False,"{""any_risk"": false, ""co2_ventilation_conflict"": false, ""dry_or_high_vpd_risk"": false, ""humidity_or_dew_risk"": false, ""solver_sensitive_risk"": false}",,305
,,0,0,0,False,[],,0.05,"{""crash_warning_score"": 0.0, ""raw_confidence"": 0.05, ""solver_risk"": 0.0, ""vpd_risk"": 0.0}",0,no_candidate,confidence_below_candidate_threshold,"[""confidence_below_candidate_threshold"", ""risk_trigger_missing_or_low""]",False,"{""any_risk"": false, ""co2_ventilation_conflict"": false, ""dry_or_high_vpd_risk"": false, ""humidity_or_dew_risk"": false, ""solver_sensitive_risk"": false}",,306
,,0,0,0,False,[],,0.05,"{""crash_warning_score"": 0.0, ""raw_confidence"": 0.05, ""solver_risk"": 0.0, ""vpd_risk"": 0.0}",0,no_candidate,confidence_below_candidate_threshold,"[""confidence_below_candidate_threshold"", ""risk_trigger_missing_or_low""]",False,"{""any_risk"": false, ""co2_ventilation_conflict"": false, ""dry_or_high_vpd_risk"": false, ""humidity_or_dew_risk"": false, ""solver_sensitive_risk"": false}",,307
,,0,0,0,False,[],,0.05,"{""crash_warning_score"": 0.0, ""raw_confidence"": 0.05, ""solver_risk"": 0.0, ""vpd_risk"": 0.0}",0,no_candidate,confidence_below_candidate_threshold,"[""confidence_below_candidate_threshold"", ""risk_trigger_missing_or_low""]",False,"{""any_risk"": false, ""co2_ventilation_conflict"": false, ""dry_or_high_vpd_risk"": false, ""humidity_or_dew_risk"": false, ""solver_sensitive_risk"": false}",,308
,,0,0,0,False,[],,0.05,"{""crash_warning_score"": 0.0, ""raw_confidence"": 0.05, ""solver_risk"": 0.0, ""vpd_risk"": 0.0}",0,no_candidate,confidence_below_candidate_threshold,"[""confidence_below_candidate_threshold"", ""risk_trigger_missing_or_low""]",False,"{""any_risk"": false, ""co2_ventilation_conflict"": false, ""dry_or_high_vpd_risk"": false, ""humidity_or_dew_risk"": false, ""solver_sensitive_risk"": false}",,309
,,0,0,0,False,[],,0.05,"{""crash_warning_score"": 0.0, ""raw_confidence"": 0.05, ""solver_risk"": 0.0, ""vpd_risk"": 0.0}",0,no_candidate,confidence_below_candidate_threshold,"[""confidence_below_candidate_threshold"", ""risk_trigger_missing_or_low""]",False,"{""any_risk"": false, ""co2_ventilation_conflict"": false, ""dry_or_high_vpd_risk"": false, ""humidity_or_dew_risk"": false, ""solver_sensitive_risk"": false}",,310
,,0,0,0,False,[],,0.05,"{""crash_warning_score"": 0.0, ""raw_confidence"": 0.05, ""solver_risk"": 0.0, ""vpd_risk"": 0.0}",0,no_candidate,confidence_below_candidate_threshold,"[""confidence_below_candidate_threshold"", ""risk_trigger_missing_or_low""]",False,"{""any_risk"": false, ""co2_ventilation_conflict"": false, ""dry_or_high_vpd_risk"": false, ""humidity_or_dew_risk"": false, ""solver_sensitive_risk"": false}",,311
,,0,0,0,False,[],,0.05,"{""crash_warning_score"": 0.0, ""raw_confidence"": 0.05, ""solver_risk"": 0.0, ""vpd_risk"": 0.0}",0,no_candidate,confidence_below_candidate_threshold,"[""confidence_below_candidate_threshold"", ""risk_trigger_missing_or_low""]",False,"{""any_risk"": false, ""co2_ventilation_conflict"": false, ""dry_or_high_vpd_risk"": false, ""humidity_or_dew_risk"": false, ""solver_sensitive_risk"": false}",,312
,,0,0,0,False,[],,0.05,"{""crash_warning_score"": 0.0, ""raw_confidence"": 0.05, ""solver_risk"": 0.0, ""vpd_risk"": 0.0}",0,no_candidate,confidence_below_candidate_threshold,"[""confidence_below_candidate_threshold"", ""risk_trigger_missing_or_low""]",False,"{""any_risk"": false, ""co2_ventilation_conflict"": false, ""dry_or_high_vpd_risk"": false, ""humidity_or_dew_risk"": false, ""solver_sensitive_risk"": false}",,313
,,0,0,0,False,[],,0.05,"{""crash_warning_score"": 0.0, ""raw_confidence"": 0.05, ""solver_risk"": 0.0, ""vpd_risk"": 0.0}",0,no_candidate,confidence_below_candidate_threshold,"[""confidence_below_candidate_threshold"", ""risk_trigger_missing_or_low""]",False,"{""any_risk"": false, ""co2_ventilation_conflict"": false, ""dry_or_high_vpd_risk"": false, ""humidity_or_dew_risk"": false, ""solver_sensitive_risk"": false}",,314
,,0,0,0,False,[],,0.05,"{""crash_warning_score"": 0.0, ""raw_confidence"": 0.05, ""solver_risk"": 0.0, ""vpd_risk"": 0.0}",0,no_candidate,confidence_below_candidate_threshold,"[""confidence_below_candidate_threshold"", ""risk_trigger_missing_or_low""]",False,"{""any_risk"": false, ""co2_ventilation_conflict"": false, ""dry_or_high_vpd_risk"": false, ""humidity_or_dew_risk"": false, ""solver_sensitive_risk"": false}",,315
,,0,0,0,False,[],,0.05,"{""crash_warning_score"": 0.0, ""raw_confidence"": 0.05, ""solver_risk"": 0.0, ""vpd_risk"": 0.0}",0,no_candidate,confidence_below_candidate_threshold,"[""confidence_below_candidate_threshold"", ""risk_trigger_missing_or_low""]",False,"{""any_risk"": false, ""co2_ventilation_conflict"": false, ""dry_or_high_vpd_risk"": false, ""humidity_or_dew_risk"": false, ""solver_sensitive_risk"": false}",,316
,,0,0,0,False,[],,0.05,"{""crash_warning_score"": 0.0, ""raw_confidence"": 0.05, ""solver_risk"": 0.0, ""vpd_risk"": 0.0}",0,no_candidate,confidence_below_candidate_threshold,"[""confidence_below_candidate_threshold"", ""risk_trigger_missing_or_low""]",False,"{""any_risk"": false, ""co2_ventilation_conflict"": false, ""dry_or_high_vpd_risk"": false, ""humidity_or_dew_risk"": false, ""solver_sensitive_risk"": false}",,317
,,0,0,0,False,[],,0.05,"{""crash_warning_score"": 0.0, ""raw_confidence"": 0.05, ""solver_risk"": 0.0, ""vpd_risk"": 0.0}",0,no_candidate,confidence_below_candidate_threshold,"[""confidence_below_candidate_threshold"", ""risk_trigger_missing_or_low""]",False,"{""any_risk"": false, ""co2_ventilation_conflict"": false, ""dry_or_high_vpd_risk"": false, ""humidity_or_dew_risk"": false, ""solver_sensitive_risk"": false}",,318
,,0,0,0,False,[],,0.05,"{""crash_warning_score"": 0.0, ""raw_confidence"": 0.05, ""solver_risk"": 0.0, ""vpd_risk"": 0.0}",0,no_candidate,confidence_below_candidate_threshold,"[""confidence_below_candidate_threshold"", ""risk_trigger_missing_or_low""]",False,"{""any_risk"": false, ""co2_ventilation_conflict"": false, ""dry_or_high_vpd_risk"": false, ""humidity_or_dew_risk"": false, ""solver_sensitive_risk"": false}",,319
,,0,0,0,False,[],,0.05,"{""crash_warning_score"": 0.0, ""raw_confidence"": 0.05, ""solver_risk"": 0.0, ""vpd_risk"": 0.0}",0,no_candidate,confidence_below_candidate_threshold,"[""confidence_below_candidate_threshold"", ""risk_trigger_missing_or_low""]",False,"{""any_risk"": false, ""co2_ventilation_conflict"": false, ""dry_or_high_vpd_risk"": false, ""humidity_or_dew_risk"": false, ""solver_sensitive_risk"": false}",,320
,,0,0,0,False,[],,0.05,"{""crash_warning_score"": 0.0, ""raw_confidence"": 0.05, ""solver_risk"": 0.0, ""vpd_risk"": 0.0}",0,no_candidate,confidence_below_candidate_threshold,"[""confidence_below_candidate_threshold"", ""risk_trigger_missing_or_low""]",False,"{""any_risk"": false, ""co2_ventilation_conflict"": false, ""dry_or_high_vpd_risk"": false, ""humidity_or_dew_risk"": false, ""solver_sensitive_risk"": false}",,321
,,0,0,0,False,[],,0.05,"{""crash_warning_score"": 0.0, ""raw_confidence"": 0.05, ""solver_risk"": 0.0, ""vpd_risk"": 0.0}",0,no_candidate,confidence_below_candidate_threshold,"[""confidence_below_candidate_threshold"", ""risk_trigger_missing_or_low""]",False,"{""any_risk"": false, ""co2_ventilation_conflict"": false, ""dry_or_high_vpd_risk"": false, ""humidity_or_dew_risk"": false, ""solver_sensitive_risk"": false}",,322
,,0,0,0,False,[],,0.05,"{""crash_warning_score"": 0.0, ""raw_confidence"": 0.05, ""solver_risk"": 0.0, ""vpd_risk"": 0.0}",0,no_candidate,confidence_below_candidate_threshold,"[""confidence_below_candidate_threshold"", ""risk_trigger_missing_or_low""]",False,"{""any_risk"": false, ""co2_ventilation_conflict"": false, ""dry_or_high_vpd_risk"": false, ""humidity_or_dew_risk"": false, ""solver_sensitive_risk"": false}",,323
,,0,0,0,False,[],,0.05,"{""crash_warning_score"": 0.0, ""raw_confidence"": 0.05, ""solver_risk"": 0.0, ""vpd_risk"": 0.0}",0,no_candidate,confidence_below_candidate_threshold,"[""confidence_below_candidate_threshold"", ""risk_trigger_missing_or_low""]",False,"{""any_risk"": false, ""co2_ventilation_conflict"": false, ""dry_or_high_vpd_risk"": false, ""humidity_or_dew_risk"": false, ""solver_sensitive_risk"": false}",,324
,,0,0,0,False,[],,0.05,"{""crash_warning_score"": 0.0, ""raw_confidence"": 0.05, ""solver_risk"": 0.0, ""vpd_risk"": 0.0}",0,no_candidate,confidence_below_candidate_threshold,"[""confidence_below_candidate_threshold"", ""risk_trigger_missing_or_low""]",False,"{""any_risk"": false, ""co2_ventilation_conflict"": false, ""dry_or_high_vpd_risk"": false, ""humidity_or_dew_risk"": false, ""solver_sensitive_risk"": false}",,325
,,0,0,0,False,[],,0.05,"{""crash_warning_score"": 0.0, ""raw_confidence"": 0.05, ""solver_risk"": 0.0, ""vpd_risk"": 0.0}",0,no_candidate,confidence_below_candidate_threshold,"[""confidence_below_candidate_threshold"", ""risk_trigger_missing_or_low""]",False,"{""any_risk"": false, ""co2_ventilation_conflict"": false, ""dry_or_high_vpd_risk"": false, ""humidity_or_dew_risk"": false, ""solver_sensitive_risk"": false}",,326
conservative_prior:conservative_stabilize:5,conservative_stabilize,1,1,0,True,"[""any_risk""]",risk_triggered_conservative_floor,0.05,"{""crash_warning_score"": 0.0, ""raw_confidence"": 0.05, ""solver_risk"": 0.0, ""vpd_risk"": 0.0}",1,lower_score,,[],True,"{""any_risk"": true, ""co2_ventilation_conflict"": false, ""dry_or_high_vpd_risk"": true, ""humidity_or_dew_risk"": false, ""solver_sensitive_risk"": false}",0.058625000100583025,327
conservative_prior:conservative_stabilize:5,conservative_stabilize,1,1,0,True,"[""any_risk""]",risk_triggered_conservative_floor,0.05,"{""crash_warning_score"": 0.0, ""raw_confidence"": 0.05, ""solver_risk"": 0.0, ""vpd_risk"": 0.0}",1,lower_score,,[],True,"{""any_risk"": true, ""co2_ventilation_conflict"": false, ""dry_or_high_vpd_risk"": true, ""humidity_or_dew_risk"": false, ""solver_sensitive_risk"": false}",0.056374999731779285,328
conservative_prior:conservative_stabilize:5,conservative_stabilize,1,1,0,True,"[""any_risk""]",risk_triggered_conservative_floor,0.05,"{""crash_warning_score"": 0.0, ""raw_confidence"": 0.05, ""solver_risk"": 0.0, ""vpd_risk"": 0.0}",1,lower_score,,[],True,"{""any_risk"": true, ""co2_ventilation_conflict"": false, ""dry_or_high_vpd_risk"": true, ""humidity_or_dew_risk"": false, ""solver_sensitive_risk"": false}",0.056374999731779285,329
conservative_prior:conservative_stabilize:5,conservative_stabilize,1,1,0,True,"[""any_risk""]",risk_triggered_conservative_floor,0.05,"{""crash_warning_score"": 0.0, ""raw_confidence"": 0.05, ""solver_risk"": 0.0, ""vpd_risk"": 0.0}",1,lower_score,,[],True,"{""any_risk"": true, ""co2_ventilation_conflict"": false, ""dry_or_high_vpd_risk"": true, ""humidity_or_dew_risk"": false, ""solver_sensitive_risk"": false}",0.056374999731779285,330
conservative_prior:conservative_stabilize:5,conservative_stabilize,1,1,0,True,"[""any_risk""]",risk_triggered_conservative_floor,0.05,"{""crash_warning_score"": 0.0, ""raw_confidence"": 0.05, ""solver_risk"": 0.0, ""vpd_risk"": 0.0}",1,lower_score,,[],True,"{""any_risk"": true, ""co2_ventilation_conflict"": false, ""dry_or_high_vpd_risk"": true, ""humidity_or_dew_risk"": false, ""solver_sensitive_risk"": false}",0.056374999731779285,331
conservative_prior:conservative_stabilize:5,conservative_stabilize,1,1,0,True,"[""any_risk""]",risk_triggered_conservative_floor,0.05,"{""crash_warning_score"": 0.0, ""raw_confidence"": 0.05, ""solver_risk"": 0.0, ""vpd_risk"": 0.0}",1,lower_score,,[],True,"{""any_risk"": true, ""co2_ventilation_conflict"": false, ""dry_or_high_vpd_risk"": true, ""humidity_or_dew_risk"": false, ""solver_sensitive_risk"": false}",0.056374999731779285,332
conservative_prior:conservative_stabilize:5,conservative_stabilize,1,1,0,True,"[""any_risk""]",risk_triggered_conservative_floor,0.05,"{""crash_warning_score"": 0.0, ""raw_confidence"": 0.05, ""solver_risk"": 0.0, ""vpd_risk"": 0.0}",1,lower_score,,[],True,"{""any_risk"": true, ""co2_ventilation_conflict"": false, ""dry_or_high_vpd_risk"": true, ""humidity_or_dew_risk"": false, ""solver_sensitive_risk"": false}",0.056374999731779285,333
conservative_prior:conservative_stabilize:5,conservative_stabilize,1,1,0,True,"[""any_risk""]",risk_triggered_conservative_floor,0.05,"{""crash_warning_score"": 0.0, ""raw_confidence"": 0.05, ""solver_risk"": 0.0, ""vpd_risk"": 0.0}",1,lower_score,,[],True,"{""any_risk"": true, ""co2_ventilation_conflict"": false, ""dry_or_high_vpd_risk"": true, ""humidity_or_dew_risk"": false, ""solver_sensitive_risk"": false}",0.056374999731779285,334
conservative_prior:conservative_stabilize:5,conservative_stabilize,1,1,0,True,"[""any_risk""]",risk_triggered_conservative_floor,0.05,"{""crash_warning_score"": 0.0, ""raw_confidence"": 0.05, ""solver_risk"": 0.0, ""vpd_risk"": 0.0}",1,lower_score,,[],True,"{""any_risk"": true, ""co2_ventilation_conflict"": false, ""dry_or_high_vpd_risk"": true, ""humidity_or_dew_risk"": false, ""solver_sensitive_risk"": false}",0.056374999731779285,335
conservative_prior:conservative_stabilize:5,conservative_stabilize,1,1,0,True,"[""any_risk""]",risk_triggered_conservative_floor,0.05,"{""crash_warning_score"": 0.0, ""raw_confidence"": 0.05, ""solver_risk"": 0.0, ""vpd_risk"": 0.0}",1,lower_score,,[],True,"{""any_risk"": true, ""co2_ventilation_conflict"": false, ""dry_or_high_vpd_risk"": true, ""humidity_or_dew_risk"": false, ""solver_sensitive_risk"": false}",0.056374999731779285,336
conservative_prior:conservative_stabilize:5,conservative_stabilize,1,1,0,True,"[""any_risk""]",risk_triggered_conservative_floor,0.05,"{""crash_warning_score"": 0.0, ""raw_confidence"": 0.05, ""solver_risk"": 0.0, ""vpd_risk"": 0.0}",1,lower_score,,[],True,"{""any_risk"": true, ""co2_ventilation_conflict"": false, ""dry_or_high_vpd_risk"": true, ""humidity_or_dew_risk"": false, ""solver_sensitive_risk"": false}",0.058625000100583025,337
,,0,0,0,False,[],,0.05,"{""crash_warning_score"": 0.0, ""raw_confidence"": 0.05, ""solver_risk"": 0.0, ""vpd_risk"": 0.0}",0,no_candidate,confidence_below_candidate_threshold,"[""confidence_below_candidate_threshold"", ""risk_trigger_missing_or_low""]",False,"{""any_risk"": false, ""co2_ventilation_conflict"": false, ""dry_or_high_vpd_risk"": false, ""humidity_or_dew_risk"": false, ""solver_sensitive_risk"": false}",,338
,,0,0,0,False,[],,0.05,"{""crash_warning_score"": 0.0, ""raw_confidence"": 0.05, ""solver_risk"": 0.0, ""vpd_risk"": 0.0}",0,no_candidate,confidence_below_candidate_threshold,"[""confidence_below_candidate_threshold"", ""risk_trigger_missing_or_low""]",False,"{""any_risk"": false, ""co2_ventilation_conflict"": false, ""dry_or_high_vpd_risk"": false, ""humidity_or_dew_risk"": false, ""solver_sensitive_risk"": false}",,339
,,0,0,0,False,[],,0.05,"{""crash_warning_score"": 0.0, ""raw_confidence"": 0.05, ""solver_risk"": 0.0, ""vpd_risk"": 0.0}",0,no_candidate,confidence_below_candidate_threshold,"[""confidence_below_candidate_threshold"", ""risk_trigger_missing_or_low""]",False,"{""any_risk"": false, ""co2_ventilation_conflict"": false, ""dry_or_high_vpd_risk"": false, ""humidity_or_dew_risk"": false, ""solver_sensitive_risk"": false}",,340
,,0,0,0,False,[],,0.05,"{""crash_warning_score"": 0.0, ""raw_confidence"": 0.05, ""solver_risk"": 0.0, ""vpd_risk"": 0.0}",0,no_candidate,confidence_below_candidate_threshold,"[""confidence_below_candidate_threshold"", ""risk_trigger_missing_or_low""]",False,"{""any_risk"": false, ""co2_ventilation_conflict"": false, ""dry_or_high_vpd_risk"": false, ""humidity_or_dew_risk"": false, ""solver_sensitive_risk"": false}",,341
,,0,0,0,False,[],,0.05,"{""crash_warning_score"": 0.0, ""raw_confidence"": 0.05, ""solver_risk"": 0.0, ""vpd_risk"": 0.0}",0,no_candidate,confidence_below_candidate_threshold,"[""confidence_below_candidate_threshold"", ""risk_trigger_missing_or_low""]",False,"{""any_risk"": false, ""co2_ventilation_conflict"": false, ""dry_or_high_vpd_risk"": false, ""humidity_or_dew_risk"": false, ""solver_sensitive_risk"": false}",,342
,,0,0,0,False,[],,0.05,"{""crash_warning_score"": 0.0, ""raw_confidence"": 0.05, ""solver_risk"": 0.0, ""vpd_risk"": 0.0}",0,no_candidate,confidence_below_candidate_threshold,"[""confidence_below_candidate_threshold"", ""risk_trigger_missing_or_low""]",False,"{""any_risk"": false, ""co2_ventilation_conflict"": false, ""dry_or_high_vpd_risk"": false, ""humidity_or_dew_risk"": false, ""solver_sensitive_risk"": false}",,343
,,0,0,0,False,[],,0.05,"{""crash_warning_score"": 0.0, ""raw_confidence"": 0.05, ""solver_risk"": 0.0, ""vpd_risk"": 0.0}",0,no_candidate,confidence_below_candidate_threshold,"[""confidence_below_candidate_threshold"", ""risk_trigger_missing_or_low""]",False,"{""any_risk"": false, ""co2_ventilation_conflict"": false, ""dry_or_high_vpd_risk"": false, ""humidity_or_dew_risk"": false, ""solver_sensitive_risk"": false}",,344
,,0,0,0,False,[],,0.05,"{""crash_warning_score"": 0.0, ""raw_confidence"": 0.05, ""solver_risk"": 0.0, ""vpd_risk"": 0.0}",0,no_candidate,confidence_below_candidate_threshold,"[""confidence_below_candidate_threshold"", ""risk_trigger_missing_or_low""]",False,"{""any_risk"": false, ""co2_ventilation_conflict"": false, ""dry_or_high_vpd_risk"": false, ""humidity_or_dew_risk"": false, ""solver_sensitive_risk"": false}",,345
,,0,0,0,False,[],,0.05,"{""crash_warning_score"": 0.0, ""raw_confidence"": 0.05, ""solver_risk"": 0.0, ""vpd_risk"": 0.0}",0,no_candidate,confidence_below_candidate_threshold,"[""confidence_below_candidate_threshold"", ""risk_trigger_missing_or_low""]",False,"{""any_risk"": false, ""co2_ventilation_conflict"": false, ""dry_or_high_vpd_risk"": false, ""humidity_or_dew_risk"": false, ""solver_sensitive_risk"": false}",,346
conservative_prior:conservative_stabilize:5,conservative_stabilize,1,1,0,True,"[""any_risk""]",risk_triggered_conservative_floor,0.05,"{""crash_warning_score"": 0.0, ""raw_confidence"": 0.05, ""solver_risk"": 0.0, ""vpd_risk"": 0.0}",1,lower_score,,[],True,"{""any_risk"": true, ""co2_ventilation_conflict"": false, ""dry_or_high_vpd_risk"": true, ""humidity_or_dew_risk"": false, ""solver_sensitive_risk"": false}",0.058625000100583025,347
,,0,0,0,False,[],,0.05,"{""crash_warning_score"": 0.0, ""raw_confidence"": 0.05, ""solver_risk"": 0.0, ""vpd_risk"": 0.0}",0,no_candidate,confidence_below_candidate_threshold,"[""confidence_below_candidate_threshold"", ""risk_trigger_missing_or_low""]",False,"{""any_risk"": false, ""co2_ventilation_conflict"": false, ""dry_or_high_vpd_risk"": false, ""humidity_or_dew_risk"": false, ""solver_sensitive_risk"": false}",,348
conservative_prior:conservative_stabilize:5,conservative_stabilize,1,1,0,True,"[""any_risk""]",risk_triggered_conservative_floor,0.05,"{""crash_warning_score"": 0.0, ""raw_confidence"": 0.05, ""solver_risk"": 0.0, ""vpd_risk"": 0.0}",1,lower_score,,[],True,"{""any_risk"": true, ""co2_ventilation_conflict"": false, ""dry_or_high_vpd_risk"": true, ""humidity_or_dew_risk"": false, ""solver_sensitive_risk"": false}",0.058625000100583025,349
,,0,0,0,False,[],,0.05,"{""crash_warning_score"": 0.0, ""raw_confidence"": 0.05, ""solver_risk"": 0.0, ""vpd_risk"": 0.0}",0,no_candidate,confidence_below_candidate_threshold,"[""confidence_below_candidate_threshold"", ""risk_trigger_missing_or_low""]",False,"{""any_risk"": false, ""co2_ventilation_conflict"": false, ""dry_or_high_vpd_risk"": false, ""humidity_or_dew_risk"": false, ""solver_sensitive_risk"": false}",,350
conservative_prior:conservative_stabilize:5,conservative_stabilize,1,1,0,True,"[""any_risk""]",risk_triggered_conservative_floor,0.05,"{""crash_warning_score"": 0.0, ""raw_confidence"": 0.05, ""solver_risk"": 0.0, ""vpd_risk"": 0.0}",1,lower_score,,[],True,"{""any_risk"": true, ""co2_ventilation_conflict"": false, ""dry_or_high_vpd_risk"": true, ""humidity_or_dew_risk"": false, ""solver_sensitive_risk"": false}",0.063875000100583,351
,,0,0,0,False,[],,0.05,"{""crash_warning_score"": 0.0, ""raw_confidence"": 0.05, ""solver_risk"": 0.0, ""vpd_risk"": 0.0}",0,no_candidate,confidence_below_candidate_threshold,"[""confidence_below_candidate_threshold"", ""risk_trigger_missing_or_low""]",False,"{""any_risk"": false, ""co2_ventilation_conflict"": false, ""dry_or_high_vpd_risk"": false, ""humidity_or_dew_risk"": false, ""solver_sensitive_risk"": false}",,352
conservative_prior:conservative_stabilize:5,conservative_stabilize,1,1,0,True,"[""any_risk""]",risk_triggered_conservative_floor,0.05,"{""crash_warning_score"": 0.0, ""raw_confidence"": 0.05, ""solver_risk"": 0.0, ""vpd_risk"": 0.0}",1,lower_score,,[],True,"{""any_risk"": true, ""co2_ventilation_conflict"": false, ""dry_or_high_vpd_risk"": true, ""humidity_or_dew_risk"": false, ""solver_sensitive_risk"": false}",0.063875000100583,353
,,0,0,0,False,[],,0.05,"{""crash_warning_score"": 0.0, ""raw_confidence"": 0.05, ""solver_risk"": 0.0, ""vpd_risk"": 0.0}",0,no_candidate,confidence_below_candidate_threshold,"[""confidence_below_candidate_threshold"", ""risk_trigger_missing_or_low""]",False,"{""any_risk"": false, ""co2_ventilation_conflict"": false, ""dry_or_high_vpd_risk"": false, ""humidity_or_dew_risk"": false, ""solver_sensitive_risk"": false}",,354
,,0,0,0,False,[],,0.05,"{""crash_warning_score"": 0.0, ""raw_confidence"": 0.05, ""solver_risk"": 0.0, ""vpd_risk"": 0.0}",0,no_candidate,confidence_below_candidate_threshold,"[""confidence_below_candidate_threshold"", ""risk_trigger_missing_or_low""]",False,"{""any_risk"": false, ""co2_ventilation_conflict"": false, ""dry_or_high_vpd_risk"": false, ""humidity_or_dew_risk"": false, ""solver_sensitive_risk"": false}",,355
,,0,0,0,False,[],,0.05,"{""crash_warning_score"": 0.0, ""raw_confidence"": 0.05, ""solver_risk"": 0.0, ""vpd_risk"": 0.0}",0,no_candidate,confidence_below_candidate_threshold,"[""confidence_below_candidate_threshold"", ""risk_trigger_missing_or_low""]",False,"{""any_risk"": false, ""co2_ventilation_conflict"": false, ""dry_or_high_vpd_risk"": false, ""humidity_or_dew_risk"": false, ""solver_sensitive_risk"": false}",,356
,,0,0,0,False,[],,0.05,"{""crash_warning_score"": 0.0, ""raw_confidence"": 0.05, ""solver_risk"": 0.0, ""vpd_risk"": 0.0}",0,no_candidate,confidence_below_candidate_threshold,"[""confidence_below_candidate_threshold"", ""risk_trigger_missing_or_low""]",False,"{""any_risk"": false, ""co2_ventilation_conflict"": false, ""dry_or_high_vpd_risk"": false, ""humidity_or_dew_risk"": false, ""solver_sensitive_risk"": false}",,357
,,0,0,0,False,[],,0.05,"{""crash_warning_score"": 0.0, ""raw_confidence"": 0.05, ""solver_risk"": 0.0, ""vpd_risk"": 0.0}",0,no_candidate,confidence_below_candidate_threshold,"[""confidence_below_candidate_threshold"", ""risk_trigger_missing_or_low""]",False,"{""any_risk"": false, ""co2_ventilation_conflict"": false, ""dry_or_high_vpd_risk"": false, ""humidity_or_dew_risk"": false, ""solver_sensitive_risk"": false}",,358
,,0,0,0,False,[],,0.05,"{""crash_warning_score"": 0.0, ""raw_confidence"": 0.05, ""solver_risk"": 0.0, ""vpd_risk"": 0.0}",0,no_candidate,confidence_below_candidate_threshold,"[""confidence_below_candidate_threshold"", ""risk_trigger_missing_or_low""]",False,"{""any_risk"": false, ""co2_ventilation_conflict"": false, ""dry_or_high_vpd_risk"": false, ""humidity_or_dew_risk"": false, ""solver_sensitive_risk"": false}",,359
,,0,0,0,False,[],,0.05,"{""crash_warning_score"": 0.0, ""raw_confidence"": 0.05, ""solver_risk"": 0.0, ""vpd_risk"": 0.0}",0,no_candidate,confidence_below_candidate_threshold,"[""confidence_below_candidate_threshold"", ""risk_trigger_missing_or_low""]",False,"{""any_risk"": false, ""co2_ventilation_conflict"": false, ""dry_or_high_vpd_risk"": false, ""humidity_or_dew_risk"": false, ""solver_sensitive_risk"": false}",,360
,,0,0,0,False,[],,0.05,"{""crash_warning_score"": 0.0, ""raw_confidence"": 0.05, ""solver_risk"": 0.0, ""vpd_risk"": 0.0}",0,no_candidate,confidence_below_candidate_threshold,"[""confidence_below_candidate_threshold"", ""risk_trigger_missing_or_low""]",False,"{""any_risk"": false, ""co2_ventilation_conflict"": false, ""dry_or_high_vpd_risk"": false, ""humidity_or_dew_risk"": false, ""solver_sensitive_risk"": false}",,361
,,0,0,0,False,[],,0.05,"{""crash_warning_score"": 0.0, ""raw_confidence"": 0.05, ""solver_risk"": 0.0, ""vpd_risk"": 0.0}",0,no_candidate,confidence_below_candidate_threshold,"[""confidence_below_candidate_threshold"", ""risk_trigger_missing_or_low""]",False,"{""any_risk"": false, ""co2_ventilation_conflict"": false, ""dry_or_high_vpd_risk"": false, ""humidity_or_dew_risk"": false, ""solver_sensitive_risk"": false}",,362
,,0,0,0,False,[],,0.05,"{""crash_warning_score"": 0.0, ""raw_confidence"": 0.05, ""solver_risk"": 0.0, ""vpd_risk"": 0.0}",0,no_candidate,confidence_below_candidate_threshold,"[""confidence_below_candidate_threshold"", ""risk_trigger_missing_or_low""]",False,"{""any_risk"": false, ""co2_ventilation_conflict"": false, ""dry_or_high_vpd_risk"": false, ""humidity_or_dew_risk"": false, ""solver_sensitive_risk"": false}",,363
,,0,0,0,False,[],,0.05,"{""crash_warning_score"": 0.0, ""raw_confidence"": 0.05, ""solver_risk"": 0.0, ""vpd_risk"": 0.0}",0,no_candidate,confidence_below_candidate_threshold,"[""confidence_below_candidate_threshold"", ""risk_trigger_missing_or_low""]",False,"{""any_risk"": false, ""co2_ventilation_conflict"": false, ""dry_or_high_vpd_risk"": false, ""humidity_or_dew_risk"": false, ""solver_sensitive_risk"": false}",,364
,,0,0,0,False,[],,0.05,"{""crash_warning_score"": 0.0, ""raw_confidence"": 0.05, ""solver_risk"": 0.0, ""vpd_risk"": 0.0}",0,no_candidate,confidence_below_candidate_threshold,"[""confidence_below_candidate_threshold"", ""risk_trigger_missing_or_low""]",False,"{""any_risk"": false, ""co2_ventilation_conflict"": false, ""dry_or_high_vpd_risk"": false, ""humidity_or_dew_risk"": false, ""solver_sensitive_risk"": false}",,365
,,0,0,0,False,[],,0.05,"{""crash_warning_score"": 0.0, ""raw_confidence"": 0.05, ""solver_risk"": 0.0, ""vpd_risk"": 0.0}",0,no_candidate,confidence_below_candidate_threshold,"[""confidence_below_candidate_threshold"", ""risk_trigger_missing_or_low""]",False,"{""any_risk"": false, ""co2_ventilation_conflict"": false, ""dry_or_high_vpd_risk"": false, ""humidity_or_dew_risk"": false, ""solver_sensitive_risk"": false}",,366
,,0,0,0,False,[],,0.05,"{""crash_warning_score"": 0.0, ""raw_confidence"": 0.05, ""solver_risk"": 0.0, ""vpd_risk"": 0.0}",0,no_candidate,confidence_below_candidate_threshold,"[""confidence_below_candidate_threshold"", ""risk_trigger_missing_or_low""]",False,"{""any_risk"": false, ""co2_ventilation_conflict"": false, ""dry_or_high_vpd_risk"": false, ""humidity_or_dew_risk"": false, ""solver_sensitive_risk"": false}",,367
,,0,0,0,False,[],,0.05,"{""crash_warning_score"": 0.0, ""raw_confidence"": 0.05, ""solver_risk"": 0.0, ""vpd_risk"": 0.0}",0,no_candidate,confidence_below_candidate_threshold,"[""confidence_below_candidate_threshold"", ""risk_trigger_missing_or_low""]",False,"{""any_risk"": false, ""co2_ventilation_conflict"": false, ""dry_or_high_vpd_risk"": false, ""humidity_or_dew_risk"": false, ""solver_sensitive_risk"": false}",,368
,,0,0,0,False,[],,0.05,"{""crash_warning_score"": 0.0, ""raw_confidence"": 0.05, ""solver_risk"": 0.0, ""vpd_risk"": 0.0}",0,no_candidate,confidence_below_candidate_threshold,"[""confidence_below_candidate_threshold"", ""risk_trigger_missing_or_low""]",False,"{""any_risk"": false, ""co2_ventilation_conflict"": false, ""dry_or_high_vpd_risk"": false, ""humidity_or_dew_risk"": false, ""solver_sensitive_risk"": false}",,369
,,0,0,0,False,[],,0.05,"{""crash_warning_score"": 0.0, ""raw_confidence"": 0.05, ""solver_risk"": 0.0, ""vpd_risk"": 0.0}",0,no_candidate,confidence_below_candidate_threshold,"[""confidence_below_candidate_threshold"", ""risk_trigger_missing_or_low""]",False,"{""any_risk"": false, ""co2_ventilation_conflict"": false, ""dry_or_high_vpd_risk"": false, ""humidity_or_dew_risk"": false, ""solver_sensitive_risk"": false}",,370
,,0,0,0,False,[],,0.05,"{""crash_warning_score"": 0.0, ""raw_confidence"": 0.05, ""solver_risk"": 0.0, ""vpd_risk"": 0.0}",0,no_candidate,confidence_below_candidate_threshold,"[""confidence_below_candidate_threshold"", ""risk_trigger_missing_or_low""]",False,"{""any_risk"": false, ""co2_ventilation_conflict"": false, ""dry_or_high_vpd_risk"": false, ""humidity_or_dew_risk"": false, ""solver_sensitive_risk"": false}",,371
,,0,0,0,False,[],,0.05,"{""crash_warning_score"": 0.0, ""raw_confidence"": 0.05, ""solver_risk"": 0.0, ""vpd_risk"": 0.0}",0,no_candidate,confidence_below_candidate_threshold,"[""confidence_below_candidate_threshold"", ""risk_trigger_missing_or_low""]",False,"{""any_risk"": false, ""co2_ventilation_conflict"": false, ""dry_or_high_vpd_risk"": false, ""humidity_or_dew_risk"": false, ""solver_sensitive_risk"": false}",,372
,,0,0,0,False,[],,0.05,"{""crash_warning_score"": 0.0, ""raw_confidence"": 0.05, ""solver_risk"": 0.0, ""vpd_risk"": 0.0}",0,no_candidate,confidence_below_candidate_threshold,"[""confidence_below_candidate_threshold"", ""risk_trigger_missing_or_low""]",False,"{""any_risk"": false, ""co2_ventilation_conflict"": false, ""dry_or_high_vpd_risk"": false, ""humidity_or_dew_risk"": false, ""solver_sensitive_risk"": false}",,373
,,0,0,0,False,[],,0.05,"{""crash_warning_score"": 0.0, ""raw_confidence"": 0.05, ""solver_risk"": 0.0, ""vpd_risk"": 0.0}",0,no_candidate,confidence_below_candidate_threshold,"[""confidence_below_candidate_threshold"", ""risk_trigger_missing_or_low""]",False,"{""any_risk"": false, ""co2_ventilation_conflict"": false, ""dry_or_high_vpd_risk"": false, ""humidity_or_dew_risk"": false, ""solver_sensitive_risk"": false}",,374
,,0,0,0,False,[],,0.05,"{""crash_warning_score"": 0.0, ""raw_confidence"": 0.05, ""solver_risk"": 0.0, ""vpd_risk"": 0.0}",0,no_candidate,confidence_below_candidate_threshold,"[""confidence_below_candidate_threshold"", ""risk_trigger_missing_or_low""]",False,"{""any_risk"": false, ""co2_ventilation_conflict"": false, ""dry_or_high_vpd_risk"": false, ""humidity_or_dew_risk"": false, ""solver_sensitive_risk"": false}",,375
,,0,0,0,False,[],,0.05,"{""crash_warning_score"": 0.0, ""raw_confidence"": 0.05, ""solver_risk"": 0.0, ""vpd_risk"": 0.0}",0,no_candidate,confidence_below_candidate_threshold,"[""confidence_below_candidate_threshold"", ""risk_trigger_missing_or_low""]",False,"{""any_risk"": false, ""co2_ventilation_conflict"": false, ""dry_or_high_vpd_risk"": false, ""humidity_or_dew_risk"": false, ""solver_sensitive_risk"": false}",,376
,,0,0,0,False,[],,0.05,"{""crash_warning_score"": 0.0, ""raw_confidence"": 0.05, ""solver_risk"": 0.0, ""vpd_risk"": 0.0}",0,no_candidate,confidence_below_candidate_threshold,"[""confidence_below_candidate_threshold"", ""risk_trigger_missing_or_low""]",False,"{""any_risk"": false, ""co2_ventilation_conflict"": false, ""dry_or_high_vpd_risk"": false, ""humidity_or_dew_risk"": false, ""solver_sensitive_risk"": false}",,377
,,0,0,0,False,[],,0.05,"{""crash_warning_score"": 0.0, ""raw_confidence"": 0.05, ""solver_risk"": 0.0, ""vpd_risk"": 0.0}",0,no_candidate,confidence_below_candidate_threshold,"[""confidence_below_candidate_threshold"", ""risk_trigger_missing_or_low""]",False,"{""any_risk"": false, ""co2_ventilation_conflict"": false, ""dry_or_high_vpd_risk"": false, ""humidity_or_dew_risk"": false, ""solver_sensitive_risk"": false}",,378
,,0,0,0,False,[],,0.05,"{""crash_warning_score"": 0.0, ""raw_confidence"": 0.05, ""solver_risk"": 0.0, ""vpd_risk"": 0.0}",0,no_candidate,confidence_below_candidate_threshold,"[""confidence_below_candidate_threshold"", ""risk_trigger_missing_or_low""]",False,"{""any_risk"": false, ""co2_ventilation_conflict"": false, ""dry_or_high_vpd_risk"": false, ""humidity_or_dew_risk"": false, ""solver_sensitive_risk"": false}",,379
,,0,0,0,False,[],,0.05,"{""crash_warning_score"": 0.0, ""raw_confidence"": 0.05, ""solver_risk"": 0.0, ""vpd_risk"": 0.0}",0,no_candidate,confidence_below_candidate_threshold,"[""confidence_below_candidate_threshold"", ""risk_trigger_missing_or_low""]",False,"{""any_risk"": false, ""co2_ventilation_conflict"": false, ""dry_or_high_vpd_risk"": false, ""humidity_or_dew_risk"": false, ""solver_sensitive_risk"": false}",,380
,,0,0,0,False,[],,0.05,"{""crash_warning_score"": 0.0, ""raw_confidence"": 0.05, ""solver_risk"": 0.0, ""vpd_risk"": 0.0}",0,no_candidate,confidence_below_candidate_threshold,"[""confidence_below_candidate_threshold"", ""risk_trigger_missing_or_low""]",False,"{""any_risk"": false, ""co2_ventilation_conflict"": false, ""dry_or_high_vpd_risk"": false, ""humidity_or_dew_risk"": false, ""solver_sensitive_risk"": false}",,381
,,0,0,0,False,[],,0.05,"{""crash_warning_score"": 0.0, ""raw_confidence"": 0.05, ""solver_risk"": 0.0, ""vpd_risk"": 0.0}",0,no_candidate,confidence_below_candidate_threshold,"[""confidence_below_candidate_threshold"", ""risk_trigger_missing_or_low""]",False,"{""any_risk"": false, ""co2_ventilation_conflict"": false, ""dry_or_high_vpd_risk"": false, ""humidity_or_dew_risk"": false, ""solver_sensitive_risk"": false}",,382
,,0,0,0,False,[],,0.05,"{""crash_warning_score"": 0.0, ""raw_confidence"": 0.05, ""solver_risk"": 0.0, ""vpd_risk"": 0.0}",0,no_candidate,confidence_below_candidate_threshold,"[""confidence_below_candidate_threshold"", ""risk_trigger_missing_or_low""]",False,"{""any_risk"": false, ""co2_ventilation_conflict"": false, ""dry_or_high_vpd_risk"": false, ""humidity_or_dew_risk"": false, ""solver_sensitive_risk"": false}",,383
,,0,0,0,False,[],,0.05,"{""crash_warning_score"": 0.0, ""raw_confidence"": 0.05, ""solver_risk"": 0.0, ""vpd_risk"": 0.0}",0,no_candidate,confidence_below_candidate_threshold,"[""confidence_below_candidate_threshold"", ""risk_trigger_missing_or_low""]",False,"{""any_risk"": false, ""co2_ventilation_conflict"": false, ""dry_or_high_vpd_risk"": false, ""humidity_or_dew_risk"": false, ""solver_sensitive_risk"": false}",,384
,,0,0,0,False,[],,0.05,"{""crash_warning_score"": 0.0, ""raw_confidence"": 0.05, ""solver_risk"": 0.0, ""vpd_risk"": 0.0}",0,no_candidate,confidence_below_candidate_threshold,"[""confidence_below_candidate_threshold"", ""risk_trigger_missing_or_low""]",False,"{""any_risk"": false, ""co2_ventilation_conflict"": false, ""dry_or_high_vpd_risk"": false, ""humidity_or_dew_risk"": false, ""solver_sensitive_risk"": false}",,385
,,0,0,0,False,[],,0.05,"{""crash_warning_score"": 0.0, ""raw_confidence"": 0.05, ""solver_risk"": 0.0, ""vpd_risk"": 0.0}",0,no_candidate,confidence_below_candidate_threshold,"[""confidence_below_candidate_threshold"", ""risk_trigger_missing_or_low""]",False,"{""any_risk"": false, ""co2_ventilation_conflict"": false, ""dry_or_high_vpd_risk"": false, ""humidity_or_dew_risk"": false, ""solver_sensitive_risk"": false}",,386
,,0,0,0,False,[],,0.05,"{""crash_warning_score"": 0.0, ""raw_confidence"": 0.05, ""solver_risk"": 0.0, ""vpd_risk"": 0.0}",0,no_candidate,confidence_below_candidate_threshold,"[""confidence_below_candidate_threshold"", ""risk_trigger_missing_or_low""]",False,"{""any_risk"": false, ""co2_ventilation_conflict"": false, ""dry_or_high_vpd_risk"": false, ""humidity_or_dew_risk"": false, ""solver_sensitive_risk"": false}",,387
,,0,0,0,False,[],,0.05,"{""crash_warning_score"": 0.0, ""raw_confidence"": 0.05, ""solver_risk"": 0.0, ""vpd_risk"": 0.0}",0,no_candidate,confidence_below_candidate_threshold,"[""confidence_below_candidate_threshold"", ""risk_trigger_missing_or_low""]",False,"{""any_risk"": false, ""co2_ventilation_conflict"": false, ""dry_or_high_vpd_risk"": false, ""humidity_or_dew_risk"": false, ""solver_sensitive_risk"": false}",,388
,,0,0,0,False,[],,0.05,"{""crash_warning_score"": 0.0, ""raw_confidence"": 0.05, ""solver_risk"": 0.0, ""vpd_risk"": 0.0}",0,no_candidate,confidence_below_candidate_threshold,"[""confidence_below_candidate_threshold"", ""risk_trigger_missing_or_low""]",False,"{""any_risk"": false, ""co2_ventilation_conflict"": false, ""dry_or_high_vpd_risk"": false, ""humidity_or_dew_risk"": false, ""solver_sensitive_risk"": false}",,389
,,0,0,0,False,[],,0.05,"{""crash_warning_score"": 0.0, ""raw_confidence"": 0.05, ""solver_risk"": 0.0, ""vpd_risk"": 0.0}",0,no_candidate,confidence_below_candidate_threshold,"[""confidence_below_candidate_threshold"", ""risk_trigger_missing_or_low""]",False,"{""any_risk"": false, ""co2_ventilation_conflict"": false, ""dry_or_high_vpd_risk"": false, ""humidity_or_dew_risk"": false, ""solver_sensitive_risk"": false}",,390
,,0,0,0,False,[],,0.05,"{""crash_warning_score"": 0.0, ""raw_confidence"": 0.05, ""solver_risk"": 0.0, ""vpd_risk"": 0.0}",0,no_candidate,confidence_below_candidate_threshold,"[""confidence_below_candidate_threshold"", ""risk_trigger_missing_or_low""]",False,"{""any_risk"": false, ""co2_ventilation_conflict"": false, ""dry_or_high_vpd_risk"": false, ""humidity_or_dew_risk"": false, ""solver_sensitive_risk"": false}",,391
,,0,0,0,False,[],,0.05,"{""crash_warning_score"": 0.0, ""raw_confidence"": 0.05, ""solver_risk"": 0.0, ""vpd_risk"": 0.0}",0,no_candidate,confidence_below_candidate_threshold,"[""confidence_below_candidate_threshold"", ""risk_trigger_missing_or_low""]",False,"{""any_risk"": false, ""co2_ventilation_conflict"": false, ""dry_or_high_vpd_risk"": false, ""humidity_or_dew_risk"": false, ""solver_sensitive_risk"": false}",,392
,,0,0,0,False,[],,0.05,"{""crash_warning_score"": 0.0, ""raw_confidence"": 0.05, ""solver_risk"": 0.0, ""vpd_risk"": 0.0}",0,no_candidate,confidence_below_candidate_threshold,"[""confidence_below_candidate_threshold"", ""risk_trigger_missing_or_low""]",False,"{""any_risk"": false, ""co2_ventilation_conflict"": false, ""dry_or_high_vpd_risk"": false, ""humidity_or_dew_risk"": false, ""solver_sensitive_risk"": false}",,393
,,0,0,0,False,[],,0.05,"{""crash_warning_score"": 0.0, ""raw_confidence"": 0.05, ""solver_risk"": 0.0, ""vpd_risk"": 0.0}",0,no_candidate,confidence_below_candidate_threshold,"[""confidence_below_candidate_threshold"", ""risk_trigger_missing_or_low""]",False,"{""any_risk"": false, ""co2_ventilation_conflict"": false, ""dry_or_high_vpd_risk"": false, ""humidity_or_dew_risk"": false, ""solver_sensitive_risk"": false}",,394
,,0,0,0,False,[],,0.05,"{""crash_warning_score"": 0.0, ""raw_confidence"": 0.05, ""solver_risk"": 0.0, ""vpd_risk"": 0.0}",0,no_candidate,confidence_below_candidate_threshold,"[""confidence_below_candidate_threshold"", ""risk_trigger_missing_or_low""]",False,"{""any_risk"": false, ""co2_ventilation_conflict"": false, ""dry_or_high_vpd_risk"": false, ""humidity_or_dew_risk"": false, ""solver_sensitive_risk"": false}",,395
,,0,0,0,False,[],,0.05,"{""crash_warning_score"": 0.0, ""raw_confidence"": 0.05, ""solver_risk"": 0.0, ""vpd_risk"": 0.0}",0,no_candidate,confidence_below_candidate_threshold,"[""confidence_below_candidate_threshold"", ""risk_trigger_missing_or_low""]",False,"{""any_risk"": false, ""co2_ventilation_conflict"": false, ""dry_or_high_vpd_risk"": false, ""humidity_or_dew_risk"": false, ""solver_sensitive_risk"": false}",,396
,,0,0,0,False,[],,0.05,"{""crash_warning_score"": 0.0, ""raw_confidence"": 0.05, ""solver_risk"": 0.0, ""vpd_risk"": 0.0}",0,no_candidate,confidence_below_candidate_threshold,"[""confidence_below_candidate_threshold"", ""risk_trigger_missing_or_low""]",False,"{""any_risk"": false, ""co2_ventilation_conflict"": false, ""dry_or_high_vpd_risk"": false, ""humidity_or_dew_risk"": false, ""solver_sensitive_risk"": false}",,397
,,0,0,0,False,[],,0.05,"{""crash_warning_score"": 0.0, ""raw_confidence"": 0.05, ""solver_risk"": 0.0, ""vpd_risk"": 0.0}",0,no_candidate,confidence_below_candidate_threshold,"[""confidence_below_candidate_threshold"", ""risk_trigger_missing_or_low""]",False,"{""any_risk"": false, ""co2_ventilation_conflict"": false, ""dry_or_high_vpd_risk"": false, ""humidity_or_dew_risk"": false, ""solver_sensitive_risk"": false}",,398
,,0,0,0,False,[],,0.05,"{""crash_warning_score"": 0.0, ""raw_confidence"": 0.05, ""solver_risk"": 0.0, ""vpd_risk"": 0.0}",0,no_candidate,confidence_below_candidate_threshold,"[""confidence_below_candidate_threshold"", ""risk_trigger_missing_or_low""]",False,"{""any_risk"": false, ""co2_ventilation_conflict"": false, ""dry_or_high_vpd_risk"": false, ""humidity_or_dew_risk"": false, ""solver_sensitive_risk"": false}",,399
,,0,0,0,False,[],,0.05,"{""crash_warning_score"": 0.0, ""raw_confidence"": 0.05, ""solver_risk"": 0.0, ""vpd_risk"": 0.0}",0,no_candidate,confidence_below_candidate_threshold,"[""confidence_below_candidate_threshold"", ""risk_trigger_missing_or_low""]",False,"{""any_risk"": false, ""co2_ventilation_conflict"": false, ""dry_or_high_vpd_risk"": false, ""humidity_or_dew_risk"": false, ""solver_sensitive_risk"": false}",,400
,,0,0,0,False,[],,0.05,"{""crash_warning_score"": 0.0, ""raw_confidence"": 0.05, ""solver_risk"": 0.0, ""vpd_risk"": 0.0}",0,no_candidate,confidence_below_candidate_threshold,"[""confidence_below_candidate_threshold"", ""risk_trigger_missing_or_low""]",False,"{""any_risk"": false, ""co2_ventilation_conflict"": false, ""dry_or_high_vpd_risk"": false, ""humidity_or_dew_risk"": false, ""solver_sensitive_risk"": false}",,401
,,0,0,0,False,[],,0.05,"{""crash_warning_score"": 0.0, ""raw_confidence"": 0.05, ""solver_risk"": 0.0, ""vpd_risk"": 0.0}",0,no_candidate,confidence_below_candidate_threshold,"[""confidence_below_candidate_threshold"", ""risk_trigger_missing_or_low""]",False,"{""any_risk"": false, ""co2_ventilation_conflict"": false, ""dry_or_high_vpd_risk"": false, ""humidity_or_dew_risk"": false, ""solver_sensitive_risk"": false}",,402
,,0,0,0,False,[],,0.05,"{""crash_warning_score"": 0.0, ""raw_confidence"": 0.05, ""solver_risk"": 0.0, ""vpd_risk"": 0.0}",0,no_candidate,confidence_below_candidate_threshold,"[""confidence_below_candidate_threshold"", ""risk_trigger_missing_or_low""]",False,"{""any_risk"": false, ""co2_ventilation_conflict"": false, ""dry_or_high_vpd_risk"": false, ""humidity_or_dew_risk"": false, ""solver_sensitive_risk"": false}",,403
,,0,0,0,False,[],,0.05,"{""crash_warning_score"": 0.0, ""raw_confidence"": 0.05, ""solver_risk"": 0.0, ""vpd_risk"": 0.0}",0,no_candidate,confidence_below_candidate_threshold,"[""confidence_below_candidate_threshold"", ""risk_trigger_missing_or_low""]",False,"{""any_risk"": false, ""co2_ventilation_conflict"": false, ""dry_or_high_vpd_risk"": false, ""humidity_or_dew_risk"": false, ""solver_sensitive_risk"": false}",,404
,,0,0,0,False,[],,0.05,"{""crash_warning_score"": 0.0, ""raw_confidence"": 0.05, ""solver_risk"": 0.0, ""vpd_risk"": 0.0}",0,no_candidate,confidence_below_candidate_threshold,"[""confidence_below_candidate_threshold"", ""risk_trigger_missing_or_low""]",False,"{""any_risk"": false, ""co2_ventilation_conflict"": false, ""dry_or_high_vpd_risk"": false, ""humidity_or_dew_risk"": false, ""solver_sensitive_risk"": false}",,405
,,0,0,0,False,[],,0.05,"{""crash_warning_score"": 0.0, ""raw_confidence"": 0.05, ""solver_risk"": 0.0, ""vpd_risk"": 0.0}",0,no_candidate,confidence_below_candidate_threshold,"[""confidence_below_candidate_threshold"", ""risk_trigger_missing_or_low""]",False,"{""any_risk"": false, ""co2_ventilation_conflict"": false, ""dry_or_high_vpd_risk"": false, ""humidity_or_dew_risk"": false, ""solver_sensitive_risk"": false}",,406
,,0,0,0,False,[],,0.05,"{""crash_warning_score"": 0.0, ""raw_confidence"": 0.05, ""solver_risk"": 0.0, ""vpd_risk"": 0.0}",0,no_candidate,confidence_below_candidate_threshold,"[""confidence_below_candidate_threshold"", ""risk_trigger_missing_or_low""]",False,"{""any_risk"": false, ""co2_ventilation_conflict"": false, ""dry_or_high_vpd_risk"": false, ""humidity_or_dew_risk"": false, ""solver_sensitive_risk"": false}",,407
,,0,0,0,False,[],,0.05,"{""crash_warning_score"": 0.0, ""raw_confidence"": 0.05, ""solver_risk"": 0.0, ""vpd_risk"": 0.0}",0,no_candidate,confidence_below_candidate_threshold,"[""confidence_below_candidate_threshold"", ""risk_trigger_missing_or_low""]",False,"{""any_risk"": false, ""co2_ventilation_conflict"": false, ""dry_or_high_vpd_risk"": false, ""humidity_or_dew_risk"": false, ""solver_sensitive_risk"": false}",,408
,,0,0,0,False,[],,0.05,"{""crash_warning_score"": 0.0, ""raw_confidence"": 0.05, ""solver_risk"": 0.0, ""vpd_risk"": 0.0}",0,no_candidate,confidence_below_candidate_threshold,"[""confidence_below_candidate_threshold"", ""risk_trigger_missing_or_low""]",False,"{""any_risk"": false, ""co2_ventilation_conflict"": false, ""dry_or_high_vpd_risk"": false, ""humidity_or_dew_risk"": false, ""solver_sensitive_risk"": false}",,409
,,0,0,0,False,[],,0.05,"{""crash_warning_score"": 0.0, ""raw_confidence"": 0.05, ""solver_risk"": 0.0, ""vpd_risk"": 0.0}",0,no_candidate,confidence_below_candidate_threshold,"[""confidence_below_candidate_threshold"", ""risk_trigger_missing_or_low""]",False,"{""any_risk"": false, ""co2_ventilation_conflict"": false, ""dry_or_high_vpd_risk"": false, ""humidity_or_dew_risk"": false, ""solver_sensitive_risk"": false}",,410
,,0,0,0,False,[],,0.05,"{""crash_warning_score"": 0.0, ""raw_confidence"": 0.05, ""solver_risk"": 0.0, ""vpd_risk"": 0.0}",0,no_candidate,confidence_below_candidate_threshold,"[""confidence_below_candidate_threshold"", ""risk_trigger_missing_or_low""]",False,"{""any_risk"": false, ""co2_ventilation_conflict"": false, ""dry_or_high_vpd_risk"": false, ""humidity_or_dew_risk"": false, ""solver_sensitive_risk"": false}",,411
,,0,0,0,False,[],,0.05,"{""crash_warning_score"": 0.0, ""raw_confidence"": 0.05, ""solver_risk"": 0.0, ""vpd_risk"": 0.0}",0,no_candidate,confidence_below_candidate_threshold,"[""confidence_below_candidate_threshold"", ""risk_trigger_missing_or_low""]",False,"{""any_risk"": false, ""co2_ventilation_conflict"": false, ""dry_or_high_vpd_risk"": false, ""humidity_or_dew_risk"": false, ""solver_sensitive_risk"": false}",,412
,,0,0,0,False,[],,0.05,"{""crash_warning_score"": 0.0, ""raw_confidence"": 0.05, ""solver_risk"": 0.0, ""vpd_risk"": 0.0}",0,no_candidate,confidence_below_candidate_threshold,"[""confidence_below_candidate_threshold"", ""risk_trigger_missing_or_low""]",False,"{""any_risk"": false, ""co2_ventilation_conflict"": false, ""dry_or_high_vpd_risk"": false, ""humidity_or_dew_risk"": false, ""solver_sensitive_risk"": false}",,413
,,0,0,0,False,[],,0.05,"{""crash_warning_score"": 0.0, ""raw_confidence"": 0.05, ""solver_risk"": 0.0, ""vpd_risk"": 0.0}",0,no_candidate,confidence_below_candidate_threshold,"[""confidence_below_candidate_threshold"", ""risk_trigger_missing_or_low""]",False,"{""any_risk"": false, ""co2_ventilation_conflict"": false, ""dry_or_high_vpd_risk"": false, ""humidity_or_dew_risk"": false, ""solver_sensitive_risk"": false}",,414
,,0,0,0,False,[],,0.05,"{""crash_warning_score"": 0.0, ""raw_confidence"": 0.05, ""solver_risk"": 0.0, ""vpd_risk"": 0.0}",0,no_candidate,confidence_below_candidate_threshold,"[""confidence_below_candidate_threshold"", ""risk_trigger_missing_or_low""]",False,"{""any_risk"": false, ""co2_ventilation_conflict"": false, ""dry_or_high_vpd_risk"": false, ""humidity_or_dew_risk"": false, ""solver_sensitive_risk"": false}",,415
,,0,0,0,False,[],,0.05,"{""crash_warning_score"": 0.0, ""raw_confidence"": 0.05, ""solver_risk"": 0.0, ""vpd_risk"": 0.0}",0,no_candidate,confidence_below_candidate_threshold,"[""confidence_below_candidate_threshold"", ""risk_trigger_missing_or_low""]",False,"{""any_risk"": false, ""co2_ventilation_conflict"": false, ""dry_or_high_vpd_risk"": false, ""humidity_or_dew_risk"": false, ""solver_sensitive_risk"": false}",,416
conservative_prior:conservative_stabilize:5,conservative_stabilize,1,1,0,True,"[""any_risk""]",risk_triggered_conservative_floor,0.05,"{""crash_warning_score"": 0.0, ""raw_confidence"": 0.05, ""solver_risk"": 0.0, ""vpd_risk"": 0.0}",1,lower_score,,[],True,"{""any_risk"": true, ""co2_ventilation_conflict"": false, ""dry_or_high_vpd_risk"": true, ""humidity_or_dew_risk"": false, ""solver_sensitive_risk"": false}",0.058625000100583025,417
conservative_prior:conservative_stabilize:5,conservative_stabilize,1,1,0,True,"[""any_risk""]",risk_triggered_conservative_floor,0.05,"{""crash_warning_score"": 0.0, ""raw_confidence"": 0.05, ""solver_risk"": 0.0, ""vpd_risk"": 0.0}",1,lower_score,,[],True,"{""any_risk"": true, ""co2_ventilation_conflict"": false, ""dry_or_high_vpd_risk"": true, ""humidity_or_dew_risk"": false, ""solver_sensitive_risk"": false}",0.056374999731779285,418
,,0,0,0,False,[],,0.05,"{""crash_warning_score"": 0.0, ""raw_confidence"": 0.05, ""solver_risk"": 0.0, ""vpd_risk"": 0.0}",0,no_candidate,confidence_below_candidate_threshold,"[""confidence_below_candidate_threshold"", ""risk_trigger_missing_or_low""]",False,"{""any_risk"": false, ""co2_ventilation_conflict"": false, ""dry_or_high_vpd_risk"": false, ""humidity_or_dew_risk"": false, ""solver_sensitive_risk"": false}",,419
,,0,0,0,False,[],,0.05,"{""crash_warning_score"": 0.0, ""raw_confidence"": 0.05, ""solver_risk"": 0.0, ""vpd_risk"": 0.0}",0,no_candidate,confidence_below_candidate_threshold,"[""confidence_below_candidate_threshold"", ""risk_trigger_missing_or_low""]",False,"{""any_risk"": false, ""co2_ventilation_conflict"": false, ""dry_or_high_vpd_risk"": false, ""humidity_or_dew_risk"": false, ""solver_sensitive_risk"": false}",,420
,,0,0,0,False,[],,0.05,"{""crash_warning_score"": 0.0, ""raw_confidence"": 0.05, ""solver_risk"": 0.0, ""vpd_risk"": 0.0}",0,no_candidate,confidence_below_candidate_threshold,"[""confidence_below_candidate_threshold"", ""risk_trigger_missing_or_low""]",False,"{""any_risk"": false, ""co2_ventilation_conflict"": false, ""dry_or_high_vpd_risk"": false, ""humidity_or_dew_risk"": false, ""solver_sensitive_risk"": false}",,421
,,0,0,0,False,[],,0.05,"{""crash_warning_score"": 0.0, ""raw_confidence"": 0.05, ""solver_risk"": 0.0, ""vpd_risk"": 0.0}",0,no_candidate,confidence_below_candidate_threshold,"[""confidence_below_candidate_threshold"", ""risk_trigger_missing_or_low""]",False,"{""any_risk"": false, ""co2_ventilation_conflict"": false, ""dry_or_high_vpd_risk"": false, ""humidity_or_dew_risk"": false, ""solver_sensitive_risk"": false}",,422
,,0,0,0,False,[],,0.05,"{""crash_warning_score"": 0.0, ""raw_confidence"": 0.05, ""solver_risk"": 0.0, ""vpd_risk"": 0.0}",0,no_candidate,confidence_below_candidate_threshold,"[""confidence_below_candidate_threshold"", ""risk_trigger_missing_or_low""]",False,"{""any_risk"": false, ""co2_ventilation_conflict"": false, ""dry_or_high_vpd_risk"": false, ""humidity_or_dew_risk"": false, ""solver_sensitive_risk"": false}",,423
,,0,0,0,False,[],,0.05,"{""crash_warning_score"": 0.0, ""raw_confidence"": 0.05, ""solver_risk"": 0.0, ""vpd_risk"": 0.0}",0,no_candidate,confidence_below_candidate_threshold,"[""confidence_below_candidate_threshold"", ""risk_trigger_missing_or_low""]",False,"{""any_risk"": false, ""co2_ventilation_conflict"": false, ""dry_or_high_vpd_risk"": false, ""humidity_or_dew_risk"": false, ""solver_sensitive_risk"": false}",,424
,,0,0,0,False,[],,0.05,"{""crash_warning_score"": 0.0, ""raw_confidence"": 0.05, ""solver_risk"": 0.0, ""vpd_risk"": 0.0}",0,no_candidate,confidence_below_candidate_threshold,"[""confidence_below_candidate_threshold"", ""risk_trigger_missing_or_low""]",False,"{""any_risk"": false, ""co2_ventilation_conflict"": false, ""dry_or_high_vpd_risk"": false, ""humidity_or_dew_risk"": false, ""solver_sensitive_risk"": false}",,425
,,0,0,0,False,[],,0.05,"{""crash_warning_score"": 0.0, ""raw_confidence"": 0.05, ""solver_risk"": 0.0, ""vpd_risk"": 0.0}",0,no_candidate,confidence_below_candidate_threshold,"[""confidence_below_candidate_threshold"", ""risk_trigger_missing_or_low""]",False,"{""any_risk"": false, ""co2_ventilation_conflict"": false, ""dry_or_high_vpd_risk"": false, ""humidity_or_dew_risk"": false, ""solver_sensitive_risk"": false}",,426
,,0,0,0,False,[],,0.05,"{""crash_warning_score"": 0.0, ""raw_confidence"": 0.05, ""solver_risk"": 0.0, ""vpd_risk"": 0.0}",0,no_candidate,confidence_below_candidate_threshold,"[""confidence_below_candidate_threshold"", ""risk_trigger_missing_or_low""]",False,"{""any_risk"": false, ""co2_ventilation_conflict"": false, ""dry_or_high_vpd_risk"": false, ""humidity_or_dew_risk"": false, ""solver_sensitive_risk"": false}",,427
,,0,0,0,False,[],,0.05,"{""crash_warning_score"": 0.0, ""raw_confidence"": 0.05, ""solver_risk"": 0.0, ""vpd_risk"": 0.0}",0,no_candidate,confidence_below_candidate_threshold,"[""confidence_below_candidate_threshold"", ""risk_trigger_missing_or_low""]",False,"{""any_risk"": false, ""co2_ventilation_conflict"": false, ""dry_or_high_vpd_risk"": false, ""humidity_or_dew_risk"": false, ""solver_sensitive_risk"": false}",,428
,,0,0,0,False,[],,0.05,"{""crash_warning_score"": 0.0, ""raw_confidence"": 0.05, ""solver_risk"": 0.0, ""vpd_risk"": 0.0}",0,no_candidate,confidence_below_candidate_threshold,"[""confidence_below_candidate_threshold"", ""risk_trigger_missing_or_low""]",False,"{""any_risk"": false, ""co2_ventilation_conflict"": false, ""dry_or_high_vpd_risk"": false, ""humidity_or_dew_risk"": false, ""solver_sensitive_risk"": false}",,429
,,0,0,0,False,[],,0.05,"{""crash_warning_score"": 0.0, ""raw_confidence"": 0.05, ""solver_risk"": 0.0, ""vpd_risk"": 0.0}",0,no_candidate,confidence_below_candidate_threshold,"[""confidence_below_candidate_threshold"", ""risk_trigger_missing_or_low""]",False,"{""any_risk"": false, ""co2_ventilation_conflict"": false, ""dry_or_high_vpd_risk"": false, ""humidity_or_dew_risk"": false, ""solver_sensitive_risk"": false}",,430
,,0,0,0,False,[],,0.05,"{""crash_warning_score"": 0.0, ""raw_confidence"": 0.05, ""solver_risk"": 0.0, ""vpd_risk"": 0.0}",0,no_candidate,confidence_below_candidate_threshold,"[""confidence_below_candidate_threshold"", ""risk_trigger_missing_or_low""]",False,"{""any_risk"": false, ""co2_ventilation_conflict"": false, ""dry_or_high_vpd_risk"": false, ""humidity_or_dew_risk"": false, ""solver_sensitive_risk"": false}",,431
,,0,0,0,False,[],,0.05,"{""crash_warning_score"": 0.0, ""raw_confidence"": 0.05, ""solver_risk"": 0.0, ""vpd_risk"": 0.0}",0,no_candidate,confidence_below_candidate_threshold,"[""confidence_below_candidate_threshold"", ""risk_trigger_missing_or_low""]",False,"{""any_risk"": false, ""co2_ventilation_conflict"": false, ""dry_or_high_vpd_risk"": false, ""humidity_or_dew_risk"": false, ""solver_sensitive_risk"": false}",,432
,,0,0,0,False,[],,0.05,"{""crash_warning_score"": 0.0, ""raw_confidence"": 0.05, ""solver_risk"": 0.0, ""vpd_risk"": 0.0}",0,no_candidate,confidence_below_candidate_threshold,"[""confidence_below_candidate_threshold"", ""risk_trigger_missing_or_low""]",False,"{""any_risk"": false, ""co2_ventilation_conflict"": false, ""dry_or_high_vpd_risk"": false, ""humidity_or_dew_risk"": false, ""solver_sensitive_risk"": false}",,433
,,0,0,0,False,[],,0.05,"{""crash_warning_score"": 0.0, ""raw_confidence"": 0.05, ""solver_risk"": 0.0, ""vpd_risk"": 0.0}",0,no_candidate,confidence_below_candidate_threshold,"[""confidence_below_candidate_threshold"", ""risk_trigger_missing_or_low""]",False,"{""any_risk"": false, ""co2_ventilation_conflict"": false, ""dry_or_high_vpd_risk"": false, ""humidity_or_dew_risk"": false, ""solver_sensitive_risk"": false}",,434
,,0,0,0,False,[],,0.05,"{""crash_warning_score"": 0.0, ""raw_confidence"": 0.05, ""solver_risk"": 0.0, ""vpd_risk"": 0.0}",0,no_candidate,confidence_below_candidate_threshold,"[""confidence_below_candidate_threshold"", ""risk_trigger_missing_or_low""]",False,"{""any_risk"": false, ""co2_ventilation_conflict"": false, ""dry_or_high_vpd_risk"": false, ""humidity_or_dew_risk"": false, ""solver_sensitive_risk"": false}",,435
,,0,0,0,False,[],,0.05,"{""crash_warning_score"": 0.0, ""raw_confidence"": 0.05, ""solver_risk"": 0.0, ""vpd_risk"": 0.0}",0,no_candidate,confidence_below_candidate_threshold,"[""confidence_below_candidate_threshold"", ""risk_trigger_missing_or_low""]",False,"{""any_risk"": false, ""co2_ventilation_conflict"": false, ""dry_or_high_vpd_risk"": false, ""humidity_or_dew_risk"": false, ""solver_sensitive_risk"": false}",,436
,,0,0,0,False,[],,0.05,"{""crash_warning_score"": 0.0, ""raw_confidence"": 0.05, ""solver_risk"": 0.0, ""vpd_risk"": 0.0}",0,no_candidate,confidence_below_candidate_threshold,"[""confidence_below_candidate_threshold"", ""risk_trigger_missing_or_low""]",False,"{""any_risk"": false, ""co2_ventilation_conflict"": false, ""dry_or_high_vpd_risk"": false, ""humidity_or_dew_risk"": false, ""solver_sensitive_risk"": false}",,437
,,0,0,0,False,[],,0.05,"{""crash_warning_score"": 0.0, ""raw_confidence"": 0.05, ""solver_risk"": 0.0, ""vpd_risk"": 0.0}",0,no_candidate,confidence_below_candidate_threshold,"[""confidence_below_candidate_threshold"", ""risk_trigger_missing_or_low""]",False,"{""any_risk"": false, ""co2_ventilation_conflict"": false, ""dry_or_high_vpd_risk"": false, ""humidity_or_dew_risk"": false, ""solver_sensitive_risk"": false}",,438
,,0,0,0,False,[],,0.05,"{""crash_warning_score"": 0.0, ""raw_confidence"": 0.05, ""solver_risk"": 0.0, ""vpd_risk"": 0.0}",0,no_candidate,confidence_below_candidate_threshold,"[""confidence_below_candidate_threshold"", ""risk_trigger_missing_or_low""]",False,"{""any_risk"": false, ""co2_ventilation_conflict"": false, ""dry_or_high_vpd_risk"": false, ""humidity_or_dew_risk"": false, ""solver_sensitive_risk"": false}",,439
,,0,0,0,False,[],,0.05,"{""crash_warning_score"": 0.0, ""raw_confidence"": 0.05, ""solver_risk"": 0.0, ""vpd_risk"": 0.0}",0,no_candidate,confidence_below_candidate_threshold,"[""confidence_below_candidate_threshold"", ""risk_trigger_missing_or_low""]",False,"{""any_risk"": false, ""co2_ventilation_conflict"": false, ""dry_or_high_vpd_risk"": false, ""humidity_or_dew_risk"": false, ""solver_sensitive_risk"": false}",,440
,,0,0,0,False,[],,0.05,"{""crash_warning_score"": 0.0, ""raw_confidence"": 0.05, ""solver_risk"": 0.0, ""vpd_risk"": 0.0}",0,no_candidate,confidence_below_candidate_threshold,"[""confidence_below_candidate_threshold"", ""risk_trigger_missing_or_low""]",False,"{""any_risk"": false, ""co2_ventilation_conflict"": false, ""dry_or_high_vpd_risk"": false, ""humidity_or_dew_risk"": false, ""solver_sensitive_risk"": false}",,441
,,0,0,0,False,[],,0.05,"{""crash_warning_score"": 0.0, ""raw_confidence"": 0.05, ""solver_risk"": 0.0, ""vpd_risk"": 0.0}",0,no_candidate,confidence_below_candidate_threshold,"[""confidence_below_candidate_threshold"", ""risk_trigger_missing_or_low""]",False,"{""any_risk"": false, ""co2_ventilation_conflict"": false, ""dry_or_high_vpd_risk"": false, ""humidity_or_dew_risk"": false, ""solver_sensitive_risk"": false}",,442
,,0,0,0,False,[],,0.05,"{""crash_warning_score"": 0.0, ""raw_confidence"": 0.05, ""solver_risk"": 0.0, ""vpd_risk"": 0.0}",0,no_candidate,confidence_below_candidate_threshold,"[""confidence_below_candidate_threshold"", ""risk_trigger_missing_or_low""]",False,"{""any_risk"": false, ""co2_ventilation_conflict"": false, ""dry_or_high_vpd_risk"": false, ""humidity_or_dew_risk"": false, ""solver_sensitive_risk"": false}",,443
,,0,0,0,False,[],,0.05,"{""crash_warning_score"": 0.0, ""raw_confidence"": 0.05, ""solver_risk"": 0.0, ""vpd_risk"": 0.0}",0,no_candidate,confidence_below_candidate_threshold,"[""confidence_below_candidate_threshold"", ""risk_trigger_missing_or_low""]",False,"{""any_risk"": false, ""co2_ventilation_conflict"": false, ""dry_or_high_vpd_risk"": false, ""humidity_or_dew_risk"": false, ""solver_sensitive_risk"": false}",,444
,,0,0,0,False,[],,0.05,"{""crash_warning_score"": 0.0, ""raw_confidence"": 0.05, ""solver_risk"": 0.0, ""vpd_risk"": 0.0}",0,no_candidate,confidence_below_candidate_threshold,"[""confidence_below_candidate_threshold"", ""risk_trigger_missing_or_low""]",False,"{""any_risk"": false, ""co2_ventilation_conflict"": false, ""dry_or_high_vpd_risk"": false, ""humidity_or_dew_risk"": false, ""solver_sensitive_risk"": false}",,445
,,0,0,0,False,[],,0.05,"{""crash_warning_score"": 0.0, ""raw_confidence"": 0.05, ""solver_risk"": 0.0, ""vpd_risk"": 0.0}",0,no_candidate,confidence_below_candidate_threshold,"[""confidence_below_candidate_threshold"", ""risk_trigger_missing_or_low""]",False,"{""any_risk"": false, ""co2_ventilation_conflict"": false, ""dry_or_high_vpd_risk"": false, ""humidity_or_dew_risk"": false, ""solver_sensitive_risk"": false}",,446
,,0,0,0,False,[],,0.05,"{""crash_warning_score"": 0.0, ""raw_confidence"": 0.05, ""solver_risk"": 0.0, ""vpd_risk"": 0.0}",0,no_candidate,confidence_below_candidate_threshold,"[""confidence_below_candidate_threshold"", ""risk_trigger_missing_or_low""]",False,"{""any_risk"": false, ""co2_ventilation_conflict"": false, ""dry_or_high_vpd_risk"": false, ""humidity_or_dew_risk"": false, ""solver_sensitive_risk"": false}",,447
,,0,0,0,False,[],,0.05,"{""crash_warning_score"": 0.0, ""raw_confidence"": 0.05, ""solver_risk"": 0.0, ""vpd_risk"": 0.0}",0,no_candidate,confidence_below_candidate_threshold,"[""confidence_below_candidate_threshold"", ""risk_trigger_missing_or_low""]",False,"{""any_risk"": false, ""co2_ventilation_conflict"": false, ""dry_or_high_vpd_risk"": false, ""humidity_or_dew_risk"": false, ""solver_sensitive_risk"": false}",,448
,,0,0,0,False,[],,0.05,"{""crash_warning_score"": 0.0, ""raw_confidence"": 0.05, ""solver_risk"": 0.0, ""vpd_risk"": 0.0}",0,no_candidate,confidence_below_candidate_threshold,"[""confidence_below_candidate_threshold"", ""risk_trigger_missing_or_low""]",False,"{""any_risk"": false, ""co2_ventilation_conflict"": false, ""dry_or_high_vpd_risk"": false, ""humidity_or_dew_risk"": false, ""solver_sensitive_risk"": false}",,449
,,0,0,0,False,[],,0.05,"{""crash_warning_score"": 0.0, ""raw_confidence"": 0.05, ""solver_risk"": 0.0, ""vpd_risk"": 0.0}",0,no_candidate,confidence_below_candidate_threshold,"[""confidence_below_candidate_threshold"", ""risk_trigger_missing_or_low""]",False,"{""any_risk"": false, ""co2_ventilation_conflict"": false, ""dry_or_high_vpd_risk"": false, ""humidity_or_dew_risk"": false, ""solver_sensitive_risk"": false}",,450
,,0,0,0,False,[],,0.05,"{""crash_warning_score"": 0.0, ""raw_confidence"": 0.05, ""solver_risk"": 0.0, ""vpd_risk"": 0.0}",0,no_candidate,confidence_below_candidate_threshold,"[""confidence_below_candidate_threshold"", ""risk_trigger_missing_or_low""]",False,"{""any_risk"": false, ""co2_ventilation_conflict"": false, ""dry_or_high_vpd_risk"": false, ""humidity_or_dew_risk"": false, ""solver_sensitive_risk"": false}",,451
,,0,0,0,False,[],,0.05,"{""crash_warning_score"": 0.0, ""raw_confidence"": 0.05, ""solver_risk"": 0.0, ""vpd_risk"": 0.0}",0,no_candidate,confidence_below_candidate_threshold,"[""confidence_below_candidate_threshold"", ""risk_trigger_missing_or_low""]",False,"{""any_risk"": false, ""co2_ventilation_conflict"": false, ""dry_or_high_vpd_risk"": false, ""humidity_or_dew_risk"": false, ""solver_sensitive_risk"": false}",,452
,,0,0,0,False,[],,0.05,"{""crash_warning_score"": 0.0, ""raw_confidence"": 0.05, ""solver_risk"": 0.0, ""vpd_risk"": 0.0}",0,no_candidate,confidence_below_candidate_threshold,"[""confidence_below_candidate_threshold"", ""risk_trigger_missing_or_low""]",False,"{""any_risk"": false, ""co2_ventilation_conflict"": false, ""dry_or_high_vpd_risk"": false, ""humidity_or_dew_risk"": false, ""solver_sensitive_risk"": false}",,453
,,0,0,0,False,[],,0.05,"{""crash_warning_score"": 0.0, ""raw_confidence"": 0.05, ""solver_risk"": 0.0, ""vpd_risk"": 0.0}",0,no_candidate,confidence_below_candidate_threshold,"[""confidence_below_candidate_threshold"", ""risk_trigger_missing_or_low""]",False,"{""any_risk"": false, ""co2_ventilation_conflict"": false, ""dry_or_high_vpd_risk"": false, ""humidity_or_dew_risk"": false, ""solver_sensitive_risk"": false}",,454
,,0,0,0,False,[],,0.05,"{""crash_warning_score"": 0.0, ""raw_confidence"": 0.05, ""solver_risk"": 0.0, ""vpd_risk"": 0.0}",0,no_candidate,confidence_below_candidate_threshold,"[""confidence_below_candidate_threshold"", ""risk_trigger_missing_or_low""]",False,"{""any_risk"": false, ""co2_ventilation_conflict"": false, ""dry_or_high_vpd_risk"": false, ""humidity_or_dew_risk"": false, ""solver_sensitive_risk"": false}",,455
,,0,0,0,False,[],,0.05,"{""crash_warning_score"": 0.0, ""raw_confidence"": 0.05, ""solver_risk"": 0.0, ""vpd_risk"": 0.0}",0,no_candidate,confidence_below_candidate_threshold,"[""confidence_below_candidate_threshold"", ""risk_trigger_missing_or_low""]",False,"{""any_risk"": false, ""co2_ventilation_conflict"": false, ""dry_or_high_vpd_risk"": false, ""humidity_or_dew_risk"": false, ""solver_sensitive_risk"": false}",,456
,,0,0,0,False,[],,0.05,"{""crash_warning_score"": 0.0, ""raw_confidence"": 0.05, ""solver_risk"": 0.0, ""vpd_risk"": 0.0}",0,no_candidate,confidence_below_candidate_threshold,"[""confidence_below_candidate_threshold"", ""risk_trigger_missing_or_low""]",False,"{""any_risk"": false, ""co2_ventilation_conflict"": false, ""dry_or_high_vpd_risk"": false, ""humidity_or_dew_risk"": false, ""solver_sensitive_risk"": false}",,457
,,0,0,0,False,[],,0.05,"{""crash_warning_score"": 0.0, ""raw_confidence"": 0.05, ""solver_risk"": 0.0, ""vpd_risk"": 0.0}",0,no_candidate,confidence_below_candidate_threshold,"[""confidence_below_candidate_threshold"", ""risk_trigger_missing_or_low""]",False,"{""any_risk"": false, ""co2_ventilation_conflict"": false, ""dry_or_high_vpd_risk"": false, ""humidity_or_dew_risk"": false, ""solver_sensitive_risk"": false}",,458
,,0,0,0,False,[],,0.05,"{""crash_warning_score"": 0.0, ""raw_confidence"": 0.05, ""solver_risk"": 0.0, ""vpd_risk"": 0.0}",0,no_candidate,confidence_below_candidate_threshold,"[""confidence_below_candidate_threshold"", ""risk_trigger_missing_or_low""]",False,"{""any_risk"": false, ""co2_ventilation_conflict"": false, ""dry_or_high_vpd_risk"": false, ""humidity_or_dew_risk"": false, ""solver_sensitive_risk"": false}",,459
,,0,0,0,False,[],,0.05,"{""crash_warning_score"": 0.0, ""raw_confidence"": 0.05, ""solver_risk"": 0.0, ""vpd_risk"": 0.0}",0,no_candidate,confidence_below_candidate_threshold,"[""confidence_below_candidate_threshold"", ""risk_trigger_missing_or_low""]",False,"{""any_risk"": false, ""co2_ventilation_conflict"": false, ""dry_or_high_vpd_risk"": false, ""humidity_or_dew_risk"": false, ""solver_sensitive_risk"": false}",,460
,,0,0,0,False,[],,0.05,"{""crash_warning_score"": 0.0, ""raw_confidence"": 0.05, ""solver_risk"": 0.0, ""vpd_risk"": 0.0}",0,no_candidate,confidence_below_candidate_threshold,"[""confidence_below_candidate_threshold"", ""risk_trigger_missing_or_low""]",False,"{""any_risk"": false, ""co2_ventilation_conflict"": false, ""dry_or_high_vpd_risk"": false, ""humidity_or_dew_risk"": false, ""solver_sensitive_risk"": false}",,461
,,0,0,0,False,[],,0.05,"{""crash_warning_score"": 0.0, ""raw_confidence"": 0.05, ""solver_risk"": 0.0, ""vpd_risk"": 0.0}",0,no_candidate,confidence_below_candidate_threshold,"[""confidence_below_candidate_threshold"", ""risk_trigger_missing_or_low""]",False,"{""any_risk"": false, ""co2_ventilation_conflict"": false, ""dry_or_high_vpd_risk"": false, ""humidity_or_dew_risk"": false, ""solver_sensitive_risk"": false}",,462
,,0,0,0,False,[],,0.05,"{""crash_warning_score"": 0.0, ""raw_confidence"": 0.05, ""solver_risk"": 0.0, ""vpd_risk"": 0.0}",0,no_candidate,confidence_below_candidate_threshold,"[""confidence_below_candidate_threshold"", ""risk_trigger_missing_or_low""]",False,"{""any_risk"": false, ""co2_ventilation_conflict"": false, ""dry_or_high_vpd_risk"": false, ""humidity_or_dew_risk"": false, ""solver_sensitive_risk"": false}",,463
,,0,0,0,False,[],,0.05,"{""crash_warning_score"": 0.0, ""raw_confidence"": 0.05, ""solver_risk"": 0.0, ""vpd_risk"": 0.0}",0,no_candidate,confidence_below_candidate_threshold,"[""confidence_below_candidate_threshold"", ""risk_trigger_missing_or_low""]",False,"{""any_risk"": false, ""co2_ventilation_conflict"": false, ""dry_or_high_vpd_risk"": false, ""humidity_or_dew_risk"": false, ""solver_sensitive_risk"": false}",,464
,,0,0,0,False,[],,0.05,"{""crash_warning_score"": 0.0, ""raw_confidence"": 0.05, ""solver_risk"": 0.0, ""vpd_risk"": 0.0}",0,no_candidate,confidence_below_candidate_threshold,"[""confidence_below_candidate_threshold"", ""risk_trigger_missing_or_low""]",False,"{""any_risk"": false, ""co2_ventilation_conflict"": false, ""dry_or_high_vpd_risk"": false, ""humidity_or_dew_risk"": false, ""solver_sensitive_risk"": false}",,465
,,0,0,0,False,[],,0.05,"{""crash_warning_score"": 0.0, ""raw_confidence"": 0.05, ""solver_risk"": 0.0, ""vpd_risk"": 0.0}",0,no_candidate,confidence_below_candidate_threshold,"[""confidence_below_candidate_threshold"", ""risk_trigger_missing_or_low""]",False,"{""any_risk"": false, ""co2_ventilation_conflict"": false, ""dry_or_high_vpd_risk"": false, ""humidity_or_dew_risk"": false, ""solver_sensitive_risk"": false}",,466
,,0,0,0,False,[],,0.05,"{""crash_warning_score"": 0.0, ""raw_confidence"": 0.05, ""solver_risk"": 0.0, ""vpd_risk"": 0.0}",0,no_candidate,confidence_below_candidate_threshold,"[""confidence_below_candidate_threshold"", ""risk_trigger_missing_or_low""]",False,"{""any_risk"": false, ""co2_ventilation_conflict"": false, ""dry_or_high_vpd_risk"": false, ""humidity_or_dew_risk"": false, ""solver_sensitive_risk"": false}",,467
,,0,0,0,False,[],,0.05,"{""crash_warning_score"": 0.0, ""raw_confidence"": 0.05, ""solver_risk"": 0.0, ""vpd_risk"": 0.0}",0,no_candidate,confidence_below_candidate_threshold,"[""confidence_below_candidate_threshold"", ""risk_trigger_missing_or_low""]",False,"{""any_risk"": false, ""co2_ventilation_conflict"": false, ""dry_or_high_vpd_risk"": false, ""humidity_or_dew_risk"": false, ""solver_sensitive_risk"": false}",,468
,,0,0,0,False,[],,0.05,"{""crash_warning_score"": 0.0, ""raw_confidence"": 0.05, ""solver_risk"": 0.0, ""vpd_risk"": 0.0}",0,no_candidate,confidence_below_candidate_threshold,"[""confidence_below_candidate_threshold"", ""risk_trigger_missing_or_low""]",False,"{""any_risk"": false, ""co2_ventilation_conflict"": false, ""dry_or_high_vpd_risk"": false, ""humidity_or_dew_risk"": false, ""solver_sensitive_risk"": false}",,469
,,0,0,0,False,[],,0.05,"{""crash_warning_score"": 0.0, ""raw_confidence"": 0.05, ""solver_risk"": 0.0, ""vpd_risk"": 0.0}",0,no_candidate,confidence_below_candidate_threshold,"[""confidence_below_candidate_threshold"", ""risk_trigger_missing_or_low""]",False,"{""any_risk"": false, ""co2_ventilation_conflict"": false, ""dry_or_high_vpd_risk"": false, ""humidity_or_dew_risk"": false, ""solver_sensitive_risk"": false}",,470
,,0,0,0,False,[],,0.05,"{""crash_warning_score"": 0.0, ""raw_confidence"": 0.05, ""solver_risk"": 0.0, ""vpd_risk"": 0.0}",0,no_candidate,confidence_below_candidate_threshold,"[""confidence_below_candidate_threshold"", ""risk_trigger_missing_or_low""]",False,"{""any_risk"": false, ""co2_ventilation_conflict"": false, ""dry_or_high_vpd_risk"": false, ""humidity_or_dew_risk"": false, ""solver_sensitive_risk"": false}",,471
,,0,0,0,False,[],,0.05,"{""crash_warning_score"": 0.0, ""raw_confidence"": 0.05, ""solver_risk"": 0.0, ""vpd_risk"": 0.0}",0,no_candidate,confidence_below_candidate_threshold,"[""confidence_below_candidate_threshold"", ""risk_trigger_missing_or_low""]",False,"{""any_risk"": false, ""co2_ventilation_conflict"": false, ""dry_or_high_vpd_risk"": false, ""humidity_or_dew_risk"": false, ""solver_sensitive_risk"": false}",,472
,,0,0,0,False,[],,0.05,"{""crash_warning_score"": 0.0, ""raw_confidence"": 0.05, ""solver_risk"": 0.0, ""vpd_risk"": 0.0}",0,no_candidate,confidence_below_candidate_threshold,"[""confidence_below_candidate_threshold"", ""risk_trigger_missing_or_low""]",False,"{""any_risk"": false, ""co2_ventilation_conflict"": false, ""dry_or_high_vpd_risk"": false, ""humidity_or_dew_risk"": false, ""solver_sensitive_risk"": false}",,473
,,0,0,0,False,[],,0.05,"{""crash_warning_score"": 0.0, ""raw_confidence"": 0.05, ""solver_risk"": 0.0, ""vpd_risk"": 0.0}",0,no_candidate,confidence_below_candidate_threshold,"[""confidence_below_candidate_threshold"", ""risk_trigger_missing_or_low""]",False,"{""any_risk"": false, ""co2_ventilation_conflict"": false, ""dry_or_high_vpd_risk"": false, ""humidity_or_dew_risk"": false, ""solver_sensitive_risk"": false}",,474
,,0,0,0,False,[],,0.05,"{""crash_warning_score"": 0.0, ""raw_confidence"": 0.05, ""solver_risk"": 0.0, ""vpd_risk"": 0.0}",0,no_candidate,confidence_below_candidate_threshold,"[""confidence_below_candidate_threshold"", ""risk_trigger_missing_or_low""]",False,"{""any_risk"": false, ""co2_ventilation_conflict"": false, ""dry_or_high_vpd_risk"": false, ""humidity_or_dew_risk"": false, ""solver_sensitive_risk"": false}",,475
,,0,0,0,False,[],,0.05,"{""crash_warning_score"": 0.0, ""raw_confidence"": 0.05, ""solver_risk"": 0.0, ""vpd_risk"": 0.0}",0,no_candidate,confidence_below_candidate_threshold,"[""confidence_below_candidate_threshold"", ""risk_trigger_missing_or_low""]",False,"{""any_risk"": false, ""co2_ventilation_conflict"": false, ""dry_or_high_vpd_risk"": false, ""humidity_or_dew_risk"": false, ""solver_sensitive_risk"": false}",,476
,,0,0,0,False,[],,0.05,"{""crash_warning_score"": 0.0, ""raw_confidence"": 0.05, ""solver_risk"": 0.0, ""vpd_risk"": 0.0}",0,no_candidate,confidence_below_candidate_threshold,"[""confidence_below_candidate_threshold"", ""risk_trigger_missing_or_low""]",False,"{""any_risk"": false, ""co2_ventilation_conflict"": false, ""dry_or_high_vpd_risk"": false, ""humidity_or_dew_risk"": false, ""solver_sensitive_risk"": false}",,477
,,0,0,0,False,[],,0.05,"{""crash_warning_score"": 0.0, ""raw_confidence"": 0.05, ""solver_risk"": 0.0, ""vpd_risk"": 0.0}",0,no_candidate,confidence_below_candidate_threshold,"[""confidence_below_candidate_threshold"", ""risk_trigger_missing_or_low""]",False,"{""any_risk"": false, ""co2_ventilation_conflict"": false, ""dry_or_high_vpd_risk"": false, ""humidity_or_dew_risk"": false, ""solver_sensitive_risk"": false}",,478
,,0,0,0,False,[],,0.05,"{""crash_warning_score"": 0.0, ""raw_confidence"": 0.05, ""solver_risk"": 0.0, ""vpd_risk"": 0.0}",0,no_candidate,confidence_below_candidate_threshold,"[""confidence_below_candidate_threshold"", ""risk_trigger_missing_or_low""]",False,"{""any_risk"": false, ""co2_ventilation_conflict"": false, ""dry_or_high_vpd_risk"": false, ""humidity_or_dew_risk"": false, ""solver_sensitive_risk"": false}",,479
,,0,0,0,False,[],,0.05,"{""crash_warning_score"": 0.0, ""raw_confidence"": 0.05, ""solver_risk"": 0.0, ""vpd_risk"": 0.0}",0,no_candidate,confidence_below_candidate_threshold,"[""confidence_below_candidate_threshold"", ""risk_trigger_missing_or_low""]",False,"{""any_risk"": false, ""co2_ventilation_conflict"": false, ""dry_or_high_vpd_risk"": false, ""humidity_or_dew_risk"": false, ""solver_sensitive_risk"": false}",,480
,,0,0,0,False,[],,0.05,"{""crash_warning_score"": 0.0, ""raw_confidence"": 0.05, ""solver_risk"": 0.0, ""vpd_risk"": 0.0}",0,no_candidate,confidence_below_candidate_threshold,"[""confidence_below_candidate_threshold"", ""risk_trigger_missing_or_low""]",False,"{""any_risk"": false, ""co2_ventilation_conflict"": false, ""dry_or_high_vpd_risk"": false, ""humidity_or_dew_risk"": false, ""solver_sensitive_risk"": false}",,481
,,0,0,0,False,[],,0.05,"{""crash_warning_score"": 0.0, ""raw_confidence"": 0.05, ""solver_risk"": 0.0, ""vpd_risk"": 0.0}",0,no_candidate,confidence_below_candidate_threshold,"[""confidence_below_candidate_threshold"", ""risk_trigger_missing_or_low""]",False,"{""any_risk"": false, ""co2_ventilation_conflict"": false, ""dry_or_high_vpd_risk"": false, ""humidity_or_dew_risk"": false, ""solver_sensitive_risk"": false}",,482
,,0,0,0,False,[],,0.05,"{""crash_warning_score"": 0.0, ""raw_confidence"": 0.05, ""solver_risk"": 0.0, ""vpd_risk"": 0.0}",0,no_candidate,confidence_below_candidate_threshold,"[""confidence_below_candidate_threshold"", ""risk_trigger_missing_or_low""]",False,"{""any_risk"": false, ""co2_ventilation_conflict"": false, ""dry_or_high_vpd_risk"": false, ""humidity_or_dew_risk"": false, ""solver_sensitive_risk"": false}",,483
,,0,0,0,False,[],,0.05,"{""crash_warning_score"": 0.0, ""raw_confidence"": 0.05, ""solver_risk"": 0.0, ""vpd_risk"": 0.0}",0,no_candidate,confidence_below_candidate_threshold,"[""confidence_below_candidate_threshold"", ""risk_trigger_missing_or_low""]",False,"{""any_risk"": false, ""co2_ventilation_conflict"": false, ""dry_or_high_vpd_risk"": false, ""humidity_or_dew_risk"": false, ""solver_sensitive_risk"": false}",,484
,,0,0,0,False,[],,0.05,"{""crash_warning_score"": 0.0, ""raw_confidence"": 0.05, ""solver_risk"": 0.0, ""vpd_risk"": 0.0}",0,no_candidate,confidence_below_candidate_threshold,"[""confidence_below_candidate_threshold"", ""risk_trigger_missing_or_low""]",False,"{""any_risk"": false, ""co2_ventilation_conflict"": false, ""dry_or_high_vpd_risk"": false, ""humidity_or_dew_risk"": false, ""solver_sensitive_risk"": false}",,485
,,0,0,0,False,[],,0.05,"{""crash_warning_score"": 0.0, ""raw_confidence"": 0.05, ""solver_risk"": 0.0, ""vpd_risk"": 0.0}",0,no_candidate,confidence_below_candidate_threshold,"[""confidence_below_candidate_threshold"", ""risk_trigger_missing_or_low""]",False,"{""any_risk"": false, ""co2_ventilation_conflict"": false, ""dry_or_high_vpd_risk"": false, ""humidity_or_dew_risk"": false, ""solver_sensitive_risk"": false}",,486
,,0,0,0,False,[],,0.05,"{""crash_warning_score"": 0.0, ""raw_confidence"": 0.05, ""solver_risk"": 0.0, ""vpd_risk"": 0.0}",0,no_candidate,confidence_below_candidate_threshold,"[""confidence_below_candidate_threshold"", ""risk_trigger_missing_or_low""]",False,"{""any_risk"": false, ""co2_ventilation_conflict"": false, ""dry_or_high_vpd_risk"": false, ""humidity_or_dew_risk"": false, ""solver_sensitive_risk"": false}",,487
,,0,0,0,False,[],,0.05,"{""crash_warning_score"": 0.0, ""raw_confidence"": 0.05, ""solver_risk"": 0.0, ""vpd_risk"": 0.0}",0,no_candidate,confidence_below_candidate_threshold,"[""confidence_below_candidate_threshold"", ""risk_trigger_missing_or_low""]",False,"{""any_risk"": false, ""co2_ventilation_conflict"": false, ""dry_or_high_vpd_risk"": false, ""humidity_or_dew_risk"": false, ""solver_sensitive_risk"": false}",,488
,,0,0,0,False,[],,0.05,"{""crash_warning_score"": 0.0, ""raw_confidence"": 0.05, ""solver_risk"": 0.0, ""vpd_risk"": 0.0}",0,no_candidate,confidence_below_candidate_threshold,"[""confidence_below_candidate_threshold"", ""risk_trigger_missing_or_low""]",False,"{""any_risk"": false, ""co2_ventilation_conflict"": false, ""dry_or_high_vpd_risk"": false, ""humidity_or_dew_risk"": false, ""solver_sensitive_risk"": false}",,489
,,0,0,0,False,[],,0.05,"{""crash_warning_score"": 0.0, ""raw_confidence"": 0.05, ""solver_risk"": 0.0, ""vpd_risk"": 0.0}",0,no_candidate,confidence_below_candidate_threshold,"[""confidence_below_candidate_threshold"", ""risk_trigger_missing_or_low""]",False,"{""any_risk"": false, ""co2_ventilation_conflict"": false, ""dry_or_high_vpd_risk"": false, ""humidity_or_dew_risk"": false, ""solver_sensitive_risk"": false}",,490
,,0,0,0,False,[],,0.05,"{""crash_warning_score"": 0.0, ""raw_confidence"": 0.05, ""solver_risk"": 0.0, ""vpd_risk"": 0.0}",0,no_candidate,confidence_below_candidate_threshold,"[""confidence_below_candidate_threshold"", ""risk_trigger_missing_or_low""]",False,"{""any_risk"": false, ""co2_ventilation_conflict"": false, ""dry_or_high_vpd_risk"": false, ""humidity_or_dew_risk"": false, ""solver_sensitive_risk"": false}",,491
,,0,0,0,False,[],,0.05,"{""crash_warning_score"": 0.0, ""raw_confidence"": 0.05, ""solver_risk"": 0.0, ""vpd_risk"": 0.0}",0,no_candidate,confidence_below_candidate_threshold,"[""confidence_below_candidate_threshold"", ""risk_trigger_missing_or_low""]",False,"{""any_risk"": false, ""co2_ventilation_conflict"": false, ""dry_or_high_vpd_risk"": false, ""humidity_or_dew_risk"": false, ""solver_sensitive_risk"": false}",,492
,,0,0,0,False,[],,0.05,"{""crash_warning_score"": 0.0, ""raw_confidence"": 0.05, ""solver_risk"": 0.0, ""vpd_risk"": 0.0}",0,no_candidate,confidence_below_candidate_threshold,"[""confidence_below_candidate_threshold"", ""risk_trigger_missing_or_low""]",False,"{""any_risk"": false, ""co2_ventilation_conflict"": false, ""dry_or_high_vpd_risk"": false, ""humidity_or_dew_risk"": false, ""solver_sensitive_risk"": false}",,493
,,0,0,0,False,[],,0.05,"{""crash_warning_score"": 0.0, ""raw_confidence"": 0.05, ""solver_risk"": 0.0, ""vpd_risk"": 0.0}",0,no_candidate,confidence_below_candidate_threshold,"[""confidence_below_candidate_threshold"", ""risk_trigger_missing_or_low""]",False,"{""any_risk"": false, ""co2_ventilation_conflict"": false, ""dry_or_high_vpd_risk"": false, ""humidity_or_dew_risk"": false, ""solver_sensitive_risk"": false}",,494
,,0,0,0,False,[],,0.05,"{""crash_warning_score"": 0.0, ""raw_confidence"": 0.05, ""solver_risk"": 0.0, ""vpd_risk"": 0.0}",0,no_candidate,confidence_below_candidate_threshold,"[""confidence_below_candidate_threshold"", ""risk_trigger_missing_or_low""]",False,"{""any_risk"": false, ""co2_ventilation_conflict"": false, ""dry_or_high_vpd_risk"": false, ""humidity_or_dew_risk"": false, ""solver_sensitive_risk"": false}",,495
,,0,0,0,False,[],,0.05,"{""crash_warning_score"": 0.0, ""raw_confidence"": 0.05, ""solver_risk"": 0.0, ""vpd_risk"": 0.0}",0,no_candidate,confidence_below_candidate_threshold,"[""confidence_below_candidate_threshold"", ""risk_trigger_missing_or_low""]",False,"{""any_risk"": false, ""co2_ventilation_conflict"": false, ""dry_or_high_vpd_risk"": false, ""humidity_or_dew_risk"": false, ""solver_sensitive_risk"": false}",,496
,,0,0,0,False,[],,0.05,"{""crash_warning_score"": 0.0, ""raw_confidence"": 0.05, ""solver_risk"": 0.0, ""vpd_risk"": 0.0}",0,no_candidate,confidence_below_candidate_threshold,"[""confidence_below_candidate_threshold"", ""risk_trigger_missing_or_low""]",False,"{""any_risk"": false, ""co2_ventilation_conflict"": false, ""dry_or_high_vpd_risk"": false, ""humidity_or_dew_risk"": false, ""solver_sensitive_risk"": false}",,497
,,0,0,0,False,[],,0.05,"{""crash_warning_score"": 0.0, ""raw_confidence"": 0.05, ""solver_risk"": 0.0, ""vpd_risk"": 0.0}",0,no_candidate,confidence_below_candidate_threshold,"[""confidence_below_candidate_threshold"", ""risk_trigger_missing_or_low""]",False,"{""any_risk"": false, ""co2_ventilation_conflict"": false, ""dry_or_high_vpd_risk"": false, ""humidity_or_dew_risk"": false, ""solver_sensitive_risk"": false}",,498
,,0,0,0,False,[],,0.05,"{""crash_warning_score"": 0.0, ""raw_confidence"": 0.05, ""solver_risk"": 0.0, ""vpd_risk"": 0.0}",0,no_candidate,confidence_below_candidate_threshold,"[""confidence_below_candidate_threshold"", ""risk_trigger_missing_or_low""]",False,"{""any_risk"": false, ""co2_ventilation_conflict"": false, ""dry_or_high_vpd_risk"": false, ""humidity_or_dew_risk"": false, ""solver_sensitive_risk"": false}",,499
,,0,0,0,False,[],,0.05,"{""crash_warning_score"": 0.0, ""raw_confidence"": 0.05, ""solver_risk"": 0.0, ""vpd_risk"": 0.0}",0,no_candidate,confidence_below_candidate_threshold,"[""confidence_below_candidate_threshold"", ""risk_trigger_missing_or_low""]",False,"{""any_risk"": false, ""co2_ventilation_conflict"": false, ""dry_or_high_vpd_risk"": false, ""humidity_or_dew_risk"": false, ""solver_sensitive_risk"": false}",,500
,,0,0,0,False,[],,0.05,"{""crash_warning_score"": 0.0, ""raw_confidence"": 0.05, ""solver_risk"": 0.0, ""vpd_risk"": 0.0}",0,no_candidate,confidence_below_candidate_threshold,"[""confidence_below_candidate_threshold"", ""risk_trigger_missing_or_low""]",False,"{""any_risk"": false, ""co2_ventilation_conflict"": false, ""dry_or_high_vpd_risk"": false, ""humidity_or_dew_risk"": false, ""solver_sensitive_risk"": false}",,501
,,0,0,0,False,[],,0.05,"{""crash_warning_score"": 0.0, ""raw_confidence"": 0.05, ""solver_risk"": 0.0, ""vpd_risk"": 0.0}",0,no_candidate,confidence_below_candidate_threshold,"[""confidence_below_candidate_threshold"", ""risk_trigger_missing_or_low""]",False,"{""any_risk"": false, ""co2_ventilation_conflict"": false, ""dry_or_high_vpd_risk"": false, ""humidity_or_dew_risk"": false, ""solver_sensitive_risk"": false}",,502
,,0,0,0,False,[],,0.05,"{""crash_warning_score"": 0.0, ""raw_confidence"": 0.05, ""solver_risk"": 0.0, ""vpd_risk"": 0.0}",0,no_candidate,confidence_below_candidate_threshold,"[""confidence_below_candidate_threshold"", ""risk_trigger_missing_or_low""]",False,"{""any_risk"": false, ""co2_ventilation_conflict"": false, ""dry_or_high_vpd_risk"": false, ""humidity_or_dew_risk"": false, ""solver_sensitive_risk"": false}",,503
,,0,0,0,False,[],,0.05,"{""crash_warning_score"": 0.0, ""raw_confidence"": 0.05, ""solver_risk"": 0.0, ""vpd_risk"": 0.0}",0,no_candidate,confidence_below_candidate_threshold,"[""confidence_below_candidate_threshold"", ""risk_trigger_missing_or_low""]",False,"{""any_risk"": false, ""co2_ventilation_conflict"": false, ""dry_or_high_vpd_risk"": false, ""humidity_or_dew_risk"": false, ""solver_sensitive_risk"": false}",,504
,,0,0,0,False,[],,0.05,"{""crash_warning_score"": 0.0, ""raw_confidence"": 0.05, ""solver_risk"": 0.0, ""vpd_risk"": 0.0}",0,no_candidate,confidence_below_candidate_threshold,"[""confidence_below_candidate_threshold"", ""risk_trigger_missing_or_low""]",False,"{""any_risk"": false, ""co2_ventilation_conflict"": false, ""dry_or_high_vpd_risk"": false, ""humidity_or_dew_risk"": false, ""solver_sensitive_risk"": false}",,505
,,0,0,0,False,[],,0.05,"{""crash_warning_score"": 0.0, ""raw_confidence"": 0.05, ""solver_risk"": 0.0, ""vpd_risk"": 0.0}",0,no_candidate,confidence_below_candidate_threshold,"[""confidence_below_candidate_threshold"", ""risk_trigger_missing_or_low""]",False,"{""any_risk"": false, ""co2_ventilation_conflict"": false, ""dry_or_high_vpd_risk"": false, ""humidity_or_dew_risk"": false, ""solver_sensitive_risk"": false}",,506
,,0,0,0,False,[],,0.05,"{""crash_warning_score"": 0.0, ""raw_confidence"": 0.05, ""solver_risk"": 0.0, ""vpd_risk"": 0.0}",0,no_candidate,confidence_below_candidate_threshold,"[""confidence_below_candidate_threshold"", ""risk_trigger_missing_or_low""]",False,"{""any_risk"": false, ""co2_ventilation_conflict"": false, ""dry_or_high_vpd_risk"": false, ""humidity_or_dew_risk"": false, ""solver_sensitive_risk"": false}",,507
,,0,0,0,False,[],,0.05,"{""crash_warning_score"": 0.0, ""raw_confidence"": 0.05, ""solver_risk"": 0.0, ""vpd_risk"": 0.0}",0,no_candidate,confidence_below_candidate_threshold,"[""confidence_below_candidate_threshold"", ""risk_trigger_missing_or_low""]",False,"{""any_risk"": false, ""co2_ventilation_conflict"": false, ""dry_or_high_vpd_risk"": false, ""humidity_or_dew_risk"": false, ""solver_sensitive_risk"": false}",,508
,,0,0,0,False,[],,0.05,"{""crash_warning_score"": 0.0, ""raw_confidence"": 0.05, ""solver_risk"": 0.0, ""vpd_risk"": 0.0}",0,no_candidate,confidence_below_candidate_threshold,"[""confidence_below_candidate_threshold"", ""risk_trigger_missing_or_low""]",False,"{""any_risk"": false, ""co2_ventilation_conflict"": false, ""dry_or_high_vpd_risk"": false, ""humidity_or_dew_risk"": false, ""solver_sensitive_risk"": false}",,509
,,0,0,0,False,[],,0.05,"{""crash_warning_score"": 0.0, ""raw_confidence"": 0.05, ""solver_risk"": 0.0, ""vpd_risk"": 0.0}",0,no_candidate,confidence_below_candidate_threshold,"[""confidence_below_candidate_threshold"", ""risk_trigger_missing_or_low""]",False,"{""any_risk"": false, ""co2_ventilation_conflict"": false, ""dry_or_high_vpd_risk"": false, ""humidity_or_dew_risk"": false, ""solver_sensitive_risk"": false}",,510
,,0,0,0,False,[],,0.05,"{""crash_warning_score"": 0.0, ""raw_confidence"": 0.05, ""solver_risk"": 0.0, ""vpd_risk"": 0.0}",0,no_candidate,confidence_below_candidate_threshold,"[""confidence_below_candidate_threshold"", ""risk_trigger_missing_or_low""]",False,"{""any_risk"": false, ""co2_ventilation_conflict"": false, ""dry_or_high_vpd_risk"": false, ""humidity_or_dew_risk"": false, ""solver_sensitive_risk"": false}",,511
,,0,0,0,False,[],,0.05,"{""crash_warning_score"": 0.0, ""raw_confidence"": 0.05, ""solver_risk"": 0.0, ""vpd_risk"": 0.0}",0,no_candidate,confidence_below_candidate_threshold,"[""confidence_below_candidate_threshold"", ""risk_trigger_missing_or_low""]",False,"{""any_risk"": false, ""co2_ventilation_conflict"": false, ""dry_or_high_vpd_risk"": false, ""humidity_or_dew_risk"": false, ""solver_sensitive_risk"": false}",,512
,,0,0,0,False,[],,0.05,"{""crash_warning_score"": 0.0, ""raw_confidence"": 0.05, ""solver_risk"": 0.0, ""vpd_risk"": 0.0}",0,no_candidate,confidence_below_candidate_threshold,"[""confidence_below_candidate_threshold"", ""risk_trigger_missing_or_low""]",False,"{""any_risk"": false, ""co2_ventilation_conflict"": false, ""dry_or_high_vpd_risk"": false, ""humidity_or_dew_risk"": false, ""solver_sensitive_risk"": false}",,513
,,0,0,0,False,[],,0.05,"{""crash_warning_score"": 0.0, ""raw_confidence"": 0.05, ""solver_risk"": 0.0, ""vpd_risk"": 0.0}",0,no_candidate,confidence_below_candidate_threshold,"[""confidence_below_candidate_threshold"", ""risk_trigger_missing_or_low""]",False,"{""any_risk"": false, ""co2_ventilation_conflict"": false, ""dry_or_high_vpd_risk"": false, ""humidity_or_dew_risk"": false, ""solver_sensitive_risk"": false}",,514
conservative_prior:conservative_stabilize:5,conservative_stabilize,1,1,0,True,"[""any_risk""]",risk_triggered_conservative_floor,0.05,"{""crash_warning_score"": 0.0, ""raw_confidence"": 0.05, ""solver_risk"": 0.0, ""vpd_risk"": 0.0}",1,lower_score,,[],True,"{""any_risk"": true, ""co2_ventilation_conflict"": false, ""dry_or_high_vpd_risk"": true, ""humidity_or_dew_risk"": false, ""solver_sensitive_risk"": false}",0.058625000100583025,515
conservative_prior:conservative_stabilize:5,conservative_stabilize,1,1,0,True,"[""any_risk""]",risk_triggered_conservative_floor,0.05,"{""crash_warning_score"": 0.0, ""raw_confidence"": 0.05, ""solver_risk"": 0.0, ""vpd_risk"": 0.0}",1,lower_score,,[],True,"{""any_risk"": true, ""co2_ventilation_conflict"": false, ""dry_or_high_vpd_risk"": true, ""humidity_or_dew_risk"": true, ""solver_sensitive_risk"": false}",0.056374999731779285,516
conservative_prior:conservative_stabilize:5,conservative_stabilize,1,1,0,True,"[""any_risk""]",risk_triggered_conservative_floor,0.05,"{""crash_warning_score"": 0.0, ""raw_confidence"": 0.05, ""solver_risk"": 0.0, ""vpd_risk"": 0.0}",1,lower_score,,[],True,"{""any_risk"": true, ""co2_ventilation_conflict"": false, ""dry_or_high_vpd_risk"": true, ""humidity_or_dew_risk"": true, ""solver_sensitive_risk"": false}",0.05600000000000005,517
conservative_prior:conservative_stabilize:5,conservative_stabilize,1,1,0,True,"[""any_risk""]",risk_triggered_conservative_floor,0.05,"{""crash_warning_score"": 0.0, ""raw_confidence"": 0.05, ""solver_risk"": 0.0, ""vpd_risk"": 0.0}",1,lower_score,,[],True,"{""any_risk"": true, ""co2_ventilation_conflict"": false, ""dry_or_high_vpd_risk"": true, ""humidity_or_dew_risk"": true, ""solver_sensitive_risk"": false}",0.056374999731779285,518
conservative_prior:conservative_stabilize:5,conservative_stabilize,1,1,0,True,"[""any_risk""]",risk_triggered_conservative_floor,0.05,"{""crash_warning_score"": 0.0, ""raw_confidence"": 0.05, ""solver_risk"": 0.0, ""vpd_risk"": 0.0}",1,lower_score,,[],True,"{""any_risk"": true, ""co2_ventilation_conflict"": false, ""dry_or_high_vpd_risk"": true, ""humidity_or_dew_risk"": true, ""solver_sensitive_risk"": false}",0.05600000000000005,519
conservative_prior:conservative_stabilize:5,conservative_stabilize,1,1,0,True,"[""any_risk""]",risk_triggered_conservative_floor,0.05,"{""crash_warning_score"": 0.0, ""raw_confidence"": 0.05, ""solver_risk"": 0.0, ""vpd_risk"": 0.0}",1,lower_score,,[],True,"{""any_risk"": true, ""co2_ventilation_conflict"": false, ""dry_or_high_vpd_risk"": true, ""humidity_or_dew_risk"": true, ""solver_sensitive_risk"": false}",0.056374999731779285,520
conservative_prior:conservative_stabilize:5,conservative_stabilize,1,1,0,True,"[""any_risk""]",risk_triggered_conservative_floor,0.05,"{""crash_warning_score"": 0.0, ""raw_confidence"": 0.05, ""solver_risk"": 0.0, ""vpd_risk"": 0.0}",1,lower_score,,[],True,"{""any_risk"": true, ""co2_ventilation_conflict"": false, ""dry_or_high_vpd_risk"": true, ""humidity_or_dew_risk"": true, ""solver_sensitive_risk"": false}",0.05600000000000005,521
conservative_prior:conservative_stabilize:5,conservative_stabilize,1,1,0,True,"[""any_risk""]",risk_triggered_conservative_floor,0.05,"{""crash_warning_score"": 0.0, ""raw_confidence"": 0.05, ""solver_risk"": 0.0, ""vpd_risk"": 0.0}",1,lower_score,,[],True,"{""any_risk"": true, ""co2_ventilation_conflict"": false, ""dry_or_high_vpd_risk"": true, ""humidity_or_dew_risk"": true, ""solver_sensitive_risk"": false}",0.056374999731779285,522
conservative_prior:conservative_stabilize:5,conservative_stabilize,1,1,0,True,"[""any_risk""]",risk_triggered_conservative_floor,0.05,"{""crash_warning_score"": 0.0, ""raw_confidence"": 0.05, ""solver_risk"": 0.0, ""vpd_risk"": 0.0}",1,lower_score,,[],True,"{""any_risk"": true, ""co2_ventilation_conflict"": false, ""dry_or_high_vpd_risk"": true, ""humidity_or_dew_risk"": true, ""solver_sensitive_risk"": false}",0.05600000000000005,523
conservative_prior:conservative_stabilize:5,conservative_stabilize,1,1,0,True,"[""any_risk""]",risk_triggered_conservative_floor,0.05,"{""crash_warning_score"": 0.0, ""raw_confidence"": 0.05, ""solver_risk"": 0.0, ""vpd_risk"": 0.0}",1,lower_score,,[],True,"{""any_risk"": true, ""co2_ventilation_conflict"": false, ""dry_or_high_vpd_risk"": true, ""humidity_or_dew_risk"": true, ""solver_sensitive_risk"": false}",0.05600000000000005,524
conservative_prior:conservative_stabilize:5,conservative_stabilize,1,1,0,True,"[""any_risk""]",risk_triggered_conservative_floor,0.05,"{""crash_warning_score"": 0.0, ""raw_confidence"": 0.05, ""solver_risk"": 0.0, ""vpd_risk"": 0.0}",1,lower_score,,[],True,"{""any_risk"": true, ""co2_ventilation_conflict"": false, ""dry_or_high_vpd_risk"": true, ""humidity_or_dew_risk"": true, ""solver_sensitive_risk"": false}",0.05600000000000005,525
conservative_prior:conservative_stabilize:5,conservative_stabilize,1,1,0,True,"[""any_risk""]",risk_triggered_conservative_floor,0.05,"{""crash_warning_score"": 0.0, ""raw_confidence"": 0.05, ""solver_risk"": 0.0, ""vpd_risk"": 0.0}",1,lower_score,,[],True,"{""any_risk"": true, ""co2_ventilation_conflict"": false, ""dry_or_high_vpd_risk"": true, ""humidity_or_dew_risk"": true, ""solver_sensitive_risk"": false}",0.05600000000000005,526
conservative_prior:conservative_stabilize:5,conservative_stabilize,1,1,0,True,"[""any_risk""]",risk_triggered_conservative_floor,0.05,"{""crash_warning_score"": 0.0, ""raw_confidence"": 0.05, ""solver_risk"": 0.0, ""vpd_risk"": 0.0}",1,lower_score,,[],True,"{""any_risk"": true, ""co2_ventilation_conflict"": false, ""dry_or_high_vpd_risk"": true, ""humidity_or_dew_risk"": true, ""solver_sensitive_risk"": false}",0.05600000000000005,527
conservative_prior:conservative_stabilize:5,conservative_stabilize,1,1,0,True,"[""any_risk""]",risk_triggered_conservative_floor,0.05,"{""crash_warning_score"": 0.0, ""raw_confidence"": 0.05, ""solver_risk"": 0.0, ""vpd_risk"": 0.0}",1,lower_score,,[],True,"{""any_risk"": true, ""co2_ventilation_conflict"": false, ""dry_or_high_vpd_risk"": true, ""humidity_or_dew_risk"": true, ""solver_sensitive_risk"": false}",0.05600000000000005,528
conservative_prior:conservative_stabilize:5,conservative_stabilize,1,1,0,True,"[""any_risk""]",risk_triggered_conservative_floor,0.05,"{""crash_warning_score"": 0.0, ""raw_confidence"": 0.05, ""solver_risk"": 0.0, ""vpd_risk"": 0.0}",1,lower_score,,[],True,"{""any_risk"": true, ""co2_ventilation_conflict"": false, ""dry_or_high_vpd_risk"": true, ""humidity_or_dew_risk"": true, ""solver_sensitive_risk"": false}",0.05600000000000005,529
conservative_prior:conservative_stabilize:5,conservative_stabilize,1,1,0,True,"[""any_risk""]",risk_triggered_conservative_floor,0.05,"{""crash_warning_score"": 0.0, ""raw_confidence"": 0.05, ""solver_risk"": 0.0, ""vpd_risk"": 0.0}",1,lower_score,,[],True,"{""any_risk"": true, ""co2_ventilation_conflict"": false, ""dry_or_high_vpd_risk"": true, ""humidity_or_dew_risk"": false, ""solver_sensitive_risk"": false}",0.056374999731779285,530
conservative_prior:conservative_stabilize:5,conservative_stabilize,1,1,0,True,"[""any_risk""]",risk_triggered_conservative_floor,0.05,"{""crash_warning_score"": 0.0, ""raw_confidence"": 0.05, ""solver_risk"": 0.0, ""vpd_risk"": 0.0}",1,lower_score,,[],True,"{""any_risk"": true, ""co2_ventilation_conflict"": false, ""dry_or_high_vpd_risk"": true, ""humidity_or_dew_risk"": true, ""solver_sensitive_risk"": false}",0.05600000000000005,531
conservative_prior:conservative_stabilize:5,conservative_stabilize,1,1,0,True,"[""any_risk""]",risk_triggered_conservative_floor,0.05,"{""crash_warning_score"": 0.0, ""raw_confidence"": 0.05, ""solver_risk"": 0.0, ""vpd_risk"": 0.0}",1,lower_score,,[],True,"{""any_risk"": true, ""co2_ventilation_conflict"": false, ""dry_or_high_vpd_risk"": true, ""humidity_or_dew_risk"": false, ""solver_sensitive_risk"": false}",0.056374999731779285,532
conservative_prior:conservative_stabilize:5,conservative_stabilize,1,1,0,True,"[""any_risk""]",risk_triggered_conservative_floor,0.05,"{""crash_warning_score"": 0.0, ""raw_confidence"": 0.05, ""solver_risk"": 0.0, ""vpd_risk"": 0.0}",1,lower_score,,[],True,"{""any_risk"": true, ""co2_ventilation_conflict"": false, ""dry_or_high_vpd_risk"": true, ""humidity_or_dew_risk"": true, ""solver_sensitive_risk"": false}",0.056374999731779285,533
conservative_prior:conservative_stabilize:5,conservative_stabilize,1,1,0,True,"[""any_risk""]",risk_triggered_conservative_floor,0.05,"{""crash_warning_score"": 0.0, ""raw_confidence"": 0.05, ""solver_risk"": 0.0, ""vpd_risk"": 0.0}",1,lower_score,,[],True,"{""any_risk"": true, ""co2_ventilation_conflict"": false, ""dry_or_high_vpd_risk"": true, ""humidity_or_dew_risk"": true, ""solver_sensitive_risk"": false}",0.056374999731779285,534
conservative_prior:conservative_stabilize:5,conservative_stabilize,1,1,0,True,"[""any_risk""]",risk_triggered_conservative_floor,0.05,"{""crash_warning_score"": 0.0, ""raw_confidence"": 0.05, ""solver_risk"": 0.0, ""vpd_risk"": 0.0}",1,lower_score,,[],True,"{""any_risk"": true, ""co2_ventilation_conflict"": false, ""dry_or_high_vpd_risk"": true, ""humidity_or_dew_risk"": true, ""solver_sensitive_risk"": false}",0.056374999731779285,535
conservative_prior:conservative_stabilize:5,conservative_stabilize,1,1,0,True,"[""any_risk""]",risk_triggered_conservative_floor,0.05,"{""crash_warning_score"": 0.0, ""raw_confidence"": 0.05, ""solver_risk"": 0.0, ""vpd_risk"": 0.0}",1,lower_score,,[],True,"{""any_risk"": true, ""co2_ventilation_conflict"": false, ""dry_or_high_vpd_risk"": true, ""humidity_or_dew_risk"": true, ""solver_sensitive_risk"": false}",0.056374999731779285,536
conservative_prior:conservative_stabilize:5,conservative_stabilize,1,1,0,True,"[""any_risk""]",risk_triggered_conservative_floor,0.05,"{""crash_warning_score"": 0.0, ""raw_confidence"": 0.05, ""solver_risk"": 0.0, ""vpd_risk"": 0.0}",1,lower_score,,[],True,"{""any_risk"": true, ""co2_ventilation_conflict"": false, ""dry_or_high_vpd_risk"": true, ""humidity_or_dew_risk"": false, ""solver_sensitive_risk"": false}",0.056374999731779285,537
conservative_prior:conservative_stabilize:5,conservative_stabilize,1,1,0,True,"[""any_risk""]",risk_triggered_conservative_floor,0.05,"{""crash_warning_score"": 0.0, ""raw_confidence"": 0.05, ""solver_risk"": 0.0, ""vpd_risk"": 0.0}",1,lower_score,,[],True,"{""any_risk"": true, ""co2_ventilation_conflict"": false, ""dry_or_high_vpd_risk"": true, ""humidity_or_dew_risk"": false, ""solver_sensitive_risk"": false}",0.056374999731779285,538
conservative_prior:conservative_stabilize:5,conservative_stabilize,1,1,0,True,"[""any_risk""]",risk_triggered_conservative_floor,0.05,"{""crash_warning_score"": 0.0, ""raw_confidence"": 0.05, ""solver_risk"": 0.0, ""vpd_risk"": 0.0}",1,lower_score,,[],True,"{""any_risk"": true, ""co2_ventilation_conflict"": false, ""dry_or_high_vpd_risk"": true, ""humidity_or_dew_risk"": false, ""solver_sensitive_risk"": false}",0.056374999731779285,539
conservative_prior:conservative_stabilize:5,conservative_stabilize,1,1,0,True,"[""any_risk""]",risk_triggered_conservative_floor,0.05,"{""crash_warning_score"": 0.0, ""raw_confidence"": 0.05, ""solver_risk"": 0.0, ""vpd_risk"": 0.0}",1,lower_score,,[],True,"{""any_risk"": true, ""co2_ventilation_conflict"": false, ""dry_or_high_vpd_risk"": true, ""humidity_or_dew_risk"": false, ""solver_sensitive_risk"": false}",0.056374999731779285,540
,,0,0,0,False,[],,0.05,"{""crash_warning_score"": 0.0, ""raw_confidence"": 0.05, ""solver_risk"": 0.0, ""vpd_risk"": 0.0}",0,no_candidate,confidence_below_candidate_threshold,"[""confidence_below_candidate_threshold"", ""risk_trigger_missing_or_low""]",False,"{""any_risk"": false, ""co2_ventilation_conflict"": false, ""dry_or_high_vpd_risk"": false, ""humidity_or_dew_risk"": false, ""solver_sensitive_risk"": false}",,541
,,0,0,0,False,[],,0.05,"{""crash_warning_score"": 0.0, ""raw_confidence"": 0.05, ""solver_risk"": 0.0, ""vpd_risk"": 0.0}",0,no_candidate,confidence_below_candidate_threshold,"[""confidence_below_candidate_threshold"", ""risk_trigger_missing_or_low""]",False,"{""any_risk"": false, ""co2_ventilation_conflict"": false, ""dry_or_high_vpd_risk"": false, ""humidity_or_dew_risk"": false, ""solver_sensitive_risk"": false}",,542
,,0,0,0,False,[],,0.05,"{""crash_warning_score"": 0.0, ""raw_confidence"": 0.05, ""solver_risk"": 0.0, ""vpd_risk"": 0.0}",0,no_candidate,confidence_below_candidate_threshold,"[""confidence_below_candidate_threshold"", ""risk_trigger_missing_or_low""]",False,"{""any_risk"": false, ""co2_ventilation_conflict"": false, ""dry_or_high_vpd_risk"": false, ""humidity_or_dew_risk"": false, ""solver_sensitive_risk"": false}",,543
,,0,0,0,False,[],,0.05,"{""crash_warning_score"": 0.0, ""raw_confidence"": 0.05, ""solver_risk"": 0.0, ""vpd_risk"": 0.0}",0,no_candidate,confidence_below_candidate_threshold,"[""confidence_below_candidate_threshold"", ""risk_trigger_missing_or_low""]",False,"{""any_risk"": false, ""co2_ventilation_conflict"": false, ""dry_or_high_vpd_risk"": false, ""humidity_or_dew_risk"": false, ""solver_sensitive_risk"": false}",,544
,,0,0,0,False,[],,0.05,"{""crash_warning_score"": 0.0, ""raw_confidence"": 0.05, ""solver_risk"": 0.0, ""vpd_risk"": 0.0}",0,no_candidate,confidence_below_candidate_threshold,"[""confidence_below_candidate_threshold"", ""risk_trigger_missing_or_low""]",False,"{""any_risk"": false, ""co2_ventilation_conflict"": false, ""dry_or_high_vpd_risk"": false, ""humidity_or_dew_risk"": false, ""solver_sensitive_risk"": false}",,545
,,0,0,0,False,[],,0.05,"{""crash_warning_score"": 0.0, ""raw_confidence"": 0.05, ""solver_risk"": 0.0, ""vpd_risk"": 0.0}",0,no_candidate,confidence_below_candidate_threshold,"[""confidence_below_candidate_threshold"", ""risk_trigger_missing_or_low""]",False,"{""any_risk"": false, ""co2_ventilation_conflict"": false, ""dry_or_high_vpd_risk"": false, ""humidity_or_dew_risk"": false, ""solver_sensitive_risk"": false}",,546
,,0,0,0,False,[],,0.05,"{""crash_warning_score"": 0.0, ""raw_confidence"": 0.05, ""solver_risk"": 0.0, ""vpd_risk"": 0.0}",0,no_candidate,confidence_below_candidate_threshold,"[""confidence_below_candidate_threshold"", ""risk_trigger_missing_or_low""]",False,"{""any_risk"": false, ""co2_ventilation_conflict"": false, ""dry_or_high_vpd_risk"": false, ""humidity_or_dew_risk"": false, ""solver_sensitive_risk"": false}",,547
,,0,0,0,False,[],,0.05,"{""crash_warning_score"": 0.0, ""raw_confidence"": 0.05, ""solver_risk"": 0.0, ""vpd_risk"": 0.0}",0,no_candidate,confidence_below_candidate_threshold,"[""confidence_below_candidate_threshold"", ""risk_trigger_missing_or_low""]",False,"{""any_risk"": false, ""co2_ventilation_conflict"": false, ""dry_or_high_vpd_risk"": false, ""humidity_or_dew_risk"": false, ""solver_sensitive_risk"": false}",,548
,,0,0,0,False,[],,0.05,"{""crash_warning_score"": 0.0, ""raw_confidence"": 0.05, ""solver_risk"": 0.0, ""vpd_risk"": 0.0}",0,no_candidate,confidence_below_candidate_threshold,"[""confidence_below_candidate_threshold"", ""risk_trigger_missing_or_low""]",False,"{""any_risk"": false, ""co2_ventilation_conflict"": false, ""dry_or_high_vpd_risk"": false, ""humidity_or_dew_risk"": false, ""solver_sensitive_risk"": false}",,549
,,0,0,0,False,[],,0.05,"{""crash_warning_score"": 0.0, ""raw_confidence"": 0.05, ""solver_risk"": 0.0, ""vpd_risk"": 0.0}",0,no_candidate,confidence_below_candidate_threshold,"[""confidence_below_candidate_threshold"", ""risk_trigger_missing_or_low""]",False,"{""any_risk"": false, ""co2_ventilation_conflict"": false, ""dry_or_high_vpd_risk"": false, ""humidity_or_dew_risk"": false, ""solver_sensitive_risk"": false}",,550
,,0,0,0,False,[],,0.05,"{""crash_warning_score"": 0.0, ""raw_confidence"": 0.05, ""solver_risk"": 0.0, ""vpd_risk"": 0.0}",0,no_candidate,confidence_below_candidate_threshold,"[""confidence_below_candidate_threshold"", ""risk_trigger_missing_or_low""]",False,"{""any_risk"": false, ""co2_ventilation_conflict"": false, ""dry_or_high_vpd_risk"": false, ""humidity_or_dew_risk"": false, ""solver_sensitive_risk"": false}",,551
,,0,0,0,False,[],,0.05,"{""crash_warning_score"": 0.0, ""raw_confidence"": 0.05, ""solver_risk"": 0.0, ""vpd_risk"": 0.0}",0,no_candidate,confidence_below_candidate_threshold,"[""confidence_below_candidate_threshold"", ""risk_trigger_missing_or_low""]",False,"{""any_risk"": false, ""co2_ventilation_conflict"": false, ""dry_or_high_vpd_risk"": false, ""humidity_or_dew_risk"": false, ""solver_sensitive_risk"": false}",,552
,,0,0,0,False,[],,0.05,"{""crash_warning_score"": 0.0, ""raw_confidence"": 0.05, ""solver_risk"": 0.0, ""vpd_risk"": 0.0}",0,no_candidate,confidence_below_candidate_threshold,"[""confidence_below_candidate_threshold"", ""risk_trigger_missing_or_low""]",False,"{""any_risk"": false, ""co2_ventilation_conflict"": false, ""dry_or_high_vpd_risk"": false, ""humidity_or_dew_risk"": false, ""solver_sensitive_risk"": false}",,553
,,0,0,0,False,[],,0.05,"{""crash_warning_score"": 0.0, ""raw_confidence"": 0.05, ""solver_risk"": 0.0, ""vpd_risk"": 0.0}",0,no_candidate,confidence_below_candidate_threshold,"[""confidence_below_candidate_threshold"", ""risk_trigger_missing_or_low""]",False,"{""any_risk"": false, ""co2_ventilation_conflict"": false, ""dry_or_high_vpd_risk"": false, ""humidity_or_dew_risk"": false, ""solver_sensitive_risk"": false}",,554
,,0,0,0,False,[],,0.05,"{""crash_warning_score"": 0.0, ""raw_confidence"": 0.05, ""solver_risk"": 0.0, ""vpd_risk"": 0.0}",0,no_candidate,confidence_below_candidate_threshold,"[""confidence_below_candidate_threshold"", ""risk_trigger_missing_or_low""]",False,"{""any_risk"": false, ""co2_ventilation_conflict"": false, ""dry_or_high_vpd_risk"": false, ""humidity_or_dew_risk"": false, ""solver_sensitive_risk"": false}",,555
,,0,0,0,False,[],,0.05,"{""crash_warning_score"": 0.0, ""raw_confidence"": 0.05, ""solver_risk"": 0.0, ""vpd_risk"": 0.0}",0,no_candidate,confidence_below_candidate_threshold,"[""confidence_below_candidate_threshold"", ""risk_trigger_missing_or_low""]",False,"{""any_risk"": false, ""co2_ventilation_conflict"": false, ""dry_or_high_vpd_risk"": false, ""humidity_or_dew_risk"": false, ""solver_sensitive_risk"": false}",,556
,,0,0,0,False,[],,0.05,"{""crash_warning_score"": 0.0, ""raw_confidence"": 0.05, ""solver_risk"": 0.0, ""vpd_risk"": 0.0}",0,no_candidate,confidence_below_candidate_threshold,"[""confidence_below_candidate_threshold"", ""risk_trigger_missing_or_low""]",False,"{""any_risk"": false, ""co2_ventilation_conflict"": false, ""dry_or_high_vpd_risk"": false, ""humidity_or_dew_risk"": false, ""solver_sensitive_risk"": false}",,557
,,0,0,0,False,[],,0.05,"{""crash_warning_score"": 0.0, ""raw_confidence"": 0.05, ""solver_risk"": 0.0, ""vpd_risk"": 0.0}",0,no_candidate,confidence_below_candidate_threshold,"[""confidence_below_candidate_threshold"", ""risk_trigger_missing_or_low""]",False,"{""any_risk"": false, ""co2_ventilation_conflict"": false, ""dry_or_high_vpd_risk"": false, ""humidity_or_dew_risk"": false, ""solver_sensitive_risk"": false}",,558
,,0,0,0,False,[],,0.05,"{""crash_warning_score"": 0.0, ""raw_confidence"": 0.05, ""solver_risk"": 0.0, ""vpd_risk"": 0.0}",0,no_candidate,confidence_below_candidate_threshold,"[""confidence_below_candidate_threshold"", ""risk_trigger_missing_or_low""]",False,"{""any_risk"": false, ""co2_ventilation_conflict"": false, ""dry_or_high_vpd_risk"": false, ""humidity_or_dew_risk"": false, ""solver_sensitive_risk"": false}",,559
,,0,0,0,False,[],,0.05,"{""crash_warning_score"": 0.0, ""raw_confidence"": 0.05, ""solver_risk"": 0.0, ""vpd_risk"": 0.0}",0,no_candidate,confidence_below_candidate_threshold,"[""confidence_below_candidate_threshold"", ""risk_trigger_missing_or_low""]",False,"{""any_risk"": false, ""co2_ventilation_conflict"": false, ""dry_or_high_vpd_risk"": false, ""humidity_or_dew_risk"": false, ""solver_sensitive_risk"": false}",,560
,,0,0,0,False,[],,0.05,"{""crash_warning_score"": 0.0, ""raw_confidence"": 0.05, ""solver_risk"": 0.0, ""vpd_risk"": 0.0}",0,no_candidate,confidence_below_candidate_threshold,"[""confidence_below_candidate_threshold"", ""risk_trigger_missing_or_low""]",False,"{""any_risk"": false, ""co2_ventilation_conflict"": false, ""dry_or_high_vpd_risk"": false, ""humidity_or_dew_risk"": false, ""solver_sensitive_risk"": false}",,561
,,0,0,0,False,[],,0.05,"{""crash_warning_score"": 0.0, ""raw_confidence"": 0.05, ""solver_risk"": 0.0, ""vpd_risk"": 0.0}",0,no_candidate,confidence_below_candidate_threshold,"[""confidence_below_candidate_threshold"", ""risk_trigger_missing_or_low""]",False,"{""any_risk"": false, ""co2_ventilation_conflict"": false, ""dry_or_high_vpd_risk"": false, ""humidity_or_dew_risk"": false, ""solver_sensitive_risk"": false}",,562
,,0,0,0,False,[],,0.05,"{""crash_warning_score"": 0.0, ""raw_confidence"": 0.05, ""solver_risk"": 0.0, ""vpd_risk"": 0.0}",0,no_candidate,confidence_below_candidate_threshold,"[""confidence_below_candidate_threshold"", ""risk_trigger_missing_or_low""]",False,"{""any_risk"": false, ""co2_ventilation_conflict"": false, ""dry_or_high_vpd_risk"": false, ""humidity_or_dew_risk"": false, ""solver_sensitive_risk"": false}",,563
,,0,0,0,False,[],,0.05,"{""crash_warning_score"": 0.0, ""raw_confidence"": 0.05, ""solver_risk"": 0.0, ""vpd_risk"": 0.0}",0,no_candidate,confidence_below_candidate_threshold,"[""confidence_below_candidate_threshold"", ""risk_trigger_missing_or_low""]",False,"{""any_risk"": false, ""co2_ventilation_conflict"": false, ""dry_or_high_vpd_risk"": false, ""humidity_or_dew_risk"": false, ""solver_sensitive_risk"": false}",,564
,,0,0,0,False,[],,0.05,"{""crash_warning_score"": 0.0, ""raw_confidence"": 0.05, ""solver_risk"": 0.0, ""vpd_risk"": 0.0}",0,no_candidate,confidence_below_candidate_threshold,"[""confidence_below_candidate_threshold"", ""risk_trigger_missing_or_low""]",False,"{""any_risk"": false, ""co2_ventilation_conflict"": false, ""dry_or_high_vpd_risk"": false, ""humidity_or_dew_risk"": false, ""solver_sensitive_risk"": false}",,565
,,0,0,0,False,[],,0.05,"{""crash_warning_score"": 0.0, ""raw_confidence"": 0.05, ""solver_risk"": 0.0, ""vpd_risk"": 0.0}",0,no_candidate,confidence_below_candidate_threshold,"[""confidence_below_candidate_threshold"", ""risk_trigger_missing_or_low""]",False,"{""any_risk"": false, ""co2_ventilation_conflict"": false, ""dry_or_high_vpd_risk"": false, ""humidity_or_dew_risk"": false, ""solver_sensitive_risk"": false}",,566
,,0,0,0,False,[],,0.05,"{""crash_warning_score"": 0.0, ""raw_confidence"": 0.05, ""solver_risk"": 0.0, ""vpd_risk"": 0.0}",0,no_candidate,confidence_below_candidate_threshold,"[""confidence_below_candidate_threshold"", ""risk_trigger_missing_or_low""]",False,"{""any_risk"": false, ""co2_ventilation_conflict"": false, ""dry_or_high_vpd_risk"": false, ""humidity_or_dew_risk"": false, ""solver_sensitive_risk"": false}",,567
,,0,0,0,False,[],,0.05,"{""crash_warning_score"": 0.0, ""raw_confidence"": 0.05, ""solver_risk"": 0.0, ""vpd_risk"": 0.0}",0,no_candidate,confidence_below_candidate_threshold,"[""confidence_below_candidate_threshold"", ""risk_trigger_missing_or_low""]",False,"{""any_risk"": false, ""co2_ventilation_conflict"": false, ""dry_or_high_vpd_risk"": false, ""humidity_or_dew_risk"": false, ""solver_sensitive_risk"": false}",,568
,,0,0,0,False,[],,0.05,"{""crash_warning_score"": 0.0, ""raw_confidence"": 0.05, ""solver_risk"": 0.0, ""vpd_risk"": 0.0}",0,no_candidate,confidence_below_candidate_threshold,"[""confidence_below_candidate_threshold"", ""risk_trigger_missing_or_low""]",False,"{""any_risk"": false, ""co2_ventilation_conflict"": false, ""dry_or_high_vpd_risk"": false, ""humidity_or_dew_risk"": false, ""solver_sensitive_risk"": false}",,569
,,0,0,0,False,[],,0.05,"{""crash_warning_score"": 0.0, ""raw_confidence"": 0.05, ""solver_risk"": 0.0, ""vpd_risk"": 0.0}",0,no_candidate,confidence_below_candidate_threshold,"[""confidence_below_candidate_threshold"", ""risk_trigger_missing_or_low""]",False,"{""any_risk"": false, ""co2_ventilation_conflict"": false, ""dry_or_high_vpd_risk"": false, ""humidity_or_dew_risk"": false, ""solver_sensitive_risk"": false}",,570
,,0,0,0,False,[],,0.05,"{""crash_warning_score"": 0.0, ""raw_confidence"": 0.05, ""solver_risk"": 0.0, ""vpd_risk"": 0.0}",0,no_candidate,confidence_below_candidate_threshold,"[""confidence_below_candidate_threshold"", ""risk_trigger_missing_or_low""]",False,"{""any_risk"": false, ""co2_ventilation_conflict"": false, ""dry_or_high_vpd_risk"": false, ""humidity_or_dew_risk"": false, ""solver_sensitive_risk"": false}",,571
,,0,0,0,False,[],,0.05,"{""crash_warning_score"": 0.0, ""raw_confidence"": 0.05, ""solver_risk"": 0.0, ""vpd_risk"": 0.0}",0,no_candidate,confidence_below_candidate_threshold,"[""confidence_below_candidate_threshold"", ""risk_trigger_missing_or_low""]",False,"{""any_risk"": false, ""co2_ventilation_conflict"": false, ""dry_or_high_vpd_risk"": false, ""humidity_or_dew_risk"": false, ""solver_sensitive_risk"": false}",,572
,,0,0,0,False,[],,0.05,"{""crash_warning_score"": 0.0, ""raw_confidence"": 0.05, ""solver_risk"": 0.0, ""vpd_risk"": 0.0}",0,no_candidate,confidence_below_candidate_threshold,"[""confidence_below_candidate_threshold"", ""risk_trigger_missing_or_low""]",False,"{""any_risk"": false, ""co2_ventilation_conflict"": false, ""dry_or_high_vpd_risk"": false, ""humidity_or_dew_risk"": false, ""solver_sensitive_risk"": false}",,573
,,0,0,0,False,[],,0.05,"{""crash_warning_score"": 0.0, ""raw_confidence"": 0.05, ""solver_risk"": 0.0, ""vpd_risk"": 0.0}",0,no_candidate,confidence_below_candidate_threshold,"[""confidence_below_candidate_threshold"", ""risk_trigger_missing_or_low""]",False,"{""any_risk"": false, ""co2_ventilation_conflict"": false, ""dry_or_high_vpd_risk"": false, ""humidity_or_dew_risk"": false, ""solver_sensitive_risk"": false}",,574
,,0,0,0,False,[],,0.05,"{""crash_warning_score"": 0.0, ""raw_confidence"": 0.05, ""solver_risk"": 0.0, ""vpd_risk"": 0.0}",0,no_candidate,confidence_below_candidate_threshold,"[""confidence_below_candidate_threshold"", ""risk_trigger_missing_or_low""]",False,"{""any_risk"": false, ""co2_ventilation_conflict"": false, ""dry_or_high_vpd_risk"": false, ""humidity_or_dew_risk"": false, ""solver_sensitive_risk"": false}",,575
,,0,0,0,False,[],,0.05,"{""crash_warning_score"": 0.0, ""raw_confidence"": 0.05, ""solver_risk"": 0.0, ""vpd_risk"": 0.0}",0,no_candidate,confidence_below_candidate_threshold,"[""confidence_below_candidate_threshold"", ""risk_trigger_missing_or_low""]",False,"{""any_risk"": false, ""co2_ventilation_conflict"": false, ""dry_or_high_vpd_risk"": false, ""humidity_or_dew_risk"": false, ""solver_sensitive_risk"": false}",,576
,,0,0,0,False,[],,0.05,"{""crash_warning_score"": 0.0, ""raw_confidence"": 0.05, ""solver_risk"": 0.0, ""vpd_risk"": 0.0}",0,no_candidate,confidence_below_candidate_threshold,"[""confidence_below_candidate_threshold"", ""risk_trigger_missing_or_low""]",False,"{""any_risk"": false, ""co2_ventilation_conflict"": false, ""dry_or_high_vpd_risk"": false, ""humidity_or_dew_risk"": false, ""solver_sensitive_risk"": false}",,577
,,0,0,0,False,[],,0.05,"{""crash_warning_score"": 0.0, ""raw_confidence"": 0.05, ""solver_risk"": 0.0, ""vpd_risk"": 0.0}",0,no_candidate,confidence_below_candidate_threshold,"[""confidence_below_candidate_threshold"", ""risk_trigger_missing_or_low""]",False,"{""any_risk"": false, ""co2_ventilation_conflict"": false, ""dry_or_high_vpd_risk"": false, ""humidity_or_dew_risk"": false, ""solver_sensitive_risk"": false}",,578
,,0,0,0,False,[],,0.05,"{""crash_warning_score"": 0.0, ""raw_confidence"": 0.05, ""solver_risk"": 0.0, ""vpd_risk"": 0.0}",0,no_candidate,confidence_below_candidate_threshold,"[""confidence_below_candidate_threshold"", ""risk_trigger_missing_or_low""]",False,"{""any_risk"": false, ""co2_ventilation_conflict"": false, ""dry_or_high_vpd_risk"": false, ""humidity_or_dew_risk"": false, ""solver_sensitive_risk"": false}",,579
,,0,0,0,False,[],,0.05,"{""crash_warning_score"": 0.0, ""raw_confidence"": 0.05, ""solver_risk"": 0.0, ""vpd_risk"": 0.0}",0,no_candidate,confidence_below_candidate_threshold,"[""confidence_below_candidate_threshold"", ""risk_trigger_missing_or_low""]",False,"{""any_risk"": false, ""co2_ventilation_conflict"": false, ""dry_or_high_vpd_risk"": false, ""humidity_or_dew_risk"": false, ""solver_sensitive_risk"": false}",,580
,,0,0,0,False,[],,0.05,"{""crash_warning_score"": 0.0, ""raw_confidence"": 0.05, ""solver_risk"": 0.0, ""vpd_risk"": 0.0}",0,no_candidate,confidence_below_candidate_threshold,"[""confidence_below_candidate_threshold"", ""risk_trigger_missing_or_low""]",False,"{""any_risk"": false, ""co2_ventilation_conflict"": false, ""dry_or_high_vpd_risk"": false, ""humidity_or_dew_risk"": false, ""solver_sensitive_risk"": false}",,581
,,0,0,0,False,[],,0.05,"{""crash_warning_score"": 0.0, ""raw_confidence"": 0.05, ""solver_risk"": 0.0, ""vpd_risk"": 0.0}",0,no_candidate,confidence_below_candidate_threshold,"[""confidence_below_candidate_threshold"", ""risk_trigger_missing_or_low""]",False,"{""any_risk"": false, ""co2_ventilation_conflict"": false, ""dry_or_high_vpd_risk"": false, ""humidity_or_dew_risk"": false, ""solver_sensitive_risk"": false}",,582
,,0,0,0,False,[],,0.05,"{""crash_warning_score"": 0.0, ""raw_confidence"": 0.05, ""solver_risk"": 0.0, ""vpd_risk"": 0.0}",0,no_candidate,confidence_below_candidate_threshold,"[""confidence_below_candidate_threshold"", ""risk_trigger_missing_or_low""]",False,"{""any_risk"": false, ""co2_ventilation_conflict"": false, ""dry_or_high_vpd_risk"": false, ""humidity_or_dew_risk"": false, ""solver_sensitive_risk"": false}",,583
,,0,0,0,False,[],,0.05,"{""crash_warning_score"": 0.0, ""raw_confidence"": 0.05, ""solver_risk"": 0.0, ""vpd_risk"": 0.0}",0,no_candidate,confidence_below_candidate_threshold,"[""confidence_below_candidate_threshold"", ""risk_trigger_missing_or_low""]",False,"{""any_risk"": false, ""co2_ventilation_conflict"": false, ""dry_or_high_vpd_risk"": false, ""humidity_or_dew_risk"": false, ""solver_sensitive_risk"": false}",,584
,,0,0,0,False,[],,0.05,"{""crash_warning_score"": 0.0, ""raw_confidence"": 0.05, ""solver_risk"": 0.0, ""vpd_risk"": 0.0}",0,no_candidate,confidence_below_candidate_threshold,"[""confidence_below_candidate_threshold"", ""risk_trigger_missing_or_low""]",False,"{""any_risk"": false, ""co2_ventilation_conflict"": false, ""dry_or_high_vpd_risk"": false, ""humidity_or_dew_risk"": false, ""solver_sensitive_risk"": false}",,585
,,0,0,0,False,[],,0.05,"{""crash_warning_score"": 0.0, ""raw_confidence"": 0.05, ""solver_risk"": 0.0, ""vpd_risk"": 0.0}",0,no_candidate,confidence_below_candidate_threshold,"[""confidence_below_candidate_threshold"", ""risk_trigger_missing_or_low""]",False,"{""any_risk"": false, ""co2_ventilation_conflict"": false, ""dry_or_high_vpd_risk"": false, ""humidity_or_dew_risk"": false, ""solver_sensitive_risk"": false}",,586
,,0,0,0,False,[],,0.05,"{""crash_warning_score"": 0.0, ""raw_confidence"": 0.05, ""solver_risk"": 0.0, ""vpd_risk"": 0.0}",0,no_candidate,confidence_below_candidate_threshold,"[""confidence_below_candidate_threshold"", ""risk_trigger_missing_or_low""]",False,"{""any_risk"": false, ""co2_ventilation_conflict"": false, ""dry_or_high_vpd_risk"": false, ""humidity_or_dew_risk"": false, ""solver_sensitive_risk"": false}",,587
,,0,0,0,False,[],,0.05,"{""crash_warning_score"": 0.0, ""raw_confidence"": 0.05, ""solver_risk"": 0.0, ""vpd_risk"": 0.0}",0,no_candidate,confidence_below_candidate_threshold,"[""confidence_below_candidate_threshold"", ""risk_trigger_missing_or_low""]",False,"{""any_risk"": false, ""co2_ventilation_conflict"": false, ""dry_or_high_vpd_risk"": false, ""humidity_or_dew_risk"": false, ""solver_sensitive_risk"": false}",,588
,,0,0,0,False,[],,0.05,"{""crash_warning_score"": 0.0, ""raw_confidence"": 0.05, ""solver_risk"": 0.0, ""vpd_risk"": 0.0}",0,no_candidate,confidence_below_candidate_threshold,"[""confidence_below_candidate_threshold"", ""risk_trigger_missing_or_low""]",False,"{""any_risk"": false, ""co2_ventilation_conflict"": false, ""dry_or_high_vpd_risk"": false, ""humidity_or_dew_risk"": false, ""solver_sensitive_risk"": false}",,589
,,0,0,0,False,[],,0.05,"{""crash_warning_score"": 0.0, ""raw_confidence"": 0.05, ""solver_risk"": 0.0, ""vpd_risk"": 0.0}",0,no_candidate,confidence_below_candidate_threshold,"[""confidence_below_candidate_threshold"", ""risk_trigger_missing_or_low""]",False,"{""any_risk"": false, ""co2_ventilation_conflict"": false, ""dry_or_high_vpd_risk"": false, ""humidity_or_dew_risk"": false, ""solver_sensitive_risk"": false}",,590
,,0,0,0,False,[],,0.05,"{""crash_warning_score"": 0.0, ""raw_confidence"": 0.05, ""solver_risk"": 0.0, ""vpd_risk"": 0.0}",0,no_candidate,confidence_below_candidate_threshold,"[""confidence_below_candidate_threshold"", ""risk_trigger_missing_or_low""]",False,"{""any_risk"": false, ""co2_ventilation_conflict"": false, ""dry_or_high_vpd_risk"": false, ""humidity_or_dew_risk"": false, ""solver_sensitive_risk"": false}",,591
,,0,0,0,False,[],,0.05,"{""crash_warning_score"": 0.0, ""raw_confidence"": 0.05, ""solver_risk"": 0.0, ""vpd_risk"": 0.0}",0,no_candidate,confidence_below_candidate_threshold,"[""confidence_below_candidate_threshold"", ""risk_trigger_missing_or_low""]",False,"{""any_risk"": false, ""co2_ventilation_conflict"": false, ""dry_or_high_vpd_risk"": false, ""humidity_or_dew_risk"": false, ""solver_sensitive_risk"": false}",,592
,,0,0,0,False,[],,0.05,"{""crash_warning_score"": 0.0, ""raw_confidence"": 0.05, ""solver_risk"": 0.0, ""vpd_risk"": 0.0}",0,no_candidate,confidence_below_candidate_threshold,"[""confidence_below_candidate_threshold"", ""risk_trigger_missing_or_low""]",False,"{""any_risk"": false, ""co2_ventilation_conflict"": false, ""dry_or_high_vpd_risk"": false, ""humidity_or_dew_risk"": false, ""solver_sensitive_risk"": false}",,593
,,0,0,0,False,[],,0.05,"{""crash_warning_score"": 0.0, ""raw_confidence"": 0.05, ""solver_risk"": 0.0, ""vpd_risk"": 0.0}",0,no_candidate,confidence_below_candidate_threshold,"[""confidence_below_candidate_threshold"", ""risk_trigger_missing_or_low""]",False,"{""any_risk"": false, ""co2_ventilation_conflict"": false, ""dry_or_high_vpd_risk"": false, ""humidity_or_dew_risk"": false, ""solver_sensitive_risk"": false}",,594
,,0,0,0,False,[],,0.05,"{""crash_warning_score"": 0.0, ""raw_confidence"": 0.05, ""solver_risk"": 0.0, ""vpd_risk"": 0.0}",0,no_candidate,confidence_below_candidate_threshold,"[""confidence_below_candidate_threshold"", ""risk_trigger_missing_or_low""]",False,"{""any_risk"": false, ""co2_ventilation_conflict"": false, ""dry_or_high_vpd_risk"": false, ""humidity_or_dew_risk"": false, ""solver_sensitive_risk"": false}",,595
,,0,0,0,False,[],,0.05,"{""crash_warning_score"": 0.0, ""raw_confidence"": 0.05, ""solver_risk"": 0.0, ""vpd_risk"": 0.0}",0,no_candidate,confidence_below_candidate_threshold,"[""confidence_below_candidate_threshold"", ""risk_trigger_missing_or_low""]",False,"{""any_risk"": false, ""co2_ventilation_conflict"": false, ""dry_or_high_vpd_risk"": false, ""humidity_or_dew_risk"": false, ""solver_sensitive_risk"": false}",,596
,,0,0,0,False,[],,0.05,"{""crash_warning_score"": 0.0, ""raw_confidence"": 0.05, ""solver_risk"": 0.0, ""vpd_risk"": 0.0}",0,no_candidate,confidence_below_candidate_threshold,"[""confidence_below_candidate_threshold"", ""risk_trigger_missing_or_low""]",False,"{""any_risk"": false, ""co2_ventilation_conflict"": false, ""dry_or_high_vpd_risk"": false, ""humidity_or_dew_risk"": false, ""solver_sensitive_risk"": false}",,597
,,0,0,0,False,[],,0.05,"{""crash_warning_score"": 0.0, ""raw_confidence"": 0.05, ""solver_risk"": 0.0, ""vpd_risk"": 0.0}",0,no_candidate,confidence_below_candidate_threshold,"[""confidence_below_candidate_threshold"", ""risk_trigger_missing_or_low""]",False,"{""any_risk"": false, ""co2_ventilation_conflict"": false, ""dry_or_high_vpd_risk"": false, ""humidity_or_dew_risk"": false, ""solver_sensitive_risk"": false}",,598
,,0,0,0,False,[],,0.05,"{""crash_warning_score"": 0.0, ""raw_confidence"": 0.05, ""solver_risk"": 0.0, ""vpd_risk"": 0.0}",0,no_candidate,confidence_below_candidate_threshold,"[""confidence_below_candidate_threshold"", ""risk_trigger_missing_or_low""]",False,"{""any_risk"": false, ""co2_ventilation_conflict"": false, ""dry_or_high_vpd_risk"": false, ""humidity_or_dew_risk"": false, ""solver_sensitive_risk"": false}",,599
,,0,0,0,False,[],,0.05,"{""crash_warning_score"": 0.0, ""raw_confidence"": 0.05, ""solver_risk"": 0.0, ""vpd_risk"": 0.0}",0,no_candidate,confidence_below_candidate_threshold,"[""confidence_below_candidate_threshold"", ""risk_trigger_missing_or_low""]",False,"{""any_risk"": false, ""co2_ventilation_conflict"": false, ""dry_or_high_vpd_risk"": false, ""humidity_or_dew_risk"": false, ""solver_sensitive_risk"": false}",,600
,,0,0,0,False,[],,0.05,"{""crash_warning_score"": 0.0, ""raw_confidence"": 0.05, ""solver_risk"": 0.0, ""vpd_risk"": 0.0}",0,no_candidate,confidence_below_candidate_threshold,"[""confidence_below_candidate_threshold"", ""risk_trigger_missing_or_low""]",False,"{""any_risk"": false, ""co2_ventilation_conflict"": false, ""dry_or_high_vpd_risk"": false, ""humidity_or_dew_risk"": false, ""solver_sensitive_risk"": false}",,601
,,0,0,0,False,[],,0.05,"{""crash_warning_score"": 0.0, ""raw_confidence"": 0.05, ""solver_risk"": 0.0, ""vpd_risk"": 0.0}",0,no_candidate,confidence_below_candidate_threshold,"[""confidence_below_candidate_threshold"", ""risk_trigger_missing_or_low""]",False,"{""any_risk"": false, ""co2_ventilation_conflict"": false, ""dry_or_high_vpd_risk"": false, ""humidity_or_dew_risk"": false, ""solver_sensitive_risk"": false}",,602
,,0,0,0,False,[],,0.05,"{""crash_warning_score"": 0.0, ""raw_confidence"": 0.05, ""solver_risk"": 0.0, ""vpd_risk"": 0.0}",0,no_candidate,confidence_below_candidate_threshold,"[""confidence_below_candidate_threshold"", ""risk_trigger_missing_or_low""]",False,"{""any_risk"": false, ""co2_ventilation_conflict"": false, ""dry_or_high_vpd_risk"": false, ""humidity_or_dew_risk"": false, ""solver_sensitive_risk"": false}",,603
,,0,0,0,False,[],,0.05,"{""crash_warning_score"": 0.0, ""raw_confidence"": 0.05, ""solver_risk"": 0.0, ""vpd_risk"": 0.0}",0,no_candidate,confidence_below_candidate_threshold,"[""confidence_below_candidate_threshold"", ""risk_trigger_missing_or_low""]",False,"{""any_risk"": false, ""co2_ventilation_conflict"": false, ""dry_or_high_vpd_risk"": false, ""humidity_or_dew_risk"": false, ""solver_sensitive_risk"": false}",,604
,,0,0,0,False,[],,0.05,"{""crash_warning_score"": 0.0, ""raw_confidence"": 0.05, ""solver_risk"": 0.0, ""vpd_risk"": 0.0}",0,no_candidate,confidence_below_candidate_threshold,"[""confidence_below_candidate_threshold"", ""risk_trigger_missing_or_low""]",False,"{""any_risk"": false, ""co2_ventilation_conflict"": false, ""dry_or_high_vpd_risk"": false, ""humidity_or_dew_risk"": false, ""solver_sensitive_risk"": false}",,605
,,0,0,0,False,[],,0.05,"{""crash_warning_score"": 0.0, ""raw_confidence"": 0.05, ""solver_risk"": 0.0, ""vpd_risk"": 0.0}",0,no_candidate,confidence_below_candidate_threshold,"[""confidence_below_candidate_threshold"", ""risk_trigger_missing_or_low""]",False,"{""any_risk"": false, ""co2_ventilation_conflict"": false, ""dry_or_high_vpd_risk"": false, ""humidity_or_dew_risk"": false, ""solver_sensitive_risk"": false}",,606
,,0,0,0,False,[],,0.05,"{""crash_warning_score"": 0.0, ""raw_confidence"": 0.05, ""solver_risk"": 0.0, ""vpd_risk"": 0.0}",0,no_candidate,confidence_below_candidate_threshold,"[""confidence_below_candidate_threshold"", ""risk_trigger_missing_or_low""]",False,"{""any_risk"": false, ""co2_ventilation_conflict"": false, ""dry_or_high_vpd_risk"": false, ""humidity_or_dew_risk"": false, ""solver_sensitive_risk"": false}",,607
,,0,0,0,False,[],,0.05,"{""crash_warning_score"": 0.0, ""raw_confidence"": 0.05, ""solver_risk"": 0.0, ""vpd_risk"": 0.0}",0,no_candidate,confidence_below_candidate_threshold,"[""confidence_below_candidate_threshold"", ""risk_trigger_missing_or_low""]",False,"{""any_risk"": false, ""co2_ventilation_conflict"": false, ""dry_or_high_vpd_risk"": false, ""humidity_or_dew_risk"": false, ""solver_sensitive_risk"": false}",,608
,,0,0,0,False,[],,0.05,"{""crash_warning_score"": 0.0, ""raw_confidence"": 0.05, ""solver_risk"": 0.0, ""vpd_risk"": 0.0}",0,no_candidate,confidence_below_candidate_threshold,"[""confidence_below_candidate_threshold"", ""risk_trigger_missing_or_low""]",False,"{""any_risk"": false, ""co2_ventilation_conflict"": false, ""dry_or_high_vpd_risk"": false, ""humidity_or_dew_risk"": false, ""solver_sensitive_risk"": false}",,609
,,0,0,0,False,[],,0.05,"{""crash_warning_score"": 0.0, ""raw_confidence"": 0.05, ""solver_risk"": 0.0, ""vpd_risk"": 0.0}",0,no_candidate,confidence_below_candidate_threshold,"[""confidence_below_candidate_threshold"", ""risk_trigger_missing_or_low""]",False,"{""any_risk"": false, ""co2_ventilation_conflict"": false, ""dry_or_high_vpd_risk"": false, ""humidity_or_dew_risk"": false, ""solver_sensitive_risk"": false}",,610
conservative_prior:conservative_stabilize:5,conservative_stabilize,1,1,0,True,"[""any_risk""]",risk_triggered_conservative_floor,0.05,"{""crash_warning_score"": 0.0, ""raw_confidence"": 0.05, ""solver_risk"": 0.0, ""vpd_risk"": 0.0}",1,lower_score,,[],True,"{""any_risk"": true, ""co2_ventilation_conflict"": false, ""dry_or_high_vpd_risk"": false, ""humidity_or_dew_risk"": true, ""solver_sensitive_risk"": false}",0.07724999964237234,611
conservative_prior:conservative_stabilize:5,conservative_stabilize,1,1,0,True,"[""any_risk""]",risk_triggered_conservative_floor,0.05,"{""crash_warning_score"": 0.0, ""raw_confidence"": 0.05, ""solver_risk"": 0.0, ""vpd_risk"": 0.0}",1,lower_score,,[],True,"{""any_risk"": true, ""co2_ventilation_conflict"": false, ""dry_or_high_vpd_risk"": false, ""humidity_or_dew_risk"": true, ""solver_sensitive_risk"": false}",0.07724999964237234,612
conservative_prior:conservative_stabilize:5,conservative_stabilize,1,1,0,True,"[""any_risk""]",risk_triggered_conservative_floor,0.05,"{""crash_warning_score"": 0.0, ""raw_confidence"": 0.05, ""solver_risk"": 0.0, ""vpd_risk"": 0.0}",1,lower_score,,[],True,"{""any_risk"": true, ""co2_ventilation_conflict"": false, ""dry_or_high_vpd_risk"": false, ""humidity_or_dew_risk"": true, ""solver_sensitive_risk"": false}",0.07724999964237234,613
conservative_prior:conservative_stabilize:5,conservative_stabilize,1,1,0,True,"[""any_risk""]",risk_triggered_conservative_floor,0.05,"{""crash_warning_score"": 0.0, ""raw_confidence"": 0.05, ""solver_risk"": 0.0, ""vpd_risk"": 0.0}",1,lower_score,,[],True,"{""any_risk"": true, ""co2_ventilation_conflict"": false, ""dry_or_high_vpd_risk"": false, ""humidity_or_dew_risk"": true, ""solver_sensitive_risk"": false}",0.07724999964237234,614
conservative_prior:conservative_stabilize:5,conservative_stabilize,1,1,0,True,"[""any_risk""]",risk_triggered_conservative_floor,0.05,"{""crash_warning_score"": 0.0, ""raw_confidence"": 0.05, ""solver_risk"": 0.0, ""vpd_risk"": 0.0}",1,lower_score,,[],True,"{""any_risk"": true, ""co2_ventilation_conflict"": false, ""dry_or_high_vpd_risk"": false, ""humidity_or_dew_risk"": true, ""solver_sensitive_risk"": false}",0.06125000000000014,615
conservative_prior:conservative_stabilize:5,conservative_stabilize,1,1,0,True,"[""any_risk""]",risk_triggered_conservative_floor,0.05,"{""crash_warning_score"": 0.0, ""raw_confidence"": 0.05, ""solver_risk"": 0.0, ""vpd_risk"": 0.0}",1,lower_score,,[],True,"{""any_risk"": true, ""co2_ventilation_conflict"": false, ""dry_or_high_vpd_risk"": false, ""humidity_or_dew_risk"": true, ""solver_sensitive_risk"": false}",0.06125000000000014,616
,,0,0,0,False,[],,0.05,"{""crash_warning_score"": 0.0, ""raw_confidence"": 0.05, ""solver_risk"": 0.0, ""vpd_risk"": 0.0}",0,no_candidate,confidence_below_candidate_threshold,"[""confidence_below_candidate_threshold"", ""risk_trigger_missing_or_low""]",False,"{""any_risk"": false, ""co2_ventilation_conflict"": false, ""dry_or_high_vpd_risk"": false, ""humidity_or_dew_risk"": false, ""solver_sensitive_risk"": false}",,617
,,0,0,0,False,[],,0.05,"{""crash_warning_score"": 0.0, ""raw_confidence"": 0.05, ""solver_risk"": 0.0, ""vpd_risk"": 0.0}",0,no_candidate,confidence_below_candidate_threshold,"[""confidence_below_candidate_threshold"", ""risk_trigger_missing_or_low""]",False,"{""any_risk"": false, ""co2_ventilation_conflict"": false, ""dry_or_high_vpd_risk"": false, ""humidity_or_dew_risk"": false, ""solver_sensitive_risk"": false}",,618
,,0,0,0,False,[],,0.05,"{""crash_warning_score"": 0.0, ""raw_confidence"": 0.05, ""solver_risk"": 0.0, ""vpd_risk"": 0.0}",0,no_candidate,confidence_below_candidate_threshold,"[""confidence_below_candidate_threshold"", ""risk_trigger_missing_or_low""]",False,"{""any_risk"": false, ""co2_ventilation_conflict"": false, ""dry_or_high_vpd_risk"": false, ""humidity_or_dew_risk"": false, ""solver_sensitive_risk"": false}",,619
,,0,0,0,False,[],,0.05,"{""crash_warning_score"": 0.0, ""raw_confidence"": 0.05, ""solver_risk"": 0.0, ""vpd_risk"": 0.0}",0,no_candidate,confidence_below_candidate_threshold,"[""confidence_below_candidate_threshold"", ""risk_trigger_missing_or_low""]",False,"{""any_risk"": false, ""co2_ventilation_conflict"": false, ""dry_or_high_vpd_risk"": false, ""humidity_or_dew_risk"": false, ""solver_sensitive_risk"": false}",,620
,,0,0,0,False,[],,0.05,"{""crash_warning_score"": 0.0, ""raw_confidence"": 0.05, ""solver_risk"": 0.0, ""vpd_risk"": 0.0}",0,no_candidate,confidence_below_candidate_threshold,"[""confidence_below_candidate_threshold"", ""risk_trigger_missing_or_low""]",False,"{""any_risk"": false, ""co2_ventilation_conflict"": false, ""dry_or_high_vpd_risk"": false, ""humidity_or_dew_risk"": false, ""solver_sensitive_risk"": false}",,621
,,0,0,0,False,[],,0.05,"{""crash_warning_score"": 0.0, ""raw_confidence"": 0.05, ""solver_risk"": 0.0, ""vpd_risk"": 0.0}",0,no_candidate,confidence_below_candidate_threshold,"[""confidence_below_candidate_threshold"", ""risk_trigger_missing_or_low""]",False,"{""any_risk"": false, ""co2_ventilation_conflict"": false, ""dry_or_high_vpd_risk"": false, ""humidity_or_dew_risk"": false, ""solver_sensitive_risk"": false}",,622
conservative_prior:conservative_stabilize:5,conservative_stabilize,1,1,0,True,"[""any_risk""]",risk_triggered_conservative_floor,0.05,"{""crash_warning_score"": 0.0, ""raw_confidence"": 0.05, ""solver_risk"": 0.0, ""vpd_risk"": 0.0}",1,lower_score,,[],True,"{""any_risk"": true, ""co2_ventilation_conflict"": false, ""dry_or_high_vpd_risk"": false, ""humidity_or_dew_risk"": true, ""solver_sensitive_risk"": false}",0.06125000000000003,623
conservative_prior:conservative_stabilize:5,conservative_stabilize,1,1,0,True,"[""any_risk""]",risk_triggered_conservative_floor,0.05,"{""crash_warning_score"": 0.0, ""raw_confidence"": 0.05, ""solver_risk"": 0.0, ""vpd_risk"": 0.0}",1,lower_score,,[],True,"{""any_risk"": true, ""co2_ventilation_conflict"": false, ""dry_or_high_vpd_risk"": false, ""humidity_or_dew_risk"": true, ""solver_sensitive_risk"": false}",0.06125000000000003,624
conservative_prior:conservative_stabilize:5,conservative_stabilize,1,1,0,True,"[""any_risk""]",risk_triggered_conservative_floor,0.05,"{""crash_warning_score"": 0.0, ""raw_confidence"": 0.05, ""solver_risk"": 0.0, ""vpd_risk"": 0.0}",1,lower_score,,[],True,"{""any_risk"": true, ""co2_ventilation_conflict"": false, ""dry_or_high_vpd_risk"": false, ""humidity_or_dew_risk"": true, ""solver_sensitive_risk"": false}",0.09137499928474424,625
conservative_prior:conservative_stabilize:5,conservative_stabilize,1,1,0,True,"[""any_risk""]",risk_triggered_conservative_floor,0.05,"{""crash_warning_score"": 0.0, ""raw_confidence"": 0.05, ""solver_risk"": 0.0, ""vpd_risk"": 0.0}",1,lower_score,,[],True,"{""any_risk"": true, ""co2_ventilation_conflict"": false, ""dry_or_high_vpd_risk"": false, ""humidity_or_dew_risk"": true, ""solver_sensitive_risk"": false}",0.06125000000000003,626
conservative_prior:conservative_stabilize:5,conservative_stabilize,1,1,0,True,"[""any_risk""]",risk_triggered_conservative_floor,0.05,"{""crash_warning_score"": 0.0, ""raw_confidence"": 0.05, ""solver_risk"": 0.0, ""vpd_risk"": 0.0}",1,lower_score,,[],True,"{""any_risk"": true, ""co2_ventilation_conflict"": false, ""dry_or_high_vpd_risk"": false, ""humidity_or_dew_risk"": true, ""solver_sensitive_risk"": false}",0.10708333255102254,627
conservative_prior:conservative_stabilize:5,conservative_stabilize,1,1,0,True,"[""any_risk""]",risk_triggered_conservative_floor,0.05,"{""crash_warning_score"": 0.0, ""raw_confidence"": 0.05, ""solver_risk"": 0.0, ""vpd_risk"": 0.0}",1,lower_score,,[],True,"{""any_risk"": true, ""co2_ventilation_conflict"": false, ""dry_or_high_vpd_risk"": false, ""humidity_or_dew_risk"": true, ""solver_sensitive_risk"": false}",0.10708333255102254,628
conservative_prior:conservative_stabilize:5,conservative_stabilize,1,1,0,True,"[""any_risk""]",risk_triggered_conservative_floor,0.05,"{""crash_warning_score"": 0.0, ""raw_confidence"": 0.05, ""solver_risk"": 0.0, ""vpd_risk"": 0.0}",1,lower_score,,[],True,"{""any_risk"": true, ""co2_ventilation_conflict"": false, ""dry_or_high_vpd_risk"": false, ""humidity_or_dew_risk"": true, ""solver_sensitive_risk"": false}",0.10708333255102254,629
conservative_prior:conservative_stabilize:5,conservative_stabilize,1,1,0,True,"[""any_risk""]",risk_triggered_conservative_floor,0.05,"{""crash_warning_score"": 0.0, ""raw_confidence"": 0.05, ""solver_risk"": 0.0, ""vpd_risk"": 0.0}",1,lower_score,,[],True,"{""any_risk"": true, ""co2_ventilation_conflict"": false, ""dry_or_high_vpd_risk"": false, ""humidity_or_dew_risk"": true, ""solver_sensitive_risk"": false}",0.10708333255102254,630
conservative_prior:conservative_stabilize:5,conservative_stabilize,1,1,0,True,"[""any_risk""]",risk_triggered_conservative_floor,0.05,"{""crash_warning_score"": 0.0, ""raw_confidence"": 0.05, ""solver_risk"": 0.0, ""vpd_risk"": 0.0}",1,lower_score,,[],True,"{""any_risk"": true, ""co2_ventilation_conflict"": false, ""dry_or_high_vpd_risk"": false, ""humidity_or_dew_risk"": true, ""solver_sensitive_risk"": false}",0.10708333255102254,631
conservative_prior:conservative_stabilize:5,conservative_stabilize,1,1,0,True,"[""any_risk""]",risk_triggered_conservative_floor,0.05,"{""crash_warning_score"": 0.0, ""raw_confidence"": 0.05, ""solver_risk"": 0.0, ""vpd_risk"": 0.0}",1,lower_score,,[],True,"{""any_risk"": true, ""co2_ventilation_conflict"": false, ""dry_or_high_vpd_risk"": false, ""humidity_or_dew_risk"": true, ""solver_sensitive_risk"": false}",0.10708333255102254,632
conservative_prior:conservative_stabilize:5,conservative_stabilize,1,1,0,True,"[""any_risk""]",risk_triggered_conservative_floor,0.05,"{""crash_warning_score"": 0.0, ""raw_confidence"": 0.05, ""solver_risk"": 0.0, ""vpd_risk"": 0.0}",1,lower_score,,[],True,"{""any_risk"": true, ""co2_ventilation_conflict"": false, ""dry_or_high_vpd_risk"": false, ""humidity_or_dew_risk"": true, ""solver_sensitive_risk"": false}",0.10520833255102247,633
conservative_prior:conservative_stabilize:5,conservative_stabilize,1,1,0,True,"[""any_risk""]",risk_triggered_conservative_floor,0.05,"{""crash_warning_score"": 0.0, ""raw_confidence"": 0.05, ""solver_risk"": 0.0, ""vpd_risk"": 0.0}",1,lower_score,,[],True,"{""any_risk"": true, ""co2_ventilation_conflict"": false, ""dry_or_high_vpd_risk"": false, ""humidity_or_dew_risk"": true, ""solver_sensitive_risk"": false}",0.10520833255102247,634
conservative_prior:conservative_stabilize:5,conservative_stabilize,1,1,0,True,"[""any_risk""]",risk_triggered_conservative_floor,0.05,"{""crash_warning_score"": 0.0, ""raw_confidence"": 0.05, ""solver_risk"": 0.0, ""vpd_risk"": 0.0}",1,lower_score,,[],True,"{""any_risk"": true, ""co2_ventilation_conflict"": false, ""dry_or_high_vpd_risk"": false, ""humidity_or_dew_risk"": true, ""solver_sensitive_risk"": false}",0.10520833255102247,635
conservative_prior:conservative_stabilize:5,conservative_stabilize,1,1,0,True,"[""any_risk""]",risk_triggered_conservative_floor,0.05,"{""crash_warning_score"": 0.0, ""raw_confidence"": 0.05, ""solver_risk"": 0.0, ""vpd_risk"": 0.0}",1,lower_score,,[],True,"{""any_risk"": true, ""co2_ventilation_conflict"": false, ""dry_or_high_vpd_risk"": false, ""humidity_or_dew_risk"": true, ""solver_sensitive_risk"": false}",0.10520833255102247,636
conservative_prior:conservative_stabilize:5,conservative_stabilize,1,1,0,True,"[""any_risk""]",risk_triggered_conservative_floor,0.05,"{""crash_warning_score"": 0.0, ""raw_confidence"": 0.05, ""solver_risk"": 0.0, ""vpd_risk"": 0.0}",1,lower_score,,[],True,"{""any_risk"": true, ""co2_ventilation_conflict"": false, ""dry_or_high_vpd_risk"": false, ""humidity_or_dew_risk"": true, ""solver_sensitive_risk"": false}",0.10520833255102247,637
conservative_prior:conservative_stabilize:5,conservative_stabilize,1,1,0,True,"[""any_risk""]",risk_triggered_conservative_floor,0.05,"{""crash_warning_score"": 0.0, ""raw_confidence"": 0.05, ""solver_risk"": 0.0, ""vpd_risk"": 0.0}",1,lower_score,,[],True,"{""any_risk"": true, ""co2_ventilation_conflict"": false, ""dry_or_high_vpd_risk"": false, ""humidity_or_dew_risk"": true, ""solver_sensitive_risk"": false}",0.10520833255102247,638
conservative_prior:conservative_stabilize:5,conservative_stabilize,1,1,0,True,"[""any_risk""]",risk_triggered_conservative_floor,0.05,"{""crash_warning_score"": 0.0, ""raw_confidence"": 0.05, ""solver_risk"": 0.0, ""vpd_risk"": 0.0}",1,lower_score,,[],True,"{""any_risk"": true, ""co2_ventilation_conflict"": false, ""dry_or_high_vpd_risk"": false, ""humidity_or_dew_risk"": true, ""solver_sensitive_risk"": false}",0.10520833255102247,639
conservative_prior:conservative_stabilize:5,conservative_stabilize,1,1,0,True,"[""any_risk""]",risk_triggered_conservative_floor,0.05,"{""crash_warning_score"": 0.0, ""raw_confidence"": 0.05, ""solver_risk"": 0.0, ""vpd_risk"": 0.0}",1,lower_score,,[],True,"{""any_risk"": true, ""co2_ventilation_conflict"": false, ""dry_or_high_vpd_risk"": false, ""humidity_or_dew_risk"": true, ""solver_sensitive_risk"": false}",0.10520833255102247,640
conservative_prior:conservative_stabilize:5,conservative_stabilize,1,1,0,True,"[""any_risk""]",risk_triggered_conservative_floor,0.05,"{""crash_warning_score"": 0.0, ""raw_confidence"": 0.05, ""solver_risk"": 0.0, ""vpd_risk"": 0.0}",1,lower_score,,[],True,"{""any_risk"": true, ""co2_ventilation_conflict"": false, ""dry_or_high_vpd_risk"": false, ""humidity_or_dew_risk"": true, ""solver_sensitive_risk"": false}",0.10520833255102247,641
conservative_prior:conservative_stabilize:5,conservative_stabilize,1,1,0,True,"[""any_risk""]",risk_triggered_conservative_floor,0.05,"{""crash_warning_score"": 0.0, ""raw_confidence"": 0.05, ""solver_risk"": 0.0, ""vpd_risk"": 0.0}",1,lower_score,,[],True,"{""any_risk"": true, ""co2_ventilation_conflict"": false, ""dry_or_high_vpd_risk"": false, ""humidity_or_dew_risk"": true, ""solver_sensitive_risk"": false}",0.10520833255102247,642
conservative_prior:conservative_stabilize:5,conservative_stabilize,1,1,0,True,"[""any_risk""]",risk_triggered_conservative_floor,0.05,"{""crash_warning_score"": 0.0, ""raw_confidence"": 0.05, ""solver_risk"": 0.0, ""vpd_risk"": 0.0}",1,lower_score,,[],True,"{""any_risk"": true, ""co2_ventilation_conflict"": false, ""dry_or_high_vpd_risk"": false, ""humidity_or_dew_risk"": true, ""solver_sensitive_risk"": false}",0.10520833255102247,643
conservative_prior:conservative_stabilize:5,conservative_stabilize,1,1,0,True,"[""any_risk""]",risk_triggered_conservative_floor,0.05,"{""crash_warning_score"": 0.0, ""raw_confidence"": 0.05, ""solver_risk"": 0.0, ""vpd_risk"": 0.0}",1,lower_score,,[],True,"{""any_risk"": true, ""co2_ventilation_conflict"": false, ""dry_or_high_vpd_risk"": false, ""humidity_or_dew_risk"": true, ""solver_sensitive_risk"": false}",0.10520833255102247,644
conservative_prior:conservative_stabilize:5,conservative_stabilize,1,1,0,True,"[""any_risk""]",risk_triggered_conservative_floor,0.05,"{""crash_warning_score"": 0.0, ""raw_confidence"": 0.05, ""solver_risk"": 0.0, ""vpd_risk"": 0.0}",1,lower_score,,[],True,"{""any_risk"": true, ""co2_ventilation_conflict"": false, ""dry_or_high_vpd_risk"": false, ""humidity_or_dew_risk"": true, ""solver_sensitive_risk"": false}",0.10520833255102247,645
conservative_prior:conservative_stabilize:5,conservative_stabilize,1,1,0,True,"[""any_risk""]",risk_triggered_conservative_floor,0.05,"{""crash_warning_score"": 0.0, ""raw_confidence"": 0.05, ""solver_risk"": 0.0, ""vpd_risk"": 0.0}",1,lower_score,,[],True,"{""any_risk"": true, ""co2_ventilation_conflict"": false, ""dry_or_high_vpd_risk"": false, ""humidity_or_dew_risk"": true, ""solver_sensitive_risk"": false}",0.10520833255102247,646
conservative_prior:conservative_stabilize:5,conservative_stabilize,1,1,0,True,"[""any_risk""]",risk_triggered_conservative_floor,0.05,"{""crash_warning_score"": 0.0, ""raw_confidence"": 0.05, ""solver_risk"": 0.0, ""vpd_risk"": 0.0}",1,lower_score,,[],True,"{""any_risk"": true, ""co2_ventilation_conflict"": false, ""dry_or_high_vpd_risk"": false, ""humidity_or_dew_risk"": true, ""solver_sensitive_risk"": false}",0.10520833255102247,647
conservative_prior:conservative_stabilize:5,conservative_stabilize,1,1,0,True,"[""any_risk""]",risk_triggered_conservative_floor,0.05,"{""crash_warning_score"": 0.0, ""raw_confidence"": 0.05, ""solver_risk"": 0.0, ""vpd_risk"": 0.0}",1,lower_score,,[],True,"{""any_risk"": true, ""co2_ventilation_conflict"": false, ""dry_or_high_vpd_risk"": false, ""humidity_or_dew_risk"": true, ""solver_sensitive_risk"": false}",0.10333333277661616,648
conservative_prior:conservative_stabilize:5,conservative_stabilize,1,1,0,True,"[""any_risk""]",risk_triggered_conservative_floor,0.05,"{""crash_warning_score"": 0.0, ""raw_confidence"": 0.05, ""solver_risk"": 0.0, ""vpd_risk"": 0.0}",1,lower_score,,[],True,"{""any_risk"": true, ""co2_ventilation_conflict"": false, ""dry_or_high_vpd_risk"": false, ""humidity_or_dew_risk"": true, ""solver_sensitive_risk"": false}",0.08949999951033816,649
conservative_prior:conservative_stabilize:5,conservative_stabilize,1,1,0,True,"[""any_risk""]",risk_triggered_conservative_floor,0.05,"{""crash_warning_score"": 0.0, ""raw_confidence"": 0.05, ""solver_risk"": 0.0, ""vpd_risk"": 0.0}",1,lower_score,,[],True,"{""any_risk"": true, ""co2_ventilation_conflict"": false, ""dry_or_high_vpd_risk"": false, ""humidity_or_dew_risk"": true, ""solver_sensitive_risk"": false}",0.08949999951033816,650
conservative_prior:conservative_stabilize:5,conservative_stabilize,1,1,0,True,"[""any_risk""]",risk_triggered_conservative_floor,0.05,"{""crash_warning_score"": 0.0, ""raw_confidence"": 0.05, ""solver_risk"": 0.0, ""vpd_risk"": 0.0}",1,lower_score,,[],True,"{""any_risk"": true, ""co2_ventilation_conflict"": false, ""dry_or_high_vpd_risk"": false, ""humidity_or_dew_risk"": true, ""solver_sensitive_risk"": false}",0.10333333277661616,651
conservative_prior:conservative_stabilize:5,conservative_stabilize,1,1,0,True,"[""any_risk""]",risk_triggered_conservative_floor,0.05,"{""crash_warning_score"": 0.0, ""raw_confidence"": 0.05, ""solver_risk"": 0.0, ""vpd_risk"": 0.0}",1,lower_score,,[],True,"{""any_risk"": true, ""co2_ventilation_conflict"": false, ""dry_or_high_vpd_risk"": false, ""humidity_or_dew_risk"": true, ""solver_sensitive_risk"": false}",0.10333333277661616,652
conservative_prior:conservative_stabilize:5,conservative_stabilize,1,1,0,True,"[""any_risk""]",risk_triggered_conservative_floor,0.05,"{""crash_warning_score"": 0.0, ""raw_confidence"": 0.05, ""solver_risk"": 0.0, ""vpd_risk"": 0.0}",1,lower_score,,[],True,"{""any_risk"": true, ""co2_ventilation_conflict"": false, ""dry_or_high_vpd_risk"": false, ""humidity_or_dew_risk"": true, ""solver_sensitive_risk"": false}",0.10333333277661616,653
conservative_prior:conservative_stabilize:5,conservative_stabilize,1,1,0,True,"[""any_risk""]",risk_triggered_conservative_floor,0.05,"{""crash_warning_score"": 0.0, ""raw_confidence"": 0.05, ""solver_risk"": 0.0, ""vpd_risk"": 0.0}",1,lower_score,,[],True,"{""any_risk"": true, ""co2_ventilation_conflict"": false, ""dry_or_high_vpd_risk"": false, ""humidity_or_dew_risk"": true, ""solver_sensitive_risk"": false}",0.10333333277661616,654
conservative_prior:conservative_stabilize:5,conservative_stabilize,1,1,0,True,"[""any_risk""]",risk_triggered_conservative_floor,0.05,"{""crash_warning_score"": 0.0, ""raw_confidence"": 0.05, ""solver_risk"": 0.0, ""vpd_risk"": 0.0}",1,lower_score,,[],True,"{""any_risk"": true, ""co2_ventilation_conflict"": false, ""dry_or_high_vpd_risk"": false, ""humidity_or_dew_risk"": true, ""solver_sensitive_risk"": false}",0.10333333277661616,655
conservative_prior:conservative_stabilize:5,conservative_stabilize,1,1,0,True,"[""any_risk""]",risk_triggered_conservative_floor,0.05,"{""crash_warning_score"": 0.0, ""raw_confidence"": 0.05, ""solver_risk"": 0.0, ""vpd_risk"": 0.0}",1,lower_score,,[],True,"{""any_risk"": true, ""co2_ventilation_conflict"": false, ""dry_or_high_vpd_risk"": false, ""humidity_or_dew_risk"": true, ""solver_sensitive_risk"": false}",0.08949999951033816,656
conservative_prior:conservative_stabilize:5,conservative_stabilize,1,1,0,True,"[""any_risk""]",risk_triggered_conservative_floor,0.05,"{""crash_warning_score"": 0.0, ""raw_confidence"": 0.05, ""solver_risk"": 0.0, ""vpd_risk"": 0.0}",1,lower_score,,[],True,"{""any_risk"": true, ""co2_ventilation_conflict"": false, ""dry_or_high_vpd_risk"": false, ""humidity_or_dew_risk"": true, ""solver_sensitive_risk"": false}",0.10333333277661616,657
conservative_prior:conservative_stabilize:5,conservative_stabilize,1,1,0,True,"[""any_risk""]",risk_triggered_conservative_floor,0.05,"{""crash_warning_score"": 0.0, ""raw_confidence"": 0.05, ""solver_risk"": 0.0, ""vpd_risk"": 0.0}",1,lower_score,,[],True,"{""any_risk"": true, ""co2_ventilation_conflict"": false, ""dry_or_high_vpd_risk"": false, ""humidity_or_dew_risk"": true, ""solver_sensitive_risk"": false}",0.10333333277661616,658
conservative_prior:conservative_stabilize:5,conservative_stabilize,1,1,0,True,"[""any_risk""]",risk_triggered_conservative_floor,0.05,"{""crash_warning_score"": 0.0, ""raw_confidence"": 0.05, ""solver_risk"": 0.0, ""vpd_risk"": 0.0}",1,lower_score,,[],True,"{""any_risk"": true, ""co2_ventilation_conflict"": false, ""dry_or_high_vpd_risk"": false, ""humidity_or_dew_risk"": true, ""solver_sensitive_risk"": false}",0.10333333277661616,659
conservative_prior:conservative_stabilize:5,conservative_stabilize,1,1,0,True,"[""any_risk""]",risk_triggered_conservative_floor,0.05,"{""crash_warning_score"": 0.0, ""raw_confidence"": 0.05, ""solver_risk"": 0.0, ""vpd_risk"": 0.0}",1,lower_score,,[],True,"{""any_risk"": true, ""co2_ventilation_conflict"": false, ""dry_or_high_vpd_risk"": false, ""humidity_or_dew_risk"": true, ""solver_sensitive_risk"": false}",0.10333333277661616,660
conservative_prior:conservative_stabilize:5,conservative_stabilize,1,1,0,True,"[""any_risk""]",risk_triggered_conservative_floor,0.05,"{""crash_warning_score"": 0.0, ""raw_confidence"": 0.05, ""solver_risk"": 0.0, ""vpd_risk"": 0.0}",1,lower_score,,[],True,"{""any_risk"": true, ""co2_ventilation_conflict"": false, ""dry_or_high_vpd_risk"": false, ""humidity_or_dew_risk"": true, ""solver_sensitive_risk"": false}",0.10333333277661616,661
conservative_prior:conservative_stabilize:5,conservative_stabilize,1,1,0,True,"[""any_risk""]",risk_triggered_conservative_floor,0.05,"{""crash_warning_score"": 0.0, ""raw_confidence"": 0.05, ""solver_risk"": 0.0, ""vpd_risk"": 0.0}",1,lower_score,,[],True,"{""any_risk"": true, ""co2_ventilation_conflict"": false, ""dry_or_high_vpd_risk"": false, ""humidity_or_dew_risk"": true, ""solver_sensitive_risk"": false}",0.10333333277661616,662
conservative_prior:conservative_stabilize:5,conservative_stabilize,1,1,0,True,"[""any_risk""]",risk_triggered_conservative_floor,0.05,"{""crash_warning_score"": 0.0, ""raw_confidence"": 0.05, ""solver_risk"": 0.0, ""vpd_risk"": 0.0}",1,lower_score,,[],True,"{""any_risk"": true, ""co2_ventilation_conflict"": false, ""dry_or_high_vpd_risk"": false, ""humidity_or_dew_risk"": true, ""solver_sensitive_risk"": false}",0.10333333277661616,663
conservative_prior:conservative_stabilize:5,conservative_stabilize,1,1,0,True,"[""any_risk""]",risk_triggered_conservative_floor,0.05,"{""crash_warning_score"": 0.0, ""raw_confidence"": 0.05, ""solver_risk"": 0.0, ""vpd_risk"": 0.0}",1,lower_score,,[],True,"{""any_risk"": true, ""co2_ventilation_conflict"": false, ""dry_or_high_vpd_risk"": false, ""humidity_or_dew_risk"": true, ""solver_sensitive_risk"": false}",0.09845833349187194,664
conservative_prior:conservative_stabilize:5,conservative_stabilize,1,1,0,True,"[""any_risk""]",risk_triggered_conservative_floor,0.05,"{""crash_warning_score"": 0.0, ""raw_confidence"": 0.05, ""solver_risk"": 0.0, ""vpd_risk"": 0.0}",1,lower_score,,[],True,"{""any_risk"": true, ""co2_ventilation_conflict"": false, ""dry_or_high_vpd_risk"": false, ""humidity_or_dew_risk"": true, ""solver_sensitive_risk"": false}",0.09845833349187194,665
conservative_prior:conservative_stabilize:5,conservative_stabilize,1,1,0,True,"[""any_risk""]",risk_triggered_conservative_floor,0.05,"{""crash_warning_score"": 0.0, ""raw_confidence"": 0.05, ""solver_risk"": 0.0, ""vpd_risk"": 0.0}",1,lower_score,,[],True,"{""any_risk"": true, ""co2_ventilation_conflict"": false, ""dry_or_high_vpd_risk"": false, ""humidity_or_dew_risk"": true, ""solver_sensitive_risk"": false}",0.0797500004044076,666
conservative_prior:conservative_stabilize:5,conservative_stabilize,1,1,0,True,"[""any_risk""]",risk_triggered_conservative_floor,0.05,"{""crash_warning_score"": 0.0, ""raw_confidence"": 0.05, ""solver_risk"": 0.0, ""vpd_risk"": 0.0}",1,lower_score,,[],True,"{""any_risk"": true, ""co2_ventilation_conflict"": false, ""dry_or_high_vpd_risk"": false, ""humidity_or_dew_risk"": true, ""solver_sensitive_risk"": false}",0.0797500004044076,667
conservative_prior:conservative_stabilize:5,conservative_stabilize,1,1,0,True,"[""any_risk""]",risk_triggered_conservative_floor,0.05,"{""crash_warning_score"": 0.0, ""raw_confidence"": 0.05, ""solver_risk"": 0.0, ""vpd_risk"": 0.0}",1,lower_score,,[],True,"{""any_risk"": true, ""co2_ventilation_conflict"": false, ""dry_or_high_vpd_risk"": false, ""humidity_or_dew_risk"": true, ""solver_sensitive_risk"": false}",0.0797500004044076,668
conservative_prior:conservative_stabilize:5,conservative_stabilize,1,1,0,True,"[""any_risk""]",risk_triggered_conservative_floor,0.05,"{""crash_warning_score"": 0.0, ""raw_confidence"": 0.05, ""solver_risk"": 0.0, ""vpd_risk"": 0.0}",1,lower_score,,[],True,"{""any_risk"": true, ""co2_ventilation_conflict"": false, ""dry_or_high_vpd_risk"": false, ""humidity_or_dew_risk"": true, ""solver_sensitive_risk"": false}",0.0797500004044076,669
conservative_prior:conservative_stabilize:5,conservative_stabilize,1,1,0,True,"[""any_risk""]",risk_triggered_conservative_floor,0.05,"{""crash_warning_score"": 0.0, ""raw_confidence"": 0.05, ""solver_risk"": 0.0, ""vpd_risk"": 0.0}",1,lower_score,,[],True,"{""any_risk"": true, ""co2_ventilation_conflict"": false, ""dry_or_high_vpd_risk"": false, ""humidity_or_dew_risk"": true, ""solver_sensitive_risk"": false}",0.0797500004044076,670
conservative_prior:conservative_stabilize:5,conservative_stabilize,1,1,0,True,"[""any_risk""]",risk_triggered_conservative_floor,0.05,"{""crash_warning_score"": 0.0, ""raw_confidence"": 0.05, ""solver_risk"": 0.0, ""vpd_risk"": 0.0}",1,lower_score,,[],True,"{""any_risk"": true, ""co2_ventilation_conflict"": false, ""dry_or_high_vpd_risk"": false, ""humidity_or_dew_risk"": true, ""solver_sensitive_risk"": false}",0.09845833349187194,671
conservative_prior:conservative_stabilize:5,conservative_stabilize,1,1,0,True,"[""any_risk""]",risk_triggered_conservative_floor,0.05,"{""crash_warning_score"": 0.0, ""raw_confidence"": 0.05, ""solver_risk"": 0.0, ""vpd_risk"": 0.0}",1,lower_score,,[],True,"{""any_risk"": true, ""co2_ventilation_conflict"": false, ""dry_or_high_vpd_risk"": false, ""humidity_or_dew_risk"": true, ""solver_sensitive_risk"": false}",0.09845833349187194,672
conservative_prior:conservative_stabilize:5,conservative_stabilize,1,1,0,True,"[""any_risk""]",risk_triggered_conservative_floor,0.05,"{""crash_warning_score"": 0.0, ""raw_confidence"": 0.05, ""solver_risk"": 0.0, ""vpd_risk"": 0.0}",1,lower_score,,[],True,"{""any_risk"": true, ""co2_ventilation_conflict"": false, ""dry_or_high_vpd_risk"": false, ""humidity_or_dew_risk"": true, ""solver_sensitive_risk"": false}",0.10108333322365104,673
conservative_prior:conservative_stabilize:5,conservative_stabilize,1,1,0,True,"[""any_risk""]",risk_triggered_conservative_floor,0.05,"{""crash_warning_score"": 0.0, ""raw_confidence"": 0.05, ""solver_risk"": 0.0, ""vpd_risk"": 0.0}",1,lower_score,,[],True,"{""any_risk"": true, ""co2_ventilation_conflict"": false, ""dry_or_high_vpd_risk"": false, ""humidity_or_dew_risk"": true, ""solver_sensitive_risk"": false}",0.10108333322365104,674
conservative_prior:conservative_stabilize:5,conservative_stabilize,1,1,0,True,"[""any_risk""]",risk_triggered_conservative_floor,0.05,"{""crash_warning_score"": 0.0, ""raw_confidence"": 0.05, ""solver_risk"": 0.0, ""vpd_risk"": 0.0}",1,lower_score,,[],True,"{""any_risk"": true, ""co2_ventilation_conflict"": false, ""dry_or_high_vpd_risk"": false, ""humidity_or_dew_risk"": true, ""solver_sensitive_risk"": false}",0.10108333322365104,675
conservative_prior:conservative_stabilize:5,conservative_stabilize,1,1,0,True,"[""any_risk""]",risk_triggered_conservative_floor,0.05,"{""crash_warning_score"": 0.0, ""raw_confidence"": 0.05, ""solver_risk"": 0.0, ""vpd_risk"": 0.0}",1,lower_score,,[],True,"{""any_risk"": true, ""co2_ventilation_conflict"": false, ""dry_or_high_vpd_risk"": false, ""humidity_or_dew_risk"": true, ""solver_sensitive_risk"": false}",0.10108333322365104,676
conservative_prior:conservative_stabilize:5,conservative_stabilize,1,1,0,True,"[""any_risk""]",risk_triggered_conservative_floor,0.05,"{""crash_warning_score"": 0.0, ""raw_confidence"": 0.05, ""solver_risk"": 0.0, ""vpd_risk"": 0.0}",1,lower_score,,[],True,"{""any_risk"": true, ""co2_ventilation_conflict"": false, ""dry_or_high_vpd_risk"": false, ""humidity_or_dew_risk"": true, ""solver_sensitive_risk"": false}",0.10108333322365104,677
conservative_prior:conservative_stabilize:5,conservative_stabilize,1,1,0,True,"[""any_risk""]",risk_triggered_conservative_floor,0.05,"{""crash_warning_score"": 0.0, ""raw_confidence"": 0.05, ""solver_risk"": 0.0, ""vpd_risk"": 0.0}",1,lower_score,,[],True,"{""any_risk"": true, ""co2_ventilation_conflict"": false, ""dry_or_high_vpd_risk"": false, ""humidity_or_dew_risk"": true, ""solver_sensitive_risk"": false}",0.10108333322365104,678
conservative_prior:conservative_stabilize:5,conservative_stabilize,1,1,0,True,"[""any_risk""]",risk_triggered_conservative_floor,0.05,"{""crash_warning_score"": 0.0, ""raw_confidence"": 0.05, ""solver_risk"": 0.0, ""vpd_risk"": 0.0}",1,lower_score,,[],True,"{""any_risk"": true, ""co2_ventilation_conflict"": false, ""dry_or_high_vpd_risk"": false, ""humidity_or_dew_risk"": true, ""solver_sensitive_risk"": false}",0.10108333322365104,679
conservative_prior:conservative_stabilize:5,conservative_stabilize,1,1,0,True,"[""any_risk""]",risk_triggered_conservative_floor,0.05,"{""crash_warning_score"": 0.0, ""raw_confidence"": 0.05, ""solver_risk"": 0.0, ""vpd_risk"": 0.0}",1,lower_score,,[],True,"{""any_risk"": true, ""co2_ventilation_conflict"": false, ""dry_or_high_vpd_risk"": false, ""humidity_or_dew_risk"": true, ""solver_sensitive_risk"": false}",0.10108333322365104,680
conservative_prior:conservative_stabilize:5,conservative_stabilize,1,1,0,True,"[""any_risk""]",risk_triggered_conservative_floor,0.05,"{""crash_warning_score"": 0.0, ""raw_confidence"": 0.05, ""solver_risk"": 0.0, ""vpd_risk"": 0.0}",1,lower_score,,[],True,"{""any_risk"": true, ""co2_ventilation_conflict"": false, ""dry_or_high_vpd_risk"": false, ""humidity_or_dew_risk"": true, ""solver_sensitive_risk"": false}",0.10108333322365104,681
conservative_prior:conservative_stabilize:5,conservative_stabilize,1,1,0,True,"[""any_risk""]",risk_triggered_conservative_floor,0.05,"{""crash_warning_score"": 0.0, ""raw_confidence"": 0.05, ""solver_risk"": 0.0, ""vpd_risk"": 0.0}",1,lower_score,,[],True,"{""any_risk"": true, ""co2_ventilation_conflict"": false, ""dry_or_high_vpd_risk"": false, ""humidity_or_dew_risk"": true, ""solver_sensitive_risk"": false}",0.10108333322365104,682
conservative_prior:conservative_stabilize:5,conservative_stabilize,1,1,0,True,"[""any_risk""]",risk_triggered_conservative_floor,0.05,"{""crash_warning_score"": 0.0, ""raw_confidence"": 0.05, ""solver_risk"": 0.0, ""vpd_risk"": 0.0}",1,lower_score,,[],True,"{""any_risk"": true, ""co2_ventilation_conflict"": false, ""dry_or_high_vpd_risk"": false, ""humidity_or_dew_risk"": true, ""solver_sensitive_risk"": false}",0.08645609738140303,683
,,0,0,0,False,[],,0.05,"{""crash_warning_score"": 0.0, ""raw_confidence"": 0.05, ""solver_risk"": 0.0, ""vpd_risk"": 0.0}",0,no_candidate,confidence_below_candidate_threshold,"[""confidence_below_candidate_threshold"", ""risk_trigger_missing_or_low""]",False,"{""any_risk"": false, ""co2_ventilation_conflict"": false, ""dry_or_high_vpd_risk"": false, ""humidity_or_dew_risk"": false, ""solver_sensitive_risk"": false}",,684
,,0,0,0,False,[],,0.05,"{""crash_warning_score"": 0.0, ""raw_confidence"": 0.05, ""solver_risk"": 0.0, ""vpd_risk"": 0.0}",0,no_candidate,confidence_below_candidate_threshold,"[""confidence_below_candidate_threshold"", ""risk_trigger_missing_or_low""]",False,"{""any_risk"": false, ""co2_ventilation_conflict"": false, ""dry_or_high_vpd_risk"": false, ""humidity_or_dew_risk"": false, ""solver_sensitive_risk"": false}",,685
,,0,0,0,False,[],,0.05,"{""crash_warning_score"": 0.0, ""raw_confidence"": 0.05, ""solver_risk"": 0.0, ""vpd_risk"": 0.0}",0,no_candidate,confidence_below_candidate_threshold,"[""confidence_below_candidate_threshold"", ""risk_trigger_missing_or_low""]",False,"{""any_risk"": false, ""co2_ventilation_conflict"": false, ""dry_or_high_vpd_risk"": false, ""humidity_or_dew_risk"": false, ""solver_sensitive_risk"": false}",,686
,,0,0,0,False,[],,0.05,"{""crash_warning_score"": 0.0, ""raw_confidence"": 0.05, ""solver_risk"": 0.0, ""vpd_risk"": 0.0}",0,no_candidate,confidence_below_candidate_threshold,"[""confidence_below_candidate_threshold"", ""risk_trigger_missing_or_low""]",False,"{""any_risk"": false, ""co2_ventilation_conflict"": false, ""dry_or_high_vpd_risk"": false, ""humidity_or_dew_risk"": false, ""solver_sensitive_risk"": false}",,687
conservative_prior:conservative_stabilize:6,conservative_stabilize,1,1,0,True,"[""any_risk""]",risk_triggered_conservative_floor,0.05,"{""crash_warning_score"": 0.0, ""raw_confidence"": 0.05, ""solver_risk"": 0.0, ""vpd_risk"": 0.0}",1,lower_score,,[],True,"{""any_risk"": true, ""co2_ventilation_conflict"": false, ""dry_or_high_vpd_risk"": false, ""humidity_or_dew_risk"": true, ""solver_sensitive_risk"": false}",0.09521763929724703,688
conservative_prior:conservative_stabilize:6,conservative_stabilize,1,1,0,True,"[""any_risk""]",risk_triggered_conservative_floor,0.05,"{""crash_warning_score"": 0.0, ""raw_confidence"": 0.05, ""solver_risk"": 0.0, ""vpd_risk"": 0.0}",1,lower_score,,[],True,"{""any_risk"": true, ""co2_ventilation_conflict"": false, ""dry_or_high_vpd_risk"": false, ""humidity_or_dew_risk"": true, ""solver_sensitive_risk"": false}",0.09566115149855614,689
conservative_prior:conservative_stabilize:5,conservative_stabilize,1,1,0,True,"[""any_risk""]",risk_triggered_conservative_floor,0.05,"{""crash_warning_score"": 0.0, ""raw_confidence"": 0.05, ""solver_risk"": 0.0, ""vpd_risk"": 0.0}",1,lower_score,,[],True,"{""any_risk"": true, ""co2_ventilation_conflict"": false, ""dry_or_high_vpd_risk"": false, ""humidity_or_dew_risk"": true, ""solver_sensitive_risk"": false}",0.1104583321039877,690
conservative_prior:conservative_stabilize:5,conservative_stabilize,1,1,0,True,"[""any_risk""]",risk_triggered_conservative_floor,0.05,"{""crash_warning_score"": 0.0, ""raw_confidence"": 0.05, ""solver_risk"": 0.0, ""vpd_risk"": 0.0}",1,lower_score,,[],True,"{""any_risk"": true, ""co2_ventilation_conflict"": false, ""dry_or_high_vpd_risk"": false, ""humidity_or_dew_risk"": true, ""solver_sensitive_risk"": false}",0.1104583321039877,691
conservative_prior:conservative_stabilize:6,conservative_stabilize,1,1,0,True,"[""any_risk""]",risk_triggered_conservative_floor,0.05,"{""crash_warning_score"": 0.0, ""raw_confidence"": 0.05, ""solver_risk"": 0.0, ""vpd_risk"": 0.0}",1,lower_score,,[],True,"{""any_risk"": true, ""co2_ventilation_conflict"": false, ""dry_or_high_vpd_risk"": false, ""humidity_or_dew_risk"": true, ""solver_sensitive_risk"": false}",0.1104583321039877,692
conservative_prior:conservative_stabilize:6,conservative_stabilize,1,1,0,True,"[""any_risk""]",risk_triggered_conservative_floor,0.05,"{""crash_warning_score"": 0.0, ""raw_confidence"": 0.05, ""solver_risk"": 0.0, ""vpd_risk"": 0.0}",1,lower_score,,[],True,"{""any_risk"": true, ""co2_ventilation_conflict"": false, ""dry_or_high_vpd_risk"": false, ""humidity_or_dew_risk"": true, ""solver_sensitive_risk"": false}",0.1104583321039877,693
,,0,0,0,False,[],,0.05,"{""crash_warning_score"": 0.0, ""raw_confidence"": 0.05, ""solver_risk"": 0.0, ""vpd_risk"": 0.0}",0,no_candidate,confidence_below_candidate_threshold,"[""confidence_below_candidate_threshold"", ""risk_trigger_missing_or_low""]",False,"{""any_risk"": false, ""co2_ventilation_conflict"": false, ""dry_or_high_vpd_risk"": false, ""humidity_or_dew_risk"": false, ""solver_sensitive_risk"": false}",,694
,,0,0,0,False,[],,0.05,"{""crash_warning_score"": 0.0, ""raw_confidence"": 0.05, ""solver_risk"": 0.0, ""vpd_risk"": 0.0}",0,no_candidate,confidence_below_candidate_threshold,"[""confidence_below_candidate_threshold"", ""risk_trigger_missing_or_low""]",False,"{""any_risk"": false, ""co2_ventilation_conflict"": false, ""dry_or_high_vpd_risk"": false, ""humidity_or_dew_risk"": false, ""solver_sensitive_risk"": false}",,695
,,0,0,0,False,[],,0.05,"{""crash_warning_score"": 0.0, ""raw_confidence"": 0.05, ""solver_risk"": 0.0, ""vpd_risk"": 0.0}",0,no_candidate,confidence_below_candidate_threshold,"[""confidence_below_candidate_threshold"", ""risk_trigger_missing_or_low""]",False,"{""any_risk"": false, ""co2_ventilation_conflict"": false, ""dry_or_high_vpd_risk"": false, ""humidity_or_dew_risk"": false, ""solver_sensitive_risk"": false}",,696
,,0,0,0,False,[],,0.05,"{""crash_warning_score"": 0.0, ""raw_confidence"": 0.05, ""solver_risk"": 0.0, ""vpd_risk"": 0.0}",0,no_candidate,confidence_below_candidate_threshold,"[""confidence_below_candidate_threshold"", ""risk_trigger_missing_or_low""]",False,"{""any_risk"": false, ""co2_ventilation_conflict"": false, ""dry_or_high_vpd_risk"": false, ""humidity_or_dew_risk"": false, ""solver_sensitive_risk"": false}",,697
,,0,0,0,False,[],,0.05,"{""crash_warning_score"": 0.0, ""raw_confidence"": 0.05, ""solver_risk"": 0.0, ""vpd_risk"": 0.0}",0,no_candidate,confidence_below_candidate_threshold,"[""confidence_below_candidate_threshold"", ""risk_trigger_missing_or_low""]",False,"{""any_risk"": false, ""co2_ventilation_conflict"": false, ""dry_or_high_vpd_risk"": false, ""humidity_or_dew_risk"": false, ""solver_sensitive_risk"": false}",,698
,,0,0,0,False,[],,0.05,"{""crash_warning_score"": 0.0, ""raw_confidence"": 0.05, ""solver_risk"": 0.0, ""vpd_risk"": 0.0}",0,no_candidate,confidence_below_candidate_threshold,"[""confidence_below_candidate_threshold"", ""risk_trigger_missing_or_low""]",False,"{""any_risk"": false, ""co2_ventilation_conflict"": false, ""dry_or_high_vpd_risk"": false, ""humidity_or_dew_risk"": false, ""solver_sensitive_risk"": false}",,699
,,0,0,0,False,[],,0.05,"{""crash_warning_score"": 0.0, ""raw_confidence"": 0.05, ""solver_risk"": 0.0, ""vpd_risk"": 0.0}",0,no_candidate,confidence_below_candidate_threshold,"[""confidence_below_candidate_threshold"", ""risk_trigger_missing_or_low""]",False,"{""any_risk"": false, ""co2_ventilation_conflict"": false, ""dry_or_high_vpd_risk"": false, ""humidity_or_dew_risk"": false, ""solver_sensitive_risk"": false}",,700
,,0,0,0,False,[],,0.05,"{""crash_warning_score"": 0.0, ""raw_confidence"": 0.05, ""solver_risk"": 0.0, ""vpd_risk"": 0.0}",0,no_candidate,confidence_below_candidate_threshold,"[""confidence_below_candidate_threshold"", ""risk_trigger_missing_or_low""]",False,"{""any_risk"": false, ""co2_ventilation_conflict"": false, ""dry_or_high_vpd_risk"": false, ""humidity_or_dew_risk"": false, ""solver_sensitive_risk"": false}",,701
,,0,0,0,False,[],,0.05,"{""crash_warning_score"": 0.0, ""raw_confidence"": 0.05, ""solver_risk"": 0.0, ""vpd_risk"": 0.0}",0,no_candidate,confidence_below_candidate_threshold,"[""confidence_below_candidate_threshold"", ""risk_trigger_missing_or_low""]",False,"{""any_risk"": false, ""co2_ventilation_conflict"": false, ""dry_or_high_vpd_risk"": false, ""humidity_or_dew_risk"": false, ""solver_sensitive_risk"": false}",,702
,,0,0,0,False,[],,0.05,"{""crash_warning_score"": 0.0, ""raw_confidence"": 0.05, ""solver_risk"": 0.0, ""vpd_risk"": 0.0}",0,no_candidate,confidence_below_candidate_threshold,"[""confidence_below_candidate_threshold"", ""risk_trigger_missing_or_low""]",False,"{""any_risk"": false, ""co2_ventilation_conflict"": false, ""dry_or_high_vpd_risk"": false, ""humidity_or_dew_risk"": false, ""solver_sensitive_risk"": false}",,703
,,0,0,0,False,[],,0.05,"{""crash_warning_score"": 0.0, ""raw_confidence"": 0.05, ""solver_risk"": 0.0, ""vpd_risk"": 0.0}",0,no_candidate,confidence_below_candidate_threshold,"[""confidence_below_candidate_threshold"", ""risk_trigger_missing_or_low""]",False,"{""any_risk"": false, ""co2_ventilation_conflict"": false, ""dry_or_high_vpd_risk"": false, ""humidity_or_dew_risk"": false, ""solver_sensitive_risk"": false}",,704
,,0,0,0,False,[],,0.05,"{""crash_warning_score"": 0.0, ""raw_confidence"": 0.05, ""solver_risk"": 0.0, ""vpd_risk"": 0.0}",0,no_candidate,confidence_below_candidate_threshold,"[""confidence_below_candidate_threshold"", ""risk_trigger_missing_or_low""]",False,"{""any_risk"": false, ""co2_ventilation_conflict"": false, ""dry_or_high_vpd_risk"": false, ""humidity_or_dew_risk"": false, ""solver_sensitive_risk"": false}",,705
,,0,0,0,False,[],,0.05,"{""crash_warning_score"": 0.0, ""raw_confidence"": 0.05, ""solver_risk"": 0.0, ""vpd_risk"": 0.0}",0,no_candidate,confidence_below_candidate_threshold,"[""confidence_below_candidate_threshold"", ""risk_trigger_missing_or_low""]",False,"{""any_risk"": false, ""co2_ventilation_conflict"": false, ""dry_or_high_vpd_risk"": false, ""humidity_or_dew_risk"": false, ""solver_sensitive_risk"": false}",,706
,,0,0,0,False,[],,0.05,"{""crash_warning_score"": 0.0, ""raw_confidence"": 0.05, ""solver_risk"": 0.0, ""vpd_risk"": 0.0}",0,no_candidate,confidence_below_candidate_threshold,"[""confidence_below_candidate_threshold"", ""risk_trigger_missing_or_low""]",False,"{""any_risk"": false, ""co2_ventilation_conflict"": false, ""dry_or_high_vpd_risk"": false, ""humidity_or_dew_risk"": false, ""solver_sensitive_risk"": false}",,707
,,0,0,0,False,[],,0.05,"{""crash_warning_score"": 0.0, ""raw_confidence"": 0.05, ""solver_risk"": 0.0, ""vpd_risk"": 0.0}",0,no_candidate,confidence_below_candidate_threshold,"[""confidence_below_candidate_threshold"", ""risk_trigger_missing_or_low""]",False,"{""any_risk"": false, ""co2_ventilation_conflict"": false, ""dry_or_high_vpd_risk"": false, ""humidity_or_dew_risk"": false, ""solver_sensitive_risk"": false}",,708
,,0,0,0,False,[],,0.05,"{""crash_warning_score"": 0.0, ""raw_confidence"": 0.05, ""solver_risk"": 0.0, ""vpd_risk"": 0.0}",0,no_candidate,confidence_below_candidate_threshold,"[""confidence_below_candidate_threshold"", ""risk_trigger_missing_or_low""]",False,"{""any_risk"": false, ""co2_ventilation_conflict"": false, ""dry_or_high_vpd_risk"": false, ""humidity_or_dew_risk"": false, ""solver_sensitive_risk"": false}",,709
,,0,0,0,False,[],,0.05,"{""crash_warning_score"": 0.0, ""raw_confidence"": 0.05, ""solver_risk"": 0.0, ""vpd_risk"": 0.0}",0,no_candidate,confidence_below_candidate_threshold,"[""confidence_below_candidate_threshold"", ""risk_trigger_missing_or_low""]",False,"{""any_risk"": false, ""co2_ventilation_conflict"": false, ""dry_or_high_vpd_risk"": false, ""humidity_or_dew_risk"": false, ""solver_sensitive_risk"": false}",,710
,,0,0,0,False,[],,0.05,"{""crash_warning_score"": 0.0, ""raw_confidence"": 0.05, ""solver_risk"": 0.0, ""vpd_risk"": 0.0}",0,no_candidate,confidence_below_candidate_threshold,"[""confidence_below_candidate_threshold"", ""risk_trigger_missing_or_low""]",False,"{""any_risk"": false, ""co2_ventilation_conflict"": false, ""dry_or_high_vpd_risk"": false, ""humidity_or_dew_risk"": false, ""solver_sensitive_risk"": false}",,711
,,0,0,0,False,[],,0.05,"{""crash_warning_score"": 0.0, ""raw_confidence"": 0.05, ""solver_risk"": 0.0, ""vpd_risk"": 0.0}",0,no_candidate,confidence_below_candidate_threshold,"[""confidence_below_candidate_threshold"", ""risk_trigger_missing_or_low""]",False,"{""any_risk"": false, ""co2_ventilation_conflict"": false, ""dry_or_high_vpd_risk"": false, ""humidity_or_dew_risk"": false, ""solver_sensitive_risk"": false}",,712
,,0,0,0,False,[],,0.05,"{""crash_warning_score"": 0.0, ""raw_confidence"": 0.05, ""solver_risk"": 0.0, ""vpd_risk"": 0.0}",0,no_candidate,confidence_below_candidate_threshold,"[""confidence_below_candidate_threshold"", ""risk_trigger_missing_or_low""]",False,"{""any_risk"": false, ""co2_ventilation_conflict"": false, ""dry_or_high_vpd_risk"": false, ""humidity_or_dew_risk"": false, ""solver_sensitive_risk"": false}",,713
,,0,0,0,False,[],,0.05,"{""crash_warning_score"": 0.0, ""raw_confidence"": 0.05, ""solver_risk"": 0.0, ""vpd_risk"": 0.0}",0,no_candidate,confidence_below_candidate_threshold,"[""confidence_below_candidate_threshold"", ""risk_trigger_missing_or_low""]",False,"{""any_risk"": false, ""co2_ventilation_conflict"": false, ""dry_or_high_vpd_risk"": false, ""humidity_or_dew_risk"": false, ""solver_sensitive_risk"": false}",,714
,,0,0,0,False,[],,0.05,"{""crash_warning_score"": 0.0, ""raw_confidence"": 0.05, ""solver_risk"": 0.0, ""vpd_risk"": 0.0}",0,no_candidate,confidence_below_candidate_threshold,"[""confidence_below_candidate_threshold"", ""risk_trigger_missing_or_low""]",False,"{""any_risk"": false, ""co2_ventilation_conflict"": false, ""dry_or_high_vpd_risk"": false, ""humidity_or_dew_risk"": false, ""solver_sensitive_risk"": false}",,715
,,0,0,0,False,[],,0.05,"{""crash_warning_score"": 0.0, ""raw_confidence"": 0.05, ""solver_risk"": 0.0, ""vpd_risk"": 0.0}",0,no_candidate,confidence_below_candidate_threshold,"[""confidence_below_candidate_threshold"", ""risk_trigger_missing_or_low""]",False,"{""any_risk"": false, ""co2_ventilation_conflict"": false, ""dry_or_high_vpd_risk"": false, ""humidity_or_dew_risk"": false, ""solver_sensitive_risk"": false}",,716
,,0,0,0,False,[],,0.05,"{""crash_warning_score"": 0.0, ""raw_confidence"": 0.05, ""solver_risk"": 0.0, ""vpd_risk"": 0.0}",0,no_candidate,confidence_below_candidate_threshold,"[""confidence_below_candidate_threshold"", ""risk_trigger_missing_or_low""]",False,"{""any_risk"": false, ""co2_ventilation_conflict"": false, ""dry_or_high_vpd_risk"": false, ""humidity_or_dew_risk"": false, ""solver_sensitive_risk"": false}",,717
,,0,0,0,False,[],,0.05,"{""crash_warning_score"": 0.0, ""raw_confidence"": 0.05, ""solver_risk"": 0.0, ""vpd_risk"": 0.0}",0,no_candidate,confidence_below_candidate_threshold,"[""confidence_below_candidate_threshold"", ""risk_trigger_missing_or_low""]",False,"{""any_risk"": false, ""co2_ventilation_conflict"": false, ""dry_or_high_vpd_risk"": false, ""humidity_or_dew_risk"": false, ""solver_sensitive_risk"": false}",,718
,,0,0,0,False,[],,0.05,"{""crash_warning_score"": 0.0, ""raw_confidence"": 0.05, ""solver_risk"": 0.0, ""vpd_risk"": 0.0}",0,no_candidate,confidence_below_candidate_threshold,"[""confidence_below_candidate_threshold"", ""risk_trigger_missing_or_low""]",False,"{""any_risk"": false, ""co2_ventilation_conflict"": false, ""dry_or_high_vpd_risk"": false, ""humidity_or_dew_risk"": false, ""solver_sensitive_risk"": false}",,719
