canopy_dew_bonus,conservative_risk_selected_count,conservative_risk_selected_rate,conservative_selected_count,dew_or_humidity_bonus,dry_or_high_vpd_bonus,dry_vent_bonus,family_extreme_rate_count,family_target_penalty,mixed_risk_combo_spread,mixed_risk_spread,nonrisk_conservative_selected_count,policy,previous_rule_ppo_suppression_detected,risk_row_count,risk_type_switch_spread,row_count,rule_suppression_detected,selected_id_vs_zero_bonus_winner_mismatch_count,single_risk_spread,switch_from_ppo_to_conservative_count,switch_from_previous_to_conservative_count,switch_from_rule_to_conservative_count,switch_relative_to_runtime_count,switch_relative_to_zero_bonus_count,switch_to_conservative_count,vector_id
0.0,0,0.0,0,0.0,0.0,0.0,5,1.75,0.0,0.0,0,severity_aware_non_additive_v1,False,126,0.0,720,False,248,0.0,0,0,0,248,0,0,dry=0.00|dry_vent=0.00|dew=0.00|canopy=0.00
0.04,0,0.0,0,0.0,0.0,0.0,5,1.75,0.0,0.0,0,severity_aware_non_additive_v1,False,126,0.0,720,False,248,0.0,0,0,0,248,0,0,dry=0.00|dry_vent=0.00|dew=0.00|canopy=0.04
0.06,15,0.11904761904761904,15,0.0,0.0,0.0,3,1.314285714285714,1.0,0.6666666666666666,0,severity_aware_non_additive_v1,False,126,0.6666666666666666,720,False,248,0.0,0,15,0,263,15,15,dry=0.00|dry_vent=0.00|dew=0.00|canopy=0.06
0.08,18,0.14285714285714285,18,0.0,0.0,0.0,3,1.2285714285714284,1.0,0.6666666666666666,0,severity_aware_non_additive_v1,False,126,0.6666666666666666,720,False,248,0.0,0,18,0,266,18,18,dry=0.00|dry_vent=0.00|dew=0.00|canopy=0.08
0.1,22,0.1746031746031746,22,0.0,0.0,0.0,3,1.1142857142857143,1.0,0.6666666666666666,0,severity_aware_non_additive_v1,False,126,0.6666666666666666,720,False,248,0.0,0,22,0,270,22,22,dry=0.00|dry_vent=0.00|dew=0.00|canopy=0.10
0.12,53,0.42063492063492064,53,0.0,0.0,0.0,5,1.4499999999999997,1.0,1.0,0,severity_aware_non_additive_v1,False,126,1.0,720,False,248,0.0,0,53,0,301,53,53,dry=0.00|dry_vent=0.00|dew=0.00|canopy=0.12
0.0,0,0.0,0,0.04,0.0,0.0,5,1.75,0.0,0.0,0,severity_aware_non_additive_v1,False,126,0.0,720,False,248,0.0,0,0,0,248,0,0,dry=0.00|dry_vent=0.00|dew=0.04|canopy=0.00
0.04,0,0.0,0,0.04,0.0,0.0,5,1.75,0.0,0.0,0,severity_aware_non_additive_v1,False,126,0.0,720,False,248,0.0,0,0,0,248,0,0,dry=0.00|dry_vent=0.00|dew=0.04|canopy=0.04
0.06,15,0.11904761904761904,15,0.04,0.0,0.0,3,1.314285714285714,1.0,0.6666666666666666,0,severity_aware_non_additive_v1,False,126,0.6666666666666666,720,False,248,0.0,0,15,0,263,15,15,dry=0.00|dry_vent=0.00|dew=0.04|canopy=0.06
0.08,18,0.14285714285714285,18,0.04,0.0,0.0,3,1.2285714285714284,1.0,0.6666666666666666,0,severity_aware_non_additive_v1,False,126,0.6666666666666666,720,False,248,0.0,0,18,0,266,18,18,dry=0.00|dry_vent=0.00|dew=0.04|canopy=0.08
0.1,22,0.1746031746031746,22,0.04,0.0,0.0,3,1.1142857142857143,1.0,0.6666666666666666,0,severity_aware_non_additive_v1,False,126,0.6666666666666666,720,False,248,0.0,0,22,0,270,22,22,dry=0.00|dry_vent=0.00|dew=0.04|canopy=0.10
0.12,53,0.42063492063492064,53,0.04,0.0,0.0,5,1.4499999999999997,1.0,1.0,0,severity_aware_non_additive_v1,False,126,1.0,720,False,248,0.0,0,53,0,301,53,53,dry=0.00|dry_vent=0.00|dew=0.04|canopy=0.12
0.0,0,0.0,0,0.06,0.0,0.0,5,1.75,0.0,0.0,0,severity_aware_non_additive_v1,False,126,0.0,720,False,248,0.0,0,0,0,248,0,0,dry=0.00|dry_vent=0.00|dew=0.06|canopy=0.00
0.04,0,0.0,0,0.06,0.0,0.0,5,1.75,0.0,0.0,0,severity_aware_non_additive_v1,False,126,0.0,720,False,248,0.0,0,0,0,248,0,0,dry=0.00|dry_vent=0.00|dew=0.06|canopy=0.04
0.06,15,0.11904761904761904,15,0.06,0.0,0.0,3,1.314285714285714,1.0,0.6666666666666666,0,severity_aware_non_additive_v1,False,126,0.6666666666666666,720,False,248,0.0,0,15,0,263,15,15,dry=0.00|dry_vent=0.00|dew=0.06|canopy=0.06
0.08,18,0.14285714285714285,18,0.06,0.0,0.0,3,1.2285714285714284,1.0,0.6666666666666666,0,severity_aware_non_additive_v1,False,126,0.6666666666666666,720,False,248,0.0,0,18,0,266,18,18,dry=0.00|dry_vent=0.00|dew=0.06|canopy=0.08
0.1,22,0.1746031746031746,22,0.06,0.0,0.0,3,1.1142857142857143,1.0,0.6666666666666666,0,severity_aware_non_additive_v1,False,126,0.6666666666666666,720,False,248,0.0,0,22,0,270,22,22,dry=0.00|dry_vent=0.00|dew=0.06|canopy=0.10
0.12,53,0.42063492063492064,53,0.06,0.0,0.0,5,1.4499999999999997,1.0,1.0,0,severity_aware_non_additive_v1,False,126,1.0,720,False,248,0.0,0,53,0,301,53,53,dry=0.00|dry_vent=0.00|dew=0.06|canopy=0.12
0.0,15,0.11904761904761904,15,0.08,0.0,0.0,4,1.4,0.0,0.0,0,severity_aware_non_additive_v1,False,126,0.375,720,False,248,0.375,0,15,0,263,15,15,dry=0.00|dry_vent=0.00|dew=0.08|canopy=0.00
0.04,15,0.11904761904761904,15,0.08,0.0,0.0,4,1.4,0.0,0.0,0,severity_aware_non_additive_v1,False,126,0.375,720,False,248,0.375,0,15,0,263,15,15,dry=0.00|dry_vent=0.00|dew=0.08|canopy=0.04
0.06,30,0.23809523809523808,30,0.08,0.0,0.0,2,0.9642857142857142,1.0,0.6666666666666666,0,severity_aware_non_additive_v1,False,126,0.6666666666666666,720,False,248,0.375,0,30,0,278,30,30,dry=0.00|dry_vent=0.00|dew=0.08|canopy=0.06
0.08,33,0.2619047619047619,33,0.08,0.0,0.0,2,0.8785714285714286,1.0,0.6666666666666666,0,severity_aware_non_additive_v1,False,126,0.6666666666666666,720,False,248,0.375,0,33,0,281,33,33,dry=0.00|dry_vent=0.00|dew=0.08|canopy=0.08
0.1,37,0.29365079365079366,37,0.08,0.0,0.0,2,0.7642857142857142,1.0,0.6666666666666666,0,severity_aware_non_additive_v1,False,126,0.6666666666666666,720,False,248,0.375,0,37,0,285,37,37,dry=0.00|dry_vent=0.00|dew=0.08|canopy=0.10
0.12,68,0.5396825396825397,68,0.08,0.0,0.0,4,1.0999999999999999,1.0,1.0,0,severity_aware_non_additive_v1,False,126,1.0,720,False,248,0.375,0,68,0,316,68,68,dry=0.00|dry_vent=0.00|dew=0.08|canopy=0.12
0.0,22,0.1746031746031746,22,0.1,0.0,0.0,4,1.4,0.0,0.0,0,severity_aware_non_additive_v1,False,126,0.55,720,False,248,0.55,0,22,0,270,22,22,dry=0.00|dry_vent=0.00|dew=0.10|canopy=0.00
0.04,22,0.1746031746031746,22,0.1,0.0,0.0,4,1.4,0.0,0.0,0,severity_aware_non_additive_v1,False,126,0.55,720,False,248,0.55,0,22,0,270,22,22,dry=0.00|dry_vent=0.00|dew=0.10|canopy=0.04
0.06,37,0.29365079365079366,37,0.1,0.0,0.0,2,0.9642857142857142,1.0,0.6666666666666666,0,severity_aware_non_additive_v1,False,126,0.6666666666666666,720,False,248,0.55,0,37,0,285,37,37,dry=0.00|dry_vent=0.00|dew=0.10|canopy=0.06
0.08,40,0.31746031746031744,40,0.1,0.0,0.0,2,0.8785714285714286,1.0,0.6666666666666666,0,severity_aware_non_additive_v1,False,126,0.6666666666666666,720,False,248,0.55,0,40,0,288,40,40,dry=0.00|dry_vent=0.00|dew=0.10|canopy=0.08
0.1,44,0.3492063492063492,44,0.1,0.0,0.0,2,0.7642857142857142,1.0,0.6666666666666666,0,severity_aware_non_additive_v1,False,126,0.6666666666666666,720,False,248,0.55,0,44,0,292,44,44,dry=0.00|dry_vent=0.00|dew=0.10|canopy=0.10
0.12,75,0.5952380952380952,75,0.1,0.0,0.0,4,1.0999999999999999,1.0,1.0,0,severity_aware_non_additive_v1,False,126,1.0,720,False,248,0.55,0,75,0,323,75,75,dry=0.00|dry_vent=0.00|dew=0.10|canopy=0.12
0.0,40,0.31746031746031744,40,0.12,0.0,0.0,5,1.5999999999999999,0.0,0.0,0,severity_aware_non_additive_v1,False,126,1.0,720,False,248,1.0,0,40,0,288,40,40,dry=0.00|dry_vent=0.00|dew=0.12|canopy=0.00
0.04,40,0.31746031746031744,40,0.12,0.0,0.0,5,1.5999999999999999,0.0,0.0,0,severity_aware_non_additive_v1,False,126,1.0,720,False,248,1.0,0,40,0,288,40,40,dry=0.00|dry_vent=0.00|dew=0.12|canopy=0.04
0.06,55,0.4365079365079365,55,0.12,0.0,0.0,3,1.1642857142857141,1.0,0.6666666666666666,0,severity_aware_non_additive_v1,False,126,1.0,720,False,248,1.0,0,55,0,303,55,55,dry=0.00|dry_vent=0.00|dew=0.12|canopy=0.06
0.08,58,0.4603174603174603,58,0.12,0.0,0.0,3,1.0785714285714285,1.0,0.6666666666666666,0,severity_aware_non_additive_v1,False,126,1.0,720,False,248,1.0,0,58,0,306,58,58,dry=0.00|dry_vent=0.00|dew=0.12|canopy=0.08
0.1,62,0.49206349206349204,62,0.12,0.0,0.0,3,0.9642857142857142,1.0,0.6666666666666666,0,severity_aware_non_additive_v1,False,126,1.0,720,False,248,1.0,0,62,0,310,62,62,dry=0.00|dry_vent=0.00|dew=0.12|canopy=0.10
0.12,93,0.7380952380952381,93,0.12,0.0,0.0,5,1.2999999999999998,1.0,1.0,0,severity_aware_non_additive_v1,False,126,1.0,720,False,248,1.0,0,93,0,341,93,93,dry=0.00|dry_vent=0.00|dew=0.12|canopy=0.12
0.0,0,0.0,0,0.0,0.0,0.02,5,1.75,0.0,0.0,0,severity_aware_non_additive_v1,False,126,0.0,720,False,248,0.0,0,0,0,248,0,0,dry=0.00|dry_vent=0.02|dew=0.00|canopy=0.00
0.04,0,0.0,0,0.0,0.0,0.02,5,1.75,0.0,0.0,0,severity_aware_non_additive_v1,False,126,0.0,720,False,248,0.0,0,0,0,248,0,0,dry=0.00|dry_vent=0.02|dew=0.00|canopy=0.04
0.06,15,0.11904761904761904,15,0.0,0.0,0.02,3,1.314285714285714,1.0,0.6666666666666666,0,severity_aware_non_additive_v1,False,126,0.6666666666666666,720,False,248,0.0,0,15,0,263,15,15,dry=0.00|dry_vent=0.02|dew=0.00|canopy=0.06
0.08,18,0.14285714285714285,18,0.0,0.0,0.02,3,1.2285714285714284,1.0,0.6666666666666666,0,severity_aware_non_additive_v1,False,126,0.6666666666666666,720,False,248,0.0,0,18,0,266,18,18,dry=0.00|dry_vent=0.02|dew=0.00|canopy=0.08
0.1,22,0.1746031746031746,22,0.0,0.0,0.02,3,1.1142857142857143,1.0,0.6666666666666666,0,severity_aware_non_additive_v1,False,126,0.6666666666666666,720,False,248,0.0,0,22,0,270,22,22,dry=0.00|dry_vent=0.02|dew=0.00|canopy=0.10
0.12,53,0.42063492063492064,53,0.0,0.0,0.02,5,1.4499999999999997,1.0,1.0,0,severity_aware_non_additive_v1,False,126,1.0,720,False,248,0.0,0,53,0,301,53,53,dry=0.00|dry_vent=0.02|dew=0.00|canopy=0.12
0.0,0,0.0,0,0.04,0.0,0.02,5,1.75,0.0,0.0,0,severity_aware_non_additive_v1,False,126,0.0,720,False,248,0.0,0,0,0,248,0,0,dry=0.00|dry_vent=0.02|dew=0.04|canopy=0.00
0.04,0,0.0,0,0.04,0.0,0.02,5,1.75,0.0,0.0,0,severity_aware_non_additive_v1,False,126,0.0,720,False,248,0.0,0,0,0,248,0,0,dry=0.00|dry_vent=0.02|dew=0.04|canopy=0.04
0.06,15,0.11904761904761904,15,0.04,0.0,0.02,3,1.314285714285714,1.0,0.6666666666666666,0,severity_aware_non_additive_v1,False,126,0.6666666666666666,720,False,248,0.0,0,15,0,263,15,15,dry=0.00|dry_vent=0.02|dew=0.04|canopy=0.06
0.08,18,0.14285714285714285,18,0.04,0.0,0.02,3,1.2285714285714284,1.0,0.6666666666666666,0,severity_aware_non_additive_v1,False,126,0.6666666666666666,720,False,248,0.0,0,18,0,266,18,18,dry=0.00|dry_vent=0.02|dew=0.04|canopy=0.08
0.1,22,0.1746031746031746,22,0.04,0.0,0.02,3,1.1142857142857143,1.0,0.6666666666666666,0,severity_aware_non_additive_v1,False,126,0.6666666666666666,720,False,248,0.0,0,22,0,270,22,22,dry=0.00|dry_vent=0.02|dew=0.04|canopy=0.10
0.12,53,0.42063492063492064,53,0.04,0.0,0.02,5,1.4499999999999997,1.0,1.0,0,severity_aware_non_additive_v1,False,126,1.0,720,False,248,0.0,0,53,0,301,53,53,dry=0.00|dry_vent=0.02|dew=0.04|canopy=0.12
0.0,0,0.0,0,0.06,0.0,0.02,5,1.75,0.0,0.0,0,severity_aware_non_additive_v1,False,126,0.0,720,False,248,0.0,0,0,0,248,0,0,dry=0.00|dry_vent=0.02|dew=0.06|canopy=0.00
0.04,0,0.0,0,0.06,0.0,0.02,5,1.75,0.0,0.0,0,severity_aware_non_additive_v1,False,126,0.0,720,False,248,0.0,0,0,0,248,0,0,dry=0.00|dry_vent=0.02|dew=0.06|canopy=0.04
0.06,15,0.11904761904761904,15,0.06,0.0,0.02,3,1.314285714285714,1.0,0.6666666666666666,0,severity_aware_non_additive_v1,False,126,0.6666666666666666,720,False,248,0.0,0,15,0,263,15,15,dry=0.00|dry_vent=0.02|dew=0.06|canopy=0.06
0.08,18,0.14285714285714285,18,0.06,0.0,0.02,3,1.2285714285714284,1.0,0.6666666666666666,0,severity_aware_non_additive_v1,False,126,0.6666666666666666,720,False,248,0.0,0,18,0,266,18,18,dry=0.00|dry_vent=0.02|dew=0.06|canopy=0.08
0.1,22,0.1746031746031746,22,0.06,0.0,0.02,3,1.1142857142857143,1.0,0.6666666666666666,0,severity_aware_non_additive_v1,False,126,0.6666666666666666,720,False,248,0.0,0,22,0,270,22,22,dry=0.00|dry_vent=0.02|dew=0.06|canopy=0.10
0.12,53,0.42063492063492064,53,0.06,0.0,0.02,5,1.4499999999999997,1.0,1.0,0,severity_aware_non_additive_v1,False,126,1.0,720,False,248,0.0,0,53,0,301,53,53,dry=0.00|dry_vent=0.02|dew=0.06|canopy=0.12
0.0,15,0.11904761904761904,15,0.08,0.0,0.02,4,1.4,0.0,0.0,0,severity_aware_non_additive_v1,False,126,0.375,720,False,248,0.375,0,15,0,263,15,15,dry=0.00|dry_vent=0.02|dew=0.08|canopy=0.00
0.04,15,0.11904761904761904,15,0.08,0.0,0.02,4,1.4,0.0,0.0,0,severity_aware_non_additive_v1,False,126,0.375,720,False,248,0.375,0,15,0,263,15,15,dry=0.00|dry_vent=0.02|dew=0.08|canopy=0.04
0.06,30,0.23809523809523808,30,0.08,0.0,0.02,2,0.9642857142857142,1.0,0.6666666666666666,0,severity_aware_non_additive_v1,False,126,0.6666666666666666,720,False,248,0.375,0,30,0,278,30,30,dry=0.00|dry_vent=0.02|dew=0.08|canopy=0.06
0.08,33,0.2619047619047619,33,0.08,0.0,0.02,2,0.8785714285714286,1.0,0.6666666666666666,0,severity_aware_non_additive_v1,False,126,0.6666666666666666,720,False,248,0.375,0,33,0,281,33,33,dry=0.00|dry_vent=0.02|dew=0.08|canopy=0.08
0.1,37,0.29365079365079366,37,0.08,0.0,0.02,2,0.7642857142857142,1.0,0.6666666666666666,0,severity_aware_non_additive_v1,False,126,0.6666666666666666,720,False,248,0.375,0,37,0,285,37,37,dry=0.00|dry_vent=0.02|dew=0.08|canopy=0.10
0.12,68,0.5396825396825397,68,0.08,0.0,0.02,4,1.0999999999999999,1.0,1.0,0,severity_aware_non_additive_v1,False,126,1.0,720,False,248,0.375,0,68,0,316,68,68,dry=0.00|dry_vent=0.02|dew=0.08|canopy=0.12
0.0,22,0.1746031746031746,22,0.1,0.0,0.02,4,1.4,0.0,0.0,0,severity_aware_non_additive_v1,False,126,0.55,720,False,248,0.55,0,22,0,270,22,22,dry=0.00|dry_vent=0.02|dew=0.10|canopy=0.00
0.04,22,0.1746031746031746,22,0.1,0.0,0.02,4,1.4,0.0,0.0,0,severity_aware_non_additive_v1,False,126,0.55,720,False,248,0.55,0,22,0,270,22,22,dry=0.00|dry_vent=0.02|dew=0.10|canopy=0.04
0.06,37,0.29365079365079366,37,0.1,0.0,0.02,2,0.9642857142857142,1.0,0.6666666666666666,0,severity_aware_non_additive_v1,False,126,0.6666666666666666,720,False,248,0.55,0,37,0,285,37,37,dry=0.00|dry_vent=0.02|dew=0.10|canopy=0.06
0.08,40,0.31746031746031744,40,0.1,0.0,0.02,2,0.8785714285714286,1.0,0.6666666666666666,0,severity_aware_non_additive_v1,False,126,0.6666666666666666,720,False,248,0.55,0,40,0,288,40,40,dry=0.00|dry_vent=0.02|dew=0.10|canopy=0.08
0.1,44,0.3492063492063492,44,0.1,0.0,0.02,2,0.7642857142857142,1.0,0.6666666666666666,0,severity_aware_non_additive_v1,False,126,0.6666666666666666,720,False,248,0.55,0,44,0,292,44,44,dry=0.00|dry_vent=0.02|dew=0.10|canopy=0.10
0.12,75,0.5952380952380952,75,0.1,0.0,0.02,4,1.0999999999999999,1.0,1.0,0,severity_aware_non_additive_v1,False,126,1.0,720,False,248,0.55,0,75,0,323,75,75,dry=0.00|dry_vent=0.02|dew=0.10|canopy=0.12
0.0,40,0.31746031746031744,40,0.12,0.0,0.02,5,1.5999999999999999,0.0,0.0,0,severity_aware_non_additive_v1,False,126,1.0,720,False,248,1.0,0,40,0,288,40,40,dry=0.00|dry_vent=0.02|dew=0.12|canopy=0.00
0.04,40,0.31746031746031744,40,0.12,0.0,0.02,5,1.5999999999999999,0.0,0.0,0,severity_aware_non_additive_v1,False,126,1.0,720,False,248,1.0,0,40,0,288,40,40,dry=0.00|dry_vent=0.02|dew=0.12|canopy=0.04
0.06,55,0.4365079365079365,55,0.12,0.0,0.02,3,1.1642857142857141,1.0,0.6666666666666666,0,severity_aware_non_additive_v1,False,126,1.0,720,False,248,1.0,0,55,0,303,55,55,dry=0.00|dry_vent=0.02|dew=0.12|canopy=0.06
0.08,58,0.4603174603174603,58,0.12,0.0,0.02,3,1.0785714285714285,1.0,0.6666666666666666,0,severity_aware_non_additive_v1,False,126,1.0,720,False,248,1.0,0,58,0,306,58,58,dry=0.00|dry_vent=0.02|dew=0.12|canopy=0.08
0.1,62,0.49206349206349204,62,0.12,0.0,0.02,3,0.9642857142857142,1.0,0.6666666666666666,0,severity_aware_non_additive_v1,False,126,1.0,720,False,248,1.0,0,62,0,310,62,62,dry=0.00|dry_vent=0.02|dew=0.12|canopy=0.10
0.12,93,0.7380952380952381,93,0.12,0.0,0.02,5,1.2999999999999998,1.0,1.0,0,severity_aware_non_additive_v1,False,126,1.0,720,False,248,1.0,0,93,0,341,93,93,dry=0.00|dry_vent=0.02|dew=0.12|canopy=0.12
0.0,0,0.0,0,0.0,0.0,0.04,5,1.75,0.0,0.0,0,severity_aware_non_additive_v1,False,126,0.0,720,False,248,0.0,0,0,0,248,0,0,dry=0.00|dry_vent=0.04|dew=0.00|canopy=0.00
0.04,0,0.0,0,0.0,0.0,0.04,5,1.75,0.0,0.0,0,severity_aware_non_additive_v1,False,126,0.0,720,False,248,0.0,0,0,0,248,0,0,dry=0.00|dry_vent=0.04|dew=0.00|canopy=0.04
0.06,15,0.11904761904761904,15,0.0,0.0,0.04,3,1.314285714285714,1.0,0.6666666666666666,0,severity_aware_non_additive_v1,False,126,0.6666666666666666,720,False,248,0.0,0,15,0,263,15,15,dry=0.00|dry_vent=0.04|dew=0.00|canopy=0.06
0.08,18,0.14285714285714285,18,0.0,0.0,0.04,3,1.2285714285714284,1.0,0.6666666666666666,0,severity_aware_non_additive_v1,False,126,0.6666666666666666,720,False,248,0.0,0,18,0,266,18,18,dry=0.00|dry_vent=0.04|dew=0.00|canopy=0.08
0.1,22,0.1746031746031746,22,0.0,0.0,0.04,3,1.1142857142857143,1.0,0.6666666666666666,0,severity_aware_non_additive_v1,False,126,0.6666666666666666,720,False,248,0.0,0,22,0,270,22,22,dry=0.00|dry_vent=0.04|dew=0.00|canopy=0.10
0.12,53,0.42063492063492064,53,0.0,0.0,0.04,5,1.4499999999999997,1.0,1.0,0,severity_aware_non_additive_v1,False,126,1.0,720,False,248,0.0,0,53,0,301,53,53,dry=0.00|dry_vent=0.04|dew=0.00|canopy=0.12
0.0,0,0.0,0,0.04,0.0,0.04,5,1.75,0.0,0.0,0,severity_aware_non_additive_v1,False,126,0.0,720,False,248,0.0,0,0,0,248,0,0,dry=0.00|dry_vent=0.04|dew=0.04|canopy=0.00
0.04,0,0.0,0,0.04,0.0,0.04,5,1.75,0.0,0.0,0,severity_aware_non_additive_v1,False,126,0.0,720,False,248,0.0,0,0,0,248,0,0,dry=0.00|dry_vent=0.04|dew=0.04|canopy=0.04
0.06,15,0.11904761904761904,15,0.04,0.0,0.04,3,1.314285714285714,1.0,0.6666666666666666,0,severity_aware_non_additive_v1,False,126,0.6666666666666666,720,False,248,0.0,0,15,0,263,15,15,dry=0.00|dry_vent=0.04|dew=0.04|canopy=0.06
0.08,18,0.14285714285714285,18,0.04,0.0,0.04,3,1.2285714285714284,1.0,0.6666666666666666,0,severity_aware_non_additive_v1,False,126,0.6666666666666666,720,False,248,0.0,0,18,0,266,18,18,dry=0.00|dry_vent=0.04|dew=0.04|canopy=0.08
0.1,22,0.1746031746031746,22,0.04,0.0,0.04,3,1.1142857142857143,1.0,0.6666666666666666,0,severity_aware_non_additive_v1,False,126,0.6666666666666666,720,False,248,0.0,0,22,0,270,22,22,dry=0.00|dry_vent=0.04|dew=0.04|canopy=0.10
0.12,53,0.42063492063492064,53,0.04,0.0,0.04,5,1.4499999999999997,1.0,1.0,0,severity_aware_non_additive_v1,False,126,1.0,720,False,248,0.0,0,53,0,301,53,53,dry=0.00|dry_vent=0.04|dew=0.04|canopy=0.12
0.0,0,0.0,0,0.06,0.0,0.04,5,1.75,0.0,0.0,0,severity_aware_non_additive_v1,False,126,0.0,720,False,248,0.0,0,0,0,248,0,0,dry=0.00|dry_vent=0.04|dew=0.06|canopy=0.00
0.04,0,0.0,0,0.06,0.0,0.04,5,1.75,0.0,0.0,0,severity_aware_non_additive_v1,False,126,0.0,720,False,248,0.0,0,0,0,248,0,0,dry=0.00|dry_vent=0.04|dew=0.06|canopy=0.04
0.06,15,0.11904761904761904,15,0.06,0.0,0.04,3,1.314285714285714,1.0,0.6666666666666666,0,severity_aware_non_additive_v1,False,126,0.6666666666666666,720,False,248,0.0,0,15,0,263,15,15,dry=0.00|dry_vent=0.04|dew=0.06|canopy=0.06
0.08,18,0.14285714285714285,18,0.06,0.0,0.04,3,1.2285714285714284,1.0,0.6666666666666666,0,severity_aware_non_additive_v1,False,126,0.6666666666666666,720,False,248,0.0,0,18,0,266,18,18,dry=0.00|dry_vent=0.04|dew=0.06|canopy=0.08
0.1,22,0.1746031746031746,22,0.06,0.0,0.04,3,1.1142857142857143,1.0,0.6666666666666666,0,severity_aware_non_additive_v1,False,126,0.6666666666666666,720,False,248,0.0,0,22,0,270,22,22,dry=0.00|dry_vent=0.04|dew=0.06|canopy=0.10
0.12,53,0.42063492063492064,53,0.06,0.0,0.04,5,1.4499999999999997,1.0,1.0,0,severity_aware_non_additive_v1,False,126,1.0,720,False,248,0.0,0,53,0,301,53,53,dry=0.00|dry_vent=0.04|dew=0.06|canopy=0.12
0.0,15,0.11904761904761904,15,0.08,0.0,0.04,4,1.4,0.0,0.0,0,severity_aware_non_additive_v1,False,126,0.375,720,False,248,0.375,0,15,0,263,15,15,dry=0.00|dry_vent=0.04|dew=0.08|canopy=0.00
0.04,15,0.11904761904761904,15,0.08,0.0,0.04,4,1.4,0.0,0.0,0,severity_aware_non_additive_v1,False,126,0.375,720,False,248,0.375,0,15,0,263,15,15,dry=0.00|dry_vent=0.04|dew=0.08|canopy=0.04
0.06,30,0.23809523809523808,30,0.08,0.0,0.04,2,0.9642857142857142,1.0,0.6666666666666666,0,severity_aware_non_additive_v1,False,126,0.6666666666666666,720,False,248,0.375,0,30,0,278,30,30,dry=0.00|dry_vent=0.04|dew=0.08|canopy=0.06
0.08,33,0.2619047619047619,33,0.08,0.0,0.04,2,0.8785714285714286,1.0,0.6666666666666666,0,severity_aware_non_additive_v1,False,126,0.6666666666666666,720,False,248,0.375,0,33,0,281,33,33,dry=0.00|dry_vent=0.04|dew=0.08|canopy=0.08
0.1,37,0.29365079365079366,37,0.08,0.0,0.04,2,0.7642857142857142,1.0,0.6666666666666666,0,severity_aware_non_additive_v1,False,126,0.6666666666666666,720,False,248,0.375,0,37,0,285,37,37,dry=0.00|dry_vent=0.04|dew=0.08|canopy=0.10
0.12,68,0.5396825396825397,68,0.08,0.0,0.04,4,1.0999999999999999,1.0,1.0,0,severity_aware_non_additive_v1,False,126,1.0,720,False,248,0.375,0,68,0,316,68,68,dry=0.00|dry_vent=0.04|dew=0.08|canopy=0.12
0.0,22,0.1746031746031746,22,0.1,0.0,0.04,4,1.4,0.0,0.0,0,severity_aware_non_additive_v1,False,126,0.55,720,False,248,0.55,0,22,0,270,22,22,dry=0.00|dry_vent=0.04|dew=0.10|canopy=0.00
0.04,22,0.1746031746031746,22,0.1,0.0,0.04,4,1.4,0.0,0.0,0,severity_aware_non_additive_v1,False,126,0.55,720,False,248,0.55,0,22,0,270,22,22,dry=0.00|dry_vent=0.04|dew=0.10|canopy=0.04
0.06,37,0.29365079365079366,37,0.1,0.0,0.04,2,0.9642857142857142,1.0,0.6666666666666666,0,severity_aware_non_additive_v1,False,126,0.6666666666666666,720,False,248,0.55,0,37,0,285,37,37,dry=0.00|dry_vent=0.04|dew=0.10|canopy=0.06
0.08,40,0.31746031746031744,40,0.1,0.0,0.04,2,0.8785714285714286,1.0,0.6666666666666666,0,severity_aware_non_additive_v1,False,126,0.6666666666666666,720,False,248,0.55,0,40,0,288,40,40,dry=0.00|dry_vent=0.04|dew=0.10|canopy=0.08
0.1,44,0.3492063492063492,44,0.1,0.0,0.04,2,0.7642857142857142,1.0,0.6666666666666666,0,severity_aware_non_additive_v1,False,126,0.6666666666666666,720,False,248,0.55,0,44,0,292,44,44,dry=0.00|dry_vent=0.04|dew=0.10|canopy=0.10
0.12,75,0.5952380952380952,75,0.1,0.0,0.04,4,1.0999999999999999,1.0,1.0,0,severity_aware_non_additive_v1,False,126,1.0,720,False,248,0.55,0,75,0,323,75,75,dry=0.00|dry_vent=0.04|dew=0.10|canopy=0.12
0.0,40,0.31746031746031744,40,0.12,0.0,0.04,5,1.5999999999999999,0.0,0.0,0,severity_aware_non_additive_v1,False,126,1.0,720,False,248,1.0,0,40,0,288,40,40,dry=0.00|dry_vent=0.04|dew=0.12|canopy=0.00
0.04,40,0.31746031746031744,40,0.12,0.0,0.04,5,1.5999999999999999,0.0,0.0,0,severity_aware_non_additive_v1,False,126,1.0,720,False,248,1.0,0,40,0,288,40,40,dry=0.00|dry_vent=0.04|dew=0.12|canopy=0.04
0.06,55,0.4365079365079365,55,0.12,0.0,0.04,3,1.1642857142857141,1.0,0.6666666666666666,0,severity_aware_non_additive_v1,False,126,1.0,720,False,248,1.0,0,55,0,303,55,55,dry=0.00|dry_vent=0.04|dew=0.12|canopy=0.06
0.08,58,0.4603174603174603,58,0.12,0.0,0.04,3,1.0785714285714285,1.0,0.6666666666666666,0,severity_aware_non_additive_v1,False,126,1.0,720,False,248,1.0,0,58,0,306,58,58,dry=0.00|dry_vent=0.04|dew=0.12|canopy=0.08
0.1,62,0.49206349206349204,62,0.12,0.0,0.04,3,0.9642857142857142,1.0,0.6666666666666666,0,severity_aware_non_additive_v1,False,126,1.0,720,False,248,1.0,0,62,0,310,62,62,dry=0.00|dry_vent=0.04|dew=0.12|canopy=0.10
0.12,93,0.7380952380952381,93,0.12,0.0,0.04,5,1.2999999999999998,1.0,1.0,0,severity_aware_non_additive_v1,False,126,1.0,720,False,248,1.0,0,93,0,341,93,93,dry=0.00|dry_vent=0.04|dew=0.12|canopy=0.12
0.0,25,0.1984126984126984,25,0.0,0.0,0.06,5,1.5999999999999999,1.0,1.0,0,severity_aware_non_additive_v1,False,126,1.0,720,False,248,0.0,0,25,0,273,25,25,dry=0.00|dry_vent=0.06|dew=0.00|canopy=0.00
0.04,25,0.1984126984126984,25,0.0,0.0,0.06,5,1.5999999999999999,1.0,1.0,0,severity_aware_non_additive_v1,False,126,1.0,720,False,248,0.0,0,25,0,273,25,25,dry=0.00|dry_vent=0.06|dew=0.00|canopy=0.04
0.06,40,0.31746031746031744,40,0.0,0.0,0.06,3,1.1642857142857141,1.0,0.9142857142857143,0,severity_aware_non_additive_v1,False,126,1.0,720,False,248,0.0,0,40,0,288,40,40,dry=0.00|dry_vent=0.06|dew=0.00|canopy=0.06
0.08,43,0.3412698412698413,43,0.0,0.0,0.06,3,1.0785714285714285,1.0,0.8285714285714285,0,severity_aware_non_additive_v1,False,126,1.0,720,False,248,0.0,0,43,0,291,43,43,dry=0.00|dry_vent=0.06|dew=0.00|canopy=0.08
0.1,47,0.373015873015873,47,0.0,0.0,0.06,3,0.9642857142857142,1.0,0.7142857142857143,0,severity_aware_non_additive_v1,False,126,1.0,720,False,248,0.0,0,47,0,295,47,47,dry=0.00|dry_vent=0.06|dew=0.00|canopy=0.10
0.12,78,0.6190476190476191,78,0.0,0.0,0.06,5,1.2999999999999998,0.0,0.0,0,severity_aware_non_additive_v1,False,126,1.0,720,False,248,0.0,0,78,0,326,78,78,dry=0.00|dry_vent=0.06|dew=0.00|canopy=0.12
0.0,25,0.1984126984126984,25,0.04,0.0,0.06,5,1.5999999999999999,1.0,1.0,0,severity_aware_non_additive_v1,False,126,1.0,720,False,248,0.0,0,25,0,273,25,25,dry=0.00|dry_vent=0.06|dew=0.04|canopy=0.00
0.04,25,0.1984126984126984,25,0.04,0.0,0.06,5,1.5999999999999999,1.0,1.0,0,severity_aware_non_additive_v1,False,126,1.0,720,False,248,0.0,0,25,0,273,25,25,dry=0.00|dry_vent=0.06|dew=0.04|canopy=0.04
0.06,40,0.31746031746031744,40,0.04,0.0,0.06,3,1.1642857142857141,1.0,0.9142857142857143,0,severity_aware_non_additive_v1,False,126,1.0,720,False,248,0.0,0,40,0,288,40,40,dry=0.00|dry_vent=0.06|dew=0.04|canopy=0.06
0.08,43,0.3412698412698413,43,0.04,0.0,0.06,3,1.0785714285714285,1.0,0.8285714285714285,0,severity_aware_non_additive_v1,False,126,1.0,720,False,248,0.0,0,43,0,291,43,43,dry=0.00|dry_vent=0.06|dew=0.04|canopy=0.08
0.1,47,0.373015873015873,47,0.04,0.0,0.06,3,0.9642857142857142,1.0,0.7142857142857143,0,severity_aware_non_additive_v1,False,126,1.0,720,False,248,0.0,0,47,0,295,47,47,dry=0.00|dry_vent=0.06|dew=0.04|canopy=0.10
0.12,78,0.6190476190476191,78,0.04,0.0,0.06,5,1.2999999999999998,0.0,0.0,0,severity_aware_non_additive_v1,False,126,1.0,720,False,248,0.0,0,78,0,326,78,78,dry=0.00|dry_vent=0.06|dew=0.04|canopy=0.12
0.0,25,0.1984126984126984,25,0.06,0.0,0.06,5,1.5999999999999999,1.0,1.0,0,severity_aware_non_additive_v1,False,126,1.0,720,False,248,0.0,0,25,0,273,25,25,dry=0.00|dry_vent=0.06|dew=0.06|canopy=0.00
0.04,25,0.1984126984126984,25,0.06,0.0,0.06,5,1.5999999999999999,1.0,1.0,0,severity_aware_non_additive_v1,False,126,1.0,720,False,248,0.0,0,25,0,273,25,25,dry=0.00|dry_vent=0.06|dew=0.06|canopy=0.04
0.06,40,0.31746031746031744,40,0.06,0.0,0.06,3,1.1642857142857141,1.0,0.9142857142857143,0,severity_aware_non_additive_v1,False,126,1.0,720,False,248,0.0,0,40,0,288,40,40,dry=0.00|dry_vent=0.06|dew=0.06|canopy=0.06
0.08,43,0.3412698412698413,43,0.06,0.0,0.06,3,1.0785714285714285,1.0,0.8285714285714285,0,severity_aware_non_additive_v1,False,126,1.0,720,False,248,0.0,0,43,0,291,43,43,dry=0.00|dry_vent=0.06|dew=0.06|canopy=0.08
0.1,47,0.373015873015873,47,0.06,0.0,0.06,3,0.9642857142857142,1.0,0.7142857142857143,0,severity_aware_non_additive_v1,False,126,1.0,720,False,248,0.0,0,47,0,295,47,47,dry=0.00|dry_vent=0.06|dew=0.06|canopy=0.10
0.12,78,0.6190476190476191,78,0.06,0.0,0.06,5,1.2999999999999998,0.0,0.0,0,severity_aware_non_additive_v1,False,126,1.0,720,False,248,0.0,0,78,0,326,78,78,dry=0.00|dry_vent=0.06|dew=0.06|canopy=0.12
0.0,40,0.31746031746031744,40,0.08,0.0,0.06,4,1.25,1.0,1.0,0,severity_aware_non_additive_v1,False,126,1.0,720,False,248,0.375,0,40,0,288,40,40,dry=0.00|dry_vent=0.06|dew=0.08|canopy=0.00
0.04,40,0.31746031746031744,40,0.08,0.0,0.06,4,1.25,1.0,1.0,0,severity_aware_non_additive_v1,False,126,1.0,720,False,248,0.375,0,40,0,288,40,40,dry=0.00|dry_vent=0.06|dew=0.08|canopy=0.04
0.06,55,0.4365079365079365,55,0.08,0.0,0.06,2,0.8142857142857142,1.0,0.9142857142857143,0,severity_aware_non_additive_v1,False,126,1.0,720,False,248,0.375,0,55,0,303,55,55,dry=0.00|dry_vent=0.06|dew=0.08|canopy=0.06
0.08,58,0.4603174603174603,58,0.08,0.0,0.06,2,0.7285714285714284,1.0,0.8285714285714285,0,severity_aware_non_additive_v1,False,126,1.0,720,False,248,0.375,0,58,0,306,58,58,dry=0.00|dry_vent=0.06|dew=0.08|canopy=0.08
0.1,62,0.49206349206349204,62,0.08,0.0,0.06,2,0.6142857142857142,1.0,0.7142857142857143,0,severity_aware_non_additive_v1,False,126,1.0,720,False,248,0.375,0,62,0,310,62,62,dry=0.00|dry_vent=0.06|dew=0.08|canopy=0.10
0.12,93,0.7380952380952381,93,0.08,0.0,0.06,4,0.9499999999999998,0.0,0.0,0,severity_aware_non_additive_v1,False,126,1.0,720,False,248,0.375,0,93,0,341,93,93,dry=0.00|dry_vent=0.06|dew=0.08|canopy=0.12
0.0,47,0.373015873015873,47,0.1,0.0,0.06,4,1.25,1.0,1.0,0,severity_aware_non_additive_v1,False,126,1.0,720,False,248,0.55,0,47,0,295,47,47,dry=0.00|dry_vent=0.06|dew=0.10|canopy=0.00
0.04,47,0.373015873015873,47,0.1,0.0,0.06,4,1.25,1.0,1.0,0,severity_aware_non_additive_v1,False,126,1.0,720,False,248,0.55,0,47,0,295,47,47,dry=0.00|dry_vent=0.06|dew=0.10|canopy=0.04
0.06,62,0.49206349206349204,62,0.1,0.0,0.06,2,0.8142857142857142,1.0,0.9142857142857143,0,severity_aware_non_additive_v1,False,126,1.0,720,False,248,0.55,0,62,0,310,62,62,dry=0.00|dry_vent=0.06|dew=0.10|canopy=0.06
0.08,65,0.5158730158730159,65,0.1,0.0,0.06,2,0.7285714285714284,1.0,0.8285714285714285,0,severity_aware_non_additive_v1,False,126,1.0,720,False,248,0.55,0,65,0,313,65,65,dry=0.00|dry_vent=0.06|dew=0.10|canopy=0.08
0.1,69,0.5476190476190477,69,0.1,0.0,0.06,2,0.6142857142857142,1.0,0.7142857142857143,0,severity_aware_non_additive_v1,False,126,1.0,720,False,248,0.55,0,69,0,317,69,69,dry=0.00|dry_vent=0.06|dew=0.10|canopy=0.10
0.12,100,0.7936507936507936,100,0.1,0.0,0.06,4,0.9499999999999998,0.0,0.0,0,severity_aware_non_additive_v1,False,126,1.0,720,False,248,0.55,0,100,0,348,100,100,dry=0.00|dry_vent=0.06|dew=0.10|canopy=0.12
0.0,65,0.5158730158730159,65,0.12,0.0,0.06,5,1.4499999999999997,1.0,1.0,0,severity_aware_non_additive_v1,False,126,1.0,720,False,248,1.0,0,65,0,313,65,65,dry=0.00|dry_vent=0.06|dew=0.12|canopy=0.00
0.04,65,0.5158730158730159,65,0.12,0.0,0.06,5,1.4499999999999997,1.0,1.0,0,severity_aware_non_additive_v1,False,126,1.0,720,False,248,1.0,0,65,0,313,65,65,dry=0.00|dry_vent=0.06|dew=0.12|canopy=0.04
0.06,80,0.6349206349206349,80,0.12,0.0,0.06,3,1.0142857142857142,1.0,0.9142857142857143,0,severity_aware_non_additive_v1,False,126,1.0,720,False,248,1.0,0,80,0,328,80,80,dry=0.00|dry_vent=0.06|dew=0.12|canopy=0.06
0.08,83,0.6587301587301587,83,0.12,0.0,0.06,3,0.9285714285714284,1.0,0.8285714285714285,0,severity_aware_non_additive_v1,False,126,1.0,720,False,248,1.0,0,83,0,331,83,83,dry=0.00|dry_vent=0.06|dew=0.12|canopy=0.08
0.1,87,0.6904761904761905,87,0.12,0.0,0.06,3,0.8142857142857142,1.0,0.7142857142857143,0,severity_aware_non_additive_v1,False,126,1.0,720,False,248,1.0,0,87,0,335,87,87,dry=0.00|dry_vent=0.06|dew=0.12|canopy=0.10
0.12,118,0.9365079365079365,118,0.12,0.0,0.06,5,1.15,0.0,0.0,0,severity_aware_non_additive_v1,True,126,1.0,720,False,248,1.0,0,118,0,366,118,118,dry=0.00|dry_vent=0.06|dew=0.12|canopy=0.12
0.0,0,0.0,0,0.0,0.02,0.0,5,1.75,0.0,0.0,0,severity_aware_non_additive_v1,False,126,0.0,720,False,248,0.0,0,0,0,248,0,0,dry=0.02|dry_vent=0.00|dew=0.00|canopy=0.00
0.04,0,0.0,0,0.0,0.02,0.0,5,1.75,0.0,0.0,0,severity_aware_non_additive_v1,False,126,0.0,720,False,248,0.0,0,0,0,248,0,0,dry=0.02|dry_vent=0.00|dew=0.00|canopy=0.04
0.06,15,0.11904761904761904,15,0.0,0.02,0.0,3,1.314285714285714,1.0,0.6666666666666666,0,severity_aware_non_additive_v1,False,126,0.6666666666666666,720,False,248,0.0,0,15,0,263,15,15,dry=0.02|dry_vent=0.00|dew=0.00|canopy=0.06
0.08,18,0.14285714285714285,18,0.0,0.02,0.0,3,1.2285714285714284,1.0,0.6666666666666666,0,severity_aware_non_additive_v1,False,126,0.6666666666666666,720,False,248,0.0,0,18,0,266,18,18,dry=0.02|dry_vent=0.00|dew=0.00|canopy=0.08
0.1,22,0.1746031746031746,22,0.0,0.02,0.0,3,1.1142857142857143,1.0,0.6666666666666666,0,severity_aware_non_additive_v1,False,126,0.6666666666666666,720,False,248,0.0,0,22,0,270,22,22,dry=0.02|dry_vent=0.00|dew=0.00|canopy=0.10
0.12,53,0.42063492063492064,53,0.0,0.02,0.0,5,1.4499999999999997,1.0,1.0,0,severity_aware_non_additive_v1,False,126,1.0,720,False,248,0.0,0,53,0,301,53,53,dry=0.02|dry_vent=0.00|dew=0.00|canopy=0.12
0.0,0,0.0,0,0.04,0.02,0.0,5,1.75,0.0,0.0,0,severity_aware_non_additive_v1,False,126,0.0,720,False,248,0.0,0,0,0,248,0,0,dry=0.02|dry_vent=0.00|dew=0.04|canopy=0.00
0.04,0,0.0,0,0.04,0.02,0.0,5,1.75,0.0,0.0,0,severity_aware_non_additive_v1,False,126,0.0,720,False,248,0.0,0,0,0,248,0,0,dry=0.02|dry_vent=0.00|dew=0.04|canopy=0.04
0.06,15,0.11904761904761904,15,0.04,0.02,0.0,3,1.314285714285714,1.0,0.6666666666666666,0,severity_aware_non_additive_v1,False,126,0.6666666666666666,720,False,248,0.0,0,15,0,263,15,15,dry=0.02|dry_vent=0.00|dew=0.04|canopy=0.06
0.08,18,0.14285714285714285,18,0.04,0.02,0.0,3,1.2285714285714284,1.0,0.6666666666666666,0,severity_aware_non_additive_v1,False,126,0.6666666666666666,720,False,248,0.0,0,18,0,266,18,18,dry=0.02|dry_vent=0.00|dew=0.04|canopy=0.08
0.1,22,0.1746031746031746,22,0.04,0.02,0.0,3,1.1142857142857143,1.0,0.6666666666666666,0,severity_aware_non_additive_v1,False,126,0.6666666666666666,720,False,248,0.0,0,22,0,270,22,22,dry=0.02|dry_vent=0.00|dew=0.04|canopy=0.10
0.12,53,0.42063492063492064,53,0.04,0.02,0.0,5,1.4499999999999997,1.0,1.0,0,severity_aware_non_additive_v1,False,126,1.0,720,False,248,0.0,0,53,0,301,53,53,dry=0.02|dry_vent=0.00|dew=0.04|canopy=0.12
0.0,0,0.0,0,0.06,0.02,0.0,5,1.75,0.0,0.0,0,severity_aware_non_additive_v1,False,126,0.0,720,False,248,0.0,0,0,0,248,0,0,dry=0.02|dry_vent=0.00|dew=0.06|canopy=0.00
0.04,0,0.0,0,0.06,0.02,0.0,5,1.75,0.0,0.0,0,severity_aware_non_additive_v1,False,126,0.0,720,False,248,0.0,0,0,0,248,0,0,dry=0.02|dry_vent=0.00|dew=0.06|canopy=0.04
0.06,15,0.11904761904761904,15,0.06,0.02,0.0,3,1.314285714285714,1.0,0.6666666666666666,0,severity_aware_non_additive_v1,False,126,0.6666666666666666,720,False,248,0.0,0,15,0,263,15,15,dry=0.02|dry_vent=0.00|dew=0.06|canopy=0.06
0.08,18,0.14285714285714285,18,0.06,0.02,0.0,3,1.2285714285714284,1.0,0.6666666666666666,0,severity_aware_non_additive_v1,False,126,0.6666666666666666,720,False,248,0.0,0,18,0,266,18,18,dry=0.02|dry_vent=0.00|dew=0.06|canopy=0.08
0.1,22,0.1746031746031746,22,0.06,0.02,0.0,3,1.1142857142857143,1.0,0.6666666666666666,0,severity_aware_non_additive_v1,False,126,0.6666666666666666,720,False,248,0.0,0,22,0,270,22,22,dry=0.02|dry_vent=0.00|dew=0.06|canopy=0.10
0.12,53,0.42063492063492064,53,0.06,0.02,0.0,5,1.4499999999999997,1.0,1.0,0,severity_aware_non_additive_v1,False,126,1.0,720,False,248,0.0,0,53,0,301,53,53,dry=0.02|dry_vent=0.00|dew=0.06|canopy=0.12
0.0,15,0.11904761904761904,15,0.08,0.02,0.0,4,1.4,0.0,0.0,0,severity_aware_non_additive_v1,False,126,0.375,720,False,248,0.375,0,15,0,263,15,15,dry=0.02|dry_vent=0.00|dew=0.08|canopy=0.00
0.04,15,0.11904761904761904,15,0.08,0.02,0.0,4,1.4,0.0,0.0,0,severity_aware_non_additive_v1,False,126,0.375,720,False,248,0.375,0,15,0,263,15,15,dry=0.02|dry_vent=0.00|dew=0.08|canopy=0.04
0.06,30,0.23809523809523808,30,0.08,0.02,0.0,2,0.9642857142857142,1.0,0.6666666666666666,0,severity_aware_non_additive_v1,False,126,0.6666666666666666,720,False,248,0.375,0,30,0,278,30,30,dry=0.02|dry_vent=0.00|dew=0.08|canopy=0.06
0.08,33,0.2619047619047619,33,0.08,0.02,0.0,2,0.8785714285714286,1.0,0.6666666666666666,0,severity_aware_non_additive_v1,False,126,0.6666666666666666,720,False,248,0.375,0,33,0,281,33,33,dry=0.02|dry_vent=0.00|dew=0.08|canopy=0.08
0.1,37,0.29365079365079366,37,0.08,0.02,0.0,2,0.7642857142857142,1.0,0.6666666666666666,0,severity_aware_non_additive_v1,False,126,0.6666666666666666,720,False,248,0.375,0,37,0,285,37,37,dry=0.02|dry_vent=0.00|dew=0.08|canopy=0.10
0.12,68,0.5396825396825397,68,0.08,0.02,0.0,4,1.0999999999999999,1.0,1.0,0,severity_aware_non_additive_v1,False,126,1.0,720,False,248,0.375,0,68,0,316,68,68,dry=0.02|dry_vent=0.00|dew=0.08|canopy=0.12
0.0,22,0.1746031746031746,22,0.1,0.02,0.0,4,1.4,0.0,0.0,0,severity_aware_non_additive_v1,False,126,0.55,720,False,248,0.55,0,22,0,270,22,22,dry=0.02|dry_vent=0.00|dew=0.10|canopy=0.00
0.04,22,0.1746031746031746,22,0.1,0.02,0.0,4,1.4,0.0,0.0,0,severity_aware_non_additive_v1,False,126,0.55,720,False,248,0.55,0,22,0,270,22,22,dry=0.02|dry_vent=0.00|dew=0.10|canopy=0.04
0.06,37,0.29365079365079366,37,0.1,0.02,0.0,2,0.9642857142857142,1.0,0.6666666666666666,0,severity_aware_non_additive_v1,False,126,0.6666666666666666,720,False,248,0.55,0,37,0,285,37,37,dry=0.02|dry_vent=0.00|dew=0.10|canopy=0.06
0.08,40,0.31746031746031744,40,0.1,0.02,0.0,2,0.8785714285714286,1.0,0.6666666666666666,0,severity_aware_non_additive_v1,False,126,0.6666666666666666,720,False,248,0.55,0,40,0,288,40,40,dry=0.02|dry_vent=0.00|dew=0.10|canopy=0.08
0.1,44,0.3492063492063492,44,0.1,0.02,0.0,2,0.7642857142857142,1.0,0.6666666666666666,0,severity_aware_non_additive_v1,False,126,0.6666666666666666,720,False,248,0.55,0,44,0,292,44,44,dry=0.02|dry_vent=0.00|dew=0.10|canopy=0.10
0.12,75,0.5952380952380952,75,0.1,0.02,0.0,4,1.0999999999999999,1.0,1.0,0,severity_aware_non_additive_v1,False,126,1.0,720,False,248,0.55,0,75,0,323,75,75,dry=0.02|dry_vent=0.00|dew=0.10|canopy=0.12
0.0,40,0.31746031746031744,40,0.12,0.02,0.0,5,1.5999999999999999,0.0,0.0,0,severity_aware_non_additive_v1,False,126,1.0,720,False,248,1.0,0,40,0,288,40,40,dry=0.02|dry_vent=0.00|dew=0.12|canopy=0.00
0.04,40,0.31746031746031744,40,0.12,0.02,0.0,5,1.5999999999999999,0.0,0.0,0,severity_aware_non_additive_v1,False,126,1.0,720,False,248,1.0,0,40,0,288,40,40,dry=0.02|dry_vent=0.00|dew=0.12|canopy=0.04
0.06,55,0.4365079365079365,55,0.12,0.02,0.0,3,1.1642857142857141,1.0,0.6666666666666666,0,severity_aware_non_additive_v1,False,126,1.0,720,False,248,1.0,0,55,0,303,55,55,dry=0.02|dry_vent=0.00|dew=0.12|canopy=0.06
0.08,58,0.4603174603174603,58,0.12,0.02,0.0,3,1.0785714285714285,1.0,0.6666666666666666,0,severity_aware_non_additive_v1,False,126,1.0,720,False,248,1.0,0,58,0,306,58,58,dry=0.02|dry_vent=0.00|dew=0.12|canopy=0.08
0.1,62,0.49206349206349204,62,0.12,0.02,0.0,3,0.9642857142857142,1.0,0.6666666666666666,0,severity_aware_non_additive_v1,False,126,1.0,720,False,248,1.0,0,62,0,310,62,62,dry=0.02|dry_vent=0.00|dew=0.12|canopy=0.10
0.12,93,0.7380952380952381,93,0.12,0.02,0.0,5,1.2999999999999998,1.0,1.0,0,severity_aware_non_additive_v1,False,126,1.0,720,False,248,1.0,0,93,0,341,93,93,dry=0.02|dry_vent=0.00|dew=0.12|canopy=0.12
0.0,0,0.0,0,0.0,0.02,0.02,5,1.75,0.0,0.0,0,severity_aware_non_additive_v1,False,126,0.0,720,False,248,0.0,0,0,0,248,0,0,dry=0.02|dry_vent=0.02|dew=0.00|canopy=0.00
0.04,0,0.0,0,0.0,0.02,0.02,5,1.75,0.0,0.0,0,severity_aware_non_additive_v1,False,126,0.0,720,False,248,0.0,0,0,0,248,0,0,dry=0.02|dry_vent=0.02|dew=0.00|canopy=0.04
0.06,15,0.11904761904761904,15,0.0,0.02,0.02,3,1.314285714285714,1.0,0.6666666666666666,0,severity_aware_non_additive_v1,False,126,0.6666666666666666,720,False,248,0.0,0,15,0,263,15,15,dry=0.02|dry_vent=0.02|dew=0.00|canopy=0.06
0.08,18,0.14285714285714285,18,0.0,0.02,0.02,3,1.2285714285714284,1.0,0.6666666666666666,0,severity_aware_non_additive_v1,False,126,0.6666666666666666,720,False,248,0.0,0,18,0,266,18,18,dry=0.02|dry_vent=0.02|dew=0.00|canopy=0.08
0.1,22,0.1746031746031746,22,0.0,0.02,0.02,3,1.1142857142857143,1.0,0.6666666666666666,0,severity_aware_non_additive_v1,False,126,0.6666666666666666,720,False,248,0.0,0,22,0,270,22,22,dry=0.02|dry_vent=0.02|dew=0.00|canopy=0.10
0.12,53,0.42063492063492064,53,0.0,0.02,0.02,5,1.4499999999999997,1.0,1.0,0,severity_aware_non_additive_v1,False,126,1.0,720,False,248,0.0,0,53,0,301,53,53,dry=0.02|dry_vent=0.02|dew=0.00|canopy=0.12
0.0,0,0.0,0,0.04,0.02,0.02,5,1.75,0.0,0.0,0,severity_aware_non_additive_v1,False,126,0.0,720,False,248,0.0,0,0,0,248,0,0,dry=0.02|dry_vent=0.02|dew=0.04|canopy=0.00
0.04,0,0.0,0,0.04,0.02,0.02,5,1.75,0.0,0.0,0,severity_aware_non_additive_v1,False,126,0.0,720,False,248,0.0,0,0,0,248,0,0,dry=0.02|dry_vent=0.02|dew=0.04|canopy=0.04
0.06,15,0.11904761904761904,15,0.04,0.02,0.02,3,1.314285714285714,1.0,0.6666666666666666,0,severity_aware_non_additive_v1,False,126,0.6666666666666666,720,False,248,0.0,0,15,0,263,15,15,dry=0.02|dry_vent=0.02|dew=0.04|canopy=0.06
0.08,18,0.14285714285714285,18,0.04,0.02,0.02,3,1.2285714285714284,1.0,0.6666666666666666,0,severity_aware_non_additive_v1,False,126,0.6666666666666666,720,False,248,0.0,0,18,0,266,18,18,dry=0.02|dry_vent=0.02|dew=0.04|canopy=0.08
0.1,22,0.1746031746031746,22,0.04,0.02,0.02,3,1.1142857142857143,1.0,0.6666666666666666,0,severity_aware_non_additive_v1,False,126,0.6666666666666666,720,False,248,0.0,0,22,0,270,22,22,dry=0.02|dry_vent=0.02|dew=0.04|canopy=0.10
0.12,53,0.42063492063492064,53,0.04,0.02,0.02,5,1.4499999999999997,1.0,1.0,0,severity_aware_non_additive_v1,False,126,1.0,720,False,248,0.0,0,53,0,301,53,53,dry=0.02|dry_vent=0.02|dew=0.04|canopy=0.12
0.0,0,0.0,0,0.06,0.02,0.02,5,1.75,0.0,0.0,0,severity_aware_non_additive_v1,False,126,0.0,720,False,248,0.0,0,0,0,248,0,0,dry=0.02|dry_vent=0.02|dew=0.06|canopy=0.00
0.04,0,0.0,0,0.06,0.02,0.02,5,1.75,0.0,0.0,0,severity_aware_non_additive_v1,False,126,0.0,720,False,248,0.0,0,0,0,248,0,0,dry=0.02|dry_vent=0.02|dew=0.06|canopy=0.04
0.06,15,0.11904761904761904,15,0.06,0.02,0.02,3,1.314285714285714,1.0,0.6666666666666666,0,severity_aware_non_additive_v1,False,126,0.6666666666666666,720,False,248,0.0,0,15,0,263,15,15,dry=0.02|dry_vent=0.02|dew=0.06|canopy=0.06
0.08,18,0.14285714285714285,18,0.06,0.02,0.02,3,1.2285714285714284,1.0,0.6666666666666666,0,severity_aware_non_additive_v1,False,126,0.6666666666666666,720,False,248,0.0,0,18,0,266,18,18,dry=0.02|dry_vent=0.02|dew=0.06|canopy=0.08
0.1,22,0.1746031746031746,22,0.06,0.02,0.02,3,1.1142857142857143,1.0,0.6666666666666666,0,severity_aware_non_additive_v1,False,126,0.6666666666666666,720,False,248,0.0,0,22,0,270,22,22,dry=0.02|dry_vent=0.02|dew=0.06|canopy=0.10
0.12,53,0.42063492063492064,53,0.06,0.02,0.02,5,1.4499999999999997,1.0,1.0,0,severity_aware_non_additive_v1,False,126,1.0,720,False,248,0.0,0,53,0,301,53,53,dry=0.02|dry_vent=0.02|dew=0.06|canopy=0.12
0.0,15,0.11904761904761904,15,0.08,0.02,0.02,4,1.4,0.0,0.0,0,severity_aware_non_additive_v1,False,126,0.375,720,False,248,0.375,0,15,0,263,15,15,dry=0.02|dry_vent=0.02|dew=0.08|canopy=0.00
0.04,15,0.11904761904761904,15,0.08,0.02,0.02,4,1.4,0.0,0.0,0,severity_aware_non_additive_v1,False,126,0.375,720,False,248,0.375,0,15,0,263,15,15,dry=0.02|dry_vent=0.02|dew=0.08|canopy=0.04
0.06,30,0.23809523809523808,30,0.08,0.02,0.02,2,0.9642857142857142,1.0,0.6666666666666666,0,severity_aware_non_additive_v1,False,126,0.6666666666666666,720,False,248,0.375,0,30,0,278,30,30,dry=0.02|dry_vent=0.02|dew=0.08|canopy=0.06
0.08,33,0.2619047619047619,33,0.08,0.02,0.02,2,0.8785714285714286,1.0,0.6666666666666666,0,severity_aware_non_additive_v1,False,126,0.6666666666666666,720,False,248,0.375,0,33,0,281,33,33,dry=0.02|dry_vent=0.02|dew=0.08|canopy=0.08
0.1,37,0.29365079365079366,37,0.08,0.02,0.02,2,0.7642857142857142,1.0,0.6666666666666666,0,severity_aware_non_additive_v1,False,126,0.6666666666666666,720,False,248,0.375,0,37,0,285,37,37,dry=0.02|dry_vent=0.02|dew=0.08|canopy=0.10
0.12,68,0.5396825396825397,68,0.08,0.02,0.02,4,1.0999999999999999,1.0,1.0,0,severity_aware_non_additive_v1,False,126,1.0,720,False,248,0.375,0,68,0,316,68,68,dry=0.02|dry_vent=0.02|dew=0.08|canopy=0.12
0.0,22,0.1746031746031746,22,0.1,0.02,0.02,4,1.4,0.0,0.0,0,severity_aware_non_additive_v1,False,126,0.55,720,False,248,0.55,0,22,0,270,22,22,dry=0.02|dry_vent=0.02|dew=0.10|canopy=0.00
0.04,22,0.1746031746031746,22,0.1,0.02,0.02,4,1.4,0.0,0.0,0,severity_aware_non_additive_v1,False,126,0.55,720,False,248,0.55,0,22,0,270,22,22,dry=0.02|dry_vent=0.02|dew=0.10|canopy=0.04
0.06,37,0.29365079365079366,37,0.1,0.02,0.02,2,0.9642857142857142,1.0,0.6666666666666666,0,severity_aware_non_additive_v1,False,126,0.6666666666666666,720,False,248,0.55,0,37,0,285,37,37,dry=0.02|dry_vent=0.02|dew=0.10|canopy=0.06
0.08,40,0.31746031746031744,40,0.1,0.02,0.02,2,0.8785714285714286,1.0,0.6666666666666666,0,severity_aware_non_additive_v1,False,126,0.6666666666666666,720,False,248,0.55,0,40,0,288,40,40,dry=0.02|dry_vent=0.02|dew=0.10|canopy=0.08
0.1,44,0.3492063492063492,44,0.1,0.02,0.02,2,0.7642857142857142,1.0,0.6666666666666666,0,severity_aware_non_additive_v1,False,126,0.6666666666666666,720,False,248,0.55,0,44,0,292,44,44,dry=0.02|dry_vent=0.02|dew=0.10|canopy=0.10
0.12,75,0.5952380952380952,75,0.1,0.02,0.02,4,1.0999999999999999,1.0,1.0,0,severity_aware_non_additive_v1,False,126,1.0,720,False,248,0.55,0,75,0,323,75,75,dry=0.02|dry_vent=0.02|dew=0.10|canopy=0.12
0.0,40,0.31746031746031744,40,0.12,0.02,0.02,5,1.5999999999999999,0.0,0.0,0,severity_aware_non_additive_v1,False,126,1.0,720,False,248,1.0,0,40,0,288,40,40,dry=0.02|dry_vent=0.02|dew=0.12|canopy=0.00
0.04,40,0.31746031746031744,40,0.12,0.02,0.02,5,1.5999999999999999,0.0,0.0,0,severity_aware_non_additive_v1,False,126,1.0,720,False,248,1.0,0,40,0,288,40,40,dry=0.02|dry_vent=0.02|dew=0.12|canopy=0.04
0.06,55,0.4365079365079365,55,0.12,0.02,0.02,3,1.1642857142857141,1.0,0.6666666666666666,0,severity_aware_non_additive_v1,False,126,1.0,720,False,248,1.0,0,55,0,303,55,55,dry=0.02|dry_vent=0.02|dew=0.12|canopy=0.06
0.08,58,0.4603174603174603,58,0.12,0.02,0.02,3,1.0785714285714285,1.0,0.6666666666666666,0,severity_aware_non_additive_v1,False,126,1.0,720,False,248,1.0,0,58,0,306,58,58,dry=0.02|dry_vent=0.02|dew=0.12|canopy=0.08
0.1,62,0.49206349206349204,62,0.12,0.02,0.02,3,0.9642857142857142,1.0,0.6666666666666666,0,severity_aware_non_additive_v1,False,126,1.0,720,False,248,1.0,0,62,0,310,62,62,dry=0.02|dry_vent=0.02|dew=0.12|canopy=0.10
0.12,93,0.7380952380952381,93,0.12,0.02,0.02,5,1.2999999999999998,1.0,1.0,0,severity_aware_non_additive_v1,False,126,1.0,720,False,248,1.0,0,93,0,341,93,93,dry=0.02|dry_vent=0.02|dew=0.12|canopy=0.12
0.0,0,0.0,0,0.0,0.02,0.04,5,1.75,0.0,0.0,0,severity_aware_non_additive_v1,False,126,0.0,720,False,248,0.0,0,0,0,248,0,0,dry=0.02|dry_vent=0.04|dew=0.00|canopy=0.00
0.04,0,0.0,0,0.0,0.02,0.04,5,1.75,0.0,0.0,0,severity_aware_non_additive_v1,False,126,0.0,720,False,248,0.0,0,0,0,248,0,0,dry=0.02|dry_vent=0.04|dew=0.00|canopy=0.04
0.06,15,0.11904761904761904,15,0.0,0.02,0.04,3,1.314285714285714,1.0,0.6666666666666666,0,severity_aware_non_additive_v1,False,126,0.6666666666666666,720,False,248,0.0,0,15,0,263,15,15,dry=0.02|dry_vent=0.04|dew=0.00|canopy=0.06
0.08,18,0.14285714285714285,18,0.0,0.02,0.04,3,1.2285714285714284,1.0,0.6666666666666666,0,severity_aware_non_additive_v1,False,126,0.6666666666666666,720,False,248,0.0,0,18,0,266,18,18,dry=0.02|dry_vent=0.04|dew=0.00|canopy=0.08
0.1,22,0.1746031746031746,22,0.0,0.02,0.04,3,1.1142857142857143,1.0,0.6666666666666666,0,severity_aware_non_additive_v1,False,126,0.6666666666666666,720,False,248,0.0,0,22,0,270,22,22,dry=0.02|dry_vent=0.04|dew=0.00|canopy=0.10
0.12,53,0.42063492063492064,53,0.0,0.02,0.04,5,1.4499999999999997,1.0,1.0,0,severity_aware_non_additive_v1,False,126,1.0,720,False,248,0.0,0,53,0,301,53,53,dry=0.02|dry_vent=0.04|dew=0.00|canopy=0.12
0.0,0,0.0,0,0.04,0.02,0.04,5,1.75,0.0,0.0,0,severity_aware_non_additive_v1,False,126,0.0,720,False,248,0.0,0,0,0,248,0,0,dry=0.02|dry_vent=0.04|dew=0.04|canopy=0.00
0.04,0,0.0,0,0.04,0.02,0.04,5,1.75,0.0,0.0,0,severity_aware_non_additive_v1,False,126,0.0,720,False,248,0.0,0,0,0,248,0,0,dry=0.02|dry_vent=0.04|dew=0.04|canopy=0.04
0.06,15,0.11904761904761904,15,0.04,0.02,0.04,3,1.314285714285714,1.0,0.6666666666666666,0,severity_aware_non_additive_v1,False,126,0.6666666666666666,720,False,248,0.0,0,15,0,263,15,15,dry=0.02|dry_vent=0.04|dew=0.04|canopy=0.06
0.08,18,0.14285714285714285,18,0.04,0.02,0.04,3,1.2285714285714284,1.0,0.6666666666666666,0,severity_aware_non_additive_v1,False,126,0.6666666666666666,720,False,248,0.0,0,18,0,266,18,18,dry=0.02|dry_vent=0.04|dew=0.04|canopy=0.08
0.1,22,0.1746031746031746,22,0.04,0.02,0.04,3,1.1142857142857143,1.0,0.6666666666666666,0,severity_aware_non_additive_v1,False,126,0.6666666666666666,720,False,248,0.0,0,22,0,270,22,22,dry=0.02|dry_vent=0.04|dew=0.04|canopy=0.10
0.12,53,0.42063492063492064,53,0.04,0.02,0.04,5,1.4499999999999997,1.0,1.0,0,severity_aware_non_additive_v1,False,126,1.0,720,False,248,0.0,0,53,0,301,53,53,dry=0.02|dry_vent=0.04|dew=0.04|canopy=0.12
0.0,0,0.0,0,0.06,0.02,0.04,5,1.75,0.0,0.0,0,severity_aware_non_additive_v1,False,126,0.0,720,False,248,0.0,0,0,0,248,0,0,dry=0.02|dry_vent=0.04|dew=0.06|canopy=0.00
0.04,0,0.0,0,0.06,0.02,0.04,5,1.75,0.0,0.0,0,severity_aware_non_additive_v1,False,126,0.0,720,False,248,0.0,0,0,0,248,0,0,dry=0.02|dry_vent=0.04|dew=0.06|canopy=0.04
0.06,15,0.11904761904761904,15,0.06,0.02,0.04,3,1.314285714285714,1.0,0.6666666666666666,0,severity_aware_non_additive_v1,False,126,0.6666666666666666,720,False,248,0.0,0,15,0,263,15,15,dry=0.02|dry_vent=0.04|dew=0.06|canopy=0.06
0.08,18,0.14285714285714285,18,0.06,0.02,0.04,3,1.2285714285714284,1.0,0.6666666666666666,0,severity_aware_non_additive_v1,False,126,0.6666666666666666,720,False,248,0.0,0,18,0,266,18,18,dry=0.02|dry_vent=0.04|dew=0.06|canopy=0.08
0.1,22,0.1746031746031746,22,0.06,0.02,0.04,3,1.1142857142857143,1.0,0.6666666666666666,0,severity_aware_non_additive_v1,False,126,0.6666666666666666,720,False,248,0.0,0,22,0,270,22,22,dry=0.02|dry_vent=0.04|dew=0.06|canopy=0.10
0.12,53,0.42063492063492064,53,0.06,0.02,0.04,5,1.4499999999999997,1.0,1.0,0,severity_aware_non_additive_v1,False,126,1.0,720,False,248,0.0,0,53,0,301,53,53,dry=0.02|dry_vent=0.04|dew=0.06|canopy=0.12
0.0,15,0.11904761904761904,15,0.08,0.02,0.04,4,1.4,0.0,0.0,0,severity_aware_non_additive_v1,False,126,0.375,720,False,248,0.375,0,15,0,263,15,15,dry=0.02|dry_vent=0.04|dew=0.08|canopy=0.00
0.04,15,0.11904761904761904,15,0.08,0.02,0.04,4,1.4,0.0,0.0,0,severity_aware_non_additive_v1,False,126,0.375,720,False,248,0.375,0,15,0,263,15,15,dry=0.02|dry_vent=0.04|dew=0.08|canopy=0.04
0.06,30,0.23809523809523808,30,0.08,0.02,0.04,2,0.9642857142857142,1.0,0.6666666666666666,0,severity_aware_non_additive_v1,False,126,0.6666666666666666,720,False,248,0.375,0,30,0,278,30,30,dry=0.02|dry_vent=0.04|dew=0.08|canopy=0.06
0.08,33,0.2619047619047619,33,0.08,0.02,0.04,2,0.8785714285714286,1.0,0.6666666666666666,0,severity_aware_non_additive_v1,False,126,0.6666666666666666,720,False,248,0.375,0,33,0,281,33,33,dry=0.02|dry_vent=0.04|dew=0.08|canopy=0.08
0.1,37,0.29365079365079366,37,0.08,0.02,0.04,2,0.7642857142857142,1.0,0.6666666666666666,0,severity_aware_non_additive_v1,False,126,0.6666666666666666,720,False,248,0.375,0,37,0,285,37,37,dry=0.02|dry_vent=0.04|dew=0.08|canopy=0.10
0.12,68,0.5396825396825397,68,0.08,0.02,0.04,4,1.0999999999999999,1.0,1.0,0,severity_aware_non_additive_v1,False,126,1.0,720,False,248,0.375,0,68,0,316,68,68,dry=0.02|dry_vent=0.04|dew=0.08|canopy=0.12
0.0,22,0.1746031746031746,22,0.1,0.02,0.04,4,1.4,0.0,0.0,0,severity_aware_non_additive_v1,False,126,0.55,720,False,248,0.55,0,22,0,270,22,22,dry=0.02|dry_vent=0.04|dew=0.10|canopy=0.00
0.04,22,0.1746031746031746,22,0.1,0.02,0.04,4,1.4,0.0,0.0,0,severity_aware_non_additive_v1,False,126,0.55,720,False,248,0.55,0,22,0,270,22,22,dry=0.02|dry_vent=0.04|dew=0.10|canopy=0.04
0.06,37,0.29365079365079366,37,0.1,0.02,0.04,2,0.9642857142857142,1.0,0.6666666666666666,0,severity_aware_non_additive_v1,False,126,0.6666666666666666,720,False,248,0.55,0,37,0,285,37,37,dry=0.02|dry_vent=0.04|dew=0.10|canopy=0.06
0.08,40,0.31746031746031744,40,0.1,0.02,0.04,2,0.8785714285714286,1.0,0.6666666666666666,0,severity_aware_non_additive_v1,False,126,0.6666666666666666,720,False,248,0.55,0,40,0,288,40,40,dry=0.02|dry_vent=0.04|dew=0.10|canopy=0.08
0.1,44,0.3492063492063492,44,0.1,0.02,0.04,2,0.7642857142857142,1.0,0.6666666666666666,0,severity_aware_non_additive_v1,False,126,0.6666666666666666,720,False,248,0.55,0,44,0,292,44,44,dry=0.02|dry_vent=0.04|dew=0.10|canopy=0.10
0.12,75,0.5952380952380952,75,0.1,0.02,0.04,4,1.0999999999999999,1.0,1.0,0,severity_aware_non_additive_v1,False,126,1.0,720,False,248,0.55,0,75,0,323,75,75,dry=0.02|dry_vent=0.04|dew=0.10|canopy=0.12
0.0,40,0.31746031746031744,40,0.12,0.02,0.04,5,1.5999999999999999,0.0,0.0,0,severity_aware_non_additive_v1,False,126,1.0,720,False,248,1.0,0,40,0,288,40,40,dry=0.02|dry_vent=0.04|dew=0.12|canopy=0.00
0.04,40,0.31746031746031744,40,0.12,0.02,0.04,5,1.5999999999999999,0.0,0.0,0,severity_aware_non_additive_v1,False,126,1.0,720,False,248,1.0,0,40,0,288,40,40,dry=0.02|dry_vent=0.04|dew=0.12|canopy=0.04
0.06,55,0.4365079365079365,55,0.12,0.02,0.04,3,1.1642857142857141,1.0,0.6666666666666666,0,severity_aware_non_additive_v1,False,126,1.0,720,False,248,1.0,0,55,0,303,55,55,dry=0.02|dry_vent=0.04|dew=0.12|canopy=0.06
0.08,58,0.4603174603174603,58,0.12,0.02,0.04,3,1.0785714285714285,1.0,0.6666666666666666,0,severity_aware_non_additive_v1,False,126,1.0,720,False,248,1.0,0,58,0,306,58,58,dry=0.02|dry_vent=0.04|dew=0.12|canopy=0.08
0.1,62,0.49206349206349204,62,0.12,0.02,0.04,3,0.9642857142857142,1.0,0.6666666666666666,0,severity_aware_non_additive_v1,False,126,1.0,720,False,248,1.0,0,62,0,310,62,62,dry=0.02|dry_vent=0.04|dew=0.12|canopy=0.10
0.12,93,0.7380952380952381,93,0.12,0.02,0.04,5,1.2999999999999998,1.0,1.0,0,severity_aware_non_additive_v1,False,126,1.0,720,False,248,1.0,0,93,0,341,93,93,dry=0.02|dry_vent=0.04|dew=0.12|canopy=0.12
0.0,25,0.1984126984126984,25,0.0,0.02,0.06,5,1.5999999999999999,1.0,1.0,0,severity_aware_non_additive_v1,False,126,1.0,720,False,248,0.0,0,25,0,273,25,25,dry=0.02|dry_vent=0.06|dew=0.00|canopy=0.00
0.04,25,0.1984126984126984,25,0.0,0.02,0.06,5,1.5999999999999999,1.0,1.0,0,severity_aware_non_additive_v1,False,126,1.0,720,False,248,0.0,0,25,0,273,25,25,dry=0.02|dry_vent=0.06|dew=0.00|canopy=0.04
0.06,40,0.31746031746031744,40,0.0,0.02,0.06,3,1.1642857142857141,1.0,0.9142857142857143,0,severity_aware_non_additive_v1,False,126,1.0,720,False,248,0.0,0,40,0,288,40,40,dry=0.02|dry_vent=0.06|dew=0.00|canopy=0.06
0.08,43,0.3412698412698413,43,0.0,0.02,0.06,3,1.0785714285714285,1.0,0.8285714285714285,0,severity_aware_non_additive_v1,False,126,1.0,720,False,248,0.0,0,43,0,291,43,43,dry=0.02|dry_vent=0.06|dew=0.00|canopy=0.08
0.1,47,0.373015873015873,47,0.0,0.02,0.06,3,0.9642857142857142,1.0,0.7142857142857143,0,severity_aware_non_additive_v1,False,126,1.0,720,False,248,0.0,0,47,0,295,47,47,dry=0.02|dry_vent=0.06|dew=0.00|canopy=0.10
0.12,78,0.6190476190476191,78,0.0,0.02,0.06,5,1.2999999999999998,0.0,0.0,0,severity_aware_non_additive_v1,False,126,1.0,720,False,248,0.0,0,78,0,326,78,78,dry=0.02|dry_vent=0.06|dew=0.00|canopy=0.12
0.0,25,0.1984126984126984,25,0.04,0.02,0.06,5,1.5999999999999999,1.0,1.0,0,severity_aware_non_additive_v1,False,126,1.0,720,False,248,0.0,0,25,0,273,25,25,dry=0.02|dry_vent=0.06|dew=0.04|canopy=0.00
0.04,25,0.1984126984126984,25,0.04,0.02,0.06,5,1.5999999999999999,1.0,1.0,0,severity_aware_non_additive_v1,False,126,1.0,720,False,248,0.0,0,25,0,273,25,25,dry=0.02|dry_vent=0.06|dew=0.04|canopy=0.04
0.06,40,0.31746031746031744,40,0.04,0.02,0.06,3,1.1642857142857141,1.0,0.9142857142857143,0,severity_aware_non_additive_v1,False,126,1.0,720,False,248,0.0,0,40,0,288,40,40,dry=0.02|dry_vent=0.06|dew=0.04|canopy=0.06
0.08,43,0.3412698412698413,43,0.04,0.02,0.06,3,1.0785714285714285,1.0,0.8285714285714285,0,severity_aware_non_additive_v1,False,126,1.0,720,False,248,0.0,0,43,0,291,43,43,dry=0.02|dry_vent=0.06|dew=0.04|canopy=0.08
0.1,47,0.373015873015873,47,0.04,0.02,0.06,3,0.9642857142857142,1.0,0.7142857142857143,0,severity_aware_non_additive_v1,False,126,1.0,720,False,248,0.0,0,47,0,295,47,47,dry=0.02|dry_vent=0.06|dew=0.04|canopy=0.10
0.12,78,0.6190476190476191,78,0.04,0.02,0.06,5,1.2999999999999998,0.0,0.0,0,severity_aware_non_additive_v1,False,126,1.0,720,False,248,0.0,0,78,0,326,78,78,dry=0.02|dry_vent=0.06|dew=0.04|canopy=0.12
0.0,25,0.1984126984126984,25,0.06,0.02,0.06,5,1.5999999999999999,1.0,1.0,0,severity_aware_non_additive_v1,False,126,1.0,720,False,248,0.0,0,25,0,273,25,25,dry=0.02|dry_vent=0.06|dew=0.06|canopy=0.00
0.04,25,0.1984126984126984,25,0.06,0.02,0.06,5,1.5999999999999999,1.0,1.0,0,severity_aware_non_additive_v1,False,126,1.0,720,False,248,0.0,0,25,0,273,25,25,dry=0.02|dry_vent=0.06|dew=0.06|canopy=0.04
0.06,40,0.31746031746031744,40,0.06,0.02,0.06,3,1.1642857142857141,1.0,0.9142857142857143,0,severity_aware_non_additive_v1,False,126,1.0,720,False,248,0.0,0,40,0,288,40,40,dry=0.02|dry_vent=0.06|dew=0.06|canopy=0.06
0.08,43,0.3412698412698413,43,0.06,0.02,0.06,3,1.0785714285714285,1.0,0.8285714285714285,0,severity_aware_non_additive_v1,False,126,1.0,720,False,248,0.0,0,43,0,291,43,43,dry=0.02|dry_vent=0.06|dew=0.06|canopy=0.08
0.1,47,0.373015873015873,47,0.06,0.02,0.06,3,0.9642857142857142,1.0,0.7142857142857143,0,severity_aware_non_additive_v1,False,126,1.0,720,False,248,0.0,0,47,0,295,47,47,dry=0.02|dry_vent=0.06|dew=0.06|canopy=0.10
0.12,78,0.6190476190476191,78,0.06,0.02,0.06,5,1.2999999999999998,0.0,0.0,0,severity_aware_non_additive_v1,False,126,1.0,720,False,248,0.0,0,78,0,326,78,78,dry=0.02|dry_vent=0.06|dew=0.06|canopy=0.12
0.0,40,0.31746031746031744,40,0.08,0.02,0.06,4,1.25,1.0,1.0,0,severity_aware_non_additive_v1,False,126,1.0,720,False,248,0.375,0,40,0,288,40,40,dry=0.02|dry_vent=0.06|dew=0.08|canopy=0.00
0.04,40,0.31746031746031744,40,0.08,0.02,0.06,4,1.25,1.0,1.0,0,severity_aware_non_additive_v1,False,126,1.0,720,False,248,0.375,0,40,0,288,40,40,dry=0.02|dry_vent=0.06|dew=0.08|canopy=0.04
0.06,55,0.4365079365079365,55,0.08,0.02,0.06,2,0.8142857142857142,1.0,0.9142857142857143,0,severity_aware_non_additive_v1,False,126,1.0,720,False,248,0.375,0,55,0,303,55,55,dry=0.02|dry_vent=0.06|dew=0.08|canopy=0.06
0.08,58,0.4603174603174603,58,0.08,0.02,0.06,2,0.7285714285714284,1.0,0.8285714285714285,0,severity_aware_non_additive_v1,False,126,1.0,720,False,248,0.375,0,58,0,306,58,58,dry=0.02|dry_vent=0.06|dew=0.08|canopy=0.08
0.1,62,0.49206349206349204,62,0.08,0.02,0.06,2,0.6142857142857142,1.0,0.7142857142857143,0,severity_aware_non_additive_v1,False,126,1.0,720,False,248,0.375,0,62,0,310,62,62,dry=0.02|dry_vent=0.06|dew=0.08|canopy=0.10
0.12,93,0.7380952380952381,93,0.08,0.02,0.06,4,0.9499999999999998,0.0,0.0,0,severity_aware_non_additive_v1,False,126,1.0,720,False,248,0.375,0,93,0,341,93,93,dry=0.02|dry_vent=0.06|dew=0.08|canopy=0.12
0.0,47,0.373015873015873,47,0.1,0.02,0.06,4,1.25,1.0,1.0,0,severity_aware_non_additive_v1,False,126,1.0,720,False,248,0.55,0,47,0,295,47,47,dry=0.02|dry_vent=0.06|dew=0.10|canopy=0.00
0.04,47,0.373015873015873,47,0.1,0.02,0.06,4,1.25,1.0,1.0,0,severity_aware_non_additive_v1,False,126,1.0,720,False,248,0.55,0,47,0,295,47,47,dry=0.02|dry_vent=0.06|dew=0.10|canopy=0.04
0.06,62,0.49206349206349204,62,0.1,0.02,0.06,2,0.8142857142857142,1.0,0.9142857142857143,0,severity_aware_non_additive_v1,False,126,1.0,720,False,248,0.55,0,62,0,310,62,62,dry=0.02|dry_vent=0.06|dew=0.10|canopy=0.06
0.08,65,0.5158730158730159,65,0.1,0.02,0.06,2,0.7285714285714284,1.0,0.8285714285714285,0,severity_aware_non_additive_v1,False,126,1.0,720,False,248,0.55,0,65,0,313,65,65,dry=0.02|dry_vent=0.06|dew=0.10|canopy=0.08
0.1,69,0.5476190476190477,69,0.1,0.02,0.06,2,0.6142857142857142,1.0,0.7142857142857143,0,severity_aware_non_additive_v1,False,126,1.0,720,False,248,0.55,0,69,0,317,69,69,dry=0.02|dry_vent=0.06|dew=0.10|canopy=0.10
0.12,100,0.7936507936507936,100,0.1,0.02,0.06,4,0.9499999999999998,0.0,0.0,0,severity_aware_non_additive_v1,False,126,1.0,720,False,248,0.55,0,100,0,348,100,100,dry=0.02|dry_vent=0.06|dew=0.10|canopy=0.12
0.0,65,0.5158730158730159,65,0.12,0.02,0.06,5,1.4499999999999997,1.0,1.0,0,severity_aware_non_additive_v1,False,126,1.0,720,False,248,1.0,0,65,0,313,65,65,dry=0.02|dry_vent=0.06|dew=0.12|canopy=0.00
0.04,65,0.5158730158730159,65,0.12,0.02,0.06,5,1.4499999999999997,1.0,1.0,0,severity_aware_non_additive_v1,False,126,1.0,720,False,248,1.0,0,65,0,313,65,65,dry=0.02|dry_vent=0.06|dew=0.12|canopy=0.04
0.06,80,0.6349206349206349,80,0.12,0.02,0.06,3,1.0142857142857142,1.0,0.9142857142857143,0,severity_aware_non_additive_v1,False,126,1.0,720,False,248,1.0,0,80,0,328,80,80,dry=0.02|dry_vent=0.06|dew=0.12|canopy=0.06
0.08,83,0.6587301587301587,83,0.12,0.02,0.06,3,0.9285714285714284,1.0,0.8285714285714285,0,severity_aware_non_additive_v1,False,126,1.0,720,False,248,1.0,0,83,0,331,83,83,dry=0.02|dry_vent=0.06|dew=0.12|canopy=0.08
0.1,87,0.6904761904761905,87,0.12,0.02,0.06,3,0.8142857142857142,1.0,0.7142857142857143,0,severity_aware_non_additive_v1,False,126,1.0,720,False,248,1.0,0,87,0,335,87,87,dry=0.02|dry_vent=0.06|dew=0.12|canopy=0.10
0.12,118,0.9365079365079365,118,0.12,0.02,0.06,5,1.15,0.0,0.0,0,severity_aware_non_additive_v1,True,126,1.0,720,False,248,1.0,0,118,0,366,118,118,dry=0.02|dry_vent=0.06|dew=0.12|canopy=0.12
0.0,0,0.0,0,0.0,0.04,0.0,5,1.75,0.0,0.0,0,severity_aware_non_additive_v1,False,126,0.0,720,False,248,0.0,0,0,0,248,0,0,dry=0.04|dry_vent=0.00|dew=0.00|canopy=0.00
0.04,0,0.0,0,0.0,0.04,0.0,5,1.75,0.0,0.0,0,severity_aware_non_additive_v1,False,126,0.0,720,False,248,0.0,0,0,0,248,0,0,dry=0.04|dry_vent=0.00|dew=0.00|canopy=0.04
0.06,15,0.11904761904761904,15,0.0,0.04,0.0,3,1.314285714285714,1.0,0.6666666666666666,0,severity_aware_non_additive_v1,False,126,0.6666666666666666,720,False,248,0.0,0,15,0,263,15,15,dry=0.04|dry_vent=0.00|dew=0.00|canopy=0.06
0.08,18,0.14285714285714285,18,0.0,0.04,0.0,3,1.2285714285714284,1.0,0.6666666666666666,0,severity_aware_non_additive_v1,False,126,0.6666666666666666,720,False,248,0.0,0,18,0,266,18,18,dry=0.04|dry_vent=0.00|dew=0.00|canopy=0.08
0.1,22,0.1746031746031746,22,0.0,0.04,0.0,3,1.1142857142857143,1.0,0.6666666666666666,0,severity_aware_non_additive_v1,False,126,0.6666666666666666,720,False,248,0.0,0,22,0,270,22,22,dry=0.04|dry_vent=0.00|dew=0.00|canopy=0.10
0.12,53,0.42063492063492064,53,0.0,0.04,0.0,5,1.4499999999999997,1.0,1.0,0,severity_aware_non_additive_v1,False,126,1.0,720,False,248,0.0,0,53,0,301,53,53,dry=0.04|dry_vent=0.00|dew=0.00|canopy=0.12
0.0,0,0.0,0,0.04,0.04,0.0,5,1.75,0.0,0.0,0,severity_aware_non_additive_v1,False,126,0.0,720,False,248,0.0,0,0,0,248,0,0,dry=0.04|dry_vent=0.00|dew=0.04|canopy=0.00
0.04,0,0.0,0,0.04,0.04,0.0,5,1.75,0.0,0.0,0,severity_aware_non_additive_v1,False,126,0.0,720,False,248,0.0,0,0,0,248,0,0,dry=0.04|dry_vent=0.00|dew=0.04|canopy=0.04
0.06,15,0.11904761904761904,15,0.04,0.04,0.0,3,1.314285714285714,1.0,0.6666666666666666,0,severity_aware_non_additive_v1,False,126,0.6666666666666666,720,False,248,0.0,0,15,0,263,15,15,dry=0.04|dry_vent=0.00|dew=0.04|canopy=0.06
0.08,18,0.14285714285714285,18,0.04,0.04,0.0,3,1.2285714285714284,1.0,0.6666666666666666,0,severity_aware_non_additive_v1,False,126,0.6666666666666666,720,False,248,0.0,0,18,0,266,18,18,dry=0.04|dry_vent=0.00|dew=0.04|canopy=0.08
0.1,22,0.1746031746031746,22,0.04,0.04,0.0,3,1.1142857142857143,1.0,0.6666666666666666,0,severity_aware_non_additive_v1,False,126,0.6666666666666666,720,False,248,0.0,0,22,0,270,22,22,dry=0.04|dry_vent=0.00|dew=0.04|canopy=0.10
0.12,53,0.42063492063492064,53,0.04,0.04,0.0,5,1.4499999999999997,1.0,1.0,0,severity_aware_non_additive_v1,False,126,1.0,720,False,248,0.0,0,53,0,301,53,53,dry=0.04|dry_vent=0.00|dew=0.04|canopy=0.12
0.0,0,0.0,0,0.06,0.04,0.0,5,1.75,0.0,0.0,0,severity_aware_non_additive_v1,False,126,0.0,720,False,248,0.0,0,0,0,248,0,0,dry=0.04|dry_vent=0.00|dew=0.06|canopy=0.00
0.04,0,0.0,0,0.06,0.04,0.0,5,1.75,0.0,0.0,0,severity_aware_non_additive_v1,False,126,0.0,720,False,248,0.0,0,0,0,248,0,0,dry=0.04|dry_vent=0.00|dew=0.06|canopy=0.04
0.06,15,0.11904761904761904,15,0.06,0.04,0.0,3,1.314285714285714,1.0,0.6666666666666666,0,severity_aware_non_additive_v1,False,126,0.6666666666666666,720,False,248,0.0,0,15,0,263,15,15,dry=0.04|dry_vent=0.00|dew=0.06|canopy=0.06
0.08,18,0.14285714285714285,18,0.06,0.04,0.0,3,1.2285714285714284,1.0,0.6666666666666666,0,severity_aware_non_additive_v1,False,126,0.6666666666666666,720,False,248,0.0,0,18,0,266,18,18,dry=0.04|dry_vent=0.00|dew=0.06|canopy=0.08
0.1,22,0.1746031746031746,22,0.06,0.04,0.0,3,1.1142857142857143,1.0,0.6666666666666666,0,severity_aware_non_additive_v1,False,126,0.6666666666666666,720,False,248,0.0,0,22,0,270,22,22,dry=0.04|dry_vent=0.00|dew=0.06|canopy=0.10
0.12,53,0.42063492063492064,53,0.06,0.04,0.0,5,1.4499999999999997,1.0,1.0,0,severity_aware_non_additive_v1,False,126,1.0,720,False,248,0.0,0,53,0,301,53,53,dry=0.04|dry_vent=0.00|dew=0.06|canopy=0.12
0.0,15,0.11904761904761904,15,0.08,0.04,0.0,4,1.4,0.0,0.0,0,severity_aware_non_additive_v1,False,126,0.375,720,False,248,0.375,0,15,0,263,15,15,dry=0.04|dry_vent=0.00|dew=0.08|canopy=0.00
0.04,15,0.11904761904761904,15,0.08,0.04,0.0,4,1.4,0.0,0.0,0,severity_aware_non_additive_v1,False,126,0.375,720,False,248,0.375,0,15,0,263,15,15,dry=0.04|dry_vent=0.00|dew=0.08|canopy=0.04
0.06,30,0.23809523809523808,30,0.08,0.04,0.0,2,0.9642857142857142,1.0,0.6666666666666666,0,severity_aware_non_additive_v1,False,126,0.6666666666666666,720,False,248,0.375,0,30,0,278,30,30,dry=0.04|dry_vent=0.00|dew=0.08|canopy=0.06
0.08,33,0.2619047619047619,33,0.08,0.04,0.0,2,0.8785714285714286,1.0,0.6666666666666666,0,severity_aware_non_additive_v1,False,126,0.6666666666666666,720,False,248,0.375,0,33,0,281,33,33,dry=0.04|dry_vent=0.00|dew=0.08|canopy=0.08
0.1,37,0.29365079365079366,37,0.08,0.04,0.0,2,0.7642857142857142,1.0,0.6666666666666666,0,severity_aware_non_additive_v1,False,126,0.6666666666666666,720,False,248,0.375,0,37,0,285,37,37,dry=0.04|dry_vent=0.00|dew=0.08|canopy=0.10
0.12,68,0.5396825396825397,68,0.08,0.04,0.0,4,1.0999999999999999,1.0,1.0,0,severity_aware_non_additive_v1,False,126,1.0,720,False,248,0.375,0,68,0,316,68,68,dry=0.04|dry_vent=0.00|dew=0.08|canopy=0.12
0.0,22,0.1746031746031746,22,0.1,0.04,0.0,4,1.4,0.0,0.0,0,severity_aware_non_additive_v1,False,126,0.55,720,False,248,0.55,0,22,0,270,22,22,dry=0.04|dry_vent=0.00|dew=0.10|canopy=0.00
0.04,22,0.1746031746031746,22,0.1,0.04,0.0,4,1.4,0.0,0.0,0,severity_aware_non_additive_v1,False,126,0.55,720,False,248,0.55,0,22,0,270,22,22,dry=0.04|dry_vent=0.00|dew=0.10|canopy=0.04
0.06,37,0.29365079365079366,37,0.1,0.04,0.0,2,0.9642857142857142,1.0,0.6666666666666666,0,severity_aware_non_additive_v1,False,126,0.6666666666666666,720,False,248,0.55,0,37,0,285,37,37,dry=0.04|dry_vent=0.00|dew=0.10|canopy=0.06
0.08,40,0.31746031746031744,40,0.1,0.04,0.0,2,0.8785714285714286,1.0,0.6666666666666666,0,severity_aware_non_additive_v1,False,126,0.6666666666666666,720,False,248,0.55,0,40,0,288,40,40,dry=0.04|dry_vent=0.00|dew=0.10|canopy=0.08
0.1,44,0.3492063492063492,44,0.1,0.04,0.0,2,0.7642857142857142,1.0,0.6666666666666666,0,severity_aware_non_additive_v1,False,126,0.6666666666666666,720,False,248,0.55,0,44,0,292,44,44,dry=0.04|dry_vent=0.00|dew=0.10|canopy=0.10
0.12,75,0.5952380952380952,75,0.1,0.04,0.0,4,1.0999999999999999,1.0,1.0,0,severity_aware_non_additive_v1,False,126,1.0,720,False,248,0.55,0,75,0,323,75,75,dry=0.04|dry_vent=0.00|dew=0.10|canopy=0.12
0.0,40,0.31746031746031744,40,0.12,0.04,0.0,5,1.5999999999999999,0.0,0.0,0,severity_aware_non_additive_v1,False,126,1.0,720,False,248,1.0,0,40,0,288,40,40,dry=0.04|dry_vent=0.00|dew=0.12|canopy=0.00
0.04,40,0.31746031746031744,40,0.12,0.04,0.0,5,1.5999999999999999,0.0,0.0,0,severity_aware_non_additive_v1,False,126,1.0,720,False,248,1.0,0,40,0,288,40,40,dry=0.04|dry_vent=0.00|dew=0.12|canopy=0.04
0.06,55,0.4365079365079365,55,0.12,0.04,0.0,3,1.1642857142857141,1.0,0.6666666666666666,0,severity_aware_non_additive_v1,False,126,1.0,720,False,248,1.0,0,55,0,303,55,55,dry=0.04|dry_vent=0.00|dew=0.12|canopy=0.06
0.08,58,0.4603174603174603,58,0.12,0.04,0.0,3,1.0785714285714285,1.0,0.6666666666666666,0,severity_aware_non_additive_v1,False,126,1.0,720,False,248,1.0,0,58,0,306,58,58,dry=0.04|dry_vent=0.00|dew=0.12|canopy=0.08
0.1,62,0.49206349206349204,62,0.12,0.04,0.0,3,0.9642857142857142,1.0,0.6666666666666666,0,severity_aware_non_additive_v1,False,126,1.0,720,False,248,1.0,0,62,0,310,62,62,dry=0.04|dry_vent=0.00|dew=0.12|canopy=0.10
0.12,93,0.7380952380952381,93,0.12,0.04,0.0,5,1.2999999999999998,1.0,1.0,0,severity_aware_non_additive_v1,False,126,1.0,720,False,248,1.0,0,93,0,341,93,93,dry=0.04|dry_vent=0.00|dew=0.12|canopy=0.12
0.0,0,0.0,0,0.0,0.04,0.02,5,1.75,0.0,0.0,0,severity_aware_non_additive_v1,False,126,0.0,720,False,248,0.0,0,0,0,248,0,0,dry=0.04|dry_vent=0.02|dew=0.00|canopy=0.00
0.04,0,0.0,0,0.0,0.04,0.02,5,1.75,0.0,0.0,0,severity_aware_non_additive_v1,False,126,0.0,720,False,248,0.0,0,0,0,248,0,0,dry=0.04|dry_vent=0.02|dew=0.00|canopy=0.04
0.06,15,0.11904761904761904,15,0.0,0.04,0.02,3,1.314285714285714,1.0,0.6666666666666666,0,severity_aware_non_additive_v1,False,126,0.6666666666666666,720,False,248,0.0,0,15,0,263,15,15,dry=0.04|dry_vent=0.02|dew=0.00|canopy=0.06
0.08,18,0.14285714285714285,18,0.0,0.04,0.02,3,1.2285714285714284,1.0,0.6666666666666666,0,severity_aware_non_additive_v1,False,126,0.6666666666666666,720,False,248,0.0,0,18,0,266,18,18,dry=0.04|dry_vent=0.02|dew=0.00|canopy=0.08
0.1,22,0.1746031746031746,22,0.0,0.04,0.02,3,1.1142857142857143,1.0,0.6666666666666666,0,severity_aware_non_additive_v1,False,126,0.6666666666666666,720,False,248,0.0,0,22,0,270,22,22,dry=0.04|dry_vent=0.02|dew=0.00|canopy=0.10
0.12,53,0.42063492063492064,53,0.0,0.04,0.02,5,1.4499999999999997,1.0,1.0,0,severity_aware_non_additive_v1,False,126,1.0,720,False,248,0.0,0,53,0,301,53,53,dry=0.04|dry_vent=0.02|dew=0.00|canopy=0.12
0.0,0,0.0,0,0.04,0.04,0.02,5,1.75,0.0,0.0,0,severity_aware_non_additive_v1,False,126,0.0,720,False,248,0.0,0,0,0,248,0,0,dry=0.04|dry_vent=0.02|dew=0.04|canopy=0.00
0.04,0,0.0,0,0.04,0.04,0.02,5,1.75,0.0,0.0,0,severity_aware_non_additive_v1,False,126,0.0,720,False,248,0.0,0,0,0,248,0,0,dry=0.04|dry_vent=0.02|dew=0.04|canopy=0.04
0.06,15,0.11904761904761904,15,0.04,0.04,0.02,3,1.314285714285714,1.0,0.6666666666666666,0,severity_aware_non_additive_v1,False,126,0.6666666666666666,720,False,248,0.0,0,15,0,263,15,15,dry=0.04|dry_vent=0.02|dew=0.04|canopy=0.06
0.08,18,0.14285714285714285,18,0.04,0.04,0.02,3,1.2285714285714284,1.0,0.6666666666666666,0,severity_aware_non_additive_v1,False,126,0.6666666666666666,720,False,248,0.0,0,18,0,266,18,18,dry=0.04|dry_vent=0.02|dew=0.04|canopy=0.08
0.1,22,0.1746031746031746,22,0.04,0.04,0.02,3,1.1142857142857143,1.0,0.6666666666666666,0,severity_aware_non_additive_v1,False,126,0.6666666666666666,720,False,248,0.0,0,22,0,270,22,22,dry=0.04|dry_vent=0.02|dew=0.04|canopy=0.10
0.12,53,0.42063492063492064,53,0.04,0.04,0.02,5,1.4499999999999997,1.0,1.0,0,severity_aware_non_additive_v1,False,126,1.0,720,False,248,0.0,0,53,0,301,53,53,dry=0.04|dry_vent=0.02|dew=0.04|canopy=0.12
0.0,0,0.0,0,0.06,0.04,0.02,5,1.75,0.0,0.0,0,severity_aware_non_additive_v1,False,126,0.0,720,False,248,0.0,0,0,0,248,0,0,dry=0.04|dry_vent=0.02|dew=0.06|canopy=0.00
0.04,0,0.0,0,0.06,0.04,0.02,5,1.75,0.0,0.0,0,severity_aware_non_additive_v1,False,126,0.0,720,False,248,0.0,0,0,0,248,0,0,dry=0.04|dry_vent=0.02|dew=0.06|canopy=0.04
0.06,15,0.11904761904761904,15,0.06,0.04,0.02,3,1.314285714285714,1.0,0.6666666666666666,0,severity_aware_non_additive_v1,False,126,0.6666666666666666,720,False,248,0.0,0,15,0,263,15,15,dry=0.04|dry_vent=0.02|dew=0.06|canopy=0.06
0.08,18,0.14285714285714285,18,0.06,0.04,0.02,3,1.2285714285714284,1.0,0.6666666666666666,0,severity_aware_non_additive_v1,False,126,0.6666666666666666,720,False,248,0.0,0,18,0,266,18,18,dry=0.04|dry_vent=0.02|dew=0.06|canopy=0.08
0.1,22,0.1746031746031746,22,0.06,0.04,0.02,3,1.1142857142857143,1.0,0.6666666666666666,0,severity_aware_non_additive_v1,False,126,0.6666666666666666,720,False,248,0.0,0,22,0,270,22,22,dry=0.04|dry_vent=0.02|dew=0.06|canopy=0.10
0.12,53,0.42063492063492064,53,0.06,0.04,0.02,5,1.4499999999999997,1.0,1.0,0,severity_aware_non_additive_v1,False,126,1.0,720,False,248,0.0,0,53,0,301,53,53,dry=0.04|dry_vent=0.02|dew=0.06|canopy=0.12
0.0,15,0.11904761904761904,15,0.08,0.04,0.02,4,1.4,0.0,0.0,0,severity_aware_non_additive_v1,False,126,0.375,720,False,248,0.375,0,15,0,263,15,15,dry=0.04|dry_vent=0.02|dew=0.08|canopy=0.00
0.04,15,0.11904761904761904,15,0.08,0.04,0.02,4,1.4,0.0,0.0,0,severity_aware_non_additive_v1,False,126,0.375,720,False,248,0.375,0,15,0,263,15,15,dry=0.04|dry_vent=0.02|dew=0.08|canopy=0.04
0.06,30,0.23809523809523808,30,0.08,0.04,0.02,2,0.9642857142857142,1.0,0.6666666666666666,0,severity_aware_non_additive_v1,False,126,0.6666666666666666,720,False,248,0.375,0,30,0,278,30,30,dry=0.04|dry_vent=0.02|dew=0.08|canopy=0.06
0.08,33,0.2619047619047619,33,0.08,0.04,0.02,2,0.8785714285714286,1.0,0.6666666666666666,0,severity_aware_non_additive_v1,False,126,0.6666666666666666,720,False,248,0.375,0,33,0,281,33,33,dry=0.04|dry_vent=0.02|dew=0.08|canopy=0.08
0.1,37,0.29365079365079366,37,0.08,0.04,0.02,2,0.7642857142857142,1.0,0.6666666666666666,0,severity_aware_non_additive_v1,False,126,0.6666666666666666,720,False,248,0.375,0,37,0,285,37,37,dry=0.04|dry_vent=0.02|dew=0.08|canopy=0.10
0.12,68,0.5396825396825397,68,0.08,0.04,0.02,4,1.0999999999999999,1.0,1.0,0,severity_aware_non_additive_v1,False,126,1.0,720,False,248,0.375,0,68,0,316,68,68,dry=0.04|dry_vent=0.02|dew=0.08|canopy=0.12
0.0,22,0.1746031746031746,22,0.1,0.04,0.02,4,1.4,0.0,0.0,0,severity_aware_non_additive_v1,False,126,0.55,720,False,248,0.55,0,22,0,270,22,22,dry=0.04|dry_vent=0.02|dew=0.10|canopy=0.00
0.04,22,0.1746031746031746,22,0.1,0.04,0.02,4,1.4,0.0,0.0,0,severity_aware_non_additive_v1,False,126,0.55,720,False,248,0.55,0,22,0,270,22,22,dry=0.04|dry_vent=0.02|dew=0.10|canopy=0.04
0.06,37,0.29365079365079366,37,0.1,0.04,0.02,2,0.9642857142857142,1.0,0.6666666666666666,0,severity_aware_non_additive_v1,False,126,0.6666666666666666,720,False,248,0.55,0,37,0,285,37,37,dry=0.04|dry_vent=0.02|dew=0.10|canopy=0.06
0.08,40,0.31746031746031744,40,0.1,0.04,0.02,2,0.8785714285714286,1.0,0.6666666666666666,0,severity_aware_non_additive_v1,False,126,0.6666666666666666,720,False,248,0.55,0,40,0,288,40,40,dry=0.04|dry_vent=0.02|dew=0.10|canopy=0.08
0.1,44,0.3492063492063492,44,0.1,0.04,0.02,2,0.7642857142857142,1.0,0.6666666666666666,0,severity_aware_non_additive_v1,False,126,0.6666666666666666,720,False,248,0.55,0,44,0,292,44,44,dry=0.04|dry_vent=0.02|dew=0.10|canopy=0.10
0.12,75,0.5952380952380952,75,0.1,0.04,0.02,4,1.0999999999999999,1.0,1.0,0,severity_aware_non_additive_v1,False,126,1.0,720,False,248,0.55,0,75,0,323,75,75,dry=0.04|dry_vent=0.02|dew=0.10|canopy=0.12
0.0,40,0.31746031746031744,40,0.12,0.04,0.02,5,1.5999999999999999,0.0,0.0,0,severity_aware_non_additive_v1,False,126,1.0,720,False,248,1.0,0,40,0,288,40,40,dry=0.04|dry_vent=0.02|dew=0.12|canopy=0.00
0.04,40,0.31746031746031744,40,0.12,0.04,0.02,5,1.5999999999999999,0.0,0.0,0,severity_aware_non_additive_v1,False,126,1.0,720,False,248,1.0,0,40,0,288,40,40,dry=0.04|dry_vent=0.02|dew=0.12|canopy=0.04
0.06,55,0.4365079365079365,55,0.12,0.04,0.02,3,1.1642857142857141,1.0,0.6666666666666666,0,severity_aware_non_additive_v1,False,126,1.0,720,False,248,1.0,0,55,0,303,55,55,dry=0.04|dry_vent=0.02|dew=0.12|canopy=0.06
0.08,58,0.4603174603174603,58,0.12,0.04,0.02,3,1.0785714285714285,1.0,0.6666666666666666,0,severity_aware_non_additive_v1,False,126,1.0,720,False,248,1.0,0,58,0,306,58,58,dry=0.04|dry_vent=0.02|dew=0.12|canopy=0.08
0.1,62,0.49206349206349204,62,0.12,0.04,0.02,3,0.9642857142857142,1.0,0.6666666666666666,0,severity_aware_non_additive_v1,False,126,1.0,720,False,248,1.0,0,62,0,310,62,62,dry=0.04|dry_vent=0.02|dew=0.12|canopy=0.10
0.12,93,0.7380952380952381,93,0.12,0.04,0.02,5,1.2999999999999998,1.0,1.0,0,severity_aware_non_additive_v1,False,126,1.0,720,False,248,1.0,0,93,0,341,93,93,dry=0.04|dry_vent=0.02|dew=0.12|canopy=0.12
0.0,0,0.0,0,0.0,0.04,0.04,5,1.75,0.0,0.0,0,severity_aware_non_additive_v1,False,126,0.0,720,False,248,0.0,0,0,0,248,0,0,dry=0.04|dry_vent=0.04|dew=0.00|canopy=0.00
0.04,0,0.0,0,0.0,0.04,0.04,5,1.75,0.0,0.0,0,severity_aware_non_additive_v1,False,126,0.0,720,False,248,0.0,0,0,0,248,0,0,dry=0.04|dry_vent=0.04|dew=0.00|canopy=0.04
0.06,15,0.11904761904761904,15,0.0,0.04,0.04,3,1.314285714285714,1.0,0.6666666666666666,0,severity_aware_non_additive_v1,False,126,0.6666666666666666,720,False,248,0.0,0,15,0,263,15,15,dry=0.04|dry_vent=0.04|dew=0.00|canopy=0.06
0.08,18,0.14285714285714285,18,0.0,0.04,0.04,3,1.2285714285714284,1.0,0.6666666666666666,0,severity_aware_non_additive_v1,False,126,0.6666666666666666,720,False,248,0.0,0,18,0,266,18,18,dry=0.04|dry_vent=0.04|dew=0.00|canopy=0.08
0.1,22,0.1746031746031746,22,0.0,0.04,0.04,3,1.1142857142857143,1.0,0.6666666666666666,0,severity_aware_non_additive_v1,False,126,0.6666666666666666,720,False,248,0.0,0,22,0,270,22,22,dry=0.04|dry_vent=0.04|dew=0.00|canopy=0.10
0.12,53,0.42063492063492064,53,0.0,0.04,0.04,5,1.4499999999999997,1.0,1.0,0,severity_aware_non_additive_v1,False,126,1.0,720,False,248,0.0,0,53,0,301,53,53,dry=0.04|dry_vent=0.04|dew=0.00|canopy=0.12
0.0,0,0.0,0,0.04,0.04,0.04,5,1.75,0.0,0.0,0,severity_aware_non_additive_v1,False,126,0.0,720,False,248,0.0,0,0,0,248,0,0,dry=0.04|dry_vent=0.04|dew=0.04|canopy=0.00
0.04,0,0.0,0,0.04,0.04,0.04,5,1.75,0.0,0.0,0,severity_aware_non_additive_v1,False,126,0.0,720,False,248,0.0,0,0,0,248,0,0,dry=0.04|dry_vent=0.04|dew=0.04|canopy=0.04
0.06,15,0.11904761904761904,15,0.04,0.04,0.04,3,1.314285714285714,1.0,0.6666666666666666,0,severity_aware_non_additive_v1,False,126,0.6666666666666666,720,False,248,0.0,0,15,0,263,15,15,dry=0.04|dry_vent=0.04|dew=0.04|canopy=0.06
0.08,18,0.14285714285714285,18,0.04,0.04,0.04,3,1.2285714285714284,1.0,0.6666666666666666,0,severity_aware_non_additive_v1,False,126,0.6666666666666666,720,False,248,0.0,0,18,0,266,18,18,dry=0.04|dry_vent=0.04|dew=0.04|canopy=0.08
0.1,22,0.1746031746031746,22,0.04,0.04,0.04,3,1.1142857142857143,1.0,0.6666666666666666,0,severity_aware_non_additive_v1,False,126,0.6666666666666666,720,False,248,0.0,0,22,0,270,22,22,dry=0.04|dry_vent=0.04|dew=0.04|canopy=0.10
0.12,53,0.42063492063492064,53,0.04,0.04,0.04,5,1.4499999999999997,1.0,1.0,0,severity_aware_non_additive_v1,False,126,1.0,720,False,248,0.0,0,53,0,301,53,53,dry=0.04|dry_vent=0.04|dew=0.04|canopy=0.12
0.0,0,0.0,0,0.06,0.04,0.04,5,1.75,0.0,0.0,0,severity_aware_non_additive_v1,False,126,0.0,720,False,248,0.0,0,0,0,248,0,0,dry=0.04|dry_vent=0.04|dew=0.06|canopy=0.00
0.04,0,0.0,0,0.06,0.04,0.04,5,1.75,0.0,0.0,0,severity_aware_non_additive_v1,False,126,0.0,720,False,248,0.0,0,0,0,248,0,0,dry=0.04|dry_vent=0.04|dew=0.06|canopy=0.04
0.06,15,0.11904761904761904,15,0.06,0.04,0.04,3,1.314285714285714,1.0,0.6666666666666666,0,severity_aware_non_additive_v1,False,126,0.6666666666666666,720,False,248,0.0,0,15,0,263,15,15,dry=0.04|dry_vent=0.04|dew=0.06|canopy=0.06
0.08,18,0.14285714285714285,18,0.06,0.04,0.04,3,1.2285714285714284,1.0,0.6666666666666666,0,severity_aware_non_additive_v1,False,126,0.6666666666666666,720,False,248,0.0,0,18,0,266,18,18,dry=0.04|dry_vent=0.04|dew=0.06|canopy=0.08
0.1,22,0.1746031746031746,22,0.06,0.04,0.04,3,1.1142857142857143,1.0,0.6666666666666666,0,severity_aware_non_additive_v1,False,126,0.6666666666666666,720,False,248,0.0,0,22,0,270,22,22,dry=0.04|dry_vent=0.04|dew=0.06|canopy=0.10
0.12,53,0.42063492063492064,53,0.06,0.04,0.04,5,1.4499999999999997,1.0,1.0,0,severity_aware_non_additive_v1,False,126,1.0,720,False,248,0.0,0,53,0,301,53,53,dry=0.04|dry_vent=0.04|dew=0.06|canopy=0.12
0.0,15,0.11904761904761904,15,0.08,0.04,0.04,4,1.4,0.0,0.0,0,severity_aware_non_additive_v1,False,126,0.375,720,False,248,0.375,0,15,0,263,15,15,dry=0.04|dry_vent=0.04|dew=0.08|canopy=0.00
0.04,15,0.11904761904761904,15,0.08,0.04,0.04,4,1.4,0.0,0.0,0,severity_aware_non_additive_v1,False,126,0.375,720,False,248,0.375,0,15,0,263,15,15,dry=0.04|dry_vent=0.04|dew=0.08|canopy=0.04
0.06,30,0.23809523809523808,30,0.08,0.04,0.04,2,0.9642857142857142,1.0,0.6666666666666666,0,severity_aware_non_additive_v1,False,126,0.6666666666666666,720,False,248,0.375,0,30,0,278,30,30,dry=0.04|dry_vent=0.04|dew=0.08|canopy=0.06
0.08,33,0.2619047619047619,33,0.08,0.04,0.04,2,0.8785714285714286,1.0,0.6666666666666666,0,severity_aware_non_additive_v1,False,126,0.6666666666666666,720,False,248,0.375,0,33,0,281,33,33,dry=0.04|dry_vent=0.04|dew=0.08|canopy=0.08
0.1,37,0.29365079365079366,37,0.08,0.04,0.04,2,0.7642857142857142,1.0,0.6666666666666666,0,severity_aware_non_additive_v1,False,126,0.6666666666666666,720,False,248,0.375,0,37,0,285,37,37,dry=0.04|dry_vent=0.04|dew=0.08|canopy=0.10
0.12,68,0.5396825396825397,68,0.08,0.04,0.04,4,1.0999999999999999,1.0,1.0,0,severity_aware_non_additive_v1,False,126,1.0,720,False,248,0.375,0,68,0,316,68,68,dry=0.04|dry_vent=0.04|dew=0.08|canopy=0.12
0.0,22,0.1746031746031746,22,0.1,0.04,0.04,4,1.4,0.0,0.0,0,severity_aware_non_additive_v1,False,126,0.55,720,False,248,0.55,0,22,0,270,22,22,dry=0.04|dry_vent=0.04|dew=0.10|canopy=0.00
0.04,22,0.1746031746031746,22,0.1,0.04,0.04,4,1.4,0.0,0.0,0,severity_aware_non_additive_v1,False,126,0.55,720,False,248,0.55,0,22,0,270,22,22,dry=0.04|dry_vent=0.04|dew=0.10|canopy=0.04
0.06,37,0.29365079365079366,37,0.1,0.04,0.04,2,0.9642857142857142,1.0,0.6666666666666666,0,severity_aware_non_additive_v1,False,126,0.6666666666666666,720,False,248,0.55,0,37,0,285,37,37,dry=0.04|dry_vent=0.04|dew=0.10|canopy=0.06
0.08,40,0.31746031746031744,40,0.1,0.04,0.04,2,0.8785714285714286,1.0,0.6666666666666666,0,severity_aware_non_additive_v1,False,126,0.6666666666666666,720,False,248,0.55,0,40,0,288,40,40,dry=0.04|dry_vent=0.04|dew=0.10|canopy=0.08
0.1,44,0.3492063492063492,44,0.1,0.04,0.04,2,0.7642857142857142,1.0,0.6666666666666666,0,severity_aware_non_additive_v1,False,126,0.6666666666666666,720,False,248,0.55,0,44,0,292,44,44,dry=0.04|dry_vent=0.04|dew=0.10|canopy=0.10
0.12,75,0.5952380952380952,75,0.1,0.04,0.04,4,1.0999999999999999,1.0,1.0,0,severity_aware_non_additive_v1,False,126,1.0,720,False,248,0.55,0,75,0,323,75,75,dry=0.04|dry_vent=0.04|dew=0.10|canopy=0.12
0.0,40,0.31746031746031744,40,0.12,0.04,0.04,5,1.5999999999999999,0.0,0.0,0,severity_aware_non_additive_v1,False,126,1.0,720,False,248,1.0,0,40,0,288,40,40,dry=0.04|dry_vent=0.04|dew=0.12|canopy=0.00
0.04,40,0.31746031746031744,40,0.12,0.04,0.04,5,1.5999999999999999,0.0,0.0,0,severity_aware_non_additive_v1,False,126,1.0,720,False,248,1.0,0,40,0,288,40,40,dry=0.04|dry_vent=0.04|dew=0.12|canopy=0.04
0.06,55,0.4365079365079365,55,0.12,0.04,0.04,3,1.1642857142857141,1.0,0.6666666666666666,0,severity_aware_non_additive_v1,False,126,1.0,720,False,248,1.0,0,55,0,303,55,55,dry=0.04|dry_vent=0.04|dew=0.12|canopy=0.06
0.08,58,0.4603174603174603,58,0.12,0.04,0.04,3,1.0785714285714285,1.0,0.6666666666666666,0,severity_aware_non_additive_v1,False,126,1.0,720,False,248,1.0,0,58,0,306,58,58,dry=0.04|dry_vent=0.04|dew=0.12|canopy=0.08
0.1,62,0.49206349206349204,62,0.12,0.04,0.04,3,0.9642857142857142,1.0,0.6666666666666666,0,severity_aware_non_additive_v1,False,126,1.0,720,False,248,1.0,0,62,0,310,62,62,dry=0.04|dry_vent=0.04|dew=0.12|canopy=0.10
0.12,93,0.7380952380952381,93,0.12,0.04,0.04,5,1.2999999999999998,1.0,1.0,0,severity_aware_non_additive_v1,False,126,1.0,720,False,248,1.0,0,93,0,341,93,93,dry=0.04|dry_vent=0.04|dew=0.12|canopy=0.12
0.0,25,0.1984126984126984,25,0.0,0.04,0.06,5,1.5999999999999999,1.0,1.0,0,severity_aware_non_additive_v1,False,126,1.0,720,False,248,0.0,0,25,0,273,25,25,dry=0.04|dry_vent=0.06|dew=0.00|canopy=0.00
0.04,25,0.1984126984126984,25,0.0,0.04,0.06,5,1.5999999999999999,1.0,1.0,0,severity_aware_non_additive_v1,False,126,1.0,720,False,248,0.0,0,25,0,273,25,25,dry=0.04|dry_vent=0.06|dew=0.00|canopy=0.04
0.06,40,0.31746031746031744,40,0.0,0.04,0.06,3,1.1642857142857141,1.0,0.9142857142857143,0,severity_aware_non_additive_v1,False,126,1.0,720,False,248,0.0,0,40,0,288,40,40,dry=0.04|dry_vent=0.06|dew=0.00|canopy=0.06
0.08,43,0.3412698412698413,43,0.0,0.04,0.06,3,1.0785714285714285,1.0,0.8285714285714285,0,severity_aware_non_additive_v1,False,126,1.0,720,False,248,0.0,0,43,0,291,43,43,dry=0.04|dry_vent=0.06|dew=0.00|canopy=0.08
0.1,47,0.373015873015873,47,0.0,0.04,0.06,3,0.9642857142857142,1.0,0.7142857142857143,0,severity_aware_non_additive_v1,False,126,1.0,720,False,248,0.0,0,47,0,295,47,47,dry=0.04|dry_vent=0.06|dew=0.00|canopy=0.10
0.12,78,0.6190476190476191,78,0.0,0.04,0.06,5,1.2999999999999998,0.0,0.0,0,severity_aware_non_additive_v1,False,126,1.0,720,False,248,0.0,0,78,0,326,78,78,dry=0.04|dry_vent=0.06|dew=0.00|canopy=0.12
0.0,25,0.1984126984126984,25,0.04,0.04,0.06,5,1.5999999999999999,1.0,1.0,0,severity_aware_non_additive_v1,False,126,1.0,720,False,248,0.0,0,25,0,273,25,25,dry=0.04|dry_vent=0.06|dew=0.04|canopy=0.00
0.04,25,0.1984126984126984,25,0.04,0.04,0.06,5,1.5999999999999999,1.0,1.0,0,severity_aware_non_additive_v1,False,126,1.0,720,False,248,0.0,0,25,0,273,25,25,dry=0.04|dry_vent=0.06|dew=0.04|canopy=0.04
0.06,40,0.31746031746031744,40,0.04,0.04,0.06,3,1.1642857142857141,1.0,0.9142857142857143,0,severity_aware_non_additive_v1,False,126,1.0,720,False,248,0.0,0,40,0,288,40,40,dry=0.04|dry_vent=0.06|dew=0.04|canopy=0.06
0.08,43,0.3412698412698413,43,0.04,0.04,0.06,3,1.0785714285714285,1.0,0.8285714285714285,0,severity_aware_non_additive_v1,False,126,1.0,720,False,248,0.0,0,43,0,291,43,43,dry=0.04|dry_vent=0.06|dew=0.04|canopy=0.08
0.1,47,0.373015873015873,47,0.04,0.04,0.06,3,0.9642857142857142,1.0,0.7142857142857143,0,severity_aware_non_additive_v1,False,126,1.0,720,False,248,0.0,0,47,0,295,47,47,dry=0.04|dry_vent=0.06|dew=0.04|canopy=0.10
0.12,78,0.6190476190476191,78,0.04,0.04,0.06,5,1.2999999999999998,0.0,0.0,0,severity_aware_non_additive_v1,False,126,1.0,720,False,248,0.0,0,78,0,326,78,78,dry=0.04|dry_vent=0.06|dew=0.04|canopy=0.12
0.0,25,0.1984126984126984,25,0.06,0.04,0.06,5,1.5999999999999999,1.0,1.0,0,severity_aware_non_additive_v1,False,126,1.0,720,False,248,0.0,0,25,0,273,25,25,dry=0.04|dry_vent=0.06|dew=0.06|canopy=0.00
0.04,25,0.1984126984126984,25,0.06,0.04,0.06,5,1.5999999999999999,1.0,1.0,0,severity_aware_non_additive_v1,False,126,1.0,720,False,248,0.0,0,25,0,273,25,25,dry=0.04|dry_vent=0.06|dew=0.06|canopy=0.04
0.06,40,0.31746031746031744,40,0.06,0.04,0.06,3,1.1642857142857141,1.0,0.9142857142857143,0,severity_aware_non_additive_v1,False,126,1.0,720,False,248,0.0,0,40,0,288,40,40,dry=0.04|dry_vent=0.06|dew=0.06|canopy=0.06
0.08,43,0.3412698412698413,43,0.06,0.04,0.06,3,1.0785714285714285,1.0,0.8285714285714285,0,severity_aware_non_additive_v1,False,126,1.0,720,False,248,0.0,0,43,0,291,43,43,dry=0.04|dry_vent=0.06|dew=0.06|canopy=0.08
0.1,47,0.373015873015873,47,0.06,0.04,0.06,3,0.9642857142857142,1.0,0.7142857142857143,0,severity_aware_non_additive_v1,False,126,1.0,720,False,248,0.0,0,47,0,295,47,47,dry=0.04|dry_vent=0.06|dew=0.06|canopy=0.10
0.12,78,0.6190476190476191,78,0.06,0.04,0.06,5,1.2999999999999998,0.0,0.0,0,severity_aware_non_additive_v1,False,126,1.0,720,False,248,0.0,0,78,0,326,78,78,dry=0.04|dry_vent=0.06|dew=0.06|canopy=0.12
0.0,40,0.31746031746031744,40,0.08,0.04,0.06,4,1.25,1.0,1.0,0,severity_aware_non_additive_v1,False,126,1.0,720,False,248,0.375,0,40,0,288,40,40,dry=0.04|dry_vent=0.06|dew=0.08|canopy=0.00
0.04,40,0.31746031746031744,40,0.08,0.04,0.06,4,1.25,1.0,1.0,0,severity_aware_non_additive_v1,False,126,1.0,720,False,248,0.375,0,40,0,288,40,40,dry=0.04|dry_vent=0.06|dew=0.08|canopy=0.04
0.06,55,0.4365079365079365,55,0.08,0.04,0.06,2,0.8142857142857142,1.0,0.9142857142857143,0,severity_aware_non_additive_v1,False,126,1.0,720,False,248,0.375,0,55,0,303,55,55,dry=0.04|dry_vent=0.06|dew=0.08|canopy=0.06
0.08,58,0.4603174603174603,58,0.08,0.04,0.06,2,0.7285714285714284,1.0,0.8285714285714285,0,severity_aware_non_additive_v1,False,126,1.0,720,False,248,0.375,0,58,0,306,58,58,dry=0.04|dry_vent=0.06|dew=0.08|canopy=0.08
0.1,62,0.49206349206349204,62,0.08,0.04,0.06,2,0.6142857142857142,1.0,0.7142857142857143,0,severity_aware_non_additive_v1,False,126,1.0,720,False,248,0.375,0,62,0,310,62,62,dry=0.04|dry_vent=0.06|dew=0.08|canopy=0.10
0.12,93,0.7380952380952381,93,0.08,0.04,0.06,4,0.9499999999999998,0.0,0.0,0,severity_aware_non_additive_v1,False,126,1.0,720,False,248,0.375,0,93,0,341,93,93,dry=0.04|dry_vent=0.06|dew=0.08|canopy=0.12
0.0,47,0.373015873015873,47,0.1,0.04,0.06,4,1.25,1.0,1.0,0,severity_aware_non_additive_v1,False,126,1.0,720,False,248,0.55,0,47,0,295,47,47,dry=0.04|dry_vent=0.06|dew=0.10|canopy=0.00
0.04,47,0.373015873015873,47,0.1,0.04,0.06,4,1.25,1.0,1.0,0,severity_aware_non_additive_v1,False,126,1.0,720,False,248,0.55,0,47,0,295,47,47,dry=0.04|dry_vent=0.06|dew=0.10|canopy=0.04
0.06,62,0.49206349206349204,62,0.1,0.04,0.06,2,0.8142857142857142,1.0,0.9142857142857143,0,severity_aware_non_additive_v1,False,126,1.0,720,False,248,0.55,0,62,0,310,62,62,dry=0.04|dry_vent=0.06|dew=0.10|canopy=0.06
0.08,65,0.5158730158730159,65,0.1,0.04,0.06,2,0.7285714285714284,1.0,0.8285714285714285,0,severity_aware_non_additive_v1,False,126,1.0,720,False,248,0.55,0,65,0,313,65,65,dry=0.04|dry_vent=0.06|dew=0.10|canopy=0.08
0.1,69,0.5476190476190477,69,0.1,0.04,0.06,2,0.6142857142857142,1.0,0.7142857142857143,0,severity_aware_non_additive_v1,False,126,1.0,720,False,248,0.55,0,69,0,317,69,69,dry=0.04|dry_vent=0.06|dew=0.10|canopy=0.10
0.12,100,0.7936507936507936,100,0.1,0.04,0.06,4,0.9499999999999998,0.0,0.0,0,severity_aware_non_additive_v1,False,126,1.0,720,False,248,0.55,0,100,0,348,100,100,dry=0.04|dry_vent=0.06|dew=0.10|canopy=0.12
0.0,65,0.5158730158730159,65,0.12,0.04,0.06,5,1.4499999999999997,1.0,1.0,0,severity_aware_non_additive_v1,False,126,1.0,720,False,248,1.0,0,65,0,313,65,65,dry=0.04|dry_vent=0.06|dew=0.12|canopy=0.00
0.04,65,0.5158730158730159,65,0.12,0.04,0.06,5,1.4499999999999997,1.0,1.0,0,severity_aware_non_additive_v1,False,126,1.0,720,False,248,1.0,0,65,0,313,65,65,dry=0.04|dry_vent=0.06|dew=0.12|canopy=0.04
0.06,80,0.6349206349206349,80,0.12,0.04,0.06,3,1.0142857142857142,1.0,0.9142857142857143,0,severity_aware_non_additive_v1,False,126,1.0,720,False,248,1.0,0,80,0,328,80,80,dry=0.04|dry_vent=0.06|dew=0.12|canopy=0.06
0.08,83,0.6587301587301587,83,0.12,0.04,0.06,3,0.9285714285714284,1.0,0.8285714285714285,0,severity_aware_non_additive_v1,False,126,1.0,720,False,248,1.0,0,83,0,331,83,83,dry=0.04|dry_vent=0.06|dew=0.12|canopy=0.08
0.1,87,0.6904761904761905,87,0.12,0.04,0.06,3,0.8142857142857142,1.0,0.7142857142857143,0,severity_aware_non_additive_v1,False,126,1.0,720,False,248,1.0,0,87,0,335,87,87,dry=0.04|dry_vent=0.06|dew=0.12|canopy=0.10
0.12,118,0.9365079365079365,118,0.12,0.04,0.06,5,1.15,0.0,0.0,0,severity_aware_non_additive_v1,True,126,1.0,720,False,248,1.0,0,118,0,366,118,118,dry=0.04|dry_vent=0.06|dew=0.12|canopy=0.12
0.0,6,0.047619047619047616,6,0.0,0.06,0.0,4,1.4,0.0,0.0,0,severity_aware_non_additive_v1,False,126,0.75,720,False,248,0.75,0,6,0,254,6,6,dry=0.06|dry_vent=0.00|dew=0.00|canopy=0.00
0.04,6,0.047619047619047616,6,0.0,0.06,0.0,4,1.4,0.0,0.0,0,severity_aware_non_additive_v1,False,126,0.75,720,False,248,0.75,0,6,0,254,6,6,dry=0.06|dry_vent=0.00|dew=0.00|canopy=0.04
0.06,21,0.16666666666666666,21,0.0,0.06,0.0,2,0.9642857142857142,1.0,0.6666666666666666,0,severity_aware_non_additive_v1,False,126,0.75,720,False,248,0.75,0,21,0,269,21,21,dry=0.06|dry_vent=0.00|dew=0.00|canopy=0.06
0.08,24,0.19047619047619047,24,0.0,0.06,0.0,2,0.8785714285714286,1.0,0.6666666666666666,0,severity_aware_non_additive_v1,False,126,0.75,720,False,248,0.75,0,24,0,272,24,24,dry=0.06|dry_vent=0.00|dew=0.00|canopy=0.08
0.1,28,0.2222222222222222,28,0.0,0.06,0.0,2,0.7642857142857142,1.0,0.6666666666666666,0,severity_aware_non_additive_v1,False,126,0.75,720,False,248,0.75,0,28,0,276,28,28,dry=0.06|dry_vent=0.00|dew=0.00|canopy=0.10
0.12,59,0.46825396825396826,59,0.0,0.06,0.0,4,1.0999999999999999,1.0,1.0,0,severity_aware_non_additive_v1,False,126,1.0,720,False,248,0.75,0,59,0,307,59,59,dry=0.06|dry_vent=0.00|dew=0.00|canopy=0.12
0.0,6,0.047619047619047616,6,0.04,0.06,0.0,4,1.4,0.0,0.0,0,severity_aware_non_additive_v1,False,126,0.75,720,False,248,0.75,0,6,0,254,6,6,dry=0.06|dry_vent=0.00|dew=0.04|canopy=0.00
0.04,6,0.047619047619047616,6,0.04,0.06,0.0,4,1.4,0.0,0.0,0,severity_aware_non_additive_v1,False,126,0.75,720,False,248,0.75,0,6,0,254,6,6,dry=0.06|dry_vent=0.00|dew=0.04|canopy=0.04
0.06,21,0.16666666666666666,21,0.04,0.06,0.0,2,0.9642857142857142,1.0,0.6666666666666666,0,severity_aware_non_additive_v1,False,126,0.75,720,False,248,0.75,0,21,0,269,21,21,dry=0.06|dry_vent=0.00|dew=0.04|canopy=0.06
0.08,24,0.19047619047619047,24,0.04,0.06,0.0,2,0.8785714285714286,1.0,0.6666666666666666,0,severity_aware_non_additive_v1,False,126,0.75,720,False,248,0.75,0,24,0,272,24,24,dry=0.06|dry_vent=0.00|dew=0.04|canopy=0.08
0.1,28,0.2222222222222222,28,0.04,0.06,0.0,2,0.7642857142857142,1.0,0.6666666666666666,0,severity_aware_non_additive_v1,False,126,0.75,720,False,248,0.75,0,28,0,276,28,28,dry=0.06|dry_vent=0.00|dew=0.04|canopy=0.10
0.12,59,0.46825396825396826,59,0.04,0.06,0.0,4,1.0999999999999999,1.0,1.0,0,severity_aware_non_additive_v1,False,126,1.0,720,False,248,0.75,0,59,0,307,59,59,dry=0.06|dry_vent=0.00|dew=0.04|canopy=0.12
0.0,6,0.047619047619047616,6,0.06,0.06,0.0,4,1.4,0.0,0.0,0,severity_aware_non_additive_v1,False,126,0.75,720,False,248,0.75,0,6,0,254,6,6,dry=0.06|dry_vent=0.00|dew=0.06|canopy=0.00
0.04,6,0.047619047619047616,6,0.06,0.06,0.0,4,1.4,0.0,0.0,0,severity_aware_non_additive_v1,False,126,0.75,720,False,248,0.75,0,6,0,254,6,6,dry=0.06|dry_vent=0.00|dew=0.06|canopy=0.04
0.06,21,0.16666666666666666,21,0.06,0.06,0.0,2,0.9642857142857142,1.0,0.6666666666666666,0,severity_aware_non_additive_v1,False,126,0.75,720,False,248,0.75,0,21,0,269,21,21,dry=0.06|dry_vent=0.00|dew=0.06|canopy=0.06
0.08,24,0.19047619047619047,24,0.06,0.06,0.0,2,0.8785714285714286,1.0,0.6666666666666666,0,severity_aware_non_additive_v1,False,126,0.75,720,False,248,0.75,0,24,0,272,24,24,dry=0.06|dry_vent=0.00|dew=0.06|canopy=0.08
0.1,28,0.2222222222222222,28,0.06,0.06,0.0,2,0.7642857142857142,1.0,0.6666666666666666,0,severity_aware_non_additive_v1,False,126,0.75,720,False,248,0.75,0,28,0,276,28,28,dry=0.06|dry_vent=0.00|dew=0.06|canopy=0.10
0.12,59,0.46825396825396826,59,0.06,0.06,0.0,4,1.0999999999999999,1.0,1.0,0,severity_aware_non_additive_v1,False,126,1.0,720,False,248,0.75,0,59,0,307,59,59,dry=0.06|dry_vent=0.00|dew=0.06|canopy=0.12
0.0,21,0.16666666666666666,21,0.08,0.06,0.0,3,1.0499999999999998,0.0,0.0,0,severity_aware_non_additive_v1,False,126,0.75,720,False,248,0.375,0,21,0,269,21,21,dry=0.06|dry_vent=0.00|dew=0.08|canopy=0.00
0.04,21,0.16666666666666666,21,0.08,0.06,0.0,3,1.0499999999999998,0.0,0.0,0,severity_aware_non_additive_v1,False,126,0.75,720,False,248,0.375,0,21,0,269,21,21,dry=0.06|dry_vent=0.00|dew=0.08|canopy=0.04
0.06,36,0.2857142857142857,36,0.08,0.06,0.0,1,0.6142857142857142,1.0,0.6666666666666666,0,severity_aware_non_additive_v1,False,126,0.75,720,False,248,0.375,0,36,0,284,36,36,dry=0.06|dry_vent=0.00|dew=0.08|canopy=0.06
0.08,39,0.30952380952380953,39,0.08,0.06,0.0,1,0.5285714285714285,1.0,0.6666666666666666,0,severity_aware_non_additive_v1,False,126,0.75,720,False,248,0.375,0,39,0,287,39,39,dry=0.06|dry_vent=0.00|dew=0.08|canopy=0.08
0.1,43,0.3412698412698413,43,0.08,0.06,0.0,1,0.41428571428571426,1.0,0.6666666666666666,0,severity_aware_non_additive_v1,False,126,0.75,720,False,248,0.375,0,43,0,291,43,43,dry=0.06|dry_vent=0.00|dew=0.08|canopy=0.10
0.12,74,0.5873015873015873,74,0.08,0.06,0.0,3,0.7499999999999999,1.0,1.0,0,severity_aware_non_additive_v1,False,126,1.0,720,False,248,0.375,0,74,0,322,74,74,dry=0.06|dry_vent=0.00|dew=0.08|canopy=0.12
0.0,28,0.2222222222222222,28,0.1,0.06,0.0,3,1.0499999999999998,0.0,0.0,0,severity_aware_non_additive_v1,False,126,0.75,720,False,248,0.19999999999999996,0,28,0,276,28,28,dry=0.06|dry_vent=0.00|dew=0.10|canopy=0.00
0.04,28,0.2222222222222222,28,0.1,0.06,0.0,3,1.0499999999999998,0.0,0.0,0,severity_aware_non_additive_v1,False,126,0.75,720,False,248,0.19999999999999996,0,28,0,276,28,28,dry=0.06|dry_vent=0.00|dew=0.10|canopy=0.04
0.06,43,0.3412698412698413,43,0.1,0.06,0.0,1,0.6142857142857142,1.0,0.6666666666666666,0,severity_aware_non_additive_v1,False,126,0.75,720,False,248,0.19999999999999996,0,43,0,291,43,43,dry=0.06|dry_vent=0.00|dew=0.10|canopy=0.06
0.08,46,0.36507936507936506,46,0.1,0.06,0.0,1,0.5285714285714285,1.0,0.6666666666666666,0,severity_aware_non_additive_v1,False,126,0.75,720,False,248,0.19999999999999996,0,46,0,294,46,46,dry=0.06|dry_vent=0.00|dew=0.10|canopy=0.08
0.1,50,0.3968253968253968,50,0.1,0.06,0.0,1,0.41428571428571426,1.0,0.6666666666666666,0,severity_aware_non_additive_v1,False,126,0.75,720,False,248,0.19999999999999996,0,50,0,298,50,50,dry=0.06|dry_vent=0.00|dew=0.10|canopy=0.10
0.12,81,0.6428571428571429,81,0.1,0.06,0.0,3,0.7499999999999999,1.0,1.0,0,severity_aware_non_additive_v1,False,126,1.0,720,False,248,0.19999999999999996,0,81,0,329,81,81,dry=0.06|dry_vent=0.00|dew=0.10|canopy=0.12
0.0,46,0.36507936507936506,46,0.12,0.06,0.0,4,1.25,0.0,0.0,0,severity_aware_non_additive_v1,False,126,1.0,720,False,248,0.25,0,46,0,294,46,46,dry=0.06|dry_vent=0.00|dew=0.12|canopy=0.00
0.04,46,0.36507936507936506,46,0.12,0.06,0.0,4,1.25,0.0,0.0,0,severity_aware_non_additive_v1,False,126,1.0,720,False,248,0.25,0,46,0,294,46,46,dry=0.06|dry_vent=0.00|dew=0.12|canopy=0.04
0.06,61,0.48412698412698413,61,0.12,0.06,0.0,2,0.8142857142857142,1.0,0.6666666666666666,0,severity_aware_non_additive_v1,False,126,1.0,720,False,248,0.25,0,61,0,309,61,61,dry=0.06|dry_vent=0.00|dew=0.12|canopy=0.06
0.08,64,0.5079365079365079,64,0.12,0.06,0.0,2,0.7285714285714284,1.0,0.6666666666666666,0,severity_aware_non_additive_v1,False,126,1.0,720,False,248,0.25,0,64,0,312,64,64,dry=0.06|dry_vent=0.00|dew=0.12|canopy=0.08
0.1,68,0.5396825396825397,68,0.12,0.06,0.0,2,0.6142857142857142,1.0,0.6666666666666666,0,severity_aware_non_additive_v1,False,126,1.0,720,False,248,0.25,0,68,0,316,68,68,dry=0.06|dry_vent=0.00|dew=0.12|canopy=0.10
0.12,99,0.7857142857142857,99,0.12,0.06,0.0,4,0.9499999999999998,1.0,1.0,0,severity_aware_non_additive_v1,False,126,1.0,720,False,248,0.25,0,99,0,347,99,99,dry=0.06|dry_vent=0.00|dew=0.12|canopy=0.12
0.0,6,0.047619047619047616,6,0.0,0.06,0.02,4,1.4,0.0,0.0,0,severity_aware_non_additive_v1,False,126,0.75,720,False,248,0.75,0,6,0,254,6,6,dry=0.06|dry_vent=0.02|dew=0.00|canopy=0.00
0.04,6,0.047619047619047616,6,0.0,0.06,0.02,4,1.4,0.0,0.0,0,severity_aware_non_additive_v1,False,126,0.75,720,False,248,0.75,0,6,0,254,6,6,dry=0.06|dry_vent=0.02|dew=0.00|canopy=0.04
0.06,21,0.16666666666666666,21,0.0,0.06,0.02,2,0.9642857142857142,1.0,0.6666666666666666,0,severity_aware_non_additive_v1,False,126,0.75,720,False,248,0.75,0,21,0,269,21,21,dry=0.06|dry_vent=0.02|dew=0.00|canopy=0.06
0.08,24,0.19047619047619047,24,0.0,0.06,0.02,2,0.8785714285714286,1.0,0.6666666666666666,0,severity_aware_non_additive_v1,False,126,0.75,720,False,248,0.75,0,24,0,272,24,24,dry=0.06|dry_vent=0.02|dew=0.00|canopy=0.08
0.1,28,0.2222222222222222,28,0.0,0.06,0.02,2,0.7642857142857142,1.0,0.6666666666666666,0,severity_aware_non_additive_v1,False,126,0.75,720,False,248,0.75,0,28,0,276,28,28,dry=0.06|dry_vent=0.02|dew=0.00|canopy=0.10
0.12,59,0.46825396825396826,59,0.0,0.06,0.02,4,1.0999999999999999,1.0,1.0,0,severity_aware_non_additive_v1,False,126,1.0,720,False,248,0.75,0,59,0,307,59,59,dry=0.06|dry_vent=0.02|dew=0.00|canopy=0.12
0.0,6,0.047619047619047616,6,0.04,0.06,0.02,4,1.4,0.0,0.0,0,severity_aware_non_additive_v1,False,126,0.75,720,False,248,0.75,0,6,0,254,6,6,dry=0.06|dry_vent=0.02|dew=0.04|canopy=0.00
0.04,6,0.047619047619047616,6,0.04,0.06,0.02,4,1.4,0.0,0.0,0,severity_aware_non_additive_v1,False,126,0.75,720,False,248,0.75,0,6,0,254,6,6,dry=0.06|dry_vent=0.02|dew=0.04|canopy=0.04
0.06,21,0.16666666666666666,21,0.04,0.06,0.02,2,0.9642857142857142,1.0,0.6666666666666666,0,severity_aware_non_additive_v1,False,126,0.75,720,False,248,0.75,0,21,0,269,21,21,dry=0.06|dry_vent=0.02|dew=0.04|canopy=0.06
0.08,24,0.19047619047619047,24,0.04,0.06,0.02,2,0.8785714285714286,1.0,0.6666666666666666,0,severity_aware_non_additive_v1,False,126,0.75,720,False,248,0.75,0,24,0,272,24,24,dry=0.06|dry_vent=0.02|dew=0.04|canopy=0.08
0.1,28,0.2222222222222222,28,0.04,0.06,0.02,2,0.7642857142857142,1.0,0.6666666666666666,0,severity_aware_non_additive_v1,False,126,0.75,720,False,248,0.75,0,28,0,276,28,28,dry=0.06|dry_vent=0.02|dew=0.04|canopy=0.10
0.12,59,0.46825396825396826,59,0.04,0.06,0.02,4,1.0999999999999999,1.0,1.0,0,severity_aware_non_additive_v1,False,126,1.0,720,False,248,0.75,0,59,0,307,59,59,dry=0.06|dry_vent=0.02|dew=0.04|canopy=0.12
0.0,6,0.047619047619047616,6,0.06,0.06,0.02,4,1.4,0.0,0.0,0,severity_aware_non_additive_v1,False,126,0.75,720,False,248,0.75,0,6,0,254,6,6,dry=0.06|dry_vent=0.02|dew=0.06|canopy=0.00
0.04,6,0.047619047619047616,6,0.06,0.06,0.02,4,1.4,0.0,0.0,0,severity_aware_non_additive_v1,False,126,0.75,720,False,248,0.75,0,6,0,254,6,6,dry=0.06|dry_vent=0.02|dew=0.06|canopy=0.04
0.06,21,0.16666666666666666,21,0.06,0.06,0.02,2,0.9642857142857142,1.0,0.6666666666666666,0,severity_aware_non_additive_v1,False,126,0.75,720,False,248,0.75,0,21,0,269,21,21,dry=0.06|dry_vent=0.02|dew=0.06|canopy=0.06
0.08,24,0.19047619047619047,24,0.06,0.06,0.02,2,0.8785714285714286,1.0,0.6666666666666666,0,severity_aware_non_additive_v1,False,126,0.75,720,False,248,0.75,0,24,0,272,24,24,dry=0.06|dry_vent=0.02|dew=0.06|canopy=0.08
0.1,28,0.2222222222222222,28,0.06,0.06,0.02,2,0.7642857142857142,1.0,0.6666666666666666,0,severity_aware_non_additive_v1,False,126,0.75,720,False,248,0.75,0,28,0,276,28,28,dry=0.06|dry_vent=0.02|dew=0.06|canopy=0.10
0.12,59,0.46825396825396826,59,0.06,0.06,0.02,4,1.0999999999999999,1.0,1.0,0,severity_aware_non_additive_v1,False,126,1.0,720,False,248,0.75,0,59,0,307,59,59,dry=0.06|dry_vent=0.02|dew=0.06|canopy=0.12
0.0,21,0.16666666666666666,21,0.08,0.06,0.02,3,1.0499999999999998,0.0,0.0,0,severity_aware_non_additive_v1,False,126,0.75,720,False,248,0.375,0,21,0,269,21,21,dry=0.06|dry_vent=0.02|dew=0.08|canopy=0.00
0.04,21,0.16666666666666666,21,0.08,0.06,0.02,3,1.0499999999999998,0.0,0.0,0,severity_aware_non_additive_v1,False,126,0.75,720,False,248,0.375,0,21,0,269,21,21,dry=0.06|dry_vent=0.02|dew=0.08|canopy=0.04
0.06,36,0.2857142857142857,36,0.08,0.06,0.02,1,0.6142857142857142,1.0,0.6666666666666666,0,severity_aware_non_additive_v1,False,126,0.75,720,False,248,0.375,0,36,0,284,36,36,dry=0.06|dry_vent=0.02|dew=0.08|canopy=0.06
0.08,39,0.30952380952380953,39,0.08,0.06,0.02,1,0.5285714285714285,1.0,0.6666666666666666,0,severity_aware_non_additive_v1,False,126,0.75,720,False,248,0.375,0,39,0,287,39,39,dry=0.06|dry_vent=0.02|dew=0.08|canopy=0.08
0.1,43,0.3412698412698413,43,0.08,0.06,0.02,1,0.41428571428571426,1.0,0.6666666666666666,0,severity_aware_non_additive_v1,False,126,0.75,720,False,248,0.375,0,43,0,291,43,43,dry=0.06|dry_vent=0.02|dew=0.08|canopy=0.10
0.12,74,0.5873015873015873,74,0.08,0.06,0.02,3,0.7499999999999999,1.0,1.0,0,severity_aware_non_additive_v1,False,126,1.0,720,False,248,0.375,0,74,0,322,74,74,dry=0.06|dry_vent=0.02|dew=0.08|canopy=0.12
0.0,28,0.2222222222222222,28,0.1,0.06,0.02,3,1.0499999999999998,0.0,0.0,0,severity_aware_non_additive_v1,False,126,0.75,720,False,248,0.19999999999999996,0,28,0,276,28,28,dry=0.06|dry_vent=0.02|dew=0.10|canopy=0.00
0.04,28,0.2222222222222222,28,0.1,0.06,0.02,3,1.0499999999999998,0.0,0.0,0,severity_aware_non_additive_v1,False,126,0.75,720,False,248,0.19999999999999996,0,28,0,276,28,28,dry=0.06|dry_vent=0.02|dew=0.10|canopy=0.04
0.06,43,0.3412698412698413,43,0.1,0.06,0.02,1,0.6142857142857142,1.0,0.6666666666666666,0,severity_aware_non_additive_v1,False,126,0.75,720,False,248,0.19999999999999996,0,43,0,291,43,43,dry=0.06|dry_vent=0.02|dew=0.10|canopy=0.06
0.08,46,0.36507936507936506,46,0.1,0.06,0.02,1,0.5285714285714285,1.0,0.6666666666666666,0,severity_aware_non_additive_v1,False,126,0.75,720,False,248,0.19999999999999996,0,46,0,294,46,46,dry=0.06|dry_vent=0.02|dew=0.10|canopy=0.08
0.1,50,0.3968253968253968,50,0.1,0.06,0.02,1,0.41428571428571426,1.0,0.6666666666666666,0,severity_aware_non_additive_v1,False,126,0.75,720,False,248,0.19999999999999996,0,50,0,298,50,50,dry=0.06|dry_vent=0.02|dew=0.10|canopy=0.10
0.12,81,0.6428571428571429,81,0.1,0.06,0.02,3,0.7499999999999999,1.0,1.0,0,severity_aware_non_additive_v1,False,126,1.0,720,False,248,0.19999999999999996,0,81,0,329,81,81,dry=0.06|dry_vent=0.02|dew=0.10|canopy=0.12
0.0,46,0.36507936507936506,46,0.12,0.06,0.02,4,1.25,0.0,0.0,0,severity_aware_non_additive_v1,False,126,1.0,720,False,248,0.25,0,46,0,294,46,46,dry=0.06|dry_vent=0.02|dew=0.12|canopy=0.00
0.04,46,0.36507936507936506,46,0.12,0.06,0.02,4,1.25,0.0,0.0,0,severity_aware_non_additive_v1,False,126,1.0,720,False,248,0.25,0,46,0,294,46,46,dry=0.06|dry_vent=0.02|dew=0.12|canopy=0.04
0.06,61,0.48412698412698413,61,0.12,0.06,0.02,2,0.8142857142857142,1.0,0.6666666666666666,0,severity_aware_non_additive_v1,False,126,1.0,720,False,248,0.25,0,61,0,309,61,61,dry=0.06|dry_vent=0.02|dew=0.12|canopy=0.06
0.08,64,0.5079365079365079,64,0.12,0.06,0.02,2,0.7285714285714284,1.0,0.6666666666666666,0,severity_aware_non_additive_v1,False,126,1.0,720,False,248,0.25,0,64,0,312,64,64,dry=0.06|dry_vent=0.02|dew=0.12|canopy=0.08
0.1,68,0.5396825396825397,68,0.12,0.06,0.02,2,0.6142857142857142,1.0,0.6666666666666666,0,severity_aware_non_additive_v1,False,126,1.0,720,False,248,0.25,0,68,0,316,68,68,dry=0.06|dry_vent=0.02|dew=0.12|canopy=0.10
0.12,99,0.7857142857142857,99,0.12,0.06,0.02,4,0.9499999999999998,1.0,1.0,0,severity_aware_non_additive_v1,False,126,1.0,720,False,248,0.25,0,99,0,347,99,99,dry=0.06|dry_vent=0.02|dew=0.12|canopy=0.12
0.0,6,0.047619047619047616,6,0.0,0.06,0.04,4,1.4,0.0,0.0,0,severity_aware_non_additive_v1,False,126,0.75,720,False,248,0.75,0,6,0,254,6,6,dry=0.06|dry_vent=0.04|dew=0.00|canopy=0.00
0.04,6,0.047619047619047616,6,0.0,0.06,0.04,4,1.4,0.0,0.0,0,severity_aware_non_additive_v1,False,126,0.75,720,False,248,0.75,0,6,0,254,6,6,dry=0.06|dry_vent=0.04|dew=0.00|canopy=0.04
0.06,21,0.16666666666666666,21,0.0,0.06,0.04,2,0.9642857142857142,1.0,0.6666666666666666,0,severity_aware_non_additive_v1,False,126,0.75,720,False,248,0.75,0,21,0,269,21,21,dry=0.06|dry_vent=0.04|dew=0.00|canopy=0.06
0.08,24,0.19047619047619047,24,0.0,0.06,0.04,2,0.8785714285714286,1.0,0.6666666666666666,0,severity_aware_non_additive_v1,False,126,0.75,720,False,248,0.75,0,24,0,272,24,24,dry=0.06|dry_vent=0.04|dew=0.00|canopy=0.08
0.1,28,0.2222222222222222,28,0.0,0.06,0.04,2,0.7642857142857142,1.0,0.6666666666666666,0,severity_aware_non_additive_v1,False,126,0.75,720,False,248,0.75,0,28,0,276,28,28,dry=0.06|dry_vent=0.04|dew=0.00|canopy=0.10
0.12,59,0.46825396825396826,59,0.0,0.06,0.04,4,1.0999999999999999,1.0,1.0,0,severity_aware_non_additive_v1,False,126,1.0,720,False,248,0.75,0,59,0,307,59,59,dry=0.06|dry_vent=0.04|dew=0.00|canopy=0.12
0.0,6,0.047619047619047616,6,0.04,0.06,0.04,4,1.4,0.0,0.0,0,severity_aware_non_additive_v1,False,126,0.75,720,False,248,0.75,0,6,0,254,6,6,dry=0.06|dry_vent=0.04|dew=0.04|canopy=0.00
0.04,6,0.047619047619047616,6,0.04,0.06,0.04,4,1.4,0.0,0.0,0,severity_aware_non_additive_v1,False,126,0.75,720,False,248,0.75,0,6,0,254,6,6,dry=0.06|dry_vent=0.04|dew=0.04|canopy=0.04
0.06,21,0.16666666666666666,21,0.04,0.06,0.04,2,0.9642857142857142,1.0,0.6666666666666666,0,severity_aware_non_additive_v1,False,126,0.75,720,False,248,0.75,0,21,0,269,21,21,dry=0.06|dry_vent=0.04|dew=0.04|canopy=0.06
0.08,24,0.19047619047619047,24,0.04,0.06,0.04,2,0.8785714285714286,1.0,0.6666666666666666,0,severity_aware_non_additive_v1,False,126,0.75,720,False,248,0.75,0,24,0,272,24,24,dry=0.06|dry_vent=0.04|dew=0.04|canopy=0.08
0.1,28,0.2222222222222222,28,0.04,0.06,0.04,2,0.7642857142857142,1.0,0.6666666666666666,0,severity_aware_non_additive_v1,False,126,0.75,720,False,248,0.75,0,28,0,276,28,28,dry=0.06|dry_vent=0.04|dew=0.04|canopy=0.10
0.12,59,0.46825396825396826,59,0.04,0.06,0.04,4,1.0999999999999999,1.0,1.0,0,severity_aware_non_additive_v1,False,126,1.0,720,False,248,0.75,0,59,0,307,59,59,dry=0.06|dry_vent=0.04|dew=0.04|canopy=0.12
0.0,6,0.047619047619047616,6,0.06,0.06,0.04,4,1.4,0.0,0.0,0,severity_aware_non_additive_v1,False,126,0.75,720,False,248,0.75,0,6,0,254,6,6,dry=0.06|dry_vent=0.04|dew=0.06|canopy=0.00
0.04,6,0.047619047619047616,6,0.06,0.06,0.04,4,1.4,0.0,0.0,0,severity_aware_non_additive_v1,False,126,0.75,720,False,248,0.75,0,6,0,254,6,6,dry=0.06|dry_vent=0.04|dew=0.06|canopy=0.04
0.06,21,0.16666666666666666,21,0.06,0.06,0.04,2,0.9642857142857142,1.0,0.6666666666666666,0,severity_aware_non_additive_v1,False,126,0.75,720,False,248,0.75,0,21,0,269,21,21,dry=0.06|dry_vent=0.04|dew=0.06|canopy=0.06
0.08,24,0.19047619047619047,24,0.06,0.06,0.04,2,0.8785714285714286,1.0,0.6666666666666666,0,severity_aware_non_additive_v1,False,126,0.75,720,False,248,0.75,0,24,0,272,24,24,dry=0.06|dry_vent=0.04|dew=0.06|canopy=0.08
0.1,28,0.2222222222222222,28,0.06,0.06,0.04,2,0.7642857142857142,1.0,0.6666666666666666,0,severity_aware_non_additive_v1,False,126,0.75,720,False,248,0.75,0,28,0,276,28,28,dry=0.06|dry_vent=0.04|dew=0.06|canopy=0.10
0.12,59,0.46825396825396826,59,0.06,0.06,0.04,4,1.0999999999999999,1.0,1.0,0,severity_aware_non_additive_v1,False,126,1.0,720,False,248,0.75,0,59,0,307,59,59,dry=0.06|dry_vent=0.04|dew=0.06|canopy=0.12
0.0,21,0.16666666666666666,21,0.08,0.06,0.04,3,1.0499999999999998,0.0,0.0,0,severity_aware_non_additive_v1,False,126,0.75,720,False,248,0.375,0,21,0,269,21,21,dry=0.06|dry_vent=0.04|dew=0.08|canopy=0.00
0.04,21,0.16666666666666666,21,0.08,0.06,0.04,3,1.0499999999999998,0.0,0.0,0,severity_aware_non_additive_v1,False,126,0.75,720,False,248,0.375,0,21,0,269,21,21,dry=0.06|dry_vent=0.04|dew=0.08|canopy=0.04
0.06,36,0.2857142857142857,36,0.08,0.06,0.04,1,0.6142857142857142,1.0,0.6666666666666666,0,severity_aware_non_additive_v1,False,126,0.75,720,False,248,0.375,0,36,0,284,36,36,dry=0.06|dry_vent=0.04|dew=0.08|canopy=0.06
0.08,39,0.30952380952380953,39,0.08,0.06,0.04,1,0.5285714285714285,1.0,0.6666666666666666,0,severity_aware_non_additive_v1,False,126,0.75,720,False,248,0.375,0,39,0,287,39,39,dry=0.06|dry_vent=0.04|dew=0.08|canopy=0.08
0.1,43,0.3412698412698413,43,0.08,0.06,0.04,1,0.41428571428571426,1.0,0.6666666666666666,0,severity_aware_non_additive_v1,False,126,0.75,720,False,248,0.375,0,43,0,291,43,43,dry=0.06|dry_vent=0.04|dew=0.08|canopy=0.10
0.12,74,0.5873015873015873,74,0.08,0.06,0.04,3,0.7499999999999999,1.0,1.0,0,severity_aware_non_additive_v1,False,126,1.0,720,False,248,0.375,0,74,0,322,74,74,dry=0.06|dry_vent=0.04|dew=0.08|canopy=0.12
0.0,28,0.2222222222222222,28,0.1,0.06,0.04,3,1.0499999999999998,0.0,0.0,0,severity_aware_non_additive_v1,False,126,0.75,720,False,248,0.19999999999999996,0,28,0,276,28,28,dry=0.06|dry_vent=0.04|dew=0.10|canopy=0.00
0.04,28,0.2222222222222222,28,0.1,0.06,0.04,3,1.0499999999999998,0.0,0.0,0,severity_aware_non_additive_v1,False,126,0.75,720,False,248,0.19999999999999996,0,28,0,276,28,28,dry=0.06|dry_vent=0.04|dew=0.10|canopy=0.04
0.06,43,0.3412698412698413,43,0.1,0.06,0.04,1,0.6142857142857142,1.0,0.6666666666666666,0,severity_aware_non_additive_v1,False,126,0.75,720,False,248,0.19999999999999996,0,43,0,291,43,43,dry=0.06|dry_vent=0.04|dew=0.10|canopy=0.06
0.08,46,0.36507936507936506,46,0.1,0.06,0.04,1,0.5285714285714285,1.0,0.6666666666666666,0,severity_aware_non_additive_v1,False,126,0.75,720,False,248,0.19999999999999996,0,46,0,294,46,46,dry=0.06|dry_vent=0.04|dew=0.10|canopy=0.08
0.1,50,0.3968253968253968,50,0.1,0.06,0.04,1,0.41428571428571426,1.0,0.6666666666666666,0,severity_aware_non_additive_v1,False,126,0.75,720,False,248,0.19999999999999996,0,50,0,298,50,50,dry=0.06|dry_vent=0.04|dew=0.10|canopy=0.10
0.12,81,0.6428571428571429,81,0.1,0.06,0.04,3,0.7499999999999999,1.0,1.0,0,severity_aware_non_additive_v1,False,126,1.0,720,False,248,0.19999999999999996,0,81,0,329,81,81,dry=0.06|dry_vent=0.04|dew=0.10|canopy=0.12
0.0,46,0.36507936507936506,46,0.12,0.06,0.04,4,1.25,0.0,0.0,0,severity_aware_non_additive_v1,False,126,1.0,720,False,248,0.25,0,46,0,294,46,46,dry=0.06|dry_vent=0.04|dew=0.12|canopy=0.00
0.04,46,0.36507936507936506,46,0.12,0.06,0.04,4,1.25,0.0,0.0,0,severity_aware_non_additive_v1,False,126,1.0,720,False,248,0.25,0,46,0,294,46,46,dry=0.06|dry_vent=0.04|dew=0.12|canopy=0.04
0.06,61,0.48412698412698413,61,0.12,0.06,0.04,2,0.8142857142857142,1.0,0.6666666666666666,0,severity_aware_non_additive_v1,False,126,1.0,720,False,248,0.25,0,61,0,309,61,61,dry=0.06|dry_vent=0.04|dew=0.12|canopy=0.06
0.08,64,0.5079365079365079,64,0.12,0.06,0.04,2,0.7285714285714284,1.0,0.6666666666666666,0,severity_aware_non_additive_v1,False,126,1.0,720,False,248,0.25,0,64,0,312,64,64,dry=0.06|dry_vent=0.04|dew=0.12|canopy=0.08
0.1,68,0.5396825396825397,68,0.12,0.06,0.04,2,0.6142857142857142,1.0,0.6666666666666666,0,severity_aware_non_additive_v1,False,126,1.0,720,False,248,0.25,0,68,0,316,68,68,dry=0.06|dry_vent=0.04|dew=0.12|canopy=0.10
0.12,99,0.7857142857142857,99,0.12,0.06,0.04,4,0.9499999999999998,1.0,1.0,0,severity_aware_non_additive_v1,False,126,1.0,720,False,248,0.25,0,99,0,347,99,99,dry=0.06|dry_vent=0.04|dew=0.12|canopy=0.12
0.0,31,0.24603174603174602,31,0.0,0.06,0.06,4,1.25,1.0,1.0,0,severity_aware_non_additive_v1,False,126,1.0,720,False,248,0.75,0,31,0,279,31,31,dry=0.06|dry_vent=0.06|dew=0.00|canopy=0.00
0.04,31,0.24603174603174602,31,0.0,0.06,0.06,4,1.25,1.0,1.0,0,severity_aware_non_additive_v1,False,126,1.0,720,False,248,0.75,0,31,0,279,31,31,dry=0.06|dry_vent=0.06|dew=0.00|canopy=0.04
0.06,46,0.36507936507936506,46,0.0,0.06,0.06,2,0.8142857142857142,1.0,0.9142857142857143,0,severity_aware_non_additive_v1,False,126,1.0,720,False,248,0.75,0,46,0,294,46,46,dry=0.06|dry_vent=0.06|dew=0.00|canopy=0.06
0.08,49,0.3888888888888889,49,0.0,0.06,0.06,2,0.7285714285714284,1.0,0.8285714285714285,0,severity_aware_non_additive_v1,False,126,1.0,720,False,248,0.75,0,49,0,297,49,49,dry=0.06|dry_vent=0.06|dew=0.00|canopy=0.08
0.1,53,0.42063492063492064,53,0.0,0.06,0.06,2,0.6142857142857142,1.0,0.7142857142857143,0,severity_aware_non_additive_v1,False,126,1.0,720,False,248,0.75,0,53,0,301,53,53,dry=0.06|dry_vent=0.06|dew=0.00|canopy=0.10
0.12,84,0.6666666666666666,84,0.0,0.06,0.06,4,0.9499999999999998,0.0,0.0,0,severity_aware_non_additive_v1,False,126,1.0,720,False,248,0.75,0,84,0,332,84,84,dry=0.06|dry_vent=0.06|dew=0.00|canopy=0.12
0.0,31,0.24603174603174602,31,0.04,0.06,0.06,4,1.25,1.0,1.0,0,severity_aware_non_additive_v1,False,126,1.0,720,False,248,0.75,0,31,0,279,31,31,dry=0.06|dry_vent=0.06|dew=0.04|canopy=0.00
0.04,31,0.24603174603174602,31,0.04,0.06,0.06,4,1.25,1.0,1.0,0,severity_aware_non_additive_v1,False,126,1.0,720,False,248,0.75,0,31,0,279,31,31,dry=0.06|dry_vent=0.06|dew=0.04|canopy=0.04
0.06,46,0.36507936507936506,46,0.04,0.06,0.06,2,0.8142857142857142,1.0,0.9142857142857143,0,severity_aware_non_additive_v1,False,126,1.0,720,False,248,0.75,0,46,0,294,46,46,dry=0.06|dry_vent=0.06|dew=0.04|canopy=0.06
0.08,49,0.3888888888888889,49,0.04,0.06,0.06,2,0.7285714285714284,1.0,0.8285714285714285,0,severity_aware_non_additive_v1,False,126,1.0,720,False,248,0.75,0,49,0,297,49,49,dry=0.06|dry_vent=0.06|dew=0.04|canopy=0.08
0.1,53,0.42063492063492064,53,0.04,0.06,0.06,2,0.6142857142857142,1.0,0.7142857142857143,0,severity_aware_non_additive_v1,False,126,1.0,720,False,248,0.75,0,53,0,301,53,53,dry=0.06|dry_vent=0.06|dew=0.04|canopy=0.10
0.12,84,0.6666666666666666,84,0.04,0.06,0.06,4,0.9499999999999998,0.0,0.0,0,severity_aware_non_additive_v1,False,126,1.0,720,False,248,0.75,0,84,0,332,84,84,dry=0.06|dry_vent=0.06|dew=0.04|canopy=0.12
0.0,31,0.24603174603174602,31,0.06,0.06,0.06,4,1.25,1.0,1.0,0,severity_aware_non_additive_v1,False,126,1.0,720,False,248,0.75,0,31,0,279,31,31,dry=0.06|dry_vent=0.06|dew=0.06|canopy=0.00
0.04,31,0.24603174603174602,31,0.06,0.06,0.06,4,1.25,1.0,1.0,0,severity_aware_non_additive_v1,False,126,1.0,720,False,248,0.75,0,31,0,279,31,31,dry=0.06|dry_vent=0.06|dew=0.06|canopy=0.04
0.06,46,0.36507936507936506,46,0.06,0.06,0.06,2,0.8142857142857142,1.0,0.9142857142857143,0,severity_aware_non_additive_v1,False,126,1.0,720,False,248,0.75,0,46,0,294,46,46,dry=0.06|dry_vent=0.06|dew=0.06|canopy=0.06
0.08,49,0.3888888888888889,49,0.06,0.06,0.06,2,0.7285714285714284,1.0,0.8285714285714285,0,severity_aware_non_additive_v1,False,126,1.0,720,False,248,0.75,0,49,0,297,49,49,dry=0.06|dry_vent=0.06|dew=0.06|canopy=0.08
0.1,53,0.42063492063492064,53,0.06,0.06,0.06,2,0.6142857142857142,1.0,0.7142857142857143,0,severity_aware_non_additive_v1,False,126,1.0,720,False,248,0.75,0,53,0,301,53,53,dry=0.06|dry_vent=0.06|dew=0.06|canopy=0.10
0.12,84,0.6666666666666666,84,0.06,0.06,0.06,4,0.9499999999999998,0.0,0.0,0,severity_aware_non_additive_v1,False,126,1.0,720,False,248,0.75,0,84,0,332,84,84,dry=0.06|dry_vent=0.06|dew=0.06|canopy=0.12
0.0,46,0.36507936507936506,46,0.08,0.06,0.06,3,0.8999999999999999,1.0,1.0,0,severity_aware_non_additive_v1,False,126,1.0,720,False,248,0.375,0,46,0,294,46,46,dry=0.06|dry_vent=0.06|dew=0.08|canopy=0.00
0.04,46,0.36507936507936506,46,0.08,0.06,0.06,3,0.8999999999999999,1.0,1.0,0,severity_aware_non_additive_v1,False,126,1.0,720,False,248,0.375,0,46,0,294,46,46,dry=0.06|dry_vent=0.06|dew=0.08|canopy=0.04
0.06,61,0.48412698412698413,61,0.08,0.06,0.06,1,0.4642857142857142,1.0,0.9142857142857143,0,severity_aware_non_additive_v1,False,126,0.9142857142857143,720,False,248,0.375,0,61,0,309,61,61,dry=0.06|dry_vent=0.06|dew=0.08|canopy=0.06
0.08,64,0.5079365079365079,64,0.08,0.06,0.06,1,0.3785714285714285,1.0,0.8285714285714285,0,severity_aware_non_additive_v1,False,126,0.8285714285714285,720,False,248,0.375,0,64,0,312,64,64,dry=0.06|dry_vent=0.06|dew=0.08|canopy=0.08
0.1,68,0.5396825396825397,68,0.08,0.06,0.06,1,0.26428571428571423,1.0,0.7142857142857143,0,severity_aware_non_additive_v1,False,126,0.7142857142857143,720,False,248,0.375,0,68,0,316,68,68,dry=0.06|dry_vent=0.06|dew=0.08|canopy=0.10
0.12,99,0.7857142857142857,99,0.08,0.06,0.06,3,0.5999999999999999,0.0,0.0,0,severity_aware_non_additive_v1,False,126,0.625,720,False,248,0.375,0,99,0,347,99,99,dry=0.06|dry_vent=0.06|dew=0.08|canopy=0.12
0.0,53,0.42063492063492064,53,0.1,0.06,0.06,3,0.8999999999999999,1.0,1.0,0,severity_aware_non_additive_v1,False,126,1.0,720,False,248,0.19999999999999996,0,53,0,301,53,53,dry=0.06|dry_vent=0.06|dew=0.10|canopy=0.00
0.04,53,0.42063492063492064,53,0.1,0.06,0.06,3,0.8999999999999999,1.0,1.0,0,severity_aware_non_additive_v1,False,126,1.0,720,False,248,0.19999999999999996,0,53,0,301,53,53,dry=0.06|dry_vent=0.06|dew=0.10|canopy=0.04
0.06,68,0.5396825396825397,68,0.1,0.06,0.06,1,0.4642857142857142,1.0,0.9142857142857143,0,severity_aware_non_additive_v1,False,126,0.9142857142857143,720,False,248,0.19999999999999996,0,68,0,316,68,68,dry=0.06|dry_vent=0.06|dew=0.10|canopy=0.06
0.08,71,0.5634920634920635,71,0.1,0.06,0.06,1,0.3785714285714285,1.0,0.8285714285714285,0,severity_aware_non_additive_v1,False,126,0.8285714285714285,720,False,248,0.19999999999999996,0,71,0,319,71,71,dry=0.06|dry_vent=0.06|dew=0.10|canopy=0.08
0.1,75,0.5952380952380952,75,0.1,0.06,0.06,1,0.26428571428571423,1.0,0.7142857142857143,0,severity_aware_non_additive_v1,False,126,0.7142857142857143,720,False,248,0.19999999999999996,0,75,0,323,75,75,dry=0.06|dry_vent=0.06|dew=0.10|canopy=0.10
0.12,106,0.8412698412698413,106,0.1,0.06,0.06,3,0.5999999999999999,0.0,0.0,0,severity_aware_non_additive_v1,False,126,0.44999999999999996,720,False,248,0.19999999999999996,0,106,0,354,106,106,dry=0.06|dry_vent=0.06|dew=0.10|canopy=0.12
0.0,71,0.5634920634920635,71,0.12,0.06,0.06,4,1.0999999999999999,1.0,1.0,0,severity_aware_non_additive_v1,False,126,1.0,720,False,248,0.25,0,71,0,319,71,71,dry=0.06|dry_vent=0.06|dew=0.12|canopy=0.00
0.04,71,0.5634920634920635,71,0.12,0.06,0.06,4,1.0999999999999999,1.0,1.0,0,severity_aware_non_additive_v1,False,126,1.0,720,False,248,0.25,0,71,0,319,71,71,dry=0.06|dry_vent=0.06|dew=0.12|canopy=0.04
0.06,86,0.6825396825396826,86,0.12,0.06,0.06,2,0.6642857142857141,1.0,0.9142857142857143,0,severity_aware_non_additive_v1,False,126,0.9142857142857143,720,False,248,0.25,0,86,0,334,86,86,dry=0.06|dry_vent=0.06|dew=0.12|canopy=0.06
0.08,89,0.7063492063492064,89,0.12,0.06,0.06,2,0.5785714285714285,1.0,0.8285714285714285,0,severity_aware_non_additive_v1,False,126,0.8285714285714285,720,False,248,0.25,0,89,0,337,89,89,dry=0.06|dry_vent=0.06|dew=0.12|canopy=0.08
0.1,93,0.7380952380952381,93,0.12,0.06,0.06,2,0.4642857142857142,1.0,0.7142857142857143,0,severity_aware_non_additive_v1,False,126,0.7142857142857143,720,False,248,0.25,0,93,0,341,93,93,dry=0.06|dry_vent=0.06|dew=0.12|canopy=0.10
0.12,124,0.9841269841269841,124,0.12,0.06,0.06,4,0.7999999999999998,0.0,0.0,0,severity_aware_non_additive_v1,True,126,0.25,720,False,248,0.25,0,124,0,372,124,124,dry=0.06|dry_vent=0.06|dew=0.12|canopy=0.12
0.0,0,0.0,0,0.0,0.0,0.0,4,1.4,0.0,0.0,0,severity_aware_non_additive_v2,False,126,0.0,720,False,248,0.0,0,0,0,248,0,0,dry=0.00|dry_vent=0.00|dew=0.00|canopy=0.00
0.04,0,0.0,0,0.0,0.0,0.0,4,1.4,0.0,0.0,0,severity_aware_non_additive_v2,False,126,0.0,720,False,248,0.0,0,0,0,248,0,0,dry=0.00|dry_vent=0.00|dew=0.00|canopy=0.04
0.06,12,0.09523809523809523,12,0.0,0.0,0.0,3,1.0499999999999998,1.0,0.6666666666666666,0,severity_aware_non_additive_v2,False,126,0.6666666666666666,720,False,248,0.0,0,12,0,260,12,12,dry=0.00|dry_vent=0.00|dew=0.00|canopy=0.06
0.08,12,0.09523809523809523,12,0.0,0.0,0.0,3,1.0499999999999998,1.0,0.6666666666666666,0,severity_aware_non_additive_v2,False,126,0.6666666666666666,720,False,248,0.0,0,12,0,260,12,12,dry=0.00|dry_vent=0.00|dew=0.00|canopy=0.08
0.1,12,0.09523809523809523,12,0.0,0.0,0.0,3,1.0499999999999998,1.0,0.6666666666666666,0,severity_aware_non_additive_v2,False,126,0.6666666666666666,720,False,248,0.0,0,12,0,260,12,12,dry=0.00|dry_vent=0.00|dew=0.00|canopy=0.10
0.12,18,0.14285714285714285,18,0.0,0.0,0.0,4,1.25,1.0,1.0,0,severity_aware_non_additive_v2,False,126,1.0,720,False,248,0.0,0,18,0,266,18,18,dry=0.00|dry_vent=0.00|dew=0.00|canopy=0.12
0.0,0,0.0,0,0.04,0.0,0.0,4,1.4,0.0,0.0,0,severity_aware_non_additive_v2,False,126,0.0,720,False,248,0.0,0,0,0,248,0,0,dry=0.00|dry_vent=0.00|dew=0.04|canopy=0.00
0.04,0,0.0,0,0.04,0.0,0.0,4,1.4,0.0,0.0,0,severity_aware_non_additive_v2,False,126,0.0,720,False,248,0.0,0,0,0,248,0,0,dry=0.00|dry_vent=0.00|dew=0.04|canopy=0.04
0.06,12,0.09523809523809523,12,0.04,0.0,0.0,3,1.0499999999999998,1.0,0.6666666666666666,0,severity_aware_non_additive_v2,False,126,0.6666666666666666,720,False,248,0.0,0,12,0,260,12,12,dry=0.00|dry_vent=0.00|dew=0.04|canopy=0.06
0.08,12,0.09523809523809523,12,0.04,0.0,0.0,3,1.0499999999999998,1.0,0.6666666666666666,0,severity_aware_non_additive_v2,False,126,0.6666666666666666,720,False,248,0.0,0,12,0,260,12,12,dry=0.00|dry_vent=0.00|dew=0.04|canopy=0.08
0.1,12,0.09523809523809523,12,0.04,0.0,0.0,3,1.0499999999999998,1.0,0.6666666666666666,0,severity_aware_non_additive_v2,False,126,0.6666666666666666,720,False,248,0.0,0,12,0,260,12,12,dry=0.00|dry_vent=0.00|dew=0.04|canopy=0.10
0.12,18,0.14285714285714285,18,0.04,0.0,0.0,4,1.25,1.0,1.0,0,severity_aware_non_additive_v2,False,126,1.0,720,False,248,0.0,0,18,0,266,18,18,dry=0.00|dry_vent=0.00|dew=0.04|canopy=0.12
0.0,3,0.023809523809523808,3,0.06,0.0,0.0,3,1.3599999999999999,1.0,0.08571428571428572,0,severity_aware_non_additive_v2,False,126,0.04,720,False,248,0.0,0,3,0,251,3,3,dry=0.00|dry_vent=0.00|dew=0.06|canopy=0.00
0.04,3,0.023809523809523808,3,0.06,0.0,0.0,3,1.3599999999999999,1.0,0.08571428571428572,0,severity_aware_non_additive_v2,False,126,0.04,720,False,248,0.0,0,3,0,251,3,3,dry=0.00|dry_vent=0.00|dew=0.06|canopy=0.04
0.06,15,0.11904761904761904,15,0.06,0.0,0.0,2,1.01,1.0,0.6666666666666666,0,severity_aware_non_additive_v2,False,126,0.6666666666666666,720,False,248,0.0,0,15,0,263,15,15,dry=0.00|dry_vent=0.00|dew=0.06|canopy=0.06
0.08,15,0.11904761904761904,15,0.06,0.0,0.0,2,1.01,1.0,0.6666666666666666,0,severity_aware_non_additive_v2,False,126,0.6666666666666666,720,False,248,0.0,0,15,0,263,15,15,dry=0.00|dry_vent=0.00|dew=0.06|canopy=0.08
0.1,15,0.11904761904761904,15,0.06,0.0,0.0,2,1.01,1.0,0.6666666666666666,0,severity_aware_non_additive_v2,False,126,0.6666666666666666,720,False,248,0.0,0,15,0,263,15,15,dry=0.00|dry_vent=0.00|dew=0.06|canopy=0.10
0.12,21,0.16666666666666666,21,0.06,0.0,0.0,3,1.21,1.0,1.0,0,severity_aware_non_additive_v2,False,126,1.0,720,False,248,0.0,0,21,0,269,21,21,dry=0.00|dry_vent=0.00|dew=0.06|canopy=0.12
0.0,21,0.16666666666666666,21,0.08,0.0,0.0,3,1.1199999999999999,1.0,0.17142857142857143,0,severity_aware_non_additive_v2,False,126,0.28,720,False,248,0.375,0,21,0,269,21,21,dry=0.00|dry_vent=0.00|dew=0.08|canopy=0.00
0.04,21,0.16666666666666666,21,0.08,0.0,0.0,3,1.1199999999999999,1.0,0.17142857142857143,0,severity_aware_non_additive_v2,False,126,0.28,720,False,248,0.375,0,21,0,269,21,21,dry=0.00|dry_vent=0.00|dew=0.08|canopy=0.04
0.06,33,0.2619047619047619,33,0.08,0.0,0.0,2,0.7699999999999999,1.0,0.6666666666666666,0,severity_aware_non_additive_v2,False,126,0.6666666666666666,720,False,248,0.375,0,33,0,281,33,33,dry=0.00|dry_vent=0.00|dew=0.08|canopy=0.06
0.08,33,0.2619047619047619,33,0.08,0.0,0.0,2,0.7699999999999999,1.0,0.6666666666666666,0,severity_aware_non_additive_v2,False,126,0.6666666666666666,720,False,248,0.375,0,33,0,281,33,33,dry=0.00|dry_vent=0.00|dew=0.08|canopy=0.08
0.1,33,0.2619047619047619,33,0.08,0.0,0.0,2,0.7699999999999999,1.0,0.6666666666666666,0,severity_aware_non_additive_v2,False,126,0.6666666666666666,720,False,248,0.375,0,33,0,281,33,33,dry=0.00|dry_vent=0.00|dew=0.08|canopy=0.10
0.12,39,0.30952380952380953,39,0.08,0.0,0.0,3,0.9699999999999999,1.0,1.0,0,severity_aware_non_additive_v2,False,126,1.0,720,False,248,0.375,0,39,0,287,39,39,dry=0.00|dry_vent=0.00|dew=0.08|canopy=0.12
0.0,32,0.25396825396825395,32,0.1,0.0,0.0,3,1.0499999999999998,1.0,0.2857142857142857,0,severity_aware_non_additive_v2,False,126,0.4266666666666667,720,False,248,0.55,0,32,0,280,32,32,dry=0.00|dry_vent=0.00|dew=0.10|canopy=0.00
0.04,32,0.25396825396825395,32,0.1,0.0,0.0,3,1.0499999999999998,1.0,0.2857142857142857,0,severity_aware_non_additive_v2,False,126,0.4266666666666667,720,False,248,0.55,0,32,0,280,32,32,dry=0.00|dry_vent=0.00|dew=0.10|canopy=0.04
0.06,44,0.3492063492063492,44,0.1,0.0,0.0,2,0.7,1.0,0.6666666666666666,0,severity_aware_non_additive_v2,False,126,0.6666666666666666,720,False,248,0.55,0,44,0,292,44,44,dry=0.00|dry_vent=0.00|dew=0.10|canopy=0.06
0.08,44,0.3492063492063492,44,0.1,0.0,0.0,2,0.7,1.0,0.6666666666666666,0,severity_aware_non_additive_v2,False,126,0.6666666666666666,720,False,248,0.55,0,44,0,292,44,44,dry=0.00|dry_vent=0.00|dew=0.10|canopy=0.08
0.1,44,0.3492063492063492,44,0.1,0.0,0.0,2,0.7,1.0,0.6666666666666666,0,severity_aware_non_additive_v2,False,126,0.6666666666666666,720,False,248,0.55,0,44,0,292,44,44,dry=0.00|dry_vent=0.00|dew=0.10|canopy=0.10
0.12,50,0.3968253968253968,50,0.1,0.0,0.0,3,0.8999999999999999,1.0,1.0,0,severity_aware_non_additive_v2,False,126,1.0,720,False,248,0.55,0,50,0,298,50,50,dry=0.00|dry_vent=0.00|dew=0.10|canopy=0.12
0.0,75,0.5952380952380952,75,0.12,0.0,0.0,4,1.25,1.0,1.0,0,severity_aware_non_additive_v2,False,126,1.0,720,False,248,1.0,0,75,0,323,75,75,dry=0.00|dry_vent=0.00|dew=0.12|canopy=0.00
0.04,75,0.5952380952380952,75,0.12,0.0,0.0,4,1.25,1.0,1.0,0,severity_aware_non_additive_v2,False,126,1.0,720,False,248,1.0,0,75,0,323,75,75,dry=0.00|dry_vent=0.00|dew=0.12|canopy=0.04
0.06,87,0.6904761904761905,87,0.12,0.0,0.0,3,0.8999999999999999,1.0,1.0,0,severity_aware_non_additive_v2,False,126,1.0,720,False,248,1.0,0,87,0,335,87,87,dry=0.00|dry_vent=0.00|dew=0.12|canopy=0.06
0.08,87,0.6904761904761905,87,0.12,0.0,0.0,3,0.8999999999999999,1.0,1.0,0,severity_aware_non_additive_v2,False,126,1.0,720,False,248,1.0,0,87,0,335,87,87,dry=0.00|dry_vent=0.00|dew=0.12|canopy=0.08
0.1,87,0.6904761904761905,87,0.12,0.0,0.0,3,0.8999999999999999,1.0,1.0,0,severity_aware_non_additive_v2,False,126,1.0,720,False,248,1.0,0,87,0,335,87,87,dry=0.00|dry_vent=0.00|dew=0.12|canopy=0.10
0.12,93,0.7380952380952381,93,0.12,0.0,0.0,4,1.0999999999999999,1.0,1.0,0,severity_aware_non_additive_v2,False,126,1.0,720,False,248,1.0,0,93,0,341,93,93,dry=0.00|dry_vent=0.00|dew=0.12|canopy=0.12
0.0,0,0.0,0,0.0,0.0,0.02,4,1.4,0.0,0.0,0,severity_aware_non_additive_v2,False,126,0.0,720,False,248,0.0,0,0,0,248,0,0,dry=0.00|dry_vent=0.02|dew=0.00|canopy=0.00
0.04,0,0.0,0,0.0,0.0,0.02,4,1.4,0.0,0.0,0,severity_aware_non_additive_v2,False,126,0.0,720,False,248,0.0,0,0,0,248,0,0,dry=0.00|dry_vent=0.02|dew=0.00|canopy=0.04
0.06,12,0.09523809523809523,12,0.0,0.0,0.02,3,1.0499999999999998,1.0,0.6666666666666666,0,severity_aware_non_additive_v2,False,126,0.6666666666666666,720,False,248,0.0,0,12,0,260,12,12,dry=0.00|dry_vent=0.02|dew=0.00|canopy=0.06
0.08,12,0.09523809523809523,12,0.0,0.0,0.02,3,1.0499999999999998,1.0,0.6666666666666666,0,severity_aware_non_additive_v2,False,126,0.6666666666666666,720,False,248,0.0,0,12,0,260,12,12,dry=0.00|dry_vent=0.02|dew=0.00|canopy=0.08
0.1,12,0.09523809523809523,12,0.0,0.0,0.02,3,1.0499999999999998,1.0,0.6666666666666666,0,severity_aware_non_additive_v2,False,126,0.6666666666666666,720,False,248,0.0,0,12,0,260,12,12,dry=0.00|dry_vent=0.02|dew=0.00|canopy=0.10
0.12,18,0.14285714285714285,18,0.0,0.0,0.02,4,1.25,1.0,1.0,0,severity_aware_non_additive_v2,False,126,1.0,720,False,248,0.0,0,18,0,266,18,18,dry=0.00|dry_vent=0.02|dew=0.00|canopy=0.12
0.0,0,0.0,0,0.04,0.0,0.02,4,1.4,0.0,0.0,0,severity_aware_non_additive_v2,False,126,0.0,720,False,248,0.0,0,0,0,248,0,0,dry=0.00|dry_vent=0.02|dew=0.04|canopy=0.00
0.04,0,0.0,0,0.04,0.0,0.02,4,1.4,0.0,0.0,0,severity_aware_non_additive_v2,False,126,0.0,720,False,248,0.0,0,0,0,248,0,0,dry=0.00|dry_vent=0.02|dew=0.04|canopy=0.04
0.06,12,0.09523809523809523,12,0.04,0.0,0.02,3,1.0499999999999998,1.0,0.6666666666666666,0,severity_aware_non_additive_v2,False,126,0.6666666666666666,720,False,248,0.0,0,12,0,260,12,12,dry=0.00|dry_vent=0.02|dew=0.04|canopy=0.06
0.08,12,0.09523809523809523,12,0.04,0.0,0.02,3,1.0499999999999998,1.0,0.6666666666666666,0,severity_aware_non_additive_v2,False,126,0.6666666666666666,720,False,248,0.0,0,12,0,260,12,12,dry=0.00|dry_vent=0.02|dew=0.04|canopy=0.08
0.1,12,0.09523809523809523,12,0.04,0.0,0.02,3,1.0499999999999998,1.0,0.6666666666666666,0,severity_aware_non_additive_v2,False,126,0.6666666666666666,720,False,248,0.0,0,12,0,260,12,12,dry=0.00|dry_vent=0.02|dew=0.04|canopy=0.10
0.12,18,0.14285714285714285,18,0.04,0.0,0.02,4,1.25,1.0,1.0,0,severity_aware_non_additive_v2,False,126,1.0,720,False,248,0.0,0,18,0,266,18,18,dry=0.00|dry_vent=0.02|dew=0.04|canopy=0.12
0.0,3,0.023809523809523808,3,0.06,0.0,0.02,3,1.3599999999999999,1.0,0.08571428571428572,0,severity_aware_non_additive_v2,False,126,0.04,720,False,248,0.0,0,3,0,251,3,3,dry=0.00|dry_vent=0.02|dew=0.06|canopy=0.00
0.04,3,0.023809523809523808,3,0.06,0.0,0.02,3,1.3599999999999999,1.0,0.08571428571428572,0,severity_aware_non_additive_v2,False,126,0.04,720,False,248,0.0,0,3,0,251,3,3,dry=0.00|dry_vent=0.02|dew=0.06|canopy=0.04
0.06,15,0.11904761904761904,15,0.06,0.0,0.02,2,1.01,1.0,0.6666666666666666,0,severity_aware_non_additive_v2,False,126,0.6666666666666666,720,False,248,0.0,0,15,0,263,15,15,dry=0.00|dry_vent=0.02|dew=0.06|canopy=0.06
0.08,15,0.11904761904761904,15,0.06,0.0,0.02,2,1.01,1.0,0.6666666666666666,0,severity_aware_non_additive_v2,False,126,0.6666666666666666,720,False,248,0.0,0,15,0,263,15,15,dry=0.00|dry_vent=0.02|dew=0.06|canopy=0.08
0.1,15,0.11904761904761904,15,0.06,0.0,0.02,2,1.01,1.0,0.6666666666666666,0,severity_aware_non_additive_v2,False,126,0.6666666666666666,720,False,248,0.0,0,15,0,263,15,15,dry=0.00|dry_vent=0.02|dew=0.06|canopy=0.10
0.12,21,0.16666666666666666,21,0.06,0.0,0.02,3,1.21,1.0,1.0,0,severity_aware_non_additive_v2,False,126,1.0,720,False,248,0.0,0,21,0,269,21,21,dry=0.00|dry_vent=0.02|dew=0.06|canopy=0.12
0.0,21,0.16666666666666666,21,0.08,0.0,0.02,3,1.1199999999999999,1.0,0.17142857142857143,0,severity_aware_non_additive_v2,False,126,0.28,720,False,248,0.375,0,21,0,269,21,21,dry=0.00|dry_vent=0.02|dew=0.08|canopy=0.00
0.04,21,0.16666666666666666,21,0.08,0.0,0.02,3,1.1199999999999999,1.0,0.17142857142857143,0,severity_aware_non_additive_v2,False,126,0.28,720,False,248,0.375,0,21,0,269,21,21,dry=0.00|dry_vent=0.02|dew=0.08|canopy=0.04
0.06,33,0.2619047619047619,33,0.08,0.0,0.02,2,0.7699999999999999,1.0,0.6666666666666666,0,severity_aware_non_additive_v2,False,126,0.6666666666666666,720,False,248,0.375,0,33,0,281,33,33,dry=0.00|dry_vent=0.02|dew=0.08|canopy=0.06
0.08,33,0.2619047619047619,33,0.08,0.0,0.02,2,0.7699999999999999,1.0,0.6666666666666666,0,severity_aware_non_additive_v2,False,126,0.6666666666666666,720,False,248,0.375,0,33,0,281,33,33,dry=0.00|dry_vent=0.02|dew=0.08|canopy=0.08
0.1,33,0.2619047619047619,33,0.08,0.0,0.02,2,0.7699999999999999,1.0,0.6666666666666666,0,severity_aware_non_additive_v2,False,126,0.6666666666666666,720,False,248,0.375,0,33,0,281,33,33,dry=0.00|dry_vent=0.02|dew=0.08|canopy=0.10
0.12,39,0.30952380952380953,39,0.08,0.0,0.02,3,0.9699999999999999,1.0,1.0,0,severity_aware_non_additive_v2,False,126,1.0,720,False,248,0.375,0,39,0,287,39,39,dry=0.00|dry_vent=0.02|dew=0.08|canopy=0.12
0.0,32,0.25396825396825395,32,0.1,0.0,0.02,3,1.0499999999999998,1.0,0.2857142857142857,0,severity_aware_non_additive_v2,False,126,0.4266666666666667,720,False,248,0.55,0,32,0,280,32,32,dry=0.00|dry_vent=0.02|dew=0.10|canopy=0.00
0.04,32,0.25396825396825395,32,0.1,0.0,0.02,3,1.0499999999999998,1.0,0.2857142857142857,0,severity_aware_non_additive_v2,False,126,0.4266666666666667,720,False,248,0.55,0,32,0,280,32,32,dry=0.00|dry_vent=0.02|dew=0.10|canopy=0.04
0.06,44,0.3492063492063492,44,0.1,0.0,0.02,2,0.7,1.0,0.6666666666666666,0,severity_aware_non_additive_v2,False,126,0.6666666666666666,720,False,248,0.55,0,44,0,292,44,44,dry=0.00|dry_vent=0.02|dew=0.10|canopy=0.06
0.08,44,0.3492063492063492,44,0.1,0.0,0.02,2,0.7,1.0,0.6666666666666666,0,severity_aware_non_additive_v2,False,126,0.6666666666666666,720,False,248,0.55,0,44,0,292,44,44,dry=0.00|dry_vent=0.02|dew=0.10|canopy=0.08
0.1,44,0.3492063492063492,44,0.1,0.0,0.02,2,0.7,1.0,0.6666666666666666,0,severity_aware_non_additive_v2,False,126,0.6666666666666666,720,False,248,0.55,0,44,0,292,44,44,dry=0.00|dry_vent=0.02|dew=0.10|canopy=0.10
0.12,50,0.3968253968253968,50,0.1,0.0,0.02,3,0.8999999999999999,1.0,1.0,0,severity_aware_non_additive_v2,False,126,1.0,720,False,248,0.55,0,50,0,298,50,50,dry=0.00|dry_vent=0.02|dew=0.10|canopy=0.12
0.0,75,0.5952380952380952,75,0.12,0.0,0.02,4,1.25,1.0,1.0,0,severity_aware_non_additive_v2,False,126,1.0,720,False,248,1.0,0,75,0,323,75,75,dry=0.00|dry_vent=0.02|dew=0.12|canopy=0.00
0.04,75,0.5952380952380952,75,0.12,0.0,0.02,4,1.25,1.0,1.0,0,severity_aware_non_additive_v2,False,126,1.0,720,False,248,1.0,0,75,0,323,75,75,dry=0.00|dry_vent=0.02|dew=0.12|canopy=0.04
0.06,87,0.6904761904761905,87,0.12,0.0,0.02,3,0.8999999999999999,1.0,1.0,0,severity_aware_non_additive_v2,False,126,1.0,720,False,248,1.0,0,87,0,335,87,87,dry=0.00|dry_vent=0.02|dew=0.12|canopy=0.06
0.08,87,0.6904761904761905,87,0.12,0.0,0.02,3,0.8999999999999999,1.0,1.0,0,severity_aware_non_additive_v2,False,126,1.0,720,False,248,1.0,0,87,0,335,87,87,dry=0.00|dry_vent=0.02|dew=0.12|canopy=0.08
0.1,87,0.6904761904761905,87,0.12,0.0,0.02,3,0.8999999999999999,1.0,1.0,0,severity_aware_non_additive_v2,False,126,1.0,720,False,248,1.0,0,87,0,335,87,87,dry=0.00|dry_vent=0.02|dew=0.12|canopy=0.10
0.12,93,0.7380952380952381,93,0.12,0.0,0.02,4,1.0999999999999999,1.0,1.0,0,severity_aware_non_additive_v2,False,126,1.0,720,False,248,1.0,0,93,0,341,93,93,dry=0.00|dry_vent=0.02|dew=0.12|canopy=0.12
0.0,0,0.0,0,0.0,0.0,0.04,4,1.4,0.0,0.0,0,severity_aware_non_additive_v2,False,126,0.0,720,False,248,0.0,0,0,0,248,0,0,dry=0.00|dry_vent=0.04|dew=0.00|canopy=0.00
0.04,0,0.0,0,0.0,0.0,0.04,4,1.4,0.0,0.0,0,severity_aware_non_additive_v2,False,126,0.0,720,False,248,0.0,0,0,0,248,0,0,dry=0.00|dry_vent=0.04|dew=0.00|canopy=0.04
0.06,12,0.09523809523809523,12,0.0,0.0,0.04,3,1.0499999999999998,1.0,0.6666666666666666,0,severity_aware_non_additive_v2,False,126,0.6666666666666666,720,False,248,0.0,0,12,0,260,12,12,dry=0.00|dry_vent=0.04|dew=0.00|canopy=0.06
0.08,12,0.09523809523809523,12,0.0,0.0,0.04,3,1.0499999999999998,1.0,0.6666666666666666,0,severity_aware_non_additive_v2,False,126,0.6666666666666666,720,False,248,0.0,0,12,0,260,12,12,dry=0.00|dry_vent=0.04|dew=0.00|canopy=0.08
0.1,12,0.09523809523809523,12,0.0,0.0,0.04,3,1.0499999999999998,1.0,0.6666666666666666,0,severity_aware_non_additive_v2,False,126,0.6666666666666666,720,False,248,0.0,0,12,0,260,12,12,dry=0.00|dry_vent=0.04|dew=0.00|canopy=0.10
0.12,18,0.14285714285714285,18,0.0,0.0,0.04,4,1.25,1.0,1.0,0,severity_aware_non_additive_v2,False,126,1.0,720,False,248,0.0,0,18,0,266,18,18,dry=0.00|dry_vent=0.04|dew=0.00|canopy=0.12
0.0,0,0.0,0,0.04,0.0,0.04,4,1.4,0.0,0.0,0,severity_aware_non_additive_v2,False,126,0.0,720,False,248,0.0,0,0,0,248,0,0,dry=0.00|dry_vent=0.04|dew=0.04|canopy=0.00
0.04,0,0.0,0,0.04,0.0,0.04,4,1.4,0.0,0.0,0,severity_aware_non_additive_v2,False,126,0.0,720,False,248,0.0,0,0,0,248,0,0,dry=0.00|dry_vent=0.04|dew=0.04|canopy=0.04
0.06,12,0.09523809523809523,12,0.04,0.0,0.04,3,1.0499999999999998,1.0,0.6666666666666666,0,severity_aware_non_additive_v2,False,126,0.6666666666666666,720,False,248,0.0,0,12,0,260,12,12,dry=0.00|dry_vent=0.04|dew=0.04|canopy=0.06
0.08,12,0.09523809523809523,12,0.04,0.0,0.04,3,1.0499999999999998,1.0,0.6666666666666666,0,severity_aware_non_additive_v2,False,126,0.6666666666666666,720,False,248,0.0,0,12,0,260,12,12,dry=0.00|dry_vent=0.04|dew=0.04|canopy=0.08
0.1,12,0.09523809523809523,12,0.04,0.0,0.04,3,1.0499999999999998,1.0,0.6666666666666666,0,severity_aware_non_additive_v2,False,126,0.6666666666666666,720,False,248,0.0,0,12,0,260,12,12,dry=0.00|dry_vent=0.04|dew=0.04|canopy=0.10
0.12,18,0.14285714285714285,18,0.04,0.0,0.04,4,1.25,1.0,1.0,0,severity_aware_non_additive_v2,False,126,1.0,720,False,248,0.0,0,18,0,266,18,18,dry=0.00|dry_vent=0.04|dew=0.04|canopy=0.12
0.0,3,0.023809523809523808,3,0.06,0.0,0.04,3,1.3599999999999999,1.0,0.08571428571428572,0,severity_aware_non_additive_v2,False,126,0.04,720,False,248,0.0,0,3,0,251,3,3,dry=0.00|dry_vent=0.04|dew=0.06|canopy=0.00
0.04,3,0.023809523809523808,3,0.06,0.0,0.04,3,1.3599999999999999,1.0,0.08571428571428572,0,severity_aware_non_additive_v2,False,126,0.04,720,False,248,0.0,0,3,0,251,3,3,dry=0.00|dry_vent=0.04|dew=0.06|canopy=0.04
0.06,15,0.11904761904761904,15,0.06,0.0,0.04,2,1.01,1.0,0.6666666666666666,0,severity_aware_non_additive_v2,False,126,0.6666666666666666,720,False,248,0.0,0,15,0,263,15,15,dry=0.00|dry_vent=0.04|dew=0.06|canopy=0.06
0.08,15,0.11904761904761904,15,0.06,0.0,0.04,2,1.01,1.0,0.6666666666666666,0,severity_aware_non_additive_v2,False,126,0.6666666666666666,720,False,248,0.0,0,15,0,263,15,15,dry=0.00|dry_vent=0.04|dew=0.06|canopy=0.08
0.1,15,0.11904761904761904,15,0.06,0.0,0.04,2,1.01,1.0,0.6666666666666666,0,severity_aware_non_additive_v2,False,126,0.6666666666666666,720,False,248,0.0,0,15,0,263,15,15,dry=0.00|dry_vent=0.04|dew=0.06|canopy=0.10
0.12,21,0.16666666666666666,21,0.06,0.0,0.04,3,1.21,1.0,1.0,0,severity_aware_non_additive_v2,False,126,1.0,720,False,248,0.0,0,21,0,269,21,21,dry=0.00|dry_vent=0.04|dew=0.06|canopy=0.12
0.0,21,0.16666666666666666,21,0.08,0.0,0.04,3,1.1199999999999999,1.0,0.17142857142857143,0,severity_aware_non_additive_v2,False,126,0.28,720,False,248,0.375,0,21,0,269,21,21,dry=0.00|dry_vent=0.04|dew=0.08|canopy=0.00
0.04,21,0.16666666666666666,21,0.08,0.0,0.04,3,1.1199999999999999,1.0,0.17142857142857143,0,severity_aware_non_additive_v2,False,126,0.28,720,False,248,0.375,0,21,0,269,21,21,dry=0.00|dry_vent=0.04|dew=0.08|canopy=0.04
0.06,33,0.2619047619047619,33,0.08,0.0,0.04,2,0.7699999999999999,1.0,0.6666666666666666,0,severity_aware_non_additive_v2,False,126,0.6666666666666666,720,False,248,0.375,0,33,0,281,33,33,dry=0.00|dry_vent=0.04|dew=0.08|canopy=0.06
0.08,33,0.2619047619047619,33,0.08,0.0,0.04,2,0.7699999999999999,1.0,0.6666666666666666,0,severity_aware_non_additive_v2,False,126,0.6666666666666666,720,False,248,0.375,0,33,0,281,33,33,dry=0.00|dry_vent=0.04|dew=0.08|canopy=0.08
0.1,33,0.2619047619047619,33,0.08,0.0,0.04,2,0.7699999999999999,1.0,0.6666666666666666,0,severity_aware_non_additive_v2,False,126,0.6666666666666666,720,False,248,0.375,0,33,0,281,33,33,dry=0.00|dry_vent=0.04|dew=0.08|canopy=0.10
0.12,39,0.30952380952380953,39,0.08,0.0,0.04,3,0.9699999999999999,1.0,1.0,0,severity_aware_non_additive_v2,False,126,1.0,720,False,248,0.375,0,39,0,287,39,39,dry=0.00|dry_vent=0.04|dew=0.08|canopy=0.12
0.0,32,0.25396825396825395,32,0.1,0.0,0.04,3,1.0499999999999998,1.0,0.2857142857142857,0,severity_aware_non_additive_v2,False,126,0.4266666666666667,720,False,248,0.55,0,32,0,280,32,32,dry=0.00|dry_vent=0.04|dew=0.10|canopy=0.00
0.04,32,0.25396825396825395,32,0.1,0.0,0.04,3,1.0499999999999998,1.0,0.2857142857142857,0,severity_aware_non_additive_v2,False,126,0.4266666666666667,720,False,248,0.55,0,32,0,280,32,32,dry=0.00|dry_vent=0.04|dew=0.10|canopy=0.04
0.06,44,0.3492063492063492,44,0.1,0.0,0.04,2,0.7,1.0,0.6666666666666666,0,severity_aware_non_additive_v2,False,126,0.6666666666666666,720,False,248,0.55,0,44,0,292,44,44,dry=0.00|dry_vent=0.04|dew=0.10|canopy=0.06
0.08,44,0.3492063492063492,44,0.1,0.0,0.04,2,0.7,1.0,0.6666666666666666,0,severity_aware_non_additive_v2,False,126,0.6666666666666666,720,False,248,0.55,0,44,0,292,44,44,dry=0.00|dry_vent=0.04|dew=0.10|canopy=0.08
0.1,44,0.3492063492063492,44,0.1,0.0,0.04,2,0.7,1.0,0.6666666666666666,0,severity_aware_non_additive_v2,False,126,0.6666666666666666,720,False,248,0.55,0,44,0,292,44,44,dry=0.00|dry_vent=0.04|dew=0.10|canopy=0.10
0.12,50,0.3968253968253968,50,0.1,0.0,0.04,3,0.8999999999999999,1.0,1.0,0,severity_aware_non_additive_v2,False,126,1.0,720,False,248,0.55,0,50,0,298,50,50,dry=0.00|dry_vent=0.04|dew=0.10|canopy=0.12
0.0,75,0.5952380952380952,75,0.12,0.0,0.04,4,1.25,1.0,1.0,0,severity_aware_non_additive_v2,False,126,1.0,720,False,248,1.0,0,75,0,323,75,75,dry=0.00|dry_vent=0.04|dew=0.12|canopy=0.00
0.04,75,0.5952380952380952,75,0.12,0.0,0.04,4,1.25,1.0,1.0,0,severity_aware_non_additive_v2,False,126,1.0,720,False,248,1.0,0,75,0,323,75,75,dry=0.00|dry_vent=0.04|dew=0.12|canopy=0.04
0.06,87,0.6904761904761905,87,0.12,0.0,0.04,3,0.8999999999999999,1.0,1.0,0,severity_aware_non_additive_v2,False,126,1.0,720,False,248,1.0,0,87,0,335,87,87,dry=0.00|dry_vent=0.04|dew=0.12|canopy=0.06
0.08,87,0.6904761904761905,87,0.12,0.0,0.04,3,0.8999999999999999,1.0,1.0,0,severity_aware_non_additive_v2,False,126,1.0,720,False,248,1.0,0,87,0,335,87,87,dry=0.00|dry_vent=0.04|dew=0.12|canopy=0.08
0.1,87,0.6904761904761905,87,0.12,0.0,0.04,3,0.8999999999999999,1.0,1.0,0,severity_aware_non_additive_v2,False,126,1.0,720,False,248,1.0,0,87,0,335,87,87,dry=0.00|dry_vent=0.04|dew=0.12|canopy=0.10
0.12,93,0.7380952380952381,93,0.12,0.0,0.04,4,1.0999999999999999,1.0,1.0,0,severity_aware_non_additive_v2,False,126,1.0,720,False,248,1.0,0,93,0,341,93,93,dry=0.00|dry_vent=0.04|dew=0.12|canopy=0.12
0.0,25,0.1984126984126984,25,0.0,0.0,0.06,4,1.25,1.0,1.0,0,severity_aware_non_additive_v2,False,126,1.0,720,False,248,0.0,0,25,0,273,25,25,dry=0.00|dry_vent=0.06|dew=0.00|canopy=0.00
0.04,25,0.1984126984126984,25,0.0,0.0,0.06,4,1.25,1.0,1.0,0,severity_aware_non_additive_v2,False,126,1.0,720,False,248,0.0,0,25,0,273,25,25,dry=0.00|dry_vent=0.06|dew=0.00|canopy=0.04
0.06,37,0.29365079365079366,37,0.0,0.0,0.06,3,0.8999999999999999,1.0,1.0,0,severity_aware_non_additive_v2,False,126,1.0,720,False,248,0.0,0,37,0,285,37,37,dry=0.00|dry_vent=0.06|dew=0.00|canopy=0.06
0.08,37,0.29365079365079366,37,0.0,0.0,0.06,3,0.8999999999999999,1.0,1.0,0,severity_aware_non_additive_v2,False,126,1.0,720,False,248,0.0,0,37,0,285,37,37,dry=0.00|dry_vent=0.06|dew=0.00|canopy=0.08
0.1,37,0.29365079365079366,37,0.0,0.0,0.06,3,0.8999999999999999,1.0,1.0,0,severity_aware_non_additive_v2,False,126,1.0,720,False,248,0.0,0,37,0,285,37,37,dry=0.00|dry_vent=0.06|dew=0.00|canopy=0.10
0.12,43,0.3412698412698413,43,0.0,0.0,0.06,4,1.0999999999999999,1.0,1.0,0,severity_aware_non_additive_v2,False,126,1.0,720,False,248,0.0,0,43,0,291,43,43,dry=0.00|dry_vent=0.06|dew=0.00|canopy=0.12
0.0,25,0.1984126984126984,25,0.04,0.0,0.06,4,1.25,1.0,1.0,0,severity_aware_non_additive_v2,False,126,1.0,720,False,248,0.0,0,25,0,273,25,25,dry=0.00|dry_vent=0.06|dew=0.04|canopy=0.00
0.04,25,0.1984126984126984,25,0.04,0.0,0.06,4,1.25,1.0,1.0,0,severity_aware_non_additive_v2,False,126,1.0,720,False,248,0.0,0,25,0,273,25,25,dry=0.00|dry_vent=0.06|dew=0.04|canopy=0.04
0.06,37,0.29365079365079366,37,0.04,0.0,0.06,3,0.8999999999999999,1.0,1.0,0,severity_aware_non_additive_v2,False,126,1.0,720,False,248,0.0,0,37,0,285,37,37,dry=0.00|dry_vent=0.06|dew=0.04|canopy=0.06
0.08,37,0.29365079365079366,37,0.04,0.0,0.06,3,0.8999999999999999,1.0,1.0,0,severity_aware_non_additive_v2,False,126,1.0,720,False,248,0.0,0,37,0,285,37,37,dry=0.00|dry_vent=0.06|dew=0.04|canopy=0.08
0.1,37,0.29365079365079366,37,0.04,0.0,0.06,3,0.8999999999999999,1.0,1.0,0,severity_aware_non_additive_v2,False,126,1.0,720,False,248,0.0,0,37,0,285,37,37,dry=0.00|dry_vent=0.06|dew=0.04|canopy=0.10
0.12,43,0.3412698412698413,43,0.04,0.0,0.06,4,1.0999999999999999,1.0,1.0,0,severity_aware_non_additive_v2,False,126,1.0,720,False,248,0.0,0,43,0,291,43,43,dry=0.00|dry_vent=0.06|dew=0.04|canopy=0.12
0.0,28,0.2222222222222222,28,0.06,0.0,0.06,3,1.21,1.0,1.0,0,severity_aware_non_additive_v2,False,126,1.0,720,False,248,0.0,0,28,0,276,28,28,dry=0.00|dry_vent=0.06|dew=0.06|canopy=0.00
0.04,28,0.2222222222222222,28,0.06,0.0,0.06,3,1.21,1.0,1.0,0,severity_aware_non_additive_v2,False,126,1.0,720,False,248,0.0,0,28,0,276,28,28,dry=0.00|dry_vent=0.06|dew=0.06|canopy=0.04
0.06,40,0.31746031746031744,40,0.06,0.0,0.06,2,0.8599999999999999,1.0,0.9142857142857143,0,severity_aware_non_additive_v2,False,126,1.0,720,False,248,0.0,0,40,0,288,40,40,dry=0.00|dry_vent=0.06|dew=0.06|canopy=0.06
0.08,40,0.31746031746031744,40,0.06,0.0,0.06,2,0.8599999999999999,1.0,0.9142857142857143,0,severity_aware_non_additive_v2,False,126,1.0,720,False,248,0.0,0,40,0,288,40,40,dry=0.00|dry_vent=0.06|dew=0.06|canopy=0.08
0.1,40,0.31746031746031744,40,0.06,0.0,0.06,2,0.8599999999999999,1.0,0.9142857142857143,0,severity_aware_non_additive_v2,False,126,1.0,720,False,248,0.0,0,40,0,288,40,40,dry=0.00|dry_vent=0.06|dew=0.06|canopy=0.10
0.12,46,0.36507936507936506,46,0.06,0.0,0.06,3,1.0599999999999998,1.0,0.9142857142857143,0,severity_aware_non_additive_v2,False,126,1.0,720,False,248,0.0,0,46,0,294,46,46,dry=0.00|dry_vent=0.06|dew=0.06|canopy=0.12
0.0,46,0.36507936507936506,46,0.08,0.0,0.06,3,0.9699999999999999,1.0,1.0,0,severity_aware_non_additive_v2,False,126,1.0,720,False,248,0.375,0,46,0,294,46,46,dry=0.00|dry_vent=0.06|dew=0.08|canopy=0.00
0.04,46,0.36507936507936506,46,0.08,0.0,0.06,3,0.9699999999999999,1.0,1.0,0,severity_aware_non_additive_v2,False,126,1.0,720,False,248,0.375,0,46,0,294,46,46,dry=0.00|dry_vent=0.06|dew=0.08|canopy=0.04
0.06,58,0.4603174603174603,58,0.08,0.0,0.06,2,0.6199999999999999,1.0,0.8285714285714285,0,severity_aware_non_additive_v2,False,126,1.0,720,False,248,0.375,0,58,0,306,58,58,dry=0.00|dry_vent=0.06|dew=0.08|canopy=0.06
0.08,58,0.4603174603174603,58,0.08,0.0,0.06,2,0.6199999999999999,1.0,0.8285714285714285,0,severity_aware_non_additive_v2,False,126,1.0,720,False,248,0.375,0,58,0,306,58,58,dry=0.00|dry_vent=0.06|dew=0.08|canopy=0.08
0.1,58,0.4603174603174603,58,0.08,0.0,0.06,2,0.6199999999999999,1.0,0.8285714285714285,0,severity_aware_non_additive_v2,False,126,1.0,720,False,248,0.375,0,58,0,306,58,58,dry=0.00|dry_vent=0.06|dew=0.08|canopy=0.10
0.12,64,0.5079365079365079,64,0.08,0.0,0.06,3,0.8199999999999998,0.90625,0.8285714285714285,0,severity_aware_non_additive_v2,False,126,1.0,720,False,248,0.375,0,64,0,312,64,64,dry=0.00|dry_vent=0.06|dew=0.08|canopy=0.12
0.0,57,0.4523809523809524,57,0.1,0.0,0.06,3,0.8999999999999999,1.0,1.0,0,severity_aware_non_additive_v2,False,126,1.0,720,False,248,0.55,0,57,0,305,57,57,dry=0.00|dry_vent=0.06|dew=0.10|canopy=0.00
0.04,57,0.4523809523809524,57,0.1,0.0,0.06,3,0.8999999999999999,1.0,1.0,0,severity_aware_non_additive_v2,False,126,1.0,720,False,248,0.55,0,57,0,305,57,57,dry=0.00|dry_vent=0.06|dew=0.10|canopy=0.04
0.06,69,0.5476190476190477,69,0.1,0.0,0.06,2,0.5499999999999999,1.0,0.7142857142857143,0,severity_aware_non_additive_v2,False,126,1.0,720,False,248,0.55,0,69,0,317,69,69,dry=0.00|dry_vent=0.06|dew=0.10|canopy=0.06
0.08,69,0.5476190476190477,69,0.1,0.0,0.06,2,0.5499999999999999,1.0,0.7142857142857143,0,severity_aware_non_additive_v2,False,126,1.0,720,False,248,0.55,0,69,0,317,69,69,dry=0.00|dry_vent=0.06|dew=0.10|canopy=0.08
0.1,69,0.5476190476190477,69,0.1,0.0,0.06,2,0.5499999999999999,1.0,0.7142857142857143,0,severity_aware_non_additive_v2,False,126,1.0,720,False,248,0.55,0,69,0,317,69,69,dry=0.00|dry_vent=0.06|dew=0.10|canopy=0.10
0.12,75,0.5952380952380952,75,0.1,0.0,0.06,3,0.7499999999999999,0.78125,0.7142857142857143,0,severity_aware_non_additive_v2,False,126,1.0,720,False,248,0.55,0,75,0,323,75,75,dry=0.00|dry_vent=0.06|dew=0.10|canopy=0.12
0.0,100,0.7936507936507936,100,0.12,0.0,0.06,4,1.0999999999999999,1.0,1.0,0,severity_aware_non_additive_v2,False,126,1.0,720,False,248,1.0,0,100,0,348,100,100,dry=0.00|dry_vent=0.06|dew=0.12|canopy=0.00
0.04,100,0.7936507936507936,100,0.12,0.0,0.06,4,1.0999999999999999,1.0,1.0,0,severity_aware_non_additive_v2,False,126,1.0,720,False,248,1.0,0,100,0,348,100,100,dry=0.00|dry_vent=0.06|dew=0.12|canopy=0.04
0.06,112,0.8888888888888888,112,0.12,0.0,0.06,3,0.7499999999999999,1.0,0.33333333333333337,0,severity_aware_non_additive_v2,True,126,1.0,720,False,248,1.0,0,112,0,360,112,112,dry=0.00|dry_vent=0.06|dew=0.12|canopy=0.06
0.08,112,0.8888888888888888,112,0.12,0.0,0.06,3,0.7499999999999999,1.0,0.33333333333333337,0,severity_aware_non_additive_v2,True,126,1.0,720,False,248,1.0,0,112,0,360,112,112,dry=0.00|dry_vent=0.06|dew=0.12|canopy=0.08
0.1,112,0.8888888888888888,112,0.12,0.0,0.06,3,0.7499999999999999,1.0,0.33333333333333337,0,severity_aware_non_additive_v2,True,126,1.0,720,False,248,1.0,0,112,0,360,112,112,dry=0.00|dry_vent=0.06|dew=0.12|canopy=0.10
0.12,118,0.9365079365079365,118,0.12,0.0,0.06,4,0.9499999999999998,0.0,0.0,0,severity_aware_non_additive_v2,True,126,1.0,720,False,248,1.0,0,118,0,366,118,118,dry=0.00|dry_vent=0.06|dew=0.12|canopy=0.12
0.0,0,0.0,0,0.0,0.02,0.0,4,1.4,0.0,0.0,0,severity_aware_non_additive_v2,False,126,0.0,720,False,248,0.0,0,0,0,248,0,0,dry=0.02|dry_vent=0.00|dew=0.00|canopy=0.00
0.04,0,0.0,0,0.0,0.02,0.0,4,1.4,0.0,0.0,0,severity_aware_non_additive_v2,False,126,0.0,720,False,248,0.0,0,0,0,248,0,0,dry=0.02|dry_vent=0.00|dew=0.00|canopy=0.04
0.06,12,0.09523809523809523,12,0.0,0.02,0.0,3,1.0499999999999998,1.0,0.6666666666666666,0,severity_aware_non_additive_v2,False,126,0.6666666666666666,720,False,248,0.0,0,12,0,260,12,12,dry=0.02|dry_vent=0.00|dew=0.00|canopy=0.06
0.08,12,0.09523809523809523,12,0.0,0.02,0.0,3,1.0499999999999998,1.0,0.6666666666666666,0,severity_aware_non_additive_v2,False,126,0.6666666666666666,720,False,248,0.0,0,12,0,260,12,12,dry=0.02|dry_vent=0.00|dew=0.00|canopy=0.08
0.1,12,0.09523809523809523,12,0.0,0.02,0.0,3,1.0499999999999998,1.0,0.6666666666666666,0,severity_aware_non_additive_v2,False,126,0.6666666666666666,720,False,248,0.0,0,12,0,260,12,12,dry=0.02|dry_vent=0.00|dew=0.00|canopy=0.10
0.12,18,0.14285714285714285,18,0.0,0.02,0.0,4,1.25,1.0,1.0,0,severity_aware_non_additive_v2,False,126,1.0,720,False,248,0.0,0,18,0,266,18,18,dry=0.02|dry_vent=0.00|dew=0.00|canopy=0.12
0.0,0,0.0,0,0.04,0.02,0.0,4,1.4,0.0,0.0,0,severity_aware_non_additive_v2,False,126,0.0,720,False,248,0.0,0,0,0,248,0,0,dry=0.02|dry_vent=0.00|dew=0.04|canopy=0.00
0.04,0,0.0,0,0.04,0.02,0.0,4,1.4,0.0,0.0,0,severity_aware_non_additive_v2,False,126,0.0,720,False,248,0.0,0,0,0,248,0,0,dry=0.02|dry_vent=0.00|dew=0.04|canopy=0.04
0.06,12,0.09523809523809523,12,0.04,0.02,0.0,3,1.0499999999999998,1.0,0.6666666666666666,0,severity_aware_non_additive_v2,False,126,0.6666666666666666,720,False,248,0.0,0,12,0,260,12,12,dry=0.02|dry_vent=0.00|dew=0.04|canopy=0.06
0.08,12,0.09523809523809523,12,0.04,0.02,0.0,3,1.0499999999999998,1.0,0.6666666666666666,0,severity_aware_non_additive_v2,False,126,0.6666666666666666,720,False,248,0.0,0,12,0,260,12,12,dry=0.02|dry_vent=0.00|dew=0.04|canopy=0.08
0.1,12,0.09523809523809523,12,0.04,0.02,0.0,3,1.0499999999999998,1.0,0.6666666666666666,0,severity_aware_non_additive_v2,False,126,0.6666666666666666,720,False,248,0.0,0,12,0,260,12,12,dry=0.02|dry_vent=0.00|dew=0.04|canopy=0.10
0.12,18,0.14285714285714285,18,0.04,0.02,0.0,4,1.25,1.0,1.0,0,severity_aware_non_additive_v2,False,126,1.0,720,False,248,0.0,0,18,0,266,18,18,dry=0.02|dry_vent=0.00|dew=0.04|canopy=0.12
0.0,3,0.023809523809523808,3,0.06,0.02,0.0,3,1.3599999999999999,1.0,0.08571428571428572,0,severity_aware_non_additive_v2,False,126,0.04,720,False,248,0.0,0,3,0,251,3,3,dry=0.02|dry_vent=0.00|dew=0.06|canopy=0.00
0.04,3,0.023809523809523808,3,0.06,0.02,0.0,3,1.3599999999999999,1.0,0.08571428571428572,0,severity_aware_non_additive_v2,False,126,0.04,720,False,248,0.0,0,3,0,251,3,3,dry=0.02|dry_vent=0.00|dew=0.06|canopy=0.04
0.06,15,0.11904761904761904,15,0.06,0.02,0.0,2,1.01,1.0,0.6666666666666666,0,severity_aware_non_additive_v2,False,126,0.6666666666666666,720,False,248,0.0,0,15,0,263,15,15,dry=0.02|dry_vent=0.00|dew=0.06|canopy=0.06
0.08,15,0.11904761904761904,15,0.06,0.02,0.0,2,1.01,1.0,0.6666666666666666,0,severity_aware_non_additive_v2,False,126,0.6666666666666666,720,False,248,0.0,0,15,0,263,15,15,dry=0.02|dry_vent=0.00|dew=0.06|canopy=0.08
0.1,15,0.11904761904761904,15,0.06,0.02,0.0,2,1.01,1.0,0.6666666666666666,0,severity_aware_non_additive_v2,False,126,0.6666666666666666,720,False,248,0.0,0,15,0,263,15,15,dry=0.02|dry_vent=0.00|dew=0.06|canopy=0.10
0.12,21,0.16666666666666666,21,0.06,0.02,0.0,3,1.21,1.0,1.0,0,severity_aware_non_additive_v2,False,126,1.0,720,False,248,0.0,0,21,0,269,21,21,dry=0.02|dry_vent=0.00|dew=0.06|canopy=0.12
0.0,21,0.16666666666666666,21,0.08,0.02,0.0,3,1.1199999999999999,1.0,0.17142857142857143,0,severity_aware_non_additive_v2,False,126,0.28,720,False,248,0.375,0,21,0,269,21,21,dry=0.02|dry_vent=0.00|dew=0.08|canopy=0.00
0.04,21,0.16666666666666666,21,0.08,0.02,0.0,3,1.1199999999999999,1.0,0.17142857142857143,0,severity_aware_non_additive_v2,False,126,0.28,720,False,248,0.375,0,21,0,269,21,21,dry=0.02|dry_vent=0.00|dew=0.08|canopy=0.04
0.06,33,0.2619047619047619,33,0.08,0.02,0.0,2,0.7699999999999999,1.0,0.6666666666666666,0,severity_aware_non_additive_v2,False,126,0.6666666666666666,720,False,248,0.375,0,33,0,281,33,33,dry=0.02|dry_vent=0.00|dew=0.08|canopy=0.06
0.08,33,0.2619047619047619,33,0.08,0.02,0.0,2,0.7699999999999999,1.0,0.6666666666666666,0,severity_aware_non_additive_v2,False,126,0.6666666666666666,720,False,248,0.375,0,33,0,281,33,33,dry=0.02|dry_vent=0.00|dew=0.08|canopy=0.08
0.1,33,0.2619047619047619,33,0.08,0.02,0.0,2,0.7699999999999999,1.0,0.6666666666666666,0,severity_aware_non_additive_v2,False,126,0.6666666666666666,720,False,248,0.375,0,33,0,281,33,33,dry=0.02|dry_vent=0.00|dew=0.08|canopy=0.10
0.12,39,0.30952380952380953,39,0.08,0.02,0.0,3,0.9699999999999999,1.0,1.0,0,severity_aware_non_additive_v2,False,126,1.0,720,False,248,0.375,0,39,0,287,39,39,dry=0.02|dry_vent=0.00|dew=0.08|canopy=0.12
0.0,32,0.25396825396825395,32,0.1,0.02,0.0,3,1.0499999999999998,1.0,0.2857142857142857,0,severity_aware_non_additive_v2,False,126,0.4266666666666667,720,False,248,0.55,0,32,0,280,32,32,dry=0.02|dry_vent=0.00|dew=0.10|canopy=0.00
0.04,32,0.25396825396825395,32,0.1,0.02,0.0,3,1.0499999999999998,1.0,0.2857142857142857,0,severity_aware_non_additive_v2,False,126,0.4266666666666667,720,False,248,0.55,0,32,0,280,32,32,dry=0.02|dry_vent=0.00|dew=0.10|canopy=0.04
0.06,44,0.3492063492063492,44,0.1,0.02,0.0,2,0.7,1.0,0.6666666666666666,0,severity_aware_non_additive_v2,False,126,0.6666666666666666,720,False,248,0.55,0,44,0,292,44,44,dry=0.02|dry_vent=0.00|dew=0.10|canopy=0.06
0.08,44,0.3492063492063492,44,0.1,0.02,0.0,2,0.7,1.0,0.6666666666666666,0,severity_aware_non_additive_v2,False,126,0.6666666666666666,720,False,248,0.55,0,44,0,292,44,44,dry=0.02|dry_vent=0.00|dew=0.10|canopy=0.08
0.1,44,0.3492063492063492,44,0.1,0.02,0.0,2,0.7,1.0,0.6666666666666666,0,severity_aware_non_additive_v2,False,126,0.6666666666666666,720,False,248,0.55,0,44,0,292,44,44,dry=0.02|dry_vent=0.00|dew=0.10|canopy=0.10
0.12,50,0.3968253968253968,50,0.1,0.02,0.0,3,0.8999999999999999,1.0,1.0,0,severity_aware_non_additive_v2,False,126,1.0,720,False,248,0.55,0,50,0,298,50,50,dry=0.02|dry_vent=0.00|dew=0.10|canopy=0.12
0.0,75,0.5952380952380952,75,0.12,0.02,0.0,4,1.25,1.0,1.0,0,severity_aware_non_additive_v2,False,126,1.0,720,False,248,1.0,0,75,0,323,75,75,dry=0.02|dry_vent=0.00|dew=0.12|canopy=0.00
0.04,75,0.5952380952380952,75,0.12,0.02,0.0,4,1.25,1.0,1.0,0,severity_aware_non_additive_v2,False,126,1.0,720,False,248,1.0,0,75,0,323,75,75,dry=0.02|dry_vent=0.00|dew=0.12|canopy=0.04
0.06,87,0.6904761904761905,87,0.12,0.02,0.0,3,0.8999999999999999,1.0,1.0,0,severity_aware_non_additive_v2,False,126,1.0,720,False,248,1.0,0,87,0,335,87,87,dry=0.02|dry_vent=0.00|dew=0.12|canopy=0.06
0.08,87,0.6904761904761905,87,0.12,0.02,0.0,3,0.8999999999999999,1.0,1.0,0,severity_aware_non_additive_v2,False,126,1.0,720,False,248,1.0,0,87,0,335,87,87,dry=0.02|dry_vent=0.00|dew=0.12|canopy=0.08
0.1,87,0.6904761904761905,87,0.12,0.02,0.0,3,0.8999999999999999,1.0,1.0,0,severity_aware_non_additive_v2,False,126,1.0,720,False,248,1.0,0,87,0,335,87,87,dry=0.02|dry_vent=0.00|dew=0.12|canopy=0.10
0.12,93,0.7380952380952381,93,0.12,0.02,0.0,4,1.0999999999999999,1.0,1.0,0,severity_aware_non_additive_v2,False,126,1.0,720,False,248,1.0,0,93,0,341,93,93,dry=0.02|dry_vent=0.00|dew=0.12|canopy=0.12
0.0,0,0.0,0,0.0,0.02,0.02,4,1.4,0.0,0.0,0,severity_aware_non_additive_v2,False,126,0.0,720,False,248,0.0,0,0,0,248,0,0,dry=0.02|dry_vent=0.02|dew=0.00|canopy=0.00
0.04,0,0.0,0,0.0,0.02,0.02,4,1.4,0.0,0.0,0,severity_aware_non_additive_v2,False,126,0.0,720,False,248,0.0,0,0,0,248,0,0,dry=0.02|dry_vent=0.02|dew=0.00|canopy=0.04
0.06,12,0.09523809523809523,12,0.0,0.02,0.02,3,1.0499999999999998,1.0,0.6666666666666666,0,severity_aware_non_additive_v2,False,126,0.6666666666666666,720,False,248,0.0,0,12,0,260,12,12,dry=0.02|dry_vent=0.02|dew=0.00|canopy=0.06
0.08,12,0.09523809523809523,12,0.0,0.02,0.02,3,1.0499999999999998,1.0,0.6666666666666666,0,severity_aware_non_additive_v2,False,126,0.6666666666666666,720,False,248,0.0,0,12,0,260,12,12,dry=0.02|dry_vent=0.02|dew=0.00|canopy=0.08
0.1,12,0.09523809523809523,12,0.0,0.02,0.02,3,1.0499999999999998,1.0,0.6666666666666666,0,severity_aware_non_additive_v2,False,126,0.6666666666666666,720,False,248,0.0,0,12,0,260,12,12,dry=0.02|dry_vent=0.02|dew=0.00|canopy=0.10
0.12,18,0.14285714285714285,18,0.0,0.02,0.02,4,1.25,1.0,1.0,0,severity_aware_non_additive_v2,False,126,1.0,720,False,248,0.0,0,18,0,266,18,18,dry=0.02|dry_vent=0.02|dew=0.00|canopy=0.12
0.0,0,0.0,0,0.04,0.02,0.02,4,1.4,0.0,0.0,0,severity_aware_non_additive_v2,False,126,0.0,720,False,248,0.0,0,0,0,248,0,0,dry=0.02|dry_vent=0.02|dew=0.04|canopy=0.00
0.04,0,0.0,0,0.04,0.02,0.02,4,1.4,0.0,0.0,0,severity_aware_non_additive_v2,False,126,0.0,720,False,248,0.0,0,0,0,248,0,0,dry=0.02|dry_vent=0.02|dew=0.04|canopy=0.04
0.06,12,0.09523809523809523,12,0.04,0.02,0.02,3,1.0499999999999998,1.0,0.6666666666666666,0,severity_aware_non_additive_v2,False,126,0.6666666666666666,720,False,248,0.0,0,12,0,260,12,12,dry=0.02|dry_vent=0.02|dew=0.04|canopy=0.06
0.08,12,0.09523809523809523,12,0.04,0.02,0.02,3,1.0499999999999998,1.0,0.6666666666666666,0,severity_aware_non_additive_v2,False,126,0.6666666666666666,720,False,248,0.0,0,12,0,260,12,12,dry=0.02|dry_vent=0.02|dew=0.04|canopy=0.08
0.1,12,0.09523809523809523,12,0.04,0.02,0.02,3,1.0499999999999998,1.0,0.6666666666666666,0,severity_aware_non_additive_v2,False,126,0.6666666666666666,720,False,248,0.0,0,12,0,260,12,12,dry=0.02|dry_vent=0.02|dew=0.04|canopy=0.10
0.12,18,0.14285714285714285,18,0.04,0.02,0.02,4,1.25,1.0,1.0,0,severity_aware_non_additive_v2,False,126,1.0,720,False,248,0.0,0,18,0,266,18,18,dry=0.02|dry_vent=0.02|dew=0.04|canopy=0.12
0.0,3,0.023809523809523808,3,0.06,0.02,0.02,3,1.3599999999999999,1.0,0.08571428571428572,0,severity_aware_non_additive_v2,False,126,0.04,720,False,248,0.0,0,3,0,251,3,3,dry=0.02|dry_vent=0.02|dew=0.06|canopy=0.00
0.04,3,0.023809523809523808,3,0.06,0.02,0.02,3,1.3599999999999999,1.0,0.08571428571428572,0,severity_aware_non_additive_v2,False,126,0.04,720,False,248,0.0,0,3,0,251,3,3,dry=0.02|dry_vent=0.02|dew=0.06|canopy=0.04
0.06,15,0.11904761904761904,15,0.06,0.02,0.02,2,1.01,1.0,0.6666666666666666,0,severity_aware_non_additive_v2,False,126,0.6666666666666666,720,False,248,0.0,0,15,0,263,15,15,dry=0.02|dry_vent=0.02|dew=0.06|canopy=0.06
0.08,15,0.11904761904761904,15,0.06,0.02,0.02,2,1.01,1.0,0.6666666666666666,0,severity_aware_non_additive_v2,False,126,0.6666666666666666,720,False,248,0.0,0,15,0,263,15,15,dry=0.02|dry_vent=0.02|dew=0.06|canopy=0.08
0.1,15,0.11904761904761904,15,0.06,0.02,0.02,2,1.01,1.0,0.6666666666666666,0,severity_aware_non_additive_v2,False,126,0.6666666666666666,720,False,248,0.0,0,15,0,263,15,15,dry=0.02|dry_vent=0.02|dew=0.06|canopy=0.10
0.12,21,0.16666666666666666,21,0.06,0.02,0.02,3,1.21,1.0,1.0,0,severity_aware_non_additive_v2,False,126,1.0,720,False,248,0.0,0,21,0,269,21,21,dry=0.02|dry_vent=0.02|dew=0.06|canopy=0.12
0.0,21,0.16666666666666666,21,0.08,0.02,0.02,3,1.1199999999999999,1.0,0.17142857142857143,0,severity_aware_non_additive_v2,False,126,0.28,720,False,248,0.375,0,21,0,269,21,21,dry=0.02|dry_vent=0.02|dew=0.08|canopy=0.00
0.04,21,0.16666666666666666,21,0.08,0.02,0.02,3,1.1199999999999999,1.0,0.17142857142857143,0,severity_aware_non_additive_v2,False,126,0.28,720,False,248,0.375,0,21,0,269,21,21,dry=0.02|dry_vent=0.02|dew=0.08|canopy=0.04
0.06,33,0.2619047619047619,33,0.08,0.02,0.02,2,0.7699999999999999,1.0,0.6666666666666666,0,severity_aware_non_additive_v2,False,126,0.6666666666666666,720,False,248,0.375,0,33,0,281,33,33,dry=0.02|dry_vent=0.02|dew=0.08|canopy=0.06
0.08,33,0.2619047619047619,33,0.08,0.02,0.02,2,0.7699999999999999,1.0,0.6666666666666666,0,severity_aware_non_additive_v2,False,126,0.6666666666666666,720,False,248,0.375,0,33,0,281,33,33,dry=0.02|dry_vent=0.02|dew=0.08|canopy=0.08
0.1,33,0.2619047619047619,33,0.08,0.02,0.02,2,0.7699999999999999,1.0,0.6666666666666666,0,severity_aware_non_additive_v2,False,126,0.6666666666666666,720,False,248,0.375,0,33,0,281,33,33,dry=0.02|dry_vent=0.02|dew=0.08|canopy=0.10
0.12,39,0.30952380952380953,39,0.08,0.02,0.02,3,0.9699999999999999,1.0,1.0,0,severity_aware_non_additive_v2,False,126,1.0,720,False,248,0.375,0,39,0,287,39,39,dry=0.02|dry_vent=0.02|dew=0.08|canopy=0.12
0.0,32,0.25396825396825395,32,0.1,0.02,0.02,3,1.0499999999999998,1.0,0.2857142857142857,0,severity_aware_non_additive_v2,False,126,0.4266666666666667,720,False,248,0.55,0,32,0,280,32,32,dry=0.02|dry_vent=0.02|dew=0.10|canopy=0.00
0.04,32,0.25396825396825395,32,0.1,0.02,0.02,3,1.0499999999999998,1.0,0.2857142857142857,0,severity_aware_non_additive_v2,False,126,0.4266666666666667,720,False,248,0.55,0,32,0,280,32,32,dry=0.02|dry_vent=0.02|dew=0.10|canopy=0.04
0.06,44,0.3492063492063492,44,0.1,0.02,0.02,2,0.7,1.0,0.6666666666666666,0,severity_aware_non_additive_v2,False,126,0.6666666666666666,720,False,248,0.55,0,44,0,292,44,44,dry=0.02|dry_vent=0.02|dew=0.10|canopy=0.06
0.08,44,0.3492063492063492,44,0.1,0.02,0.02,2,0.7,1.0,0.6666666666666666,0,severity_aware_non_additive_v2,False,126,0.6666666666666666,720,False,248,0.55,0,44,0,292,44,44,dry=0.02|dry_vent=0.02|dew=0.10|canopy=0.08
0.1,44,0.3492063492063492,44,0.1,0.02,0.02,2,0.7,1.0,0.6666666666666666,0,severity_aware_non_additive_v2,False,126,0.6666666666666666,720,False,248,0.55,0,44,0,292,44,44,dry=0.02|dry_vent=0.02|dew=0.10|canopy=0.10
0.12,50,0.3968253968253968,50,0.1,0.02,0.02,3,0.8999999999999999,1.0,1.0,0,severity_aware_non_additive_v2,False,126,1.0,720,False,248,0.55,0,50,0,298,50,50,dry=0.02|dry_vent=0.02|dew=0.10|canopy=0.12
0.0,75,0.5952380952380952,75,0.12,0.02,0.02,4,1.25,1.0,1.0,0,severity_aware_non_additive_v2,False,126,1.0,720,False,248,1.0,0,75,0,323,75,75,dry=0.02|dry_vent=0.02|dew=0.12|canopy=0.00
0.04,75,0.5952380952380952,75,0.12,0.02,0.02,4,1.25,1.0,1.0,0,severity_aware_non_additive_v2,False,126,1.0,720,False,248,1.0,0,75,0,323,75,75,dry=0.02|dry_vent=0.02|dew=0.12|canopy=0.04
0.06,87,0.6904761904761905,87,0.12,0.02,0.02,3,0.8999999999999999,1.0,1.0,0,severity_aware_non_additive_v2,False,126,1.0,720,False,248,1.0,0,87,0,335,87,87,dry=0.02|dry_vent=0.02|dew=0.12|canopy=0.06
0.08,87,0.6904761904761905,87,0.12,0.02,0.02,3,0.8999999999999999,1.0,1.0,0,severity_aware_non_additive_v2,False,126,1.0,720,False,248,1.0,0,87,0,335,87,87,dry=0.02|dry_vent=0.02|dew=0.12|canopy=0.08
0.1,87,0.6904761904761905,87,0.12,0.02,0.02,3,0.8999999999999999,1.0,1.0,0,severity_aware_non_additive_v2,False,126,1.0,720,False,248,1.0,0,87,0,335,87,87,dry=0.02|dry_vent=0.02|dew=0.12|canopy=0.10
0.12,93,0.7380952380952381,93,0.12,0.02,0.02,4,1.0999999999999999,1.0,1.0,0,severity_aware_non_additive_v2,False,126,1.0,720,False,248,1.0,0,93,0,341,93,93,dry=0.02|dry_vent=0.02|dew=0.12|canopy=0.12
0.0,0,0.0,0,0.0,0.02,0.04,4,1.4,0.0,0.0,0,severity_aware_non_additive_v2,False,126,0.0,720,False,248,0.0,0,0,0,248,0,0,dry=0.02|dry_vent=0.04|dew=0.00|canopy=0.00
0.04,0,0.0,0,0.0,0.02,0.04,4,1.4,0.0,0.0,0,severity_aware_non_additive_v2,False,126,0.0,720,False,248,0.0,0,0,0,248,0,0,dry=0.02|dry_vent=0.04|dew=0.00|canopy=0.04
0.06,12,0.09523809523809523,12,0.0,0.02,0.04,3,1.0499999999999998,1.0,0.6666666666666666,0,severity_aware_non_additive_v2,False,126,0.6666666666666666,720,False,248,0.0,0,12,0,260,12,12,dry=0.02|dry_vent=0.04|dew=0.00|canopy=0.06
0.08,12,0.09523809523809523,12,0.0,0.02,0.04,3,1.0499999999999998,1.0,0.6666666666666666,0,severity_aware_non_additive_v2,False,126,0.6666666666666666,720,False,248,0.0,0,12,0,260,12,12,dry=0.02|dry_vent=0.04|dew=0.00|canopy=0.08
0.1,12,0.09523809523809523,12,0.0,0.02,0.04,3,1.0499999999999998,1.0,0.6666666666666666,0,severity_aware_non_additive_v2,False,126,0.6666666666666666,720,False,248,0.0,0,12,0,260,12,12,dry=0.02|dry_vent=0.04|dew=0.00|canopy=0.10
0.12,18,0.14285714285714285,18,0.0,0.02,0.04,4,1.25,1.0,1.0,0,severity_aware_non_additive_v2,False,126,1.0,720,False,248,0.0,0,18,0,266,18,18,dry=0.02|dry_vent=0.04|dew=0.00|canopy=0.12
0.0,0,0.0,0,0.04,0.02,0.04,4,1.4,0.0,0.0,0,severity_aware_non_additive_v2,False,126,0.0,720,False,248,0.0,0,0,0,248,0,0,dry=0.02|dry_vent=0.04|dew=0.04|canopy=0.00
0.04,0,0.0,0,0.04,0.02,0.04,4,1.4,0.0,0.0,0,severity_aware_non_additive_v2,False,126,0.0,720,False,248,0.0,0,0,0,248,0,0,dry=0.02|dry_vent=0.04|dew=0.04|canopy=0.04
0.06,12,0.09523809523809523,12,0.04,0.02,0.04,3,1.0499999999999998,1.0,0.6666666666666666,0,severity_aware_non_additive_v2,False,126,0.6666666666666666,720,False,248,0.0,0,12,0,260,12,12,dry=0.02|dry_vent=0.04|dew=0.04|canopy=0.06
0.08,12,0.09523809523809523,12,0.04,0.02,0.04,3,1.0499999999999998,1.0,0.6666666666666666,0,severity_aware_non_additive_v2,False,126,0.6666666666666666,720,False,248,0.0,0,12,0,260,12,12,dry=0.02|dry_vent=0.04|dew=0.04|canopy=0.08
0.1,12,0.09523809523809523,12,0.04,0.02,0.04,3,1.0499999999999998,1.0,0.6666666666666666,0,severity_aware_non_additive_v2,False,126,0.6666666666666666,720,False,248,0.0,0,12,0,260,12,12,dry=0.02|dry_vent=0.04|dew=0.04|canopy=0.10
0.12,18,0.14285714285714285,18,0.04,0.02,0.04,4,1.25,1.0,1.0,0,severity_aware_non_additive_v2,False,126,1.0,720,False,248,0.0,0,18,0,266,18,18,dry=0.02|dry_vent=0.04|dew=0.04|canopy=0.12
0.0,3,0.023809523809523808,3,0.06,0.02,0.04,3,1.3599999999999999,1.0,0.08571428571428572,0,severity_aware_non_additive_v2,False,126,0.04,720,False,248,0.0,0,3,0,251,3,3,dry=0.02|dry_vent=0.04|dew=0.06|canopy=0.00
0.04,3,0.023809523809523808,3,0.06,0.02,0.04,3,1.3599999999999999,1.0,0.08571428571428572,0,severity_aware_non_additive_v2,False,126,0.04,720,False,248,0.0,0,3,0,251,3,3,dry=0.02|dry_vent=0.04|dew=0.06|canopy=0.04
0.06,15,0.11904761904761904,15,0.06,0.02,0.04,2,1.01,1.0,0.6666666666666666,0,severity_aware_non_additive_v2,False,126,0.6666666666666666,720,False,248,0.0,0,15,0,263,15,15,dry=0.02|dry_vent=0.04|dew=0.06|canopy=0.06
0.08,15,0.11904761904761904,15,0.06,0.02,0.04,2,1.01,1.0,0.6666666666666666,0,severity_aware_non_additive_v2,False,126,0.6666666666666666,720,False,248,0.0,0,15,0,263,15,15,dry=0.02|dry_vent=0.04|dew=0.06|canopy=0.08
0.1,15,0.11904761904761904,15,0.06,0.02,0.04,2,1.01,1.0,0.6666666666666666,0,severity_aware_non_additive_v2,False,126,0.6666666666666666,720,False,248,0.0,0,15,0,263,15,15,dry=0.02|dry_vent=0.04|dew=0.06|canopy=0.10
0.12,21,0.16666666666666666,21,0.06,0.02,0.04,3,1.21,1.0,1.0,0,severity_aware_non_additive_v2,False,126,1.0,720,False,248,0.0,0,21,0,269,21,21,dry=0.02|dry_vent=0.04|dew=0.06|canopy=0.12
0.0,21,0.16666666666666666,21,0.08,0.02,0.04,3,1.1199999999999999,1.0,0.17142857142857143,0,severity_aware_non_additive_v2,False,126,0.28,720,False,248,0.375,0,21,0,269,21,21,dry=0.02|dry_vent=0.04|dew=0.08|canopy=0.00
0.04,21,0.16666666666666666,21,0.08,0.02,0.04,3,1.1199999999999999,1.0,0.17142857142857143,0,severity_aware_non_additive_v2,False,126,0.28,720,False,248,0.375,0,21,0,269,21,21,dry=0.02|dry_vent=0.04|dew=0.08|canopy=0.04
0.06,33,0.2619047619047619,33,0.08,0.02,0.04,2,0.7699999999999999,1.0,0.6666666666666666,0,severity_aware_non_additive_v2,False,126,0.6666666666666666,720,False,248,0.375,0,33,0,281,33,33,dry=0.02|dry_vent=0.04|dew=0.08|canopy=0.06
0.08,33,0.2619047619047619,33,0.08,0.02,0.04,2,0.7699999999999999,1.0,0.6666666666666666,0,severity_aware_non_additive_v2,False,126,0.6666666666666666,720,False,248,0.375,0,33,0,281,33,33,dry=0.02|dry_vent=0.04|dew=0.08|canopy=0.08
0.1,33,0.2619047619047619,33,0.08,0.02,0.04,2,0.7699999999999999,1.0,0.6666666666666666,0,severity_aware_non_additive_v2,False,126,0.6666666666666666,720,False,248,0.375,0,33,0,281,33,33,dry=0.02|dry_vent=0.04|dew=0.08|canopy=0.10
0.12,39,0.30952380952380953,39,0.08,0.02,0.04,3,0.9699999999999999,1.0,1.0,0,severity_aware_non_additive_v2,False,126,1.0,720,False,248,0.375,0,39,0,287,39,39,dry=0.02|dry_vent=0.04|dew=0.08|canopy=0.12
0.0,32,0.25396825396825395,32,0.1,0.02,0.04,3,1.0499999999999998,1.0,0.2857142857142857,0,severity_aware_non_additive_v2,False,126,0.4266666666666667,720,False,248,0.55,0,32,0,280,32,32,dry=0.02|dry_vent=0.04|dew=0.10|canopy=0.00
0.04,32,0.25396825396825395,32,0.1,0.02,0.04,3,1.0499999999999998,1.0,0.2857142857142857,0,severity_aware_non_additive_v2,False,126,0.4266666666666667,720,False,248,0.55,0,32,0,280,32,32,dry=0.02|dry_vent=0.04|dew=0.10|canopy=0.04
0.06,44,0.3492063492063492,44,0.1,0.02,0.04,2,0.7,1.0,0.6666666666666666,0,severity_aware_non_additive_v2,False,126,0.6666666666666666,720,False,248,0.55,0,44,0,292,44,44,dry=0.02|dry_vent=0.04|dew=0.10|canopy=0.06
0.08,44,0.3492063492063492,44,0.1,0.02,0.04,2,0.7,1.0,0.6666666666666666,0,severity_aware_non_additive_v2,False,126,0.6666666666666666,720,False,248,0.55,0,44,0,292,44,44,dry=0.02|dry_vent=0.04|dew=0.10|canopy=0.08
0.1,44,0.3492063492063492,44,0.1,0.02,0.04,2,0.7,1.0,0.6666666666666666,0,severity_aware_non_additive_v2,False,126,0.6666666666666666,720,False,248,0.55,0,44,0,292,44,44,dry=0.02|dry_vent=0.04|dew=0.10|canopy=0.10
0.12,50,0.3968253968253968,50,0.1,0.02,0.04,3,0.8999999999999999,1.0,1.0,0,severity_aware_non_additive_v2,False,126,1.0,720,False,248,0.55,0,50,0,298,50,50,dry=0.02|dry_vent=0.04|dew=0.10|canopy=0.12
0.0,75,0.5952380952380952,75,0.12,0.02,0.04,4,1.25,1.0,1.0,0,severity_aware_non_additive_v2,False,126,1.0,720,False,248,1.0,0,75,0,323,75,75,dry=0.02|dry_vent=0.04|dew=0.12|canopy=0.00
0.04,75,0.5952380952380952,75,0.12,0.02,0.04,4,1.25,1.0,1.0,0,severity_aware_non_additive_v2,False,126,1.0,720,False,248,1.0,0,75,0,323,75,75,dry=0.02|dry_vent=0.04|dew=0.12|canopy=0.04
0.06,87,0.6904761904761905,87,0.12,0.02,0.04,3,0.8999999999999999,1.0,1.0,0,severity_aware_non_additive_v2,False,126,1.0,720,False,248,1.0,0,87,0,335,87,87,dry=0.02|dry_vent=0.04|dew=0.12|canopy=0.06
0.08,87,0.6904761904761905,87,0.12,0.02,0.04,3,0.8999999999999999,1.0,1.0,0,severity_aware_non_additive_v2,False,126,1.0,720,False,248,1.0,0,87,0,335,87,87,dry=0.02|dry_vent=0.04|dew=0.12|canopy=0.08
0.1,87,0.6904761904761905,87,0.12,0.02,0.04,3,0.8999999999999999,1.0,1.0,0,severity_aware_non_additive_v2,False,126,1.0,720,False,248,1.0,0,87,0,335,87,87,dry=0.02|dry_vent=0.04|dew=0.12|canopy=0.10
0.12,93,0.7380952380952381,93,0.12,0.02,0.04,4,1.0999999999999999,1.0,1.0,0,severity_aware_non_additive_v2,False,126,1.0,720,False,248,1.0,0,93,0,341,93,93,dry=0.02|dry_vent=0.04|dew=0.12|canopy=0.12
0.0,25,0.1984126984126984,25,0.0,0.02,0.06,4,1.25,1.0,1.0,0,severity_aware_non_additive_v2,False,126,1.0,720,False,248,0.0,0,25,0,273,25,25,dry=0.02|dry_vent=0.06|dew=0.00|canopy=0.00
0.04,25,0.1984126984126984,25,0.0,0.02,0.06,4,1.25,1.0,1.0,0,severity_aware_non_additive_v2,False,126,1.0,720,False,248,0.0,0,25,0,273,25,25,dry=0.02|dry_vent=0.06|dew=0.00|canopy=0.04
0.06,37,0.29365079365079366,37,0.0,0.02,0.06,3,0.8999999999999999,1.0,1.0,0,severity_aware_non_additive_v2,False,126,1.0,720,False,248,0.0,0,37,0,285,37,37,dry=0.02|dry_vent=0.06|dew=0.00|canopy=0.06
0.08,37,0.29365079365079366,37,0.0,0.02,0.06,3,0.8999999999999999,1.0,1.0,0,severity_aware_non_additive_v2,False,126,1.0,720,False,248,0.0,0,37,0,285,37,37,dry=0.02|dry_vent=0.06|dew=0.00|canopy=0.08
0.1,37,0.29365079365079366,37,0.0,0.02,0.06,3,0.8999999999999999,1.0,1.0,0,severity_aware_non_additive_v2,False,126,1.0,720,False,248,0.0,0,37,0,285,37,37,dry=0.02|dry_vent=0.06|dew=0.00|canopy=0.10
0.12,43,0.3412698412698413,43,0.0,0.02,0.06,4,1.0999999999999999,1.0,1.0,0,severity_aware_non_additive_v2,False,126,1.0,720,False,248,0.0,0,43,0,291,43,43,dry=0.02|dry_vent=0.06|dew=0.00|canopy=0.12
0.0,25,0.1984126984126984,25,0.04,0.02,0.06,4,1.25,1.0,1.0,0,severity_aware_non_additive_v2,False,126,1.0,720,False,248,0.0,0,25,0,273,25,25,dry=0.02|dry_vent=0.06|dew=0.04|canopy=0.00
0.04,25,0.1984126984126984,25,0.04,0.02,0.06,4,1.25,1.0,1.0,0,severity_aware_non_additive_v2,False,126,1.0,720,False,248,0.0,0,25,0,273,25,25,dry=0.02|dry_vent=0.06|dew=0.04|canopy=0.04
0.06,37,0.29365079365079366,37,0.04,0.02,0.06,3,0.8999999999999999,1.0,1.0,0,severity_aware_non_additive_v2,False,126,1.0,720,False,248,0.0,0,37,0,285,37,37,dry=0.02|dry_vent=0.06|dew=0.04|canopy=0.06
0.08,37,0.29365079365079366,37,0.04,0.02,0.06,3,0.8999999999999999,1.0,1.0,0,severity_aware_non_additive_v2,False,126,1.0,720,False,248,0.0,0,37,0,285,37,37,dry=0.02|dry_vent=0.06|dew=0.04|canopy=0.08
0.1,37,0.29365079365079366,37,0.04,0.02,0.06,3,0.8999999999999999,1.0,1.0,0,severity_aware_non_additive_v2,False,126,1.0,720,False,248,0.0,0,37,0,285,37,37,dry=0.02|dry_vent=0.06|dew=0.04|canopy=0.10
0.12,43,0.3412698412698413,43,0.04,0.02,0.06,4,1.0999999999999999,1.0,1.0,0,severity_aware_non_additive_v2,False,126,1.0,720,False,248,0.0,0,43,0,291,43,43,dry=0.02|dry_vent=0.06|dew=0.04|canopy=0.12
0.0,28,0.2222222222222222,28,0.06,0.02,0.06,3,1.21,1.0,1.0,0,severity_aware_non_additive_v2,False,126,1.0,720,False,248,0.0,0,28,0,276,28,28,dry=0.02|dry_vent=0.06|dew=0.06|canopy=0.00
0.04,28,0.2222222222222222,28,0.06,0.02,0.06,3,1.21,1.0,1.0,0,severity_aware_non_additive_v2,False,126,1.0,720,False,248,0.0,0,28,0,276,28,28,dry=0.02|dry_vent=0.06|dew=0.06|canopy=0.04
0.06,40,0.31746031746031744,40,0.06,0.02,0.06,2,0.8599999999999999,1.0,0.9142857142857143,0,severity_aware_non_additive_v2,False,126,1.0,720,False,248,0.0,0,40,0,288,40,40,dry=0.02|dry_vent=0.06|dew=0.06|canopy=0.06
0.08,40,0.31746031746031744,40,0.06,0.02,0.06,2,0.8599999999999999,1.0,0.9142857142857143,0,severity_aware_non_additive_v2,False,126,1.0,720,False,248,0.0,0,40,0,288,40,40,dry=0.02|dry_vent=0.06|dew=0.06|canopy=0.08
0.1,40,0.31746031746031744,40,0.06,0.02,0.06,2,0.8599999999999999,1.0,0.9142857142857143,0,severity_aware_non_additive_v2,False,126,1.0,720,False,248,0.0,0,40,0,288,40,40,dry=0.02|dry_vent=0.06|dew=0.06|canopy=0.10
0.12,46,0.36507936507936506,46,0.06,0.02,0.06,3,1.0599999999999998,1.0,0.9142857142857143,0,severity_aware_non_additive_v2,False,126,1.0,720,False,248,0.0,0,46,0,294,46,46,dry=0.02|dry_vent=0.06|dew=0.06|canopy=0.12
0.0,46,0.36507936507936506,46,0.08,0.02,0.06,3,0.9699999999999999,1.0,1.0,0,severity_aware_non_additive_v2,False,126,1.0,720,False,248,0.375,0,46,0,294,46,46,dry=0.02|dry_vent=0.06|dew=0.08|canopy=0.00
0.04,46,0.36507936507936506,46,0.08,0.02,0.06,3,0.9699999999999999,1.0,1.0,0,severity_aware_non_additive_v2,False,126,1.0,720,False,248,0.375,0,46,0,294,46,46,dry=0.02|dry_vent=0.06|dew=0.08|canopy=0.04
0.06,58,0.4603174603174603,58,0.08,0.02,0.06,2,0.6199999999999999,1.0,0.8285714285714285,0,severity_aware_non_additive_v2,False,126,1.0,720,False,248,0.375,0,58,0,306,58,58,dry=0.02|dry_vent=0.06|dew=0.08|canopy=0.06
0.08,58,0.4603174603174603,58,0.08,0.02,0.06,2,0.6199999999999999,1.0,0.8285714285714285,0,severity_aware_non_additive_v2,False,126,1.0,720,False,248,0.375,0,58,0,306,58,58,dry=0.02|dry_vent=0.06|dew=0.08|canopy=0.08
0.1,58,0.4603174603174603,58,0.08,0.02,0.06,2,0.6199999999999999,1.0,0.8285714285714285,0,severity_aware_non_additive_v2,False,126,1.0,720,False,248,0.375,0,58,0,306,58,58,dry=0.02|dry_vent=0.06|dew=0.08|canopy=0.10
0.12,64,0.5079365079365079,64,0.08,0.02,0.06,3,0.8199999999999998,0.90625,0.8285714285714285,0,severity_aware_non_additive_v2,False,126,1.0,720,False,248,0.375,0,64,0,312,64,64,dry=0.02|dry_vent=0.06|dew=0.08|canopy=0.12
0.0,57,0.4523809523809524,57,0.1,0.02,0.06,3,0.8999999999999999,1.0,1.0,0,severity_aware_non_additive_v2,False,126,1.0,720,False,248,0.55,0,57,0,305,57,57,dry=0.02|dry_vent=0.06|dew=0.10|canopy=0.00
0.04,57,0.4523809523809524,57,0.1,0.02,0.06,3,0.8999999999999999,1.0,1.0,0,severity_aware_non_additive_v2,False,126,1.0,720,False,248,0.55,0,57,0,305,57,57,dry=0.02|dry_vent=0.06|dew=0.10|canopy=0.04
0.06,69,0.5476190476190477,69,0.1,0.02,0.06,2,0.5499999999999999,1.0,0.7142857142857143,0,severity_aware_non_additive_v2,False,126,1.0,720,False,248,0.55,0,69,0,317,69,69,dry=0.02|dry_vent=0.06|dew=0.10|canopy=0.06
0.08,69,0.5476190476190477,69,0.1,0.02,0.06,2,0.5499999999999999,1.0,0.7142857142857143,0,severity_aware_non_additive_v2,False,126,1.0,720,False,248,0.55,0,69,0,317,69,69,dry=0.02|dry_vent=0.06|dew=0.10|canopy=0.08
0.1,69,0.5476190476190477,69,0.1,0.02,0.06,2,0.5499999999999999,1.0,0.7142857142857143,0,severity_aware_non_additive_v2,False,126,1.0,720,False,248,0.55,0,69,0,317,69,69,dry=0.02|dry_vent=0.06|dew=0.10|canopy=0.10
0.12,75,0.5952380952380952,75,0.1,0.02,0.06,3,0.7499999999999999,0.78125,0.7142857142857143,0,severity_aware_non_additive_v2,False,126,1.0,720,False,248,0.55,0,75,0,323,75,75,dry=0.02|dry_vent=0.06|dew=0.10|canopy=0.12
0.0,100,0.7936507936507936,100,0.12,0.02,0.06,4,1.0999999999999999,1.0,1.0,0,severity_aware_non_additive_v2,False,126,1.0,720,False,248,1.0,0,100,0,348,100,100,dry=0.02|dry_vent=0.06|dew=0.12|canopy=0.00
0.04,100,0.7936507936507936,100,0.12,0.02,0.06,4,1.0999999999999999,1.0,1.0,0,severity_aware_non_additive_v2,False,126,1.0,720,False,248,1.0,0,100,0,348,100,100,dry=0.02|dry_vent=0.06|dew=0.12|canopy=0.04
0.06,112,0.8888888888888888,112,0.12,0.02,0.06,3,0.7499999999999999,1.0,0.33333333333333337,0,severity_aware_non_additive_v2,True,126,1.0,720,False,248,1.0,0,112,0,360,112,112,dry=0.02|dry_vent=0.06|dew=0.12|canopy=0.06
0.08,112,0.8888888888888888,112,0.12,0.02,0.06,3,0.7499999999999999,1.0,0.33333333333333337,0,severity_aware_non_additive_v2,True,126,1.0,720,False,248,1.0,0,112,0,360,112,112,dry=0.02|dry_vent=0.06|dew=0.12|canopy=0.08
0.1,112,0.8888888888888888,112,0.12,0.02,0.06,3,0.7499999999999999,1.0,0.33333333333333337,0,severity_aware_non_additive_v2,True,126,1.0,720,False,248,1.0,0,112,0,360,112,112,dry=0.02|dry_vent=0.06|dew=0.12|canopy=0.10
0.12,118,0.9365079365079365,118,0.12,0.02,0.06,4,0.9499999999999998,0.0,0.0,0,severity_aware_non_additive_v2,True,126,1.0,720,False,248,1.0,0,118,0,366,118,118,dry=0.02|dry_vent=0.06|dew=0.12|canopy=0.12
0.0,0,0.0,0,0.0,0.04,0.0,4,1.4,0.0,0.0,0,severity_aware_non_additive_v2,False,126,0.0,720,False,248,0.0,0,0,0,248,0,0,dry=0.04|dry_vent=0.00|dew=0.00|canopy=0.00
0.04,0,0.0,0,0.0,0.04,0.0,4,1.4,0.0,0.0,0,severity_aware_non_additive_v2,False,126,0.0,720,False,248,0.0,0,0,0,248,0,0,dry=0.04|dry_vent=0.00|dew=0.00|canopy=0.04
0.06,12,0.09523809523809523,12,0.0,0.04,0.0,3,1.0499999999999998,1.0,0.6666666666666666,0,severity_aware_non_additive_v2,False,126,0.6666666666666666,720,False,248,0.0,0,12,0,260,12,12,dry=0.04|dry_vent=0.00|dew=0.00|canopy=0.06
0.08,12,0.09523809523809523,12,0.0,0.04,0.0,3,1.0499999999999998,1.0,0.6666666666666666,0,severity_aware_non_additive_v2,False,126,0.6666666666666666,720,False,248,0.0,0,12,0,260,12,12,dry=0.04|dry_vent=0.00|dew=0.00|canopy=0.08
0.1,12,0.09523809523809523,12,0.0,0.04,0.0,3,1.0499999999999998,1.0,0.6666666666666666,0,severity_aware_non_additive_v2,False,126,0.6666666666666666,720,False,248,0.0,0,12,0,260,12,12,dry=0.04|dry_vent=0.00|dew=0.00|canopy=0.10
0.12,18,0.14285714285714285,18,0.0,0.04,0.0,4,1.25,1.0,1.0,0,severity_aware_non_additive_v2,False,126,1.0,720,False,248,0.0,0,18,0,266,18,18,dry=0.04|dry_vent=0.00|dew=0.00|canopy=0.12
0.0,0,0.0,0,0.04,0.04,0.0,4,1.4,0.0,0.0,0,severity_aware_non_additive_v2,False,126,0.0,720,False,248,0.0,0,0,0,248,0,0,dry=0.04|dry_vent=0.00|dew=0.04|canopy=0.00
0.04,0,0.0,0,0.04,0.04,0.0,4,1.4,0.0,0.0,0,severity_aware_non_additive_v2,False,126,0.0,720,False,248,0.0,0,0,0,248,0,0,dry=0.04|dry_vent=0.00|dew=0.04|canopy=0.04
0.06,12,0.09523809523809523,12,0.04,0.04,0.0,3,1.0499999999999998,1.0,0.6666666666666666,0,severity_aware_non_additive_v2,False,126,0.6666666666666666,720,False,248,0.0,0,12,0,260,12,12,dry=0.04|dry_vent=0.00|dew=0.04|canopy=0.06
0.08,12,0.09523809523809523,12,0.04,0.04,0.0,3,1.0499999999999998,1.0,0.6666666666666666,0,severity_aware_non_additive_v2,False,126,0.6666666666666666,720,False,248,0.0,0,12,0,260,12,12,dry=0.04|dry_vent=0.00|dew=0.04|canopy=0.08
0.1,12,0.09523809523809523,12,0.04,0.04,0.0,3,1.0499999999999998,1.0,0.6666666666666666,0,severity_aware_non_additive_v2,False,126,0.6666666666666666,720,False,248,0.0,0,12,0,260,12,12,dry=0.04|dry_vent=0.00|dew=0.04|canopy=0.10
0.12,18,0.14285714285714285,18,0.04,0.04,0.0,4,1.25,1.0,1.0,0,severity_aware_non_additive_v2,False,126,1.0,720,False,248,0.0,0,18,0,266,18,18,dry=0.04|dry_vent=0.00|dew=0.04|canopy=0.12
0.0,3,0.023809523809523808,3,0.06,0.04,0.0,3,1.3599999999999999,1.0,0.08571428571428572,0,severity_aware_non_additive_v2,False,126,0.04,720,False,248,0.0,0,3,0,251,3,3,dry=0.04|dry_vent=0.00|dew=0.06|canopy=0.00
0.04,3,0.023809523809523808,3,0.06,0.04,0.0,3,1.3599999999999999,1.0,0.08571428571428572,0,severity_aware_non_additive_v2,False,126,0.04,720,False,248,0.0,0,3,0,251,3,3,dry=0.04|dry_vent=0.00|dew=0.06|canopy=0.04
0.06,15,0.11904761904761904,15,0.06,0.04,0.0,2,1.01,1.0,0.6666666666666666,0,severity_aware_non_additive_v2,False,126,0.6666666666666666,720,False,248,0.0,0,15,0,263,15,15,dry=0.04|dry_vent=0.00|dew=0.06|canopy=0.06
0.08,15,0.11904761904761904,15,0.06,0.04,0.0,2,1.01,1.0,0.6666666666666666,0,severity_aware_non_additive_v2,False,126,0.6666666666666666,720,False,248,0.0,0,15,0,263,15,15,dry=0.04|dry_vent=0.00|dew=0.06|canopy=0.08
0.1,15,0.11904761904761904,15,0.06,0.04,0.0,2,1.01,1.0,0.6666666666666666,0,severity_aware_non_additive_v2,False,126,0.6666666666666666,720,False,248,0.0,0,15,0,263,15,15,dry=0.04|dry_vent=0.00|dew=0.06|canopy=0.10
0.12,21,0.16666666666666666,21,0.06,0.04,0.0,3,1.21,1.0,1.0,0,severity_aware_non_additive_v2,False,126,1.0,720,False,248,0.0,0,21,0,269,21,21,dry=0.04|dry_vent=0.00|dew=0.06|canopy=0.12
0.0,21,0.16666666666666666,21,0.08,0.04,0.0,3,1.1199999999999999,1.0,0.17142857142857143,0,severity_aware_non_additive_v2,False,126,0.28,720,False,248,0.375,0,21,0,269,21,21,dry=0.04|dry_vent=0.00|dew=0.08|canopy=0.00
0.04,21,0.16666666666666666,21,0.08,0.04,0.0,3,1.1199999999999999,1.0,0.17142857142857143,0,severity_aware_non_additive_v2,False,126,0.28,720,False,248,0.375,0,21,0,269,21,21,dry=0.04|dry_vent=0.00|dew=0.08|canopy=0.04
0.06,33,0.2619047619047619,33,0.08,0.04,0.0,2,0.7699999999999999,1.0,0.6666666666666666,0,severity_aware_non_additive_v2,False,126,0.6666666666666666,720,False,248,0.375,0,33,0,281,33,33,dry=0.04|dry_vent=0.00|dew=0.08|canopy=0.06
0.08,33,0.2619047619047619,33,0.08,0.04,0.0,2,0.7699999999999999,1.0,0.6666666666666666,0,severity_aware_non_additive_v2,False,126,0.6666666666666666,720,False,248,0.375,0,33,0,281,33,33,dry=0.04|dry_vent=0.00|dew=0.08|canopy=0.08
0.1,33,0.2619047619047619,33,0.08,0.04,0.0,2,0.7699999999999999,1.0,0.6666666666666666,0,severity_aware_non_additive_v2,False,126,0.6666666666666666,720,False,248,0.375,0,33,0,281,33,33,dry=0.04|dry_vent=0.00|dew=0.08|canopy=0.10
0.12,39,0.30952380952380953,39,0.08,0.04,0.0,3,0.9699999999999999,1.0,1.0,0,severity_aware_non_additive_v2,False,126,1.0,720,False,248,0.375,0,39,0,287,39,39,dry=0.04|dry_vent=0.00|dew=0.08|canopy=0.12
0.0,32,0.25396825396825395,32,0.1,0.04,0.0,3,1.0499999999999998,1.0,0.2857142857142857,0,severity_aware_non_additive_v2,False,126,0.4266666666666667,720,False,248,0.55,0,32,0,280,32,32,dry=0.04|dry_vent=0.00|dew=0.10|canopy=0.00
0.04,32,0.25396825396825395,32,0.1,0.04,0.0,3,1.0499999999999998,1.0,0.2857142857142857,0,severity_aware_non_additive_v2,False,126,0.4266666666666667,720,False,248,0.55,0,32,0,280,32,32,dry=0.04|dry_vent=0.00|dew=0.10|canopy=0.04
0.06,44,0.3492063492063492,44,0.1,0.04,0.0,2,0.7,1.0,0.6666666666666666,0,severity_aware_non_additive_v2,False,126,0.6666666666666666,720,False,248,0.55,0,44,0,292,44,44,dry=0.04|dry_vent=0.00|dew=0.10|canopy=0.06
0.08,44,0.3492063492063492,44,0.1,0.04,0.0,2,0.7,1.0,0.6666666666666666,0,severity_aware_non_additive_v2,False,126,0.6666666666666666,720,False,248,0.55,0,44,0,292,44,44,dry=0.04|dry_vent=0.00|dew=0.10|canopy=0.08
0.1,44,0.3492063492063492,44,0.1,0.04,0.0,2,0.7,1.0,0.6666666666666666,0,severity_aware_non_additive_v2,False,126,0.6666666666666666,720,False,248,0.55,0,44,0,292,44,44,dry=0.04|dry_vent=0.00|dew=0.10|canopy=0.10
0.12,50,0.3968253968253968,50,0.1,0.04,0.0,3,0.8999999999999999,1.0,1.0,0,severity_aware_non_additive_v2,False,126,1.0,720,False,248,0.55,0,50,0,298,50,50,dry=0.04|dry_vent=0.00|dew=0.10|canopy=0.12
0.0,75,0.5952380952380952,75,0.12,0.04,0.0,4,1.25,1.0,1.0,0,severity_aware_non_additive_v2,False,126,1.0,720,False,248,1.0,0,75,0,323,75,75,dry=0.04|dry_vent=0.00|dew=0.12|canopy=0.00
0.04,75,0.5952380952380952,75,0.12,0.04,0.0,4,1.25,1.0,1.0,0,severity_aware_non_additive_v2,False,126,1.0,720,False,248,1.0,0,75,0,323,75,75,dry=0.04|dry_vent=0.00|dew=0.12|canopy=0.04
0.06,87,0.6904761904761905,87,0.12,0.04,0.0,3,0.8999999999999999,1.0,1.0,0,severity_aware_non_additive_v2,False,126,1.0,720,False,248,1.0,0,87,0,335,87,87,dry=0.04|dry_vent=0.00|dew=0.12|canopy=0.06
0.08,87,0.6904761904761905,87,0.12,0.04,0.0,3,0.8999999999999999,1.0,1.0,0,severity_aware_non_additive_v2,False,126,1.0,720,False,248,1.0,0,87,0,335,87,87,dry=0.04|dry_vent=0.00|dew=0.12|canopy=0.08
0.1,87,0.6904761904761905,87,0.12,0.04,0.0,3,0.8999999999999999,1.0,1.0,0,severity_aware_non_additive_v2,False,126,1.0,720,False,248,1.0,0,87,0,335,87,87,dry=0.04|dry_vent=0.00|dew=0.12|canopy=0.10
0.12,93,0.7380952380952381,93,0.12,0.04,0.0,4,1.0999999999999999,1.0,1.0,0,severity_aware_non_additive_v2,False,126,1.0,720,False,248,1.0,0,93,0,341,93,93,dry=0.04|dry_vent=0.00|dew=0.12|canopy=0.12
0.0,0,0.0,0,0.0,0.04,0.02,4,1.4,0.0,0.0,0,severity_aware_non_additive_v2,False,126,0.0,720,False,248,0.0,0,0,0,248,0,0,dry=0.04|dry_vent=0.02|dew=0.00|canopy=0.00
0.04,0,0.0,0,0.0,0.04,0.02,4,1.4,0.0,0.0,0,severity_aware_non_additive_v2,False,126,0.0,720,False,248,0.0,0,0,0,248,0,0,dry=0.04|dry_vent=0.02|dew=0.00|canopy=0.04
0.06,12,0.09523809523809523,12,0.0,0.04,0.02,3,1.0499999999999998,1.0,0.6666666666666666,0,severity_aware_non_additive_v2,False,126,0.6666666666666666,720,False,248,0.0,0,12,0,260,12,12,dry=0.04|dry_vent=0.02|dew=0.00|canopy=0.06
0.08,12,0.09523809523809523,12,0.0,0.04,0.02,3,1.0499999999999998,1.0,0.6666666666666666,0,severity_aware_non_additive_v2,False,126,0.6666666666666666,720,False,248,0.0,0,12,0,260,12,12,dry=0.04|dry_vent=0.02|dew=0.00|canopy=0.08
0.1,12,0.09523809523809523,12,0.0,0.04,0.02,3,1.0499999999999998,1.0,0.6666666666666666,0,severity_aware_non_additive_v2,False,126,0.6666666666666666,720,False,248,0.0,0,12,0,260,12,12,dry=0.04|dry_vent=0.02|dew=0.00|canopy=0.10
0.12,18,0.14285714285714285,18,0.0,0.04,0.02,4,1.25,1.0,1.0,0,severity_aware_non_additive_v2,False,126,1.0,720,False,248,0.0,0,18,0,266,18,18,dry=0.04|dry_vent=0.02|dew=0.00|canopy=0.12
0.0,0,0.0,0,0.04,0.04,0.02,4,1.4,0.0,0.0,0,severity_aware_non_additive_v2,False,126,0.0,720,False,248,0.0,0,0,0,248,0,0,dry=0.04|dry_vent=0.02|dew=0.04|canopy=0.00
0.04,0,0.0,0,0.04,0.04,0.02,4,1.4,0.0,0.0,0,severity_aware_non_additive_v2,False,126,0.0,720,False,248,0.0,0,0,0,248,0,0,dry=0.04|dry_vent=0.02|dew=0.04|canopy=0.04
0.06,12,0.09523809523809523,12,0.04,0.04,0.02,3,1.0499999999999998,1.0,0.6666666666666666,0,severity_aware_non_additive_v2,False,126,0.6666666666666666,720,False,248,0.0,0,12,0,260,12,12,dry=0.04|dry_vent=0.02|dew=0.04|canopy=0.06
0.08,12,0.09523809523809523,12,0.04,0.04,0.02,3,1.0499999999999998,1.0,0.6666666666666666,0,severity_aware_non_additive_v2,False,126,0.6666666666666666,720,False,248,0.0,0,12,0,260,12,12,dry=0.04|dry_vent=0.02|dew=0.04|canopy=0.08
0.1,12,0.09523809523809523,12,0.04,0.04,0.02,3,1.0499999999999998,1.0,0.6666666666666666,0,severity_aware_non_additive_v2,False,126,0.6666666666666666,720,False,248,0.0,0,12,0,260,12,12,dry=0.04|dry_vent=0.02|dew=0.04|canopy=0.10
0.12,18,0.14285714285714285,18,0.04,0.04,0.02,4,1.25,1.0,1.0,0,severity_aware_non_additive_v2,False,126,1.0,720,False,248,0.0,0,18,0,266,18,18,dry=0.04|dry_vent=0.02|dew=0.04|canopy=0.12
0.0,3,0.023809523809523808,3,0.06,0.04,0.02,3,1.3599999999999999,1.0,0.08571428571428572,0,severity_aware_non_additive_v2,False,126,0.04,720,False,248,0.0,0,3,0,251,3,3,dry=0.04|dry_vent=0.02|dew=0.06|canopy=0.00
0.04,3,0.023809523809523808,3,0.06,0.04,0.02,3,1.3599999999999999,1.0,0.08571428571428572,0,severity_aware_non_additive_v2,False,126,0.04,720,False,248,0.0,0,3,0,251,3,3,dry=0.04|dry_vent=0.02|dew=0.06|canopy=0.04
0.06,15,0.11904761904761904,15,0.06,0.04,0.02,2,1.01,1.0,0.6666666666666666,0,severity_aware_non_additive_v2,False,126,0.6666666666666666,720,False,248,0.0,0,15,0,263,15,15,dry=0.04|dry_vent=0.02|dew=0.06|canopy=0.06
0.08,15,0.11904761904761904,15,0.06,0.04,0.02,2,1.01,1.0,0.6666666666666666,0,severity_aware_non_additive_v2,False,126,0.6666666666666666,720,False,248,0.0,0,15,0,263,15,15,dry=0.04|dry_vent=0.02|dew=0.06|canopy=0.08
0.1,15,0.11904761904761904,15,0.06,0.04,0.02,2,1.01,1.0,0.6666666666666666,0,severity_aware_non_additive_v2,False,126,0.6666666666666666,720,False,248,0.0,0,15,0,263,15,15,dry=0.04|dry_vent=0.02|dew=0.06|canopy=0.10
0.12,21,0.16666666666666666,21,0.06,0.04,0.02,3,1.21,1.0,1.0,0,severity_aware_non_additive_v2,False,126,1.0,720,False,248,0.0,0,21,0,269,21,21,dry=0.04|dry_vent=0.02|dew=0.06|canopy=0.12
0.0,21,0.16666666666666666,21,0.08,0.04,0.02,3,1.1199999999999999,1.0,0.17142857142857143,0,severity_aware_non_additive_v2,False,126,0.28,720,False,248,0.375,0,21,0,269,21,21,dry=0.04|dry_vent=0.02|dew=0.08|canopy=0.00
0.04,21,0.16666666666666666,21,0.08,0.04,0.02,3,1.1199999999999999,1.0,0.17142857142857143,0,severity_aware_non_additive_v2,False,126,0.28,720,False,248,0.375,0,21,0,269,21,21,dry=0.04|dry_vent=0.02|dew=0.08|canopy=0.04
0.06,33,0.2619047619047619,33,0.08,0.04,0.02,2,0.7699999999999999,1.0,0.6666666666666666,0,severity_aware_non_additive_v2,False,126,0.6666666666666666,720,False,248,0.375,0,33,0,281,33,33,dry=0.04|dry_vent=0.02|dew=0.08|canopy=0.06
0.08,33,0.2619047619047619,33,0.08,0.04,0.02,2,0.7699999999999999,1.0,0.6666666666666666,0,severity_aware_non_additive_v2,False,126,0.6666666666666666,720,False,248,0.375,0,33,0,281,33,33,dry=0.04|dry_vent=0.02|dew=0.08|canopy=0.08
0.1,33,0.2619047619047619,33,0.08,0.04,0.02,2,0.7699999999999999,1.0,0.6666666666666666,0,severity_aware_non_additive_v2,False,126,0.6666666666666666,720,False,248,0.375,0,33,0,281,33,33,dry=0.04|dry_vent=0.02|dew=0.08|canopy=0.10
0.12,39,0.30952380952380953,39,0.08,0.04,0.02,3,0.9699999999999999,1.0,1.0,0,severity_aware_non_additive_v2,False,126,1.0,720,False,248,0.375,0,39,0,287,39,39,dry=0.04|dry_vent=0.02|dew=0.08|canopy=0.12
0.0,32,0.25396825396825395,32,0.1,0.04,0.02,3,1.0499999999999998,1.0,0.2857142857142857,0,severity_aware_non_additive_v2,False,126,0.4266666666666667,720,False,248,0.55,0,32,0,280,32,32,dry=0.04|dry_vent=0.02|dew=0.10|canopy=0.00
0.04,32,0.25396825396825395,32,0.1,0.04,0.02,3,1.0499999999999998,1.0,0.2857142857142857,0,severity_aware_non_additive_v2,False,126,0.4266666666666667,720,False,248,0.55,0,32,0,280,32,32,dry=0.04|dry_vent=0.02|dew=0.10|canopy=0.04
0.06,44,0.3492063492063492,44,0.1,0.04,0.02,2,0.7,1.0,0.6666666666666666,0,severity_aware_non_additive_v2,False,126,0.6666666666666666,720,False,248,0.55,0,44,0,292,44,44,dry=0.04|dry_vent=0.02|dew=0.10|canopy=0.06
0.08,44,0.3492063492063492,44,0.1,0.04,0.02,2,0.7,1.0,0.6666666666666666,0,severity_aware_non_additive_v2,False,126,0.6666666666666666,720,False,248,0.55,0,44,0,292,44,44,dry=0.04|dry_vent=0.02|dew=0.10|canopy=0.08
0.1,44,0.3492063492063492,44,0.1,0.04,0.02,2,0.7,1.0,0.6666666666666666,0,severity_aware_non_additive_v2,False,126,0.6666666666666666,720,False,248,0.55,0,44,0,292,44,44,dry=0.04|dry_vent=0.02|dew=0.10|canopy=0.10
0.12,50,0.3968253968253968,50,0.1,0.04,0.02,3,0.8999999999999999,1.0,1.0,0,severity_aware_non_additive_v2,False,126,1.0,720,False,248,0.55,0,50,0,298,50,50,dry=0.04|dry_vent=0.02|dew=0.10|canopy=0.12
0.0,75,0.5952380952380952,75,0.12,0.04,0.02,4,1.25,1.0,1.0,0,severity_aware_non_additive_v2,False,126,1.0,720,False,248,1.0,0,75,0,323,75,75,dry=0.04|dry_vent=0.02|dew=0.12|canopy=0.00
0.04,75,0.5952380952380952,75,0.12,0.04,0.02,4,1.25,1.0,1.0,0,severity_aware_non_additive_v2,False,126,1.0,720,False,248,1.0,0,75,0,323,75,75,dry=0.04|dry_vent=0.02|dew=0.12|canopy=0.04
0.06,87,0.6904761904761905,87,0.12,0.04,0.02,3,0.8999999999999999,1.0,1.0,0,severity_aware_non_additive_v2,False,126,1.0,720,False,248,1.0,0,87,0,335,87,87,dry=0.04|dry_vent=0.02|dew=0.12|canopy=0.06
0.08,87,0.6904761904761905,87,0.12,0.04,0.02,3,0.8999999999999999,1.0,1.0,0,severity_aware_non_additive_v2,False,126,1.0,720,False,248,1.0,0,87,0,335,87,87,dry=0.04|dry_vent=0.02|dew=0.12|canopy=0.08
0.1,87,0.6904761904761905,87,0.12,0.04,0.02,3,0.8999999999999999,1.0,1.0,0,severity_aware_non_additive_v2,False,126,1.0,720,False,248,1.0,0,87,0,335,87,87,dry=0.04|dry_vent=0.02|dew=0.12|canopy=0.10
0.12,93,0.7380952380952381,93,0.12,0.04,0.02,4,1.0999999999999999,1.0,1.0,0,severity_aware_non_additive_v2,False,126,1.0,720,False,248,1.0,0,93,0,341,93,93,dry=0.04|dry_vent=0.02|dew=0.12|canopy=0.12
0.0,0,0.0,0,0.0,0.04,0.04,4,1.4,0.0,0.0,0,severity_aware_non_additive_v2,False,126,0.0,720,False,248,0.0,0,0,0,248,0,0,dry=0.04|dry_vent=0.04|dew=0.00|canopy=0.00
0.04,0,0.0,0,0.0,0.04,0.04,4,1.4,0.0,0.0,0,severity_aware_non_additive_v2,False,126,0.0,720,False,248,0.0,0,0,0,248,0,0,dry=0.04|dry_vent=0.04|dew=0.00|canopy=0.04
0.06,12,0.09523809523809523,12,0.0,0.04,0.04,3,1.0499999999999998,1.0,0.6666666666666666,0,severity_aware_non_additive_v2,False,126,0.6666666666666666,720,False,248,0.0,0,12,0,260,12,12,dry=0.04|dry_vent=0.04|dew=0.00|canopy=0.06
0.08,12,0.09523809523809523,12,0.0,0.04,0.04,3,1.0499999999999998,1.0,0.6666666666666666,0,severity_aware_non_additive_v2,False,126,0.6666666666666666,720,False,248,0.0,0,12,0,260,12,12,dry=0.04|dry_vent=0.04|dew=0.00|canopy=0.08
0.1,12,0.09523809523809523,12,0.0,0.04,0.04,3,1.0499999999999998,1.0,0.6666666666666666,0,severity_aware_non_additive_v2,False,126,0.6666666666666666,720,False,248,0.0,0,12,0,260,12,12,dry=0.04|dry_vent=0.04|dew=0.00|canopy=0.10
0.12,18,0.14285714285714285,18,0.0,0.04,0.04,4,1.25,1.0,1.0,0,severity_aware_non_additive_v2,False,126,1.0,720,False,248,0.0,0,18,0,266,18,18,dry=0.04|dry_vent=0.04|dew=0.00|canopy=0.12
0.0,0,0.0,0,0.04,0.04,0.04,4,1.4,0.0,0.0,0,severity_aware_non_additive_v2,False,126,0.0,720,False,248,0.0,0,0,0,248,0,0,dry=0.04|dry_vent=0.04|dew=0.04|canopy=0.00
0.04,0,0.0,0,0.04,0.04,0.04,4,1.4,0.0,0.0,0,severity_aware_non_additive_v2,False,126,0.0,720,False,248,0.0,0,0,0,248,0,0,dry=0.04|dry_vent=0.04|dew=0.04|canopy=0.04
0.06,12,0.09523809523809523,12,0.04,0.04,0.04,3,1.0499999999999998,1.0,0.6666666666666666,0,severity_aware_non_additive_v2,False,126,0.6666666666666666,720,False,248,0.0,0,12,0,260,12,12,dry=0.04|dry_vent=0.04|dew=0.04|canopy=0.06
0.08,12,0.09523809523809523,12,0.04,0.04,0.04,3,1.0499999999999998,1.0,0.6666666666666666,0,severity_aware_non_additive_v2,False,126,0.6666666666666666,720,False,248,0.0,0,12,0,260,12,12,dry=0.04|dry_vent=0.04|dew=0.04|canopy=0.08
0.1,12,0.09523809523809523,12,0.04,0.04,0.04,3,1.0499999999999998,1.0,0.6666666666666666,0,severity_aware_non_additive_v2,False,126,0.6666666666666666,720,False,248,0.0,0,12,0,260,12,12,dry=0.04|dry_vent=0.04|dew=0.04|canopy=0.10
0.12,18,0.14285714285714285,18,0.04,0.04,0.04,4,1.25,1.0,1.0,0,severity_aware_non_additive_v2,False,126,1.0,720,False,248,0.0,0,18,0,266,18,18,dry=0.04|dry_vent=0.04|dew=0.04|canopy=0.12
0.0,3,0.023809523809523808,3,0.06,0.04,0.04,3,1.3599999999999999,1.0,0.08571428571428572,0,severity_aware_non_additive_v2,False,126,0.04,720,False,248,0.0,0,3,0,251,3,3,dry=0.04|dry_vent=0.04|dew=0.06|canopy=0.00
0.04,3,0.023809523809523808,3,0.06,0.04,0.04,3,1.3599999999999999,1.0,0.08571428571428572,0,severity_aware_non_additive_v2,False,126,0.04,720,False,248,0.0,0,3,0,251,3,3,dry=0.04|dry_vent=0.04|dew=0.06|canopy=0.04
0.06,15,0.11904761904761904,15,0.06,0.04,0.04,2,1.01,1.0,0.6666666666666666,0,severity_aware_non_additive_v2,False,126,0.6666666666666666,720,False,248,0.0,0,15,0,263,15,15,dry=0.04|dry_vent=0.04|dew=0.06|canopy=0.06
0.08,15,0.11904761904761904,15,0.06,0.04,0.04,2,1.01,1.0,0.6666666666666666,0,severity_aware_non_additive_v2,False,126,0.6666666666666666,720,False,248,0.0,0,15,0,263,15,15,dry=0.04|dry_vent=0.04|dew=0.06|canopy=0.08
0.1,15,0.11904761904761904,15,0.06,0.04,0.04,2,1.01,1.0,0.6666666666666666,0,severity_aware_non_additive_v2,False,126,0.6666666666666666,720,False,248,0.0,0,15,0,263,15,15,dry=0.04|dry_vent=0.04|dew=0.06|canopy=0.10
0.12,21,0.16666666666666666,21,0.06,0.04,0.04,3,1.21,1.0,1.0,0,severity_aware_non_additive_v2,False,126,1.0,720,False,248,0.0,0,21,0,269,21,21,dry=0.04|dry_vent=0.04|dew=0.06|canopy=0.12
0.0,21,0.16666666666666666,21,0.08,0.04,0.04,3,1.1199999999999999,1.0,0.17142857142857143,0,severity_aware_non_additive_v2,False,126,0.28,720,False,248,0.375,0,21,0,269,21,21,dry=0.04|dry_vent=0.04|dew=0.08|canopy=0.00
0.04,21,0.16666666666666666,21,0.08,0.04,0.04,3,1.1199999999999999,1.0,0.17142857142857143,0,severity_aware_non_additive_v2,False,126,0.28,720,False,248,0.375,0,21,0,269,21,21,dry=0.04|dry_vent=0.04|dew=0.08|canopy=0.04
0.06,33,0.2619047619047619,33,0.08,0.04,0.04,2,0.7699999999999999,1.0,0.6666666666666666,0,severity_aware_non_additive_v2,False,126,0.6666666666666666,720,False,248,0.375,0,33,0,281,33,33,dry=0.04|dry_vent=0.04|dew=0.08|canopy=0.06
0.08,33,0.2619047619047619,33,0.08,0.04,0.04,2,0.7699999999999999,1.0,0.6666666666666666,0,severity_aware_non_additive_v2,False,126,0.6666666666666666,720,False,248,0.375,0,33,0,281,33,33,dry=0.04|dry_vent=0.04|dew=0.08|canopy=0.08
0.1,33,0.2619047619047619,33,0.08,0.04,0.04,2,0.7699999999999999,1.0,0.6666666666666666,0,severity_aware_non_additive_v2,False,126,0.6666666666666666,720,False,248,0.375,0,33,0,281,33,33,dry=0.04|dry_vent=0.04|dew=0.08|canopy=0.10
0.12,39,0.30952380952380953,39,0.08,0.04,0.04,3,0.9699999999999999,1.0,1.0,0,severity_aware_non_additive_v2,False,126,1.0,720,False,248,0.375,0,39,0,287,39,39,dry=0.04|dry_vent=0.04|dew=0.08|canopy=0.12
0.0,32,0.25396825396825395,32,0.1,0.04,0.04,3,1.0499999999999998,1.0,0.2857142857142857,0,severity_aware_non_additive_v2,False,126,0.4266666666666667,720,False,248,0.55,0,32,0,280,32,32,dry=0.04|dry_vent=0.04|dew=0.10|canopy=0.00
0.04,32,0.25396825396825395,32,0.1,0.04,0.04,3,1.0499999999999998,1.0,0.2857142857142857,0,severity_aware_non_additive_v2,False,126,0.4266666666666667,720,False,248,0.55,0,32,0,280,32,32,dry=0.04|dry_vent=0.04|dew=0.10|canopy=0.04
0.06,44,0.3492063492063492,44,0.1,0.04,0.04,2,0.7,1.0,0.6666666666666666,0,severity_aware_non_additive_v2,False,126,0.6666666666666666,720,False,248,0.55,0,44,0,292,44,44,dry=0.04|dry_vent=0.04|dew=0.10|canopy=0.06
0.08,44,0.3492063492063492,44,0.1,0.04,0.04,2,0.7,1.0,0.6666666666666666,0,severity_aware_non_additive_v2,False,126,0.6666666666666666,720,False,248,0.55,0,44,0,292,44,44,dry=0.04|dry_vent=0.04|dew=0.10|canopy=0.08
0.1,44,0.3492063492063492,44,0.1,0.04,0.04,2,0.7,1.0,0.6666666666666666,0,severity_aware_non_additive_v2,False,126,0.6666666666666666,720,False,248,0.55,0,44,0,292,44,44,dry=0.04|dry_vent=0.04|dew=0.10|canopy=0.10
0.12,50,0.3968253968253968,50,0.1,0.04,0.04,3,0.8999999999999999,1.0,1.0,0,severity_aware_non_additive_v2,False,126,1.0,720,False,248,0.55,0,50,0,298,50,50,dry=0.04|dry_vent=0.04|dew=0.10|canopy=0.12
0.0,75,0.5952380952380952,75,0.12,0.04,0.04,4,1.25,1.0,1.0,0,severity_aware_non_additive_v2,False,126,1.0,720,False,248,1.0,0,75,0,323,75,75,dry=0.04|dry_vent=0.04|dew=0.12|canopy=0.00
0.04,75,0.5952380952380952,75,0.12,0.04,0.04,4,1.25,1.0,1.0,0,severity_aware_non_additive_v2,False,126,1.0,720,False,248,1.0,0,75,0,323,75,75,dry=0.04|dry_vent=0.04|dew=0.12|canopy=0.04
0.06,87,0.6904761904761905,87,0.12,0.04,0.04,3,0.8999999999999999,1.0,1.0,0,severity_aware_non_additive_v2,False,126,1.0,720,False,248,1.0,0,87,0,335,87,87,dry=0.04|dry_vent=0.04|dew=0.12|canopy=0.06
0.08,87,0.6904761904761905,87,0.12,0.04,0.04,3,0.8999999999999999,1.0,1.0,0,severity_aware_non_additive_v2,False,126,1.0,720,False,248,1.0,0,87,0,335,87,87,dry=0.04|dry_vent=0.04|dew=0.12|canopy=0.08
0.1,87,0.6904761904761905,87,0.12,0.04,0.04,3,0.8999999999999999,1.0,1.0,0,severity_aware_non_additive_v2,False,126,1.0,720,False,248,1.0,0,87,0,335,87,87,dry=0.04|dry_vent=0.04|dew=0.12|canopy=0.10
0.12,93,0.7380952380952381,93,0.12,0.04,0.04,4,1.0999999999999999,1.0,1.0,0,severity_aware_non_additive_v2,False,126,1.0,720,False,248,1.0,0,93,0,341,93,93,dry=0.04|dry_vent=0.04|dew=0.12|canopy=0.12
0.0,25,0.1984126984126984,25,0.0,0.04,0.06,4,1.25,1.0,1.0,0,severity_aware_non_additive_v2,False,126,1.0,720,False,248,0.0,0,25,0,273,25,25,dry=0.04|dry_vent=0.06|dew=0.00|canopy=0.00
0.04,25,0.1984126984126984,25,0.0,0.04,0.06,4,1.25,1.0,1.0,0,severity_aware_non_additive_v2,False,126,1.0,720,False,248,0.0,0,25,0,273,25,25,dry=0.04|dry_vent=0.06|dew=0.00|canopy=0.04
0.06,37,0.29365079365079366,37,0.0,0.04,0.06,3,0.8999999999999999,1.0,1.0,0,severity_aware_non_additive_v2,False,126,1.0,720,False,248,0.0,0,37,0,285,37,37,dry=0.04|dry_vent=0.06|dew=0.00|canopy=0.06
0.08,37,0.29365079365079366,37,0.0,0.04,0.06,3,0.8999999999999999,1.0,1.0,0,severity_aware_non_additive_v2,False,126,1.0,720,False,248,0.0,0,37,0,285,37,37,dry=0.04|dry_vent=0.06|dew=0.00|canopy=0.08
0.1,37,0.29365079365079366,37,0.0,0.04,0.06,3,0.8999999999999999,1.0,1.0,0,severity_aware_non_additive_v2,False,126,1.0,720,False,248,0.0,0,37,0,285,37,37,dry=0.04|dry_vent=0.06|dew=0.00|canopy=0.10
0.12,43,0.3412698412698413,43,0.0,0.04,0.06,4,1.0999999999999999,1.0,1.0,0,severity_aware_non_additive_v2,False,126,1.0,720,False,248,0.0,0,43,0,291,43,43,dry=0.04|dry_vent=0.06|dew=0.00|canopy=0.12
0.0,25,0.1984126984126984,25,0.04,0.04,0.06,4,1.25,1.0,1.0,0,severity_aware_non_additive_v2,False,126,1.0,720,False,248,0.0,0,25,0,273,25,25,dry=0.04|dry_vent=0.06|dew=0.04|canopy=0.00
0.04,25,0.1984126984126984,25,0.04,0.04,0.06,4,1.25,1.0,1.0,0,severity_aware_non_additive_v2,False,126,1.0,720,False,248,0.0,0,25,0,273,25,25,dry=0.04|dry_vent=0.06|dew=0.04|canopy=0.04
0.06,37,0.29365079365079366,37,0.04,0.04,0.06,3,0.8999999999999999,1.0,1.0,0,severity_aware_non_additive_v2,False,126,1.0,720,False,248,0.0,0,37,0,285,37,37,dry=0.04|dry_vent=0.06|dew=0.04|canopy=0.06
0.08,37,0.29365079365079366,37,0.04,0.04,0.06,3,0.8999999999999999,1.0,1.0,0,severity_aware_non_additive_v2,False,126,1.0,720,False,248,0.0,0,37,0,285,37,37,dry=0.04|dry_vent=0.06|dew=0.04|canopy=0.08
0.1,37,0.29365079365079366,37,0.04,0.04,0.06,3,0.8999999999999999,1.0,1.0,0,severity_aware_non_additive_v2,False,126,1.0,720,False,248,0.0,0,37,0,285,37,37,dry=0.04|dry_vent=0.06|dew=0.04|canopy=0.10
0.12,43,0.3412698412698413,43,0.04,0.04,0.06,4,1.0999999999999999,1.0,1.0,0,severity_aware_non_additive_v2,False,126,1.0,720,False,248,0.0,0,43,0,291,43,43,dry=0.04|dry_vent=0.06|dew=0.04|canopy=0.12
0.0,28,0.2222222222222222,28,0.06,0.04,0.06,3,1.21,1.0,1.0,0,severity_aware_non_additive_v2,False,126,1.0,720,False,248,0.0,0,28,0,276,28,28,dry=0.04|dry_vent=0.06|dew=0.06|canopy=0.00
0.04,28,0.2222222222222222,28,0.06,0.04,0.06,3,1.21,1.0,1.0,0,severity_aware_non_additive_v2,False,126,1.0,720,False,248,0.0,0,28,0,276,28,28,dry=0.04|dry_vent=0.06|dew=0.06|canopy=0.04
0.06,40,0.31746031746031744,40,0.06,0.04,0.06,2,0.8599999999999999,1.0,0.9142857142857143,0,severity_aware_non_additive_v2,False,126,1.0,720,False,248,0.0,0,40,0,288,40,40,dry=0.04|dry_vent=0.06|dew=0.06|canopy=0.06
0.08,40,0.31746031746031744,40,0.06,0.04,0.06,2,0.8599999999999999,1.0,0.9142857142857143,0,severity_aware_non_additive_v2,False,126,1.0,720,False,248,0.0,0,40,0,288,40,40,dry=0.04|dry_vent=0.06|dew=0.06|canopy=0.08
0.1,40,0.31746031746031744,40,0.06,0.04,0.06,2,0.8599999999999999,1.0,0.9142857142857143,0,severity_aware_non_additive_v2,False,126,1.0,720,False,248,0.0,0,40,0,288,40,40,dry=0.04|dry_vent=0.06|dew=0.06|canopy=0.10
0.12,46,0.36507936507936506,46,0.06,0.04,0.06,3,1.0599999999999998,1.0,0.9142857142857143,0,severity_aware_non_additive_v2,False,126,1.0,720,False,248,0.0,0,46,0,294,46,46,dry=0.04|dry_vent=0.06|dew=0.06|canopy=0.12
0.0,46,0.36507936507936506,46,0.08,0.04,0.06,3,0.9699999999999999,1.0,1.0,0,severity_aware_non_additive_v2,False,126,1.0,720,False,248,0.375,0,46,0,294,46,46,dry=0.04|dry_vent=0.06|dew=0.08|canopy=0.00
0.04,46,0.36507936507936506,46,0.08,0.04,0.06,3,0.9699999999999999,1.0,1.0,0,severity_aware_non_additive_v2,False,126,1.0,720,False,248,0.375,0,46,0,294,46,46,dry=0.04|dry_vent=0.06|dew=0.08|canopy=0.04
0.06,58,0.4603174603174603,58,0.08,0.04,0.06,2,0.6199999999999999,1.0,0.8285714285714285,0,severity_aware_non_additive_v2,False,126,1.0,720,False,248,0.375,0,58,0,306,58,58,dry=0.04|dry_vent=0.06|dew=0.08|canopy=0.06
0.08,58,0.4603174603174603,58,0.08,0.04,0.06,2,0.6199999999999999,1.0,0.8285714285714285,0,severity_aware_non_additive_v2,False,126,1.0,720,False,248,0.375,0,58,0,306,58,58,dry=0.04|dry_vent=0.06|dew=0.08|canopy=0.08
0.1,58,0.4603174603174603,58,0.08,0.04,0.06,2,0.6199999999999999,1.0,0.8285714285714285,0,severity_aware_non_additive_v2,False,126,1.0,720,False,248,0.375,0,58,0,306,58,58,dry=0.04|dry_vent=0.06|dew=0.08|canopy=0.10
0.12,64,0.5079365079365079,64,0.08,0.04,0.06,3,0.8199999999999998,0.90625,0.8285714285714285,0,severity_aware_non_additive_v2,False,126,1.0,720,False,248,0.375,0,64,0,312,64,64,dry=0.04|dry_vent=0.06|dew=0.08|canopy=0.12
0.0,57,0.4523809523809524,57,0.1,0.04,0.06,3,0.8999999999999999,1.0,1.0,0,severity_aware_non_additive_v2,False,126,1.0,720,False,248,0.55,0,57,0,305,57,57,dry=0.04|dry_vent=0.06|dew=0.10|canopy=0.00
0.04,57,0.4523809523809524,57,0.1,0.04,0.06,3,0.8999999999999999,1.0,1.0,0,severity_aware_non_additive_v2,False,126,1.0,720,False,248,0.55,0,57,0,305,57,57,dry=0.04|dry_vent=0.06|dew=0.10|canopy=0.04
0.06,69,0.5476190476190477,69,0.1,0.04,0.06,2,0.5499999999999999,1.0,0.7142857142857143,0,severity_aware_non_additive_v2,False,126,1.0,720,False,248,0.55,0,69,0,317,69,69,dry=0.04|dry_vent=0.06|dew=0.10|canopy=0.06
0.08,69,0.5476190476190477,69,0.1,0.04,0.06,2,0.5499999999999999,1.0,0.7142857142857143,0,severity_aware_non_additive_v2,False,126,1.0,720,False,248,0.55,0,69,0,317,69,69,dry=0.04|dry_vent=0.06|dew=0.10|canopy=0.08
0.1,69,0.5476190476190477,69,0.1,0.04,0.06,2,0.5499999999999999,1.0,0.7142857142857143,0,severity_aware_non_additive_v2,False,126,1.0,720,False,248,0.55,0,69,0,317,69,69,dry=0.04|dry_vent=0.06|dew=0.10|canopy=0.10
0.12,75,0.5952380952380952,75,0.1,0.04,0.06,3,0.7499999999999999,0.78125,0.7142857142857143,0,severity_aware_non_additive_v2,False,126,1.0,720,False,248,0.55,0,75,0,323,75,75,dry=0.04|dry_vent=0.06|dew=0.10|canopy=0.12
0.0,100,0.7936507936507936,100,0.12,0.04,0.06,4,1.0999999999999999,1.0,1.0,0,severity_aware_non_additive_v2,False,126,1.0,720,False,248,1.0,0,100,0,348,100,100,dry=0.04|dry_vent=0.06|dew=0.12|canopy=0.00
0.04,100,0.7936507936507936,100,0.12,0.04,0.06,4,1.0999999999999999,1.0,1.0,0,severity_aware_non_additive_v2,False,126,1.0,720,False,248,1.0,0,100,0,348,100,100,dry=0.04|dry_vent=0.06|dew=0.12|canopy=0.04
0.06,112,0.8888888888888888,112,0.12,0.04,0.06,3,0.7499999999999999,1.0,0.33333333333333337,0,severity_aware_non_additive_v2,True,126,1.0,720,False,248,1.0,0,112,0,360,112,112,dry=0.04|dry_vent=0.06|dew=0.12|canopy=0.06
0.08,112,0.8888888888888888,112,0.12,0.04,0.06,3,0.7499999999999999,1.0,0.33333333333333337,0,severity_aware_non_additive_v2,True,126,1.0,720,False,248,1.0,0,112,0,360,112,112,dry=0.04|dry_vent=0.06|dew=0.12|canopy=0.08
0.1,112,0.8888888888888888,112,0.12,0.04,0.06,3,0.7499999999999999,1.0,0.33333333333333337,0,severity_aware_non_additive_v2,True,126,1.0,720,False,248,1.0,0,112,0,360,112,112,dry=0.04|dry_vent=0.06|dew=0.12|canopy=0.10
0.12,118,0.9365079365079365,118,0.12,0.04,0.06,4,0.9499999999999998,0.0,0.0,0,severity_aware_non_additive_v2,True,126,1.0,720,False,248,1.0,0,118,0,366,118,118,dry=0.04|dry_vent=0.06|dew=0.12|canopy=0.12
0.0,6,0.047619047619047616,6,0.0,0.06,0.0,3,1.0499999999999998,0.0,0.0,0,severity_aware_non_additive_v2,False,126,0.75,720,False,248,0.75,0,6,0,254,6,6,dry=0.06|dry_vent=0.00|dew=0.00|canopy=0.00
0.04,6,0.047619047619047616,6,0.0,0.06,0.0,3,1.0499999999999998,0.0,0.0,0,severity_aware_non_additive_v2,False,126,0.75,720,False,248,0.75,0,6,0,254,6,6,dry=0.06|dry_vent=0.00|dew=0.00|canopy=0.04
0.06,18,0.14285714285714285,18,0.0,0.06,0.0,2,0.7,1.0,0.6666666666666666,0,severity_aware_non_additive_v2,False,126,0.75,720,False,248,0.75,0,18,0,266,18,18,dry=0.06|dry_vent=0.00|dew=0.00|canopy=0.06
0.08,18,0.14285714285714285,18,0.0,0.06,0.0,2,0.7,1.0,0.6666666666666666,0,severity_aware_non_additive_v2,False,126,0.75,720,False,248,0.75,0,18,0,266,18,18,dry=0.06|dry_vent=0.00|dew=0.00|canopy=0.08
0.1,18,0.14285714285714285,18,0.0,0.06,0.0,2,0.7,1.0,0.6666666666666666,0,severity_aware_non_additive_v2,False,126,0.75,720,False,248,0.75,0,18,0,266,18,18,dry=0.06|dry_vent=0.00|dew=0.00|canopy=0.10
0.12,24,0.19047619047619047,24,0.0,0.06,0.0,3,0.8999999999999999,1.0,1.0,0,severity_aware_non_additive_v2,False,126,1.0,720,False,248,0.75,0,24,0,272,24,24,dry=0.06|dry_vent=0.00|dew=0.00|canopy=0.12
0.0,6,0.047619047619047616,6,0.04,0.06,0.0,3,1.0499999999999998,0.0,0.0,0,severity_aware_non_additive_v2,False,126,0.75,720,False,248,0.75,0,6,0,254,6,6,dry=0.06|dry_vent=0.00|dew=0.04|canopy=0.00
0.04,6,0.047619047619047616,6,0.04,0.06,0.0,3,1.0499999999999998,0.0,0.0,0,severity_aware_non_additive_v2,False,126,0.75,720,False,248,0.75,0,6,0,254,6,6,dry=0.06|dry_vent=0.00|dew=0.04|canopy=0.04
0.06,18,0.14285714285714285,18,0.04,0.06,0.0,2,0.7,1.0,0.6666666666666666,0,severity_aware_non_additive_v2,False,126,0.75,720,False,248,0.75,0,18,0,266,18,18,dry=0.06|dry_vent=0.00|dew=0.04|canopy=0.06
0.08,18,0.14285714285714285,18,0.04,0.06,0.0,2,0.7,1.0,0.6666666666666666,0,severity_aware_non_additive_v2,False,126,0.75,720,False,248,0.75,0,18,0,266,18,18,dry=0.06|dry_vent=0.00|dew=0.04|canopy=0.08
0.1,18,0.14285714285714285,18,0.04,0.06,0.0,2,0.7,1.0,0.6666666666666666,0,severity_aware_non_additive_v2,False,126,0.75,720,False,248,0.75,0,18,0,266,18,18,dry=0.06|dry_vent=0.00|dew=0.04|canopy=0.10
0.12,24,0.19047619047619047,24,0.04,0.06,0.0,3,0.8999999999999999,1.0,1.0,0,severity_aware_non_additive_v2,False,126,1.0,720,False,248,0.75,0,24,0,272,24,24,dry=0.06|dry_vent=0.00|dew=0.04|canopy=0.12
0.0,9,0.07142857142857142,9,0.06,0.06,0.0,2,1.01,1.0,0.08571428571428572,0,severity_aware_non_additive_v2,False,126,0.75,720,False,248,0.75,0,9,0,257,9,9,dry=0.06|dry_vent=0.00|dew=0.06|canopy=0.00
0.04,9,0.07142857142857142,9,0.06,0.06,0.0,2,1.01,1.0,0.08571428571428572,0,severity_aware_non_additive_v2,False,126,0.75,720,False,248,0.75,0,9,0,257,9,9,dry=0.06|dry_vent=0.00|dew=0.06|canopy=0.04
0.06,21,0.16666666666666666,21,0.06,0.06,0.0,1,0.6599999999999999,1.0,0.6666666666666666,0,severity_aware_non_additive_v2,False,126,0.75,720,False,248,0.75,0,21,0,269,21,21,dry=0.06|dry_vent=0.00|dew=0.06|canopy=0.06
0.08,21,0.16666666666666666,21,0.06,0.06,0.0,1,0.6599999999999999,1.0,0.6666666666666666,0,severity_aware_non_additive_v2,False,126,0.75,720,False,248,0.75,0,21,0,269,21,21,dry=0.06|dry_vent=0.00|dew=0.06|canopy=0.08
0.1,21,0.16666666666666666,21,0.06,0.06,0.0,1,0.6599999999999999,1.0,0.6666666666666666,0,severity_aware_non_additive_v2,False,126,0.75,720,False,248,0.75,0,21,0,269,21,21,dry=0.06|dry_vent=0.00|dew=0.06|canopy=0.10
0.12,27,0.21428571428571427,27,0.06,0.06,0.0,2,0.8599999999999999,1.0,1.0,0,severity_aware_non_additive_v2,False,126,1.0,720,False,248,0.75,0,27,0,275,27,27,dry=0.06|dry_vent=0.00|dew=0.06|canopy=0.12
0.0,27,0.21428571428571427,27,0.08,0.06,0.0,2,0.7699999999999999,1.0,0.17142857142857143,0,severity_aware_non_additive_v2,False,126,0.75,720,False,248,0.375,0,27,0,275,27,27,dry=0.06|dry_vent=0.00|dew=0.08|canopy=0.00
0.04,27,0.21428571428571427,27,0.08,0.06,0.0,2,0.7699999999999999,1.0,0.17142857142857143,0,severity_aware_non_additive_v2,False,126,0.75,720,False,248,0.375,0,27,0,275,27,27,dry=0.06|dry_vent=0.00|dew=0.08|canopy=0.04
0.06,39,0.30952380952380953,39,0.08,0.06,0.0,1,0.41999999999999993,1.0,0.6666666666666666,0,severity_aware_non_additive_v2,False,126,0.75,720,False,248,0.375,0,39,0,287,39,39,dry=0.06|dry_vent=0.00|dew=0.08|canopy=0.06
0.08,39,0.30952380952380953,39,0.08,0.06,0.0,1,0.41999999999999993,1.0,0.6666666666666666,0,severity_aware_non_additive_v2,False,126,0.75,720,False,248,0.375,0,39,0,287,39,39,dry=0.06|dry_vent=0.00|dew=0.08|canopy=0.08
0.1,39,0.30952380952380953,39,0.08,0.06,0.0,1,0.41999999999999993,1.0,0.6666666666666666,0,severity_aware_non_additive_v2,False,126,0.75,720,False,248,0.375,0,39,0,287,39,39,dry=0.06|dry_vent=0.00|dew=0.08|canopy=0.10
0.12,45,0.35714285714285715,45,0.08,0.06,0.0,2,0.6199999999999999,1.0,1.0,0,severity_aware_non_additive_v2,False,126,1.0,720,False,248,0.375,0,45,0,293,45,45,dry=0.06|dry_vent=0.00|dew=0.08|canopy=0.12
0.0,38,0.30158730158730157,38,0.1,0.06,0.0,2,0.7,1.0,0.2857142857142857,0,severity_aware_non_additive_v2,False,126,0.75,720,False,248,0.19999999999999996,0,38,0,286,38,38,dry=0.06|dry_vent=0.00|dew=0.10|canopy=0.00
0.04,38,0.30158730158730157,38,0.1,0.06,0.0,2,0.7,1.0,0.2857142857142857,0,severity_aware_non_additive_v2,False,126,0.75,720,False,248,0.19999999999999996,0,38,0,286,38,38,dry=0.06|dry_vent=0.00|dew=0.10|canopy=0.04
0.06,50,0.3968253968253968,50,0.1,0.06,0.0,1,0.35,1.0,0.6666666666666666,0,severity_aware_non_additive_v2,False,126,0.75,720,False,248,0.19999999999999996,0,50,0,298,50,50,dry=0.06|dry_vent=0.00|dew=0.10|canopy=0.06
0.08,50,0.3968253968253968,50,0.1,0.06,0.0,1,0.35,1.0,0.6666666666666666,0,severity_aware_non_additive_v2,False,126,0.75,720,False,248,0.19999999999999996,0,50,0,298,50,50,dry=0.06|dry_vent=0.00|dew=0.10|canopy=0.08
0.1,50,0.3968253968253968,50,0.1,0.06,0.0,1,0.35,1.0,0.6666666666666666,0,severity_aware_non_additive_v2,False,126,0.75,720,False,248,0.19999999999999996,0,50,0,298,50,50,dry=0.06|dry_vent=0.00|dew=0.10|canopy=0.10
0.12,56,0.4444444444444444,56,0.1,0.06,0.0,2,0.5499999999999999,1.0,1.0,0,severity_aware_non_additive_v2,False,126,1.0,720,False,248,0.19999999999999996,0,56,0,304,56,56,dry=0.06|dry_vent=0.00|dew=0.10|canopy=0.12
0.0,81,0.6428571428571429,81,0.12,0.06,0.0,3,0.8999999999999999,1.0,1.0,0,severity_aware_non_additive_v2,False,126,1.0,720,False,248,0.25,0,81,0,329,81,81,dry=0.06|dry_vent=0.00|dew=0.12|canopy=0.00
0.04,81,0.6428571428571429,81,0.12,0.06,0.0,3,0.8999999999999999,1.0,1.0,0,severity_aware_non_additive_v2,False,126,1.0,720,False,248,0.25,0,81,0,329,81,81,dry=0.06|dry_vent=0.00|dew=0.12|canopy=0.04
0.06,93,0.7380952380952381,93,0.12,0.06,0.0,2,0.5499999999999999,1.0,1.0,0,severity_aware_non_additive_v2,False,126,1.0,720,False,248,0.25,0,93,0,341,93,93,dry=0.06|dry_vent=0.00|dew=0.12|canopy=0.06
0.08,93,0.7380952380952381,93,0.12,0.06,0.0,2,0.5499999999999999,1.0,1.0,0,severity_aware_non_additive_v2,False,126,1.0,720,False,248,0.25,0,93,0,341,93,93,dry=0.06|dry_vent=0.00|dew=0.12|canopy=0.08
0.1,93,0.7380952380952381,93,0.12,0.06,0.0,2,0.5499999999999999,1.0,1.0,0,severity_aware_non_additive_v2,False,126,1.0,720,False,248,0.25,0,93,0,341,93,93,dry=0.06|dry_vent=0.00|dew=0.12|canopy=0.10
0.12,99,0.7857142857142857,99,0.12,0.06,0.0,3,0.7499999999999999,1.0,1.0,0,severity_aware_non_additive_v2,False,126,1.0,720,False,248,0.25,0,99,0,347,99,99,dry=0.06|dry_vent=0.00|dew=0.12|canopy=0.12
0.0,6,0.047619047619047616,6,0.0,0.06,0.02,3,1.0499999999999998,0.0,0.0,0,severity_aware_non_additive_v2,False,126,0.75,720,False,248,0.75,0,6,0,254,6,6,dry=0.06|dry_vent=0.02|dew=0.00|canopy=0.00
0.04,6,0.047619047619047616,6,0.0,0.06,0.02,3,1.0499999999999998,0.0,0.0,0,severity_aware_non_additive_v2,False,126,0.75,720,False,248,0.75,0,6,0,254,6,6,dry=0.06|dry_vent=0.02|dew=0.00|canopy=0.04
0.06,18,0.14285714285714285,18,0.0,0.06,0.02,2,0.7,1.0,0.6666666666666666,0,severity_aware_non_additive_v2,False,126,0.75,720,False,248,0.75,0,18,0,266,18,18,dry=0.06|dry_vent=0.02|dew=0.00|canopy=0.06
0.08,18,0.14285714285714285,18,0.0,0.06,0.02,2,0.7,1.0,0.6666666666666666,0,severity_aware_non_additive_v2,False,126,0.75,720,False,248,0.75,0,18,0,266,18,18,dry=0.06|dry_vent=0.02|dew=0.00|canopy=0.08
0.1,18,0.14285714285714285,18,0.0,0.06,0.02,2,0.7,1.0,0.6666666666666666,0,severity_aware_non_additive_v2,False,126,0.75,720,False,248,0.75,0,18,0,266,18,18,dry=0.06|dry_vent=0.02|dew=0.00|canopy=0.10
0.12,24,0.19047619047619047,24,0.0,0.06,0.02,3,0.8999999999999999,1.0,1.0,0,severity_aware_non_additive_v2,False,126,1.0,720,False,248,0.75,0,24,0,272,24,24,dry=0.06|dry_vent=0.02|dew=0.00|canopy=0.12
0.0,6,0.047619047619047616,6,0.04,0.06,0.02,3,1.0499999999999998,0.0,0.0,0,severity_aware_non_additive_v2,False,126,0.75,720,False,248,0.75,0,6,0,254,6,6,dry=0.06|dry_vent=0.02|dew=0.04|canopy=0.00
0.04,6,0.047619047619047616,6,0.04,0.06,0.02,3,1.0499999999999998,0.0,0.0,0,severity_aware_non_additive_v2,False,126,0.75,720,False,248,0.75,0,6,0,254,6,6,dry=0.06|dry_vent=0.02|dew=0.04|canopy=0.04
0.06,18,0.14285714285714285,18,0.04,0.06,0.02,2,0.7,1.0,0.6666666666666666,0,severity_aware_non_additive_v2,False,126,0.75,720,False,248,0.75,0,18,0,266,18,18,dry=0.06|dry_vent=0.02|dew=0.04|canopy=0.06
0.08,18,0.14285714285714285,18,0.04,0.06,0.02,2,0.7,1.0,0.6666666666666666,0,severity_aware_non_additive_v2,False,126,0.75,720,False,248,0.75,0,18,0,266,18,18,dry=0.06|dry_vent=0.02|dew=0.04|canopy=0.08
0.1,18,0.14285714285714285,18,0.04,0.06,0.02,2,0.7,1.0,0.6666666666666666,0,severity_aware_non_additive_v2,False,126,0.75,720,False,248,0.75,0,18,0,266,18,18,dry=0.06|dry_vent=0.02|dew=0.04|canopy=0.10
0.12,24,0.19047619047619047,24,0.04,0.06,0.02,3,0.8999999999999999,1.0,1.0,0,severity_aware_non_additive_v2,False,126,1.0,720,False,248,0.75,0,24,0,272,24,24,dry=0.06|dry_vent=0.02|dew=0.04|canopy=0.12
0.0,9,0.07142857142857142,9,0.06,0.06,0.02,2,1.01,1.0,0.08571428571428572,0,severity_aware_non_additive_v2,False,126,0.75,720,False,248,0.75,0,9,0,257,9,9,dry=0.06|dry_vent=0.02|dew=0.06|canopy=0.00
0.04,9,0.07142857142857142,9,0.06,0.06,0.02,2,1.01,1.0,0.08571428571428572,0,severity_aware_non_additive_v2,False,126,0.75,720,False,248,0.75,0,9,0,257,9,9,dry=0.06|dry_vent=0.02|dew=0.06|canopy=0.04
0.06,21,0.16666666666666666,21,0.06,0.06,0.02,1,0.6599999999999999,1.0,0.6666666666666666,0,severity_aware_non_additive_v2,False,126,0.75,720,False,248,0.75,0,21,0,269,21,21,dry=0.06|dry_vent=0.02|dew=0.06|canopy=0.06
0.08,21,0.16666666666666666,21,0.06,0.06,0.02,1,0.6599999999999999,1.0,0.6666666666666666,0,severity_aware_non_additive_v2,False,126,0.75,720,False,248,0.75,0,21,0,269,21,21,dry=0.06|dry_vent=0.02|dew=0.06|canopy=0.08
0.1,21,0.16666666666666666,21,0.06,0.06,0.02,1,0.6599999999999999,1.0,0.6666666666666666,0,severity_aware_non_additive_v2,False,126,0.75,720,False,248,0.75,0,21,0,269,21,21,dry=0.06|dry_vent=0.02|dew=0.06|canopy=0.10
0.12,27,0.21428571428571427,27,0.06,0.06,0.02,2,0.8599999999999999,1.0,1.0,0,severity_aware_non_additive_v2,False,126,1.0,720,False,248,0.75,0,27,0,275,27,27,dry=0.06|dry_vent=0.02|dew=0.06|canopy=0.12
0.0,27,0.21428571428571427,27,0.08,0.06,0.02,2,0.7699999999999999,1.0,0.17142857142857143,0,severity_aware_non_additive_v2,False,126,0.75,720,False,248,0.375,0,27,0,275,27,27,dry=0.06|dry_vent=0.02|dew=0.08|canopy=0.00
0.04,27,0.21428571428571427,27,0.08,0.06,0.02,2,0.7699999999999999,1.0,0.17142857142857143,0,severity_aware_non_additive_v2,False,126,0.75,720,False,248,0.375,0,27,0,275,27,27,dry=0.06|dry_vent=0.02|dew=0.08|canopy=0.04
0.06,39,0.30952380952380953,39,0.08,0.06,0.02,1,0.41999999999999993,1.0,0.6666666666666666,0,severity_aware_non_additive_v2,False,126,0.75,720,False,248,0.375,0,39,0,287,39,39,dry=0.06|dry_vent=0.02|dew=0.08|canopy=0.06
0.08,39,0.30952380952380953,39,0.08,0.06,0.02,1,0.41999999999999993,1.0,0.6666666666666666,0,severity_aware_non_additive_v2,False,126,0.75,720,False,248,0.375,0,39,0,287,39,39,dry=0.06|dry_vent=0.02|dew=0.08|canopy=0.08
0.1,39,0.30952380952380953,39,0.08,0.06,0.02,1,0.41999999999999993,1.0,0.6666666666666666,0,severity_aware_non_additive_v2,False,126,0.75,720,False,248,0.375,0,39,0,287,39,39,dry=0.06|dry_vent=0.02|dew=0.08|canopy=0.10
0.12,45,0.35714285714285715,45,0.08,0.06,0.02,2,0.6199999999999999,1.0,1.0,0,severity_aware_non_additive_v2,False,126,1.0,720,False,248,0.375,0,45,0,293,45,45,dry=0.06|dry_vent=0.02|dew=0.08|canopy=0.12
0.0,38,0.30158730158730157,38,0.1,0.06,0.02,2,0.7,1.0,0.2857142857142857,0,severity_aware_non_additive_v2,False,126,0.75,720,False,248,0.19999999999999996,0,38,0,286,38,38,dry=0.06|dry_vent=0.02|dew=0.10|canopy=0.00
0.04,38,0.30158730158730157,38,0.1,0.06,0.02,2,0.7,1.0,0.2857142857142857,0,severity_aware_non_additive_v2,False,126,0.75,720,False,248,0.19999999999999996,0,38,0,286,38,38,dry=0.06|dry_vent=0.02|dew=0.10|canopy=0.04
0.06,50,0.3968253968253968,50,0.1,0.06,0.02,1,0.35,1.0,0.6666666666666666,0,severity_aware_non_additive_v2,False,126,0.75,720,False,248,0.19999999999999996,0,50,0,298,50,50,dry=0.06|dry_vent=0.02|dew=0.10|canopy=0.06
0.08,50,0.3968253968253968,50,0.1,0.06,0.02,1,0.35,1.0,0.6666666666666666,0,severity_aware_non_additive_v2,False,126,0.75,720,False,248,0.19999999999999996,0,50,0,298,50,50,dry=0.06|dry_vent=0.02|dew=0.10|canopy=0.08
0.1,50,0.3968253968253968,50,0.1,0.06,0.02,1,0.35,1.0,0.6666666666666666,0,severity_aware_non_additive_v2,False,126,0.75,720,False,248,0.19999999999999996,0,50,0,298,50,50,dry=0.06|dry_vent=0.02|dew=0.10|canopy=0.10
0.12,56,0.4444444444444444,56,0.1,0.06,0.02,2,0.5499999999999999,1.0,1.0,0,severity_aware_non_additive_v2,False,126,1.0,720,False,248,0.19999999999999996,0,56,0,304,56,56,dry=0.06|dry_vent=0.02|dew=0.10|canopy=0.12
0.0,81,0.6428571428571429,81,0.12,0.06,0.02,3,0.8999999999999999,1.0,1.0,0,severity_aware_non_additive_v2,False,126,1.0,720,False,248,0.25,0,81,0,329,81,81,dry=0.06|dry_vent=0.02|dew=0.12|canopy=0.00
0.04,81,0.6428571428571429,81,0.12,0.06,0.02,3,0.8999999999999999,1.0,1.0,0,severity_aware_non_additive_v2,False,126,1.0,720,False,248,0.25,0,81,0,329,81,81,dry=0.06|dry_vent=0.02|dew=0.12|canopy=0.04
0.06,93,0.7380952380952381,93,0.12,0.06,0.02,2,0.5499999999999999,1.0,1.0,0,severity_aware_non_additive_v2,False,126,1.0,720,False,248,0.25,0,93,0,341,93,93,dry=0.06|dry_vent=0.02|dew=0.12|canopy=0.06
0.08,93,0.7380952380952381,93,0.12,0.06,0.02,2,0.5499999999999999,1.0,1.0,0,severity_aware_non_additive_v2,False,126,1.0,720,False,248,0.25,0,93,0,341,93,93,dry=0.06|dry_vent=0.02|dew=0.12|canopy=0.08
0.1,93,0.7380952380952381,93,0.12,0.06,0.02,2,0.5499999999999999,1.0,1.0,0,severity_aware_non_additive_v2,False,126,1.0,720,False,248,0.25,0,93,0,341,93,93,dry=0.06|dry_vent=0.02|dew=0.12|canopy=0.10
0.12,99,0.7857142857142857,99,0.12,0.06,0.02,3,0.7499999999999999,1.0,1.0,0,severity_aware_non_additive_v2,False,126,1.0,720,False,248,0.25,0,99,0,347,99,99,dry=0.06|dry_vent=0.02|dew=0.12|canopy=0.12
0.0,6,0.047619047619047616,6,0.0,0.06,0.04,3,1.0499999999999998,0.0,0.0,0,severity_aware_non_additive_v2,False,126,0.75,720,False,248,0.75,0,6,0,254,6,6,dry=0.06|dry_vent=0.04|dew=0.00|canopy=0.00
0.04,6,0.047619047619047616,6,0.0,0.06,0.04,3,1.0499999999999998,0.0,0.0,0,severity_aware_non_additive_v2,False,126,0.75,720,False,248,0.75,0,6,0,254,6,6,dry=0.06|dry_vent=0.04|dew=0.00|canopy=0.04
0.06,18,0.14285714285714285,18,0.0,0.06,0.04,2,0.7,1.0,0.6666666666666666,0,severity_aware_non_additive_v2,False,126,0.75,720,False,248,0.75,0,18,0,266,18,18,dry=0.06|dry_vent=0.04|dew=0.00|canopy=0.06
0.08,18,0.14285714285714285,18,0.0,0.06,0.04,2,0.7,1.0,0.6666666666666666,0,severity_aware_non_additive_v2,False,126,0.75,720,False,248,0.75,0,18,0,266,18,18,dry=0.06|dry_vent=0.04|dew=0.00|canopy=0.08
0.1,18,0.14285714285714285,18,0.0,0.06,0.04,2,0.7,1.0,0.6666666666666666,0,severity_aware_non_additive_v2,False,126,0.75,720,False,248,0.75,0,18,0,266,18,18,dry=0.06|dry_vent=0.04|dew=0.00|canopy=0.10
0.12,24,0.19047619047619047,24,0.0,0.06,0.04,3,0.8999999999999999,1.0,1.0,0,severity_aware_non_additive_v2,False,126,1.0,720,False,248,0.75,0,24,0,272,24,24,dry=0.06|dry_vent=0.04|dew=0.00|canopy=0.12
0.0,6,0.047619047619047616,6,0.04,0.06,0.04,3,1.0499999999999998,0.0,0.0,0,severity_aware_non_additive_v2,False,126,0.75,720,False,248,0.75,0,6,0,254,6,6,dry=0.06|dry_vent=0.04|dew=0.04|canopy=0.00
0.04,6,0.047619047619047616,6,0.04,0.06,0.04,3,1.0499999999999998,0.0,0.0,0,severity_aware_non_additive_v2,False,126,0.75,720,False,248,0.75,0,6,0,254,6,6,dry=0.06|dry_vent=0.04|dew=0.04|canopy=0.04
0.06,18,0.14285714285714285,18,0.04,0.06,0.04,2,0.7,1.0,0.6666666666666666,0,severity_aware_non_additive_v2,False,126,0.75,720,False,248,0.75,0,18,0,266,18,18,dry=0.06|dry_vent=0.04|dew=0.04|canopy=0.06
0.08,18,0.14285714285714285,18,0.04,0.06,0.04,2,0.7,1.0,0.6666666666666666,0,severity_aware_non_additive_v2,False,126,0.75,720,False,248,0.75,0,18,0,266,18,18,dry=0.06|dry_vent=0.04|dew=0.04|canopy=0.08
0.1,18,0.14285714285714285,18,0.04,0.06,0.04,2,0.7,1.0,0.6666666666666666,0,severity_aware_non_additive_v2,False,126,0.75,720,False,248,0.75,0,18,0,266,18,18,dry=0.06|dry_vent=0.04|dew=0.04|canopy=0.10
0.12,24,0.19047619047619047,24,0.04,0.06,0.04,3,0.8999999999999999,1.0,1.0,0,severity_aware_non_additive_v2,False,126,1.0,720,False,248,0.75,0,24,0,272,24,24,dry=0.06|dry_vent=0.04|dew=0.04|canopy=0.12
0.0,9,0.07142857142857142,9,0.06,0.06,0.04,2,1.01,1.0,0.08571428571428572,0,severity_aware_non_additive_v2,False,126,0.75,720,False,248,0.75,0,9,0,257,9,9,dry=0.06|dry_vent=0.04|dew=0.06|canopy=0.00
0.04,9,0.07142857142857142,9,0.06,0.06,0.04,2,1.01,1.0,0.08571428571428572,0,severity_aware_non_additive_v2,False,126,0.75,720,False,248,0.75,0,9,0,257,9,9,dry=0.06|dry_vent=0.04|dew=0.06|canopy=0.04
0.06,21,0.16666666666666666,21,0.06,0.06,0.04,1,0.6599999999999999,1.0,0.6666666666666666,0,severity_aware_non_additive_v2,False,126,0.75,720,False,248,0.75,0,21,0,269,21,21,dry=0.06|dry_vent=0.04|dew=0.06|canopy=0.06
0.08,21,0.16666666666666666,21,0.06,0.06,0.04,1,0.6599999999999999,1.0,0.6666666666666666,0,severity_aware_non_additive_v2,False,126,0.75,720,False,248,0.75,0,21,0,269,21,21,dry=0.06|dry_vent=0.04|dew=0.06|canopy=0.08
0.1,21,0.16666666666666666,21,0.06,0.06,0.04,1,0.6599999999999999,1.0,0.6666666666666666,0,severity_aware_non_additive_v2,False,126,0.75,720,False,248,0.75,0,21,0,269,21,21,dry=0.06|dry_vent=0.04|dew=0.06|canopy=0.10
0.12,27,0.21428571428571427,27,0.06,0.06,0.04,2,0.8599999999999999,1.0,1.0,0,severity_aware_non_additive_v2,False,126,1.0,720,False,248,0.75,0,27,0,275,27,27,dry=0.06|dry_vent=0.04|dew=0.06|canopy=0.12
0.0,27,0.21428571428571427,27,0.08,0.06,0.04,2,0.7699999999999999,1.0,0.17142857142857143,0,severity_aware_non_additive_v2,False,126,0.75,720,False,248,0.375,0,27,0,275,27,27,dry=0.06|dry_vent=0.04|dew=0.08|canopy=0.00
0.04,27,0.21428571428571427,27,0.08,0.06,0.04,2,0.7699999999999999,1.0,0.17142857142857143,0,severity_aware_non_additive_v2,False,126,0.75,720,False,248,0.375,0,27,0,275,27,27,dry=0.06|dry_vent=0.04|dew=0.08|canopy=0.04
0.06,39,0.30952380952380953,39,0.08,0.06,0.04,1,0.41999999999999993,1.0,0.6666666666666666,0,severity_aware_non_additive_v2,False,126,0.75,720,False,248,0.375,0,39,0,287,39,39,dry=0.06|dry_vent=0.04|dew=0.08|canopy=0.06
0.08,39,0.30952380952380953,39,0.08,0.06,0.04,1,0.41999999999999993,1.0,0.6666666666666666,0,severity_aware_non_additive_v2,False,126,0.75,720,False,248,0.375,0,39,0,287,39,39,dry=0.06|dry_vent=0.04|dew=0.08|canopy=0.08
0.1,39,0.30952380952380953,39,0.08,0.06,0.04,1,0.41999999999999993,1.0,0.6666666666666666,0,severity_aware_non_additive_v2,False,126,0.75,720,False,248,0.375,0,39,0,287,39,39,dry=0.06|dry_vent=0.04|dew=0.08|canopy=0.10
0.12,45,0.35714285714285715,45,0.08,0.06,0.04,2,0.6199999999999999,1.0,1.0,0,severity_aware_non_additive_v2,False,126,1.0,720,False,248,0.375,0,45,0,293,45,45,dry=0.06|dry_vent=0.04|dew=0.08|canopy=0.12
0.0,38,0.30158730158730157,38,0.1,0.06,0.04,2,0.7,1.0,0.2857142857142857,0,severity_aware_non_additive_v2,False,126,0.75,720,False,248,0.19999999999999996,0,38,0,286,38,38,dry=0.06|dry_vent=0.04|dew=0.10|canopy=0.00
0.04,38,0.30158730158730157,38,0.1,0.06,0.04,2,0.7,1.0,0.2857142857142857,0,severity_aware_non_additive_v2,False,126,0.75,720,False,248,0.19999999999999996,0,38,0,286,38,38,dry=0.06|dry_vent=0.04|dew=0.10|canopy=0.04
0.06,50,0.3968253968253968,50,0.1,0.06,0.04,1,0.35,1.0,0.6666666666666666,0,severity_aware_non_additive_v2,False,126,0.75,720,False,248,0.19999999999999996,0,50,0,298,50,50,dry=0.06|dry_vent=0.04|dew=0.10|canopy=0.06
0.08,50,0.3968253968253968,50,0.1,0.06,0.04,1,0.35,1.0,0.6666666666666666,0,severity_aware_non_additive_v2,False,126,0.75,720,False,248,0.19999999999999996,0,50,0,298,50,50,dry=0.06|dry_vent=0.04|dew=0.10|canopy=0.08
0.1,50,0.3968253968253968,50,0.1,0.06,0.04,1,0.35,1.0,0.6666666666666666,0,severity_aware_non_additive_v2,False,126,0.75,720,False,248,0.19999999999999996,0,50,0,298,50,50,dry=0.06|dry_vent=0.04|dew=0.10|canopy=0.10
0.12,56,0.4444444444444444,56,0.1,0.06,0.04,2,0.5499999999999999,1.0,1.0,0,severity_aware_non_additive_v2,False,126,1.0,720,False,248,0.19999999999999996,0,56,0,304,56,56,dry=0.06|dry_vent=0.04|dew=0.10|canopy=0.12
0.0,81,0.6428571428571429,81,0.12,0.06,0.04,3,0.8999999999999999,1.0,1.0,0,severity_aware_non_additive_v2,False,126,1.0,720,False,248,0.25,0,81,0,329,81,81,dry=0.06|dry_vent=0.04|dew=0.12|canopy=0.00
0.04,81,0.6428571428571429,81,0.12,0.06,0.04,3,0.8999999999999999,1.0,1.0,0,severity_aware_non_additive_v2,False,126,1.0,720,False,248,0.25,0,81,0,329,81,81,dry=0.06|dry_vent=0.04|dew=0.12|canopy=0.04
0.06,93,0.7380952380952381,93,0.12,0.06,0.04,2,0.5499999999999999,1.0,1.0,0,severity_aware_non_additive_v2,False,126,1.0,720,False,248,0.25,0,93,0,341,93,93,dry=0.06|dry_vent=0.04|dew=0.12|canopy=0.06
0.08,93,0.7380952380952381,93,0.12,0.06,0.04,2,0.5499999999999999,1.0,1.0,0,severity_aware_non_additive_v2,False,126,1.0,720,False,248,0.25,0,93,0,341,93,93,dry=0.06|dry_vent=0.04|dew=0.12|canopy=0.08
0.1,93,0.7380952380952381,93,0.12,0.06,0.04,2,0.5499999999999999,1.0,1.0,0,severity_aware_non_additive_v2,False,126,1.0,720,False,248,0.25,0,93,0,341,93,93,dry=0.06|dry_vent=0.04|dew=0.12|canopy=0.10
0.12,99,0.7857142857142857,99,0.12,0.06,0.04,3,0.7499999999999999,1.0,1.0,0,severity_aware_non_additive_v2,False,126,1.0,720,False,248,0.25,0,99,0,347,99,99,dry=0.06|dry_vent=0.04|dew=0.12|canopy=0.12
0.0,31,0.24603174603174602,31,0.0,0.06,0.06,3,0.8999999999999999,1.0,1.0,0,severity_aware_non_additive_v2,False,126,1.0,720,False,248,0.75,0,31,0,279,31,31,dry=0.06|dry_vent=0.06|dew=0.00|canopy=0.00
0.04,31,0.24603174603174602,31,0.0,0.06,0.06,3,0.8999999999999999,1.0,1.0,0,severity_aware_non_additive_v2,False,126,1.0,720,False,248,0.75,0,31,0,279,31,31,dry=0.06|dry_vent=0.06|dew=0.00|canopy=0.04
0.06,43,0.3412698412698413,43,0.0,0.06,0.06,2,0.5499999999999999,1.0,1.0,0,severity_aware_non_additive_v2,False,126,1.0,720,False,248,0.75,0,43,0,291,43,43,dry=0.06|dry_vent=0.06|dew=0.00|canopy=0.06
0.08,43,0.3412698412698413,43,0.0,0.06,0.06,2,0.5499999999999999,1.0,1.0,0,severity_aware_non_additive_v2,False,126,1.0,720,False,248,0.75,0,43,0,291,43,43,dry=0.06|dry_vent=0.06|dew=0.00|canopy=0.08
0.1,43,0.3412698412698413,43,0.0,0.06,0.06,2,0.5499999999999999,1.0,1.0,0,severity_aware_non_additive_v2,False,126,1.0,720,False,248,0.75,0,43,0,291,43,43,dry=0.06|dry_vent=0.06|dew=0.00|canopy=0.10
0.12,49,0.3888888888888889,49,0.0,0.06,0.06,3,0.7499999999999999,1.0,1.0,0,severity_aware_non_additive_v2,False,126,1.0,720,False,248,0.75,0,49,0,297,49,49,dry=0.06|dry_vent=0.06|dew=0.00|canopy=0.12
0.0,31,0.24603174603174602,31,0.04,0.06,0.06,3,0.8999999999999999,1.0,1.0,0,severity_aware_non_additive_v2,False,126,1.0,720,False,248,0.75,0,31,0,279,31,31,dry=0.06|dry_vent=0.06|dew=0.04|canopy=0.00
0.04,31,0.24603174603174602,31,0.04,0.06,0.06,3,0.8999999999999999,1.0,1.0,0,severity_aware_non_additive_v2,False,126,1.0,720,False,248,0.75,0,31,0,279,31,31,dry=0.06|dry_vent=0.06|dew=0.04|canopy=0.04
0.06,43,0.3412698412698413,43,0.04,0.06,0.06,2,0.5499999999999999,1.0,1.0,0,severity_aware_non_additive_v2,False,126,1.0,720,False,248,0.75,0,43,0,291,43,43,dry=0.06|dry_vent=0.06|dew=0.04|canopy=0.06
0.08,43,0.3412698412698413,43,0.04,0.06,0.06,2,0.5499999999999999,1.0,1.0,0,severity_aware_non_additive_v2,False,126,1.0,720,False,248,0.75,0,43,0,291,43,43,dry=0.06|dry_vent=0.06|dew=0.04|canopy=0.08
0.1,43,0.3412698412698413,43,0.04,0.06,0.06,2,0.5499999999999999,1.0,1.0,0,severity_aware_non_additive_v2,False,126,1.0,720,False,248,0.75,0,43,0,291,43,43,dry=0.06|dry_vent=0.06|dew=0.04|canopy=0.10
0.12,49,0.3888888888888889,49,0.04,0.06,0.06,3,0.7499999999999999,1.0,1.0,0,severity_aware_non_additive_v2,False,126,1.0,720,False,248,0.75,0,49,0,297,49,49,dry=0.06|dry_vent=0.06|dew=0.04|canopy=0.12
0.0,34,0.2698412698412698,34,0.06,0.06,0.06,2,0.8599999999999999,1.0,1.0,0,severity_aware_non_additive_v2,False,126,1.0,720,False,248,0.75,0,34,0,282,34,34,dry=0.06|dry_vent=0.06|dew=0.06|canopy=0.00
0.04,34,0.2698412698412698,34,0.06,0.06,0.06,2,0.8599999999999999,1.0,1.0,0,severity_aware_non_additive_v2,False,126,1.0,720,False,248,0.75,0,34,0,282,34,34,dry=0.06|dry_vent=0.06|dew=0.06|canopy=0.04
0.06,46,0.36507936507936506,46,0.06,0.06,0.06,1,0.51,1.0,0.9142857142857143,0,severity_aware_non_additive_v2,False,126,0.96,720,False,248,0.75,0,46,0,294,46,46,dry=0.06|dry_vent=0.06|dew=0.06|canopy=0.06
0.08,46,0.36507936507936506,46,0.06,0.06,0.06,1,0.51,1.0,0.9142857142857143,0,severity_aware_non_additive_v2,False,126,0.96,720,False,248,0.75,0,46,0,294,46,46,dry=0.06|dry_vent=0.06|dew=0.06|canopy=0.08
0.1,46,0.36507936507936506,46,0.06,0.06,0.06,1,0.51,1.0,0.9142857142857143,0,severity_aware_non_additive_v2,False,126,0.96,720,False,248,0.75,0,46,0,294,46,46,dry=0.06|dry_vent=0.06|dew=0.06|canopy=0.10
0.12,52,0.4126984126984127,52,0.06,0.06,0.06,2,0.71,1.0,0.9142857142857143,0,severity_aware_non_additive_v2,False,126,0.96,720,False,248,0.75,0,52,0,300,52,52,dry=0.06|dry_vent=0.06|dew=0.06|canopy=0.12
0.0,52,0.4126984126984127,52,0.08,0.06,0.06,2,0.6199999999999999,1.0,1.0,0,severity_aware_non_additive_v2,False,126,1.0,720,False,248,0.375,0,52,0,300,52,52,dry=0.06|dry_vent=0.06|dew=0.08|canopy=0.00
0.04,52,0.4126984126984127,52,0.08,0.06,0.06,2,0.6199999999999999,1.0,1.0,0,severity_aware_non_additive_v2,False,126,1.0,720,False,248,0.375,0,52,0,300,52,52,dry=0.06|dry_vent=0.06|dew=0.08|canopy=0.04
0.06,64,0.5079365079365079,64,0.08,0.06,0.06,1,0.2699999999999999,1.0,0.8285714285714285,0,severity_aware_non_additive_v2,False,126,0.72,720,False,248,0.375,0,64,0,312,64,64,dry=0.06|dry_vent=0.06|dew=0.08|canopy=0.06
0.08,64,0.5079365079365079,64,0.08,0.06,0.06,1,0.2699999999999999,1.0,0.8285714285714285,0,severity_aware_non_additive_v2,False,126,0.72,720,False,248,0.375,0,64,0,312,64,64,dry=0.06|dry_vent=0.06|dew=0.08|canopy=0.08
0.1,64,0.5079365079365079,64,0.08,0.06,0.06,1,0.2699999999999999,1.0,0.8285714285714285,0,severity_aware_non_additive_v2,False,126,0.72,720,False,248,0.375,0,64,0,312,64,64,dry=0.06|dry_vent=0.06|dew=0.08|canopy=0.10
0.12,70,0.5555555555555556,70,0.08,0.06,0.06,2,0.46999999999999986,0.90625,0.8285714285714285,0,severity_aware_non_additive_v2,False,126,0.72,720,False,248,0.375,0,70,0,318,70,70,dry=0.06|dry_vent=0.06|dew=0.08|canopy=0.12
0.0,63,0.5,63,0.1,0.06,0.06,2,0.5499999999999999,1.0,1.0,0,severity_aware_non_additive_v2,False,126,1.0,720,False,248,0.19999999999999996,0,63,0,311,63,63,dry=0.06|dry_vent=0.06|dew=0.10|canopy=0.00
0.04,63,0.5,63,0.1,0.06,0.06,2,0.5499999999999999,1.0,1.0,0,severity_aware_non_additive_v2,False,126,1.0,720,False,248,0.19999999999999996,0,63,0,311,63,63,dry=0.06|dry_vent=0.06|dew=0.10|canopy=0.04
0.06,75,0.5952380952380952,75,0.1,0.06,0.06,1,0.19999999999999996,1.0,0.7142857142857143,0,severity_aware_non_additive_v2,False,126,0.5733333333333333,720,False,248,0.19999999999999996,0,75,0,323,75,75,dry=0.06|dry_vent=0.06|dew=0.10|canopy=0.06
0.08,75,0.5952380952380952,75,0.1,0.06,0.06,1,0.19999999999999996,1.0,0.7142857142857143,0,severity_aware_non_additive_v2,False,126,0.5733333333333333,720,False,248,0.19999999999999996,0,75,0,323,75,75,dry=0.06|dry_vent=0.06|dew=0.10|canopy=0.08
0.1,75,0.5952380952380952,75,0.1,0.06,0.06,1,0.19999999999999996,1.0,0.7142857142857143,0,severity_aware_non_additive_v2,False,126,0.5733333333333333,720,False,248,0.19999999999999996,0,75,0,323,75,75,dry=0.06|dry_vent=0.06|dew=0.10|canopy=0.10
0.12,81,0.6428571428571429,81,0.1,0.06,0.06,2,0.3999999999999999,0.78125,0.7142857142857143,0,severity_aware_non_additive_v2,False,126,0.5733333333333333,720,False,248,0.19999999999999996,0,81,0,329,81,81,dry=0.06|dry_vent=0.06|dew=0.10|canopy=0.12
0.0,106,0.8412698412698413,106,0.12,0.06,0.06,3,0.7499999999999999,1.0,1.0,0,severity_aware_non_additive_v2,False,126,1.0,720,False,248,0.25,0,106,0,354,106,106,dry=0.06|dry_vent=0.06|dew=0.12|canopy=0.00
0.04,106,0.8412698412698413,106,0.12,0.06,0.06,3,0.7499999999999999,1.0,1.0,0,severity_aware_non_additive_v2,False,126,1.0,720,False,248,0.25,0,106,0,354,106,106,dry=0.06|dry_vent=0.06|dew=0.12|canopy=0.04
0.06,118,0.9365079365079365,118,0.12,0.06,0.06,2,0.3999999999999999,1.0,0.33333333333333337,0,severity_aware_non_additive_v2,True,126,0.33333333333333337,720,False,248,0.25,0,118,0,366,118,118,dry=0.06|dry_vent=0.06|dew=0.12|canopy=0.06
0.08,118,0.9365079365079365,118,0.12,0.06,0.06,2,0.3999999999999999,1.0,0.33333333333333337,0,severity_aware_non_additive_v2,True,126,0.33333333333333337,720,False,248,0.25,0,118,0,366,118,118,dry=0.06|dry_vent=0.06|dew=0.12|canopy=0.08
0.1,118,0.9365079365079365,118,0.12,0.06,0.06,2,0.3999999999999999,1.0,0.33333333333333337,0,severity_aware_non_additive_v2,True,126,0.33333333333333337,720,False,248,0.25,0,118,0,366,118,118,dry=0.06|dry_vent=0.06|dew=0.12|canopy=0.10
0.12,124,0.9841269841269841,124,0.12,0.06,0.06,3,0.5999999999999999,0.0,0.0,0,severity_aware_non_additive_v2,True,126,0.25,720,False,248,0.25,0,124,0,372,124,124,dry=0.06|dry_vent=0.06|dew=0.12|canopy=0.12
0.0,0,0.0,0,0.0,0.0,0.0,5,1.75,0.0,0.0,0,family_target_rate_balanced_v1,False,126,0.0,720,False,248,0.0,0,0,0,248,0,0,dry=0.00|dry_vent=0.00|dew=0.00|canopy=0.00
0.04,0,0.0,0,0.0,0.0,0.0,5,1.75,0.0,0.0,0,family_target_rate_balanced_v1,False,126,0.0,720,False,248,0.0,0,0,0,248,0,0,dry=0.00|dry_vent=0.00|dew=0.00|canopy=0.04
0.06,15,0.11904761904761904,15,0.0,0.0,0.0,3,1.314285714285714,1.0,0.6666666666666666,0,family_target_rate_balanced_v1,False,126,0.6666666666666666,720,False,248,0.0,0,15,0,263,15,15,dry=0.00|dry_vent=0.00|dew=0.00|canopy=0.06
0.08,18,0.14285714285714285,18,0.0,0.0,0.0,3,1.2285714285714284,1.0,0.6666666666666666,0,family_target_rate_balanced_v1,False,126,0.6666666666666666,720,False,248,0.0,0,18,0,266,18,18,dry=0.00|dry_vent=0.00|dew=0.00|canopy=0.08
0.1,22,0.1746031746031746,22,0.0,0.0,0.0,3,1.1142857142857143,1.0,0.6666666666666666,0,family_target_rate_balanced_v1,False,126,0.6666666666666666,720,False,248,0.0,0,22,0,270,22,22,dry=0.00|dry_vent=0.00|dew=0.00|canopy=0.10
0.12,53,0.42063492063492064,53,0.0,0.0,0.0,5,1.4499999999999997,1.0,1.0,0,family_target_rate_balanced_v1,False,126,1.0,720,False,248,0.0,0,53,0,301,53,53,dry=0.00|dry_vent=0.00|dew=0.00|canopy=0.12
0.0,0,0.0,0,0.04,0.0,0.0,5,1.75,0.0,0.0,0,family_target_rate_balanced_v1,False,126,0.0,720,False,248,0.0,0,0,0,248,0,0,dry=0.00|dry_vent=0.00|dew=0.04|canopy=0.00
0.04,0,0.0,0,0.04,0.0,0.0,5,1.75,0.0,0.0,0,family_target_rate_balanced_v1,False,126,0.0,720,False,248,0.0,0,0,0,248,0,0,dry=0.00|dry_vent=0.00|dew=0.04|canopy=0.04
0.06,15,0.11904761904761904,15,0.04,0.0,0.0,3,1.314285714285714,1.0,0.6666666666666666,0,family_target_rate_balanced_v1,False,126,0.6666666666666666,720,False,248,0.0,0,15,0,263,15,15,dry=0.00|dry_vent=0.00|dew=0.04|canopy=0.06
0.08,18,0.14285714285714285,18,0.04,0.0,0.0,3,1.2285714285714284,1.0,0.6666666666666666,0,family_target_rate_balanced_v1,False,126,0.6666666666666666,720,False,248,0.0,0,18,0,266,18,18,dry=0.00|dry_vent=0.00|dew=0.04|canopy=0.08
0.1,22,0.1746031746031746,22,0.04,0.0,0.0,3,1.1142857142857143,1.0,0.6666666666666666,0,family_target_rate_balanced_v1,False,126,0.6666666666666666,720,False,248,0.0,0,22,0,270,22,22,dry=0.00|dry_vent=0.00|dew=0.04|canopy=0.10
0.12,53,0.42063492063492064,53,0.04,0.0,0.0,5,1.4499999999999997,1.0,1.0,0,family_target_rate_balanced_v1,False,126,1.0,720,False,248,0.0,0,53,0,301,53,53,dry=0.00|dry_vent=0.00|dew=0.04|canopy=0.12
0.0,0,0.0,0,0.06,0.0,0.0,5,1.75,0.0,0.0,0,family_target_rate_balanced_v1,False,126,0.0,720,False,248,0.0,0,0,0,248,0,0,dry=0.00|dry_vent=0.00|dew=0.06|canopy=0.00
0.04,0,0.0,0,0.06,0.0,0.0,5,1.75,0.0,0.0,0,family_target_rate_balanced_v1,False,126,0.0,720,False,248,0.0,0,0,0,248,0,0,dry=0.00|dry_vent=0.00|dew=0.06|canopy=0.04
0.06,15,0.11904761904761904,15,0.06,0.0,0.0,3,1.314285714285714,1.0,0.6666666666666666,0,family_target_rate_balanced_v1,False,126,0.6666666666666666,720,False,248,0.0,0,15,0,263,15,15,dry=0.00|dry_vent=0.00|dew=0.06|canopy=0.06
0.08,18,0.14285714285714285,18,0.06,0.0,0.0,3,1.2285714285714284,1.0,0.6666666666666666,0,family_target_rate_balanced_v1,False,126,0.6666666666666666,720,False,248,0.0,0,18,0,266,18,18,dry=0.00|dry_vent=0.00|dew=0.06|canopy=0.08
0.1,22,0.1746031746031746,22,0.06,0.0,0.0,3,1.1142857142857143,1.0,0.6666666666666666,0,family_target_rate_balanced_v1,False,126,0.6666666666666666,720,False,248,0.0,0,22,0,270,22,22,dry=0.00|dry_vent=0.00|dew=0.06|canopy=0.10
0.12,53,0.42063492063492064,53,0.06,0.0,0.0,5,1.4499999999999997,1.0,1.0,0,family_target_rate_balanced_v1,False,126,1.0,720,False,248,0.0,0,53,0,301,53,53,dry=0.00|dry_vent=0.00|dew=0.06|canopy=0.12
0.0,15,0.11904761904761904,15,0.08,0.0,0.0,4,1.4,0.0,0.0,0,family_target_rate_balanced_v1,False,126,0.375,720,False,248,0.375,0,15,0,263,15,15,dry=0.00|dry_vent=0.00|dew=0.08|canopy=0.00
0.04,15,0.11904761904761904,15,0.08,0.0,0.0,4,1.4,0.0,0.0,0,family_target_rate_balanced_v1,False,126,0.375,720,False,248,0.375,0,15,0,263,15,15,dry=0.00|dry_vent=0.00|dew=0.08|canopy=0.04
0.06,30,0.23809523809523808,30,0.08,0.0,0.0,2,0.9642857142857142,1.0,0.6666666666666666,0,family_target_rate_balanced_v1,False,126,0.6666666666666666,720,False,248,0.375,0,30,0,278,30,30,dry=0.00|dry_vent=0.00|dew=0.08|canopy=0.06
0.08,33,0.2619047619047619,33,0.08,0.0,0.0,2,0.8785714285714286,1.0,0.6666666666666666,0,family_target_rate_balanced_v1,False,126,0.6666666666666666,720,False,248,0.375,0,33,0,281,33,33,dry=0.00|dry_vent=0.00|dew=0.08|canopy=0.08
0.1,37,0.29365079365079366,37,0.08,0.0,0.0,2,0.7642857142857142,1.0,0.6666666666666666,0,family_target_rate_balanced_v1,False,126,0.6666666666666666,720,False,248,0.375,0,37,0,285,37,37,dry=0.00|dry_vent=0.00|dew=0.08|canopy=0.10
0.12,68,0.5396825396825397,68,0.08,0.0,0.0,4,1.0999999999999999,1.0,1.0,0,family_target_rate_balanced_v1,False,126,1.0,720,False,248,0.375,0,68,0,316,68,68,dry=0.00|dry_vent=0.00|dew=0.08|canopy=0.12
0.0,22,0.1746031746031746,22,0.1,0.0,0.0,4,1.4,0.0,0.0,0,family_target_rate_balanced_v1,False,126,0.55,720,False,248,0.55,0,22,0,270,22,22,dry=0.00|dry_vent=0.00|dew=0.10|canopy=0.00
0.04,22,0.1746031746031746,22,0.1,0.0,0.0,4,1.4,0.0,0.0,0,family_target_rate_balanced_v1,False,126,0.55,720,False,248,0.55,0,22,0,270,22,22,dry=0.00|dry_vent=0.00|dew=0.10|canopy=0.04
0.06,37,0.29365079365079366,37,0.1,0.0,0.0,2,0.9642857142857142,1.0,0.6666666666666666,0,family_target_rate_balanced_v1,False,126,0.6666666666666666,720,False,248,0.55,0,37,0,285,37,37,dry=0.00|dry_vent=0.00|dew=0.10|canopy=0.06
0.08,40,0.31746031746031744,40,0.1,0.0,0.0,2,0.8785714285714286,1.0,0.6666666666666666,0,family_target_rate_balanced_v1,False,126,0.6666666666666666,720,False,248,0.55,0,40,0,288,40,40,dry=0.00|dry_vent=0.00|dew=0.10|canopy=0.08
0.1,44,0.3492063492063492,44,0.1,0.0,0.0,2,0.7642857142857142,1.0,0.6666666666666666,0,family_target_rate_balanced_v1,False,126,0.6666666666666666,720,False,248,0.55,0,44,0,292,44,44,dry=0.00|dry_vent=0.00|dew=0.10|canopy=0.10
0.12,75,0.5952380952380952,75,0.1,0.0,0.0,4,1.0999999999999999,1.0,1.0,0,family_target_rate_balanced_v1,False,126,1.0,720,False,248,0.55,0,75,0,323,75,75,dry=0.00|dry_vent=0.00|dew=0.10|canopy=0.12
0.0,40,0.31746031746031744,40,0.12,0.0,0.0,5,1.5999999999999999,0.0,0.0,0,family_target_rate_balanced_v1,False,126,1.0,720,False,248,1.0,0,40,0,288,40,40,dry=0.00|dry_vent=0.00|dew=0.12|canopy=0.00
0.04,40,0.31746031746031744,40,0.12,0.0,0.0,5,1.5999999999999999,0.0,0.0,0,family_target_rate_balanced_v1,False,126,1.0,720,False,248,1.0,0,40,0,288,40,40,dry=0.00|dry_vent=0.00|dew=0.12|canopy=0.04
0.06,55,0.4365079365079365,55,0.12,0.0,0.0,3,1.1642857142857141,1.0,0.6666666666666666,0,family_target_rate_balanced_v1,False,126,1.0,720,False,248,1.0,0,55,0,303,55,55,dry=0.00|dry_vent=0.00|dew=0.12|canopy=0.06
0.08,58,0.4603174603174603,58,0.12,0.0,0.0,3,1.0785714285714285,1.0,0.6666666666666666,0,family_target_rate_balanced_v1,False,126,1.0,720,False,248,1.0,0,58,0,306,58,58,dry=0.00|dry_vent=0.00|dew=0.12|canopy=0.08
0.1,62,0.49206349206349204,62,0.12,0.0,0.0,3,0.9642857142857142,1.0,0.6666666666666666,0,family_target_rate_balanced_v1,False,126,1.0,720,False,248,1.0,0,62,0,310,62,62,dry=0.00|dry_vent=0.00|dew=0.12|canopy=0.10
0.12,93,0.7380952380952381,93,0.12,0.0,0.0,5,1.2999999999999998,1.0,1.0,0,family_target_rate_balanced_v1,False,126,1.0,720,False,248,1.0,0,93,0,341,93,93,dry=0.00|dry_vent=0.00|dew=0.12|canopy=0.12
0.0,0,0.0,0,0.0,0.0,0.02,5,1.75,0.0,0.0,0,family_target_rate_balanced_v1,False,126,0.0,720,False,248,0.0,0,0,0,248,0,0,dry=0.00|dry_vent=0.02|dew=0.00|canopy=0.00
0.04,0,0.0,0,0.0,0.0,0.02,5,1.75,0.0,0.0,0,family_target_rate_balanced_v1,False,126,0.0,720,False,248,0.0,0,0,0,248,0,0,dry=0.00|dry_vent=0.02|dew=0.00|canopy=0.04
0.06,15,0.11904761904761904,15,0.0,0.0,0.02,3,1.314285714285714,1.0,0.6666666666666666,0,family_target_rate_balanced_v1,False,126,0.6666666666666666,720,False,248,0.0,0,15,0,263,15,15,dry=0.00|dry_vent=0.02|dew=0.00|canopy=0.06
0.08,18,0.14285714285714285,18,0.0,0.0,0.02,3,1.2285714285714284,1.0,0.6666666666666666,0,family_target_rate_balanced_v1,False,126,0.6666666666666666,720,False,248,0.0,0,18,0,266,18,18,dry=0.00|dry_vent=0.02|dew=0.00|canopy=0.08
0.1,22,0.1746031746031746,22,0.0,0.0,0.02,3,1.1142857142857143,1.0,0.6666666666666666,0,family_target_rate_balanced_v1,False,126,0.6666666666666666,720,False,248,0.0,0,22,0,270,22,22,dry=0.00|dry_vent=0.02|dew=0.00|canopy=0.10
0.12,53,0.42063492063492064,53,0.0,0.0,0.02,5,1.4499999999999997,1.0,1.0,0,family_target_rate_balanced_v1,False,126,1.0,720,False,248,0.0,0,53,0,301,53,53,dry=0.00|dry_vent=0.02|dew=0.00|canopy=0.12
0.0,0,0.0,0,0.04,0.0,0.02,5,1.75,0.0,0.0,0,family_target_rate_balanced_v1,False,126,0.0,720,False,248,0.0,0,0,0,248,0,0,dry=0.00|dry_vent=0.02|dew=0.04|canopy=0.00
0.04,0,0.0,0,0.04,0.0,0.02,5,1.75,0.0,0.0,0,family_target_rate_balanced_v1,False,126,0.0,720,False,248,0.0,0,0,0,248,0,0,dry=0.00|dry_vent=0.02|dew=0.04|canopy=0.04
0.06,15,0.11904761904761904,15,0.04,0.0,0.02,3,1.314285714285714,1.0,0.6666666666666666,0,family_target_rate_balanced_v1,False,126,0.6666666666666666,720,False,248,0.0,0,15,0,263,15,15,dry=0.00|dry_vent=0.02|dew=0.04|canopy=0.06
0.08,18,0.14285714285714285,18,0.04,0.0,0.02,3,1.2285714285714284,1.0,0.6666666666666666,0,family_target_rate_balanced_v1,False,126,0.6666666666666666,720,False,248,0.0,0,18,0,266,18,18,dry=0.00|dry_vent=0.02|dew=0.04|canopy=0.08
0.1,22,0.1746031746031746,22,0.04,0.0,0.02,3,1.1142857142857143,1.0,0.6666666666666666,0,family_target_rate_balanced_v1,False,126,0.6666666666666666,720,False,248,0.0,0,22,0,270,22,22,dry=0.00|dry_vent=0.02|dew=0.04|canopy=0.10
0.12,53,0.42063492063492064,53,0.04,0.0,0.02,5,1.4499999999999997,1.0,1.0,0,family_target_rate_balanced_v1,False,126,1.0,720,False,248,0.0,0,53,0,301,53,53,dry=0.00|dry_vent=0.02|dew=0.04|canopy=0.12
0.0,0,0.0,0,0.06,0.0,0.02,5,1.75,0.0,0.0,0,family_target_rate_balanced_v1,False,126,0.0,720,False,248,0.0,0,0,0,248,0,0,dry=0.00|dry_vent=0.02|dew=0.06|canopy=0.00
0.04,0,0.0,0,0.06,0.0,0.02,5,1.75,0.0,0.0,0,family_target_rate_balanced_v1,False,126,0.0,720,False,248,0.0,0,0,0,248,0,0,dry=0.00|dry_vent=0.02|dew=0.06|canopy=0.04
0.06,15,0.11904761904761904,15,0.06,0.0,0.02,3,1.314285714285714,1.0,0.6666666666666666,0,family_target_rate_balanced_v1,False,126,0.6666666666666666,720,False,248,0.0,0,15,0,263,15,15,dry=0.00|dry_vent=0.02|dew=0.06|canopy=0.06
0.08,18,0.14285714285714285,18,0.06,0.0,0.02,3,1.2285714285714284,1.0,0.6666666666666666,0,family_target_rate_balanced_v1,False,126,0.6666666666666666,720,False,248,0.0,0,18,0,266,18,18,dry=0.00|dry_vent=0.02|dew=0.06|canopy=0.08
0.1,22,0.1746031746031746,22,0.06,0.0,0.02,3,1.1142857142857143,1.0,0.6666666666666666,0,family_target_rate_balanced_v1,False,126,0.6666666666666666,720,False,248,0.0,0,22,0,270,22,22,dry=0.00|dry_vent=0.02|dew=0.06|canopy=0.10
0.12,53,0.42063492063492064,53,0.06,0.0,0.02,5,1.4499999999999997,1.0,1.0,0,family_target_rate_balanced_v1,False,126,1.0,720,False,248,0.0,0,53,0,301,53,53,dry=0.00|dry_vent=0.02|dew=0.06|canopy=0.12
0.0,15,0.11904761904761904,15,0.08,0.0,0.02,4,1.4,0.0,0.0,0,family_target_rate_balanced_v1,False,126,0.375,720,False,248,0.375,0,15,0,263,15,15,dry=0.00|dry_vent=0.02|dew=0.08|canopy=0.00
0.04,15,0.11904761904761904,15,0.08,0.0,0.02,4,1.4,0.0,0.0,0,family_target_rate_balanced_v1,False,126,0.375,720,False,248,0.375,0,15,0,263,15,15,dry=0.00|dry_vent=0.02|dew=0.08|canopy=0.04
0.06,30,0.23809523809523808,30,0.08,0.0,0.02,2,0.9642857142857142,1.0,0.6666666666666666,0,family_target_rate_balanced_v1,False,126,0.6666666666666666,720,False,248,0.375,0,30,0,278,30,30,dry=0.00|dry_vent=0.02|dew=0.08|canopy=0.06
0.08,33,0.2619047619047619,33,0.08,0.0,0.02,2,0.8785714285714286,1.0,0.6666666666666666,0,family_target_rate_balanced_v1,False,126,0.6666666666666666,720,False,248,0.375,0,33,0,281,33,33,dry=0.00|dry_vent=0.02|dew=0.08|canopy=0.08
0.1,37,0.29365079365079366,37,0.08,0.0,0.02,2,0.7642857142857142,1.0,0.6666666666666666,0,family_target_rate_balanced_v1,False,126,0.6666666666666666,720,False,248,0.375,0,37,0,285,37,37,dry=0.00|dry_vent=0.02|dew=0.08|canopy=0.10
0.12,68,0.5396825396825397,68,0.08,0.0,0.02,4,1.0999999999999999,1.0,1.0,0,family_target_rate_balanced_v1,False,126,1.0,720,False,248,0.375,0,68,0,316,68,68,dry=0.00|dry_vent=0.02|dew=0.08|canopy=0.12
0.0,22,0.1746031746031746,22,0.1,0.0,0.02,4,1.4,0.0,0.0,0,family_target_rate_balanced_v1,False,126,0.55,720,False,248,0.55,0,22,0,270,22,22,dry=0.00|dry_vent=0.02|dew=0.10|canopy=0.00
0.04,22,0.1746031746031746,22,0.1,0.0,0.02,4,1.4,0.0,0.0,0,family_target_rate_balanced_v1,False,126,0.55,720,False,248,0.55,0,22,0,270,22,22,dry=0.00|dry_vent=0.02|dew=0.10|canopy=0.04
0.06,37,0.29365079365079366,37,0.1,0.0,0.02,2,0.9642857142857142,1.0,0.6666666666666666,0,family_target_rate_balanced_v1,False,126,0.6666666666666666,720,False,248,0.55,0,37,0,285,37,37,dry=0.00|dry_vent=0.02|dew=0.10|canopy=0.06
0.08,40,0.31746031746031744,40,0.1,0.0,0.02,2,0.8785714285714286,1.0,0.6666666666666666,0,family_target_rate_balanced_v1,False,126,0.6666666666666666,720,False,248,0.55,0,40,0,288,40,40,dry=0.00|dry_vent=0.02|dew=0.10|canopy=0.08
0.1,44,0.3492063492063492,44,0.1,0.0,0.02,2,0.7642857142857142,1.0,0.6666666666666666,0,family_target_rate_balanced_v1,False,126,0.6666666666666666,720,False,248,0.55,0,44,0,292,44,44,dry=0.00|dry_vent=0.02|dew=0.10|canopy=0.10
0.12,75,0.5952380952380952,75,0.1,0.0,0.02,4,1.0999999999999999,1.0,1.0,0,family_target_rate_balanced_v1,False,126,1.0,720,False,248,0.55,0,75,0,323,75,75,dry=0.00|dry_vent=0.02|dew=0.10|canopy=0.12
0.0,40,0.31746031746031744,40,0.12,0.0,0.02,5,1.5999999999999999,0.0,0.0,0,family_target_rate_balanced_v1,False,126,1.0,720,False,248,1.0,0,40,0,288,40,40,dry=0.00|dry_vent=0.02|dew=0.12|canopy=0.00
0.04,40,0.31746031746031744,40,0.12,0.0,0.02,5,1.5999999999999999,0.0,0.0,0,family_target_rate_balanced_v1,False,126,1.0,720,False,248,1.0,0,40,0,288,40,40,dry=0.00|dry_vent=0.02|dew=0.12|canopy=0.04
0.06,55,0.4365079365079365,55,0.12,0.0,0.02,3,1.1642857142857141,1.0,0.6666666666666666,0,family_target_rate_balanced_v1,False,126,1.0,720,False,248,1.0,0,55,0,303,55,55,dry=0.00|dry_vent=0.02|dew=0.12|canopy=0.06
0.08,58,0.4603174603174603,58,0.12,0.0,0.02,3,1.0785714285714285,1.0,0.6666666666666666,0,family_target_rate_balanced_v1,False,126,1.0,720,False,248,1.0,0,58,0,306,58,58,dry=0.00|dry_vent=0.02|dew=0.12|canopy=0.08
0.1,62,0.49206349206349204,62,0.12,0.0,0.02,3,0.9642857142857142,1.0,0.6666666666666666,0,family_target_rate_balanced_v1,False,126,1.0,720,False,248,1.0,0,62,0,310,62,62,dry=0.00|dry_vent=0.02|dew=0.12|canopy=0.10
0.12,93,0.7380952380952381,93,0.12,0.0,0.02,5,1.2999999999999998,1.0,1.0,0,family_target_rate_balanced_v1,False,126,1.0,720,False,248,1.0,0,93,0,341,93,93,dry=0.00|dry_vent=0.02|dew=0.12|canopy=0.12
0.0,0,0.0,0,0.0,0.0,0.04,5,1.75,0.0,0.0,0,family_target_rate_balanced_v1,False,126,0.0,720,False,248,0.0,0,0,0,248,0,0,dry=0.00|dry_vent=0.04|dew=0.00|canopy=0.00
0.04,0,0.0,0,0.0,0.0,0.04,5,1.75,0.0,0.0,0,family_target_rate_balanced_v1,False,126,0.0,720,False,248,0.0,0,0,0,248,0,0,dry=0.00|dry_vent=0.04|dew=0.00|canopy=0.04
0.06,15,0.11904761904761904,15,0.0,0.0,0.04,3,1.314285714285714,1.0,0.6666666666666666,0,family_target_rate_balanced_v1,False,126,0.6666666666666666,720,False,248,0.0,0,15,0,263,15,15,dry=0.00|dry_vent=0.04|dew=0.00|canopy=0.06
0.08,18,0.14285714285714285,18,0.0,0.0,0.04,3,1.2285714285714284,1.0,0.6666666666666666,0,family_target_rate_balanced_v1,False,126,0.6666666666666666,720,False,248,0.0,0,18,0,266,18,18,dry=0.00|dry_vent=0.04|dew=0.00|canopy=0.08
0.1,22,0.1746031746031746,22,0.0,0.0,0.04,3,1.1142857142857143,1.0,0.6666666666666666,0,family_target_rate_balanced_v1,False,126,0.6666666666666666,720,False,248,0.0,0,22,0,270,22,22,dry=0.00|dry_vent=0.04|dew=0.00|canopy=0.10
0.12,53,0.42063492063492064,53,0.0,0.0,0.04,5,1.4499999999999997,1.0,1.0,0,family_target_rate_balanced_v1,False,126,1.0,720,False,248,0.0,0,53,0,301,53,53,dry=0.00|dry_vent=0.04|dew=0.00|canopy=0.12
0.0,0,0.0,0,0.04,0.0,0.04,5,1.75,0.0,0.0,0,family_target_rate_balanced_v1,False,126,0.0,720,False,248,0.0,0,0,0,248,0,0,dry=0.00|dry_vent=0.04|dew=0.04|canopy=0.00
0.04,0,0.0,0,0.04,0.0,0.04,5,1.75,0.0,0.0,0,family_target_rate_balanced_v1,False,126,0.0,720,False,248,0.0,0,0,0,248,0,0,dry=0.00|dry_vent=0.04|dew=0.04|canopy=0.04
0.06,15,0.11904761904761904,15,0.04,0.0,0.04,3,1.314285714285714,1.0,0.6666666666666666,0,family_target_rate_balanced_v1,False,126,0.6666666666666666,720,False,248,0.0,0,15,0,263,15,15,dry=0.00|dry_vent=0.04|dew=0.04|canopy=0.06
0.08,18,0.14285714285714285,18,0.04,0.0,0.04,3,1.2285714285714284,1.0,0.6666666666666666,0,family_target_rate_balanced_v1,False,126,0.6666666666666666,720,False,248,0.0,0,18,0,266,18,18,dry=0.00|dry_vent=0.04|dew=0.04|canopy=0.08
0.1,22,0.1746031746031746,22,0.04,0.0,0.04,3,1.1142857142857143,1.0,0.6666666666666666,0,family_target_rate_balanced_v1,False,126,0.6666666666666666,720,False,248,0.0,0,22,0,270,22,22,dry=0.00|dry_vent=0.04|dew=0.04|canopy=0.10
0.12,53,0.42063492063492064,53,0.04,0.0,0.04,5,1.4499999999999997,1.0,1.0,0,family_target_rate_balanced_v1,False,126,1.0,720,False,248,0.0,0,53,0,301,53,53,dry=0.00|dry_vent=0.04|dew=0.04|canopy=0.12
0.0,0,0.0,0,0.06,0.0,0.04,5,1.75,0.0,0.0,0,family_target_rate_balanced_v1,False,126,0.0,720,False,248,0.0,0,0,0,248,0,0,dry=0.00|dry_vent=0.04|dew=0.06|canopy=0.00
0.04,0,0.0,0,0.06,0.0,0.04,5,1.75,0.0,0.0,0,family_target_rate_balanced_v1,False,126,0.0,720,False,248,0.0,0,0,0,248,0,0,dry=0.00|dry_vent=0.04|dew=0.06|canopy=0.04
0.06,15,0.11904761904761904,15,0.06,0.0,0.04,3,1.314285714285714,1.0,0.6666666666666666,0,family_target_rate_balanced_v1,False,126,0.6666666666666666,720,False,248,0.0,0,15,0,263,15,15,dry=0.00|dry_vent=0.04|dew=0.06|canopy=0.06
0.08,18,0.14285714285714285,18,0.06,0.0,0.04,3,1.2285714285714284,1.0,0.6666666666666666,0,family_target_rate_balanced_v1,False,126,0.6666666666666666,720,False,248,0.0,0,18,0,266,18,18,dry=0.00|dry_vent=0.04|dew=0.06|canopy=0.08
0.1,22,0.1746031746031746,22,0.06,0.0,0.04,3,1.1142857142857143,1.0,0.6666666666666666,0,family_target_rate_balanced_v1,False,126,0.6666666666666666,720,False,248,0.0,0,22,0,270,22,22,dry=0.00|dry_vent=0.04|dew=0.06|canopy=0.10
0.12,53,0.42063492063492064,53,0.06,0.0,0.04,5,1.4499999999999997,1.0,1.0,0,family_target_rate_balanced_v1,False,126,1.0,720,False,248,0.0,0,53,0,301,53,53,dry=0.00|dry_vent=0.04|dew=0.06|canopy=0.12
0.0,15,0.11904761904761904,15,0.08,0.0,0.04,4,1.4,0.0,0.0,0,family_target_rate_balanced_v1,False,126,0.375,720,False,248,0.375,0,15,0,263,15,15,dry=0.00|dry_vent=0.04|dew=0.08|canopy=0.00
0.04,15,0.11904761904761904,15,0.08,0.0,0.04,4,1.4,0.0,0.0,0,family_target_rate_balanced_v1,False,126,0.375,720,False,248,0.375,0,15,0,263,15,15,dry=0.00|dry_vent=0.04|dew=0.08|canopy=0.04
0.06,30,0.23809523809523808,30,0.08,0.0,0.04,2,0.9642857142857142,1.0,0.6666666666666666,0,family_target_rate_balanced_v1,False,126,0.6666666666666666,720,False,248,0.375,0,30,0,278,30,30,dry=0.00|dry_vent=0.04|dew=0.08|canopy=0.06
0.08,33,0.2619047619047619,33,0.08,0.0,0.04,2,0.8785714285714286,1.0,0.6666666666666666,0,family_target_rate_balanced_v1,False,126,0.6666666666666666,720,False,248,0.375,0,33,0,281,33,33,dry=0.00|dry_vent=0.04|dew=0.08|canopy=0.08
0.1,37,0.29365079365079366,37,0.08,0.0,0.04,2,0.7642857142857142,1.0,0.6666666666666666,0,family_target_rate_balanced_v1,False,126,0.6666666666666666,720,False,248,0.375,0,37,0,285,37,37,dry=0.00|dry_vent=0.04|dew=0.08|canopy=0.10
0.12,68,0.5396825396825397,68,0.08,0.0,0.04,4,1.0999999999999999,1.0,1.0,0,family_target_rate_balanced_v1,False,126,1.0,720,False,248,0.375,0,68,0,316,68,68,dry=0.00|dry_vent=0.04|dew=0.08|canopy=0.12
0.0,22,0.1746031746031746,22,0.1,0.0,0.04,4,1.4,0.0,0.0,0,family_target_rate_balanced_v1,False,126,0.55,720,False,248,0.55,0,22,0,270,22,22,dry=0.00|dry_vent=0.04|dew=0.10|canopy=0.00
0.04,22,0.1746031746031746,22,0.1,0.0,0.04,4,1.4,0.0,0.0,0,family_target_rate_balanced_v1,False,126,0.55,720,False,248,0.55,0,22,0,270,22,22,dry=0.00|dry_vent=0.04|dew=0.10|canopy=0.04
0.06,37,0.29365079365079366,37,0.1,0.0,0.04,2,0.9642857142857142,1.0,0.6666666666666666,0,family_target_rate_balanced_v1,False,126,0.6666666666666666,720,False,248,0.55,0,37,0,285,37,37,dry=0.00|dry_vent=0.04|dew=0.10|canopy=0.06
0.08,40,0.31746031746031744,40,0.1,0.0,0.04,2,0.8785714285714286,1.0,0.6666666666666666,0,family_target_rate_balanced_v1,False,126,0.6666666666666666,720,False,248,0.55,0,40,0,288,40,40,dry=0.00|dry_vent=0.04|dew=0.10|canopy=0.08
0.1,44,0.3492063492063492,44,0.1,0.0,0.04,2,0.7642857142857142,1.0,0.6666666666666666,0,family_target_rate_balanced_v1,False,126,0.6666666666666666,720,False,248,0.55,0,44,0,292,44,44,dry=0.00|dry_vent=0.04|dew=0.10|canopy=0.10
0.12,75,0.5952380952380952,75,0.1,0.0,0.04,4,1.0999999999999999,1.0,1.0,0,family_target_rate_balanced_v1,False,126,1.0,720,False,248,0.55,0,75,0,323,75,75,dry=0.00|dry_vent=0.04|dew=0.10|canopy=0.12
0.0,40,0.31746031746031744,40,0.12,0.0,0.04,5,1.5999999999999999,0.0,0.0,0,family_target_rate_balanced_v1,False,126,1.0,720,False,248,1.0,0,40,0,288,40,40,dry=0.00|dry_vent=0.04|dew=0.12|canopy=0.00
0.04,40,0.31746031746031744,40,0.12,0.0,0.04,5,1.5999999999999999,0.0,0.0,0,family_target_rate_balanced_v1,False,126,1.0,720,False,248,1.0,0,40,0,288,40,40,dry=0.00|dry_vent=0.04|dew=0.12|canopy=0.04
0.06,55,0.4365079365079365,55,0.12,0.0,0.04,3,1.1642857142857141,1.0,0.6666666666666666,0,family_target_rate_balanced_v1,False,126,1.0,720,False,248,1.0,0,55,0,303,55,55,dry=0.00|dry_vent=0.04|dew=0.12|canopy=0.06
0.08,58,0.4603174603174603,58,0.12,0.0,0.04,3,1.0785714285714285,1.0,0.6666666666666666,0,family_target_rate_balanced_v1,False,126,1.0,720,False,248,1.0,0,58,0,306,58,58,dry=0.00|dry_vent=0.04|dew=0.12|canopy=0.08
0.1,62,0.49206349206349204,62,0.12,0.0,0.04,3,0.9642857142857142,1.0,0.6666666666666666,0,family_target_rate_balanced_v1,False,126,1.0,720,False,248,1.0,0,62,0,310,62,62,dry=0.00|dry_vent=0.04|dew=0.12|canopy=0.10
0.12,93,0.7380952380952381,93,0.12,0.0,0.04,5,1.2999999999999998,1.0,1.0,0,family_target_rate_balanced_v1,False,126,1.0,720,False,248,1.0,0,93,0,341,93,93,dry=0.00|dry_vent=0.04|dew=0.12|canopy=0.12
0.0,25,0.1984126984126984,25,0.0,0.0,0.06,5,1.5999999999999999,1.0,1.0,0,family_target_rate_balanced_v1,False,126,1.0,720,False,248,0.0,0,25,0,273,25,25,dry=0.00|dry_vent=0.06|dew=0.00|canopy=0.00
0.04,25,0.1984126984126984,25,0.0,0.0,0.06,5,1.5999999999999999,1.0,1.0,0,family_target_rate_balanced_v1,False,126,1.0,720,False,248,0.0,0,25,0,273,25,25,dry=0.00|dry_vent=0.06|dew=0.00|canopy=0.04
0.06,40,0.31746031746031744,40,0.0,0.0,0.06,3,1.1642857142857141,1.0,0.9142857142857143,0,family_target_rate_balanced_v1,False,126,1.0,720,False,248,0.0,0,40,0,288,40,40,dry=0.00|dry_vent=0.06|dew=0.00|canopy=0.06
0.08,43,0.3412698412698413,43,0.0,0.0,0.06,3,1.0785714285714285,1.0,0.8285714285714285,0,family_target_rate_balanced_v1,False,126,1.0,720,False,248,0.0,0,43,0,291,43,43,dry=0.00|dry_vent=0.06|dew=0.00|canopy=0.08
0.1,47,0.373015873015873,47,0.0,0.0,0.06,3,0.9642857142857142,1.0,0.7142857142857143,0,family_target_rate_balanced_v1,False,126,1.0,720,False,248,0.0,0,47,0,295,47,47,dry=0.00|dry_vent=0.06|dew=0.00|canopy=0.10
0.12,78,0.6190476190476191,78,0.0,0.0,0.06,5,1.2999999999999998,0.0,0.0,0,family_target_rate_balanced_v1,False,126,1.0,720,False,248,0.0,0,78,0,326,78,78,dry=0.00|dry_vent=0.06|dew=0.00|canopy=0.12
0.0,25,0.1984126984126984,25,0.04,0.0,0.06,5,1.5999999999999999,1.0,1.0,0,family_target_rate_balanced_v1,False,126,1.0,720,False,248,0.0,0,25,0,273,25,25,dry=0.00|dry_vent=0.06|dew=0.04|canopy=0.00
0.04,25,0.1984126984126984,25,0.04,0.0,0.06,5,1.5999999999999999,1.0,1.0,0,family_target_rate_balanced_v1,False,126,1.0,720,False,248,0.0,0,25,0,273,25,25,dry=0.00|dry_vent=0.06|dew=0.04|canopy=0.04
0.06,40,0.31746031746031744,40,0.04,0.0,0.06,3,1.1642857142857141,1.0,0.9142857142857143,0,family_target_rate_balanced_v1,False,126,1.0,720,False,248,0.0,0,40,0,288,40,40,dry=0.00|dry_vent=0.06|dew=0.04|canopy=0.06
0.08,43,0.3412698412698413,43,0.04,0.0,0.06,3,1.0785714285714285,1.0,0.8285714285714285,0,family_target_rate_balanced_v1,False,126,1.0,720,False,248,0.0,0,43,0,291,43,43,dry=0.00|dry_vent=0.06|dew=0.04|canopy=0.08
0.1,47,0.373015873015873,47,0.04,0.0,0.06,3,0.9642857142857142,1.0,0.7142857142857143,0,family_target_rate_balanced_v1,False,126,1.0,720,False,248,0.0,0,47,0,295,47,47,dry=0.00|dry_vent=0.06|dew=0.04|canopy=0.10
0.12,78,0.6190476190476191,78,0.04,0.0,0.06,5,1.2999999999999998,0.0,0.0,0,family_target_rate_balanced_v1,False,126,1.0,720,False,248,0.0,0,78,0,326,78,78,dry=0.00|dry_vent=0.06|dew=0.04|canopy=0.12
0.0,25,0.1984126984126984,25,0.06,0.0,0.06,5,1.5999999999999999,1.0,1.0,0,family_target_rate_balanced_v1,False,126,1.0,720,False,248,0.0,0,25,0,273,25,25,dry=0.00|dry_vent=0.06|dew=0.06|canopy=0.00
0.04,25,0.1984126984126984,25,0.06,0.0,0.06,5,1.5999999999999999,1.0,1.0,0,family_target_rate_balanced_v1,False,126,1.0,720,False,248,0.0,0,25,0,273,25,25,dry=0.00|dry_vent=0.06|dew=0.06|canopy=0.04
0.06,40,0.31746031746031744,40,0.06,0.0,0.06,3,1.1642857142857141,1.0,0.9142857142857143,0,family_target_rate_balanced_v1,False,126,1.0,720,False,248,0.0,0,40,0,288,40,40,dry=0.00|dry_vent=0.06|dew=0.06|canopy=0.06
0.08,43,0.3412698412698413,43,0.06,0.0,0.06,3,1.0785714285714285,1.0,0.8285714285714285,0,family_target_rate_balanced_v1,False,126,1.0,720,False,248,0.0,0,43,0,291,43,43,dry=0.00|dry_vent=0.06|dew=0.06|canopy=0.08
0.1,47,0.373015873015873,47,0.06,0.0,0.06,3,0.9642857142857142,1.0,0.7142857142857143,0,family_target_rate_balanced_v1,False,126,1.0,720,False,248,0.0,0,47,0,295,47,47,dry=0.00|dry_vent=0.06|dew=0.06|canopy=0.10
0.12,78,0.6190476190476191,78,0.06,0.0,0.06,5,1.2999999999999998,0.0,0.0,0,family_target_rate_balanced_v1,False,126,1.0,720,False,248,0.0,0,78,0,326,78,78,dry=0.00|dry_vent=0.06|dew=0.06|canopy=0.12
0.0,40,0.31746031746031744,40,0.08,0.0,0.06,4,1.25,1.0,1.0,0,family_target_rate_balanced_v1,False,126,1.0,720,False,248,0.375,0,40,0,288,40,40,dry=0.00|dry_vent=0.06|dew=0.08|canopy=0.00
0.04,40,0.31746031746031744,40,0.08,0.0,0.06,4,1.25,1.0,1.0,0,family_target_rate_balanced_v1,False,126,1.0,720,False,248,0.375,0,40,0,288,40,40,dry=0.00|dry_vent=0.06|dew=0.08|canopy=0.04
0.06,55,0.4365079365079365,55,0.08,0.0,0.06,2,0.8142857142857142,1.0,0.9142857142857143,0,family_target_rate_balanced_v1,False,126,1.0,720,False,248,0.375,0,55,0,303,55,55,dry=0.00|dry_vent=0.06|dew=0.08|canopy=0.06
0.08,58,0.4603174603174603,58,0.08,0.0,0.06,2,0.7285714285714284,1.0,0.8285714285714285,0,family_target_rate_balanced_v1,False,126,1.0,720,False,248,0.375,0,58,0,306,58,58,dry=0.00|dry_vent=0.06|dew=0.08|canopy=0.08
0.1,62,0.49206349206349204,62,0.08,0.0,0.06,2,0.6142857142857142,1.0,0.7142857142857143,0,family_target_rate_balanced_v1,False,126,1.0,720,False,248,0.375,0,62,0,310,62,62,dry=0.00|dry_vent=0.06|dew=0.08|canopy=0.10
0.12,93,0.7380952380952381,93,0.08,0.0,0.06,4,0.9499999999999998,0.0,0.0,0,family_target_rate_balanced_v1,False,126,1.0,720,False,248,0.375,0,93,0,341,93,93,dry=0.00|dry_vent=0.06|dew=0.08|canopy=0.12
0.0,47,0.373015873015873,47,0.1,0.0,0.06,4,1.25,1.0,1.0,0,family_target_rate_balanced_v1,False,126,1.0,720,False,248,0.55,0,47,0,295,47,47,dry=0.00|dry_vent=0.06|dew=0.10|canopy=0.00
0.04,47,0.373015873015873,47,0.1,0.0,0.06,4,1.25,1.0,1.0,0,family_target_rate_balanced_v1,False,126,1.0,720,False,248,0.55,0,47,0,295,47,47,dry=0.00|dry_vent=0.06|dew=0.10|canopy=0.04
0.06,62,0.49206349206349204,62,0.1,0.0,0.06,2,0.8142857142857142,1.0,0.9142857142857143,0,family_target_rate_balanced_v1,False,126,1.0,720,False,248,0.55,0,62,0,310,62,62,dry=0.00|dry_vent=0.06|dew=0.10|canopy=0.06
0.08,65,0.5158730158730159,65,0.1,0.0,0.06,2,0.7285714285714284,1.0,0.8285714285714285,0,family_target_rate_balanced_v1,False,126,1.0,720,False,248,0.55,0,65,0,313,65,65,dry=0.00|dry_vent=0.06|dew=0.10|canopy=0.08
0.1,69,0.5476190476190477,69,0.1,0.0,0.06,2,0.6142857142857142,1.0,0.7142857142857143,0,family_target_rate_balanced_v1,False,126,1.0,720,False,248,0.55,0,69,0,317,69,69,dry=0.00|dry_vent=0.06|dew=0.10|canopy=0.10
0.12,100,0.7936507936507936,100,0.1,0.0,0.06,4,0.9499999999999998,0.0,0.0,0,family_target_rate_balanced_v1,False,126,1.0,720,False,248,0.55,0,100,0,348,100,100,dry=0.00|dry_vent=0.06|dew=0.10|canopy=0.12
0.0,65,0.5158730158730159,65,0.12,0.0,0.06,5,1.4499999999999997,1.0,1.0,0,family_target_rate_balanced_v1,False,126,1.0,720,False,248,1.0,0,65,0,313,65,65,dry=0.00|dry_vent=0.06|dew=0.12|canopy=0.00
0.04,65,0.5158730158730159,65,0.12,0.0,0.06,5,1.4499999999999997,1.0,1.0,0,family_target_rate_balanced_v1,False,126,1.0,720,False,248,1.0,0,65,0,313,65,65,dry=0.00|dry_vent=0.06|dew=0.12|canopy=0.04
0.06,80,0.6349206349206349,80,0.12,0.0,0.06,3,1.0142857142857142,1.0,0.9142857142857143,0,family_target_rate_balanced_v1,False,126,1.0,720,False,248,1.0,0,80,0,328,80,80,dry=0.00|dry_vent=0.06|dew=0.12|canopy=0.06
0.08,83,0.6587301587301587,83,0.12,0.0,0.06,3,0.9285714285714284,1.0,0.8285714285714285,0,family_target_rate_balanced_v1,False,126,1.0,720,False,248,1.0,0,83,0,331,83,83,dry=0.00|dry_vent=0.06|dew=0.12|canopy=0.08
0.1,87,0.6904761904761905,87,0.12,0.0,0.06,3,0.8142857142857142,1.0,0.7142857142857143,0,family_target_rate_balanced_v1,False,126,1.0,720,False,248,1.0,0,87,0,335,87,87,dry=0.00|dry_vent=0.06|dew=0.12|canopy=0.10
0.12,118,0.9365079365079365,118,0.12,0.0,0.06,5,1.15,0.0,0.0,0,family_target_rate_balanced_v1,True,126,1.0,720,False,248,1.0,0,118,0,366,118,118,dry=0.00|dry_vent=0.06|dew=0.12|canopy=0.12
0.0,0,0.0,0,0.0,0.02,0.0,5,1.75,0.0,0.0,0,family_target_rate_balanced_v1,False,126,0.0,720,False,248,0.0,0,0,0,248,0,0,dry=0.02|dry_vent=0.00|dew=0.00|canopy=0.00
0.04,0,0.0,0,0.0,0.02,0.0,5,1.75,0.0,0.0,0,family_target_rate_balanced_v1,False,126,0.0,720,False,248,0.0,0,0,0,248,0,0,dry=0.02|dry_vent=0.00|dew=0.00|canopy=0.04
0.06,15,0.11904761904761904,15,0.0,0.02,0.0,3,1.314285714285714,1.0,0.6666666666666666,0,family_target_rate_balanced_v1,False,126,0.6666666666666666,720,False,248,0.0,0,15,0,263,15,15,dry=0.02|dry_vent=0.00|dew=0.00|canopy=0.06
0.08,18,0.14285714285714285,18,0.0,0.02,0.0,3,1.2285714285714284,1.0,0.6666666666666666,0,family_target_rate_balanced_v1,False,126,0.6666666666666666,720,False,248,0.0,0,18,0,266,18,18,dry=0.02|dry_vent=0.00|dew=0.00|canopy=0.08
0.1,22,0.1746031746031746,22,0.0,0.02,0.0,3,1.1142857142857143,1.0,0.6666666666666666,0,family_target_rate_balanced_v1,False,126,0.6666666666666666,720,False,248,0.0,0,22,0,270,22,22,dry=0.02|dry_vent=0.00|dew=0.00|canopy=0.10
0.12,53,0.42063492063492064,53,0.0,0.02,0.0,5,1.4499999999999997,1.0,1.0,0,family_target_rate_balanced_v1,False,126,1.0,720,False,248,0.0,0,53,0,301,53,53,dry=0.02|dry_vent=0.00|dew=0.00|canopy=0.12
0.0,0,0.0,0,0.04,0.02,0.0,5,1.75,0.0,0.0,0,family_target_rate_balanced_v1,False,126,0.0,720,False,248,0.0,0,0,0,248,0,0,dry=0.02|dry_vent=0.00|dew=0.04|canopy=0.00
0.04,0,0.0,0,0.04,0.02,0.0,5,1.75,0.0,0.0,0,family_target_rate_balanced_v1,False,126,0.0,720,False,248,0.0,0,0,0,248,0,0,dry=0.02|dry_vent=0.00|dew=0.04|canopy=0.04
0.06,15,0.11904761904761904,15,0.04,0.02,0.0,3,1.314285714285714,1.0,0.6666666666666666,0,family_target_rate_balanced_v1,False,126,0.6666666666666666,720,False,248,0.0,0,15,0,263,15,15,dry=0.02|dry_vent=0.00|dew=0.04|canopy=0.06
0.08,18,0.14285714285714285,18,0.04,0.02,0.0,3,1.2285714285714284,1.0,0.6666666666666666,0,family_target_rate_balanced_v1,False,126,0.6666666666666666,720,False,248,0.0,0,18,0,266,18,18,dry=0.02|dry_vent=0.00|dew=0.04|canopy=0.08
0.1,22,0.1746031746031746,22,0.04,0.02,0.0,3,1.1142857142857143,1.0,0.6666666666666666,0,family_target_rate_balanced_v1,False,126,0.6666666666666666,720,False,248,0.0,0,22,0,270,22,22,dry=0.02|dry_vent=0.00|dew=0.04|canopy=0.10
0.12,53,0.42063492063492064,53,0.04,0.02,0.0,5,1.4499999999999997,1.0,1.0,0,family_target_rate_balanced_v1,False,126,1.0,720,False,248,0.0,0,53,0,301,53,53,dry=0.02|dry_vent=0.00|dew=0.04|canopy=0.12
0.0,0,0.0,0,0.06,0.02,0.0,5,1.75,0.0,0.0,0,family_target_rate_balanced_v1,False,126,0.0,720,False,248,0.0,0,0,0,248,0,0,dry=0.02|dry_vent=0.00|dew=0.06|canopy=0.00
0.04,0,0.0,0,0.06,0.02,0.0,5,1.75,0.0,0.0,0,family_target_rate_balanced_v1,False,126,0.0,720,False,248,0.0,0,0,0,248,0,0,dry=0.02|dry_vent=0.00|dew=0.06|canopy=0.04
0.06,15,0.11904761904761904,15,0.06,0.02,0.0,3,1.314285714285714,1.0,0.6666666666666666,0,family_target_rate_balanced_v1,False,126,0.6666666666666666,720,False,248,0.0,0,15,0,263,15,15,dry=0.02|dry_vent=0.00|dew=0.06|canopy=0.06
0.08,18,0.14285714285714285,18,0.06,0.02,0.0,3,1.2285714285714284,1.0,0.6666666666666666,0,family_target_rate_balanced_v1,False,126,0.6666666666666666,720,False,248,0.0,0,18,0,266,18,18,dry=0.02|dry_vent=0.00|dew=0.06|canopy=0.08
0.1,22,0.1746031746031746,22,0.06,0.02,0.0,3,1.1142857142857143,1.0,0.6666666666666666,0,family_target_rate_balanced_v1,False,126,0.6666666666666666,720,False,248,0.0,0,22,0,270,22,22,dry=0.02|dry_vent=0.00|dew=0.06|canopy=0.10
0.12,53,0.42063492063492064,53,0.06,0.02,0.0,5,1.4499999999999997,1.0,1.0,0,family_target_rate_balanced_v1,False,126,1.0,720,False,248,0.0,0,53,0,301,53,53,dry=0.02|dry_vent=0.00|dew=0.06|canopy=0.12
0.0,15,0.11904761904761904,15,0.08,0.02,0.0,4,1.4,0.0,0.0,0,family_target_rate_balanced_v1,False,126,0.375,720,False,248,0.375,0,15,0,263,15,15,dry=0.02|dry_vent=0.00|dew=0.08|canopy=0.00
0.04,15,0.11904761904761904,15,0.08,0.02,0.0,4,1.4,0.0,0.0,0,family_target_rate_balanced_v1,False,126,0.375,720,False,248,0.375,0,15,0,263,15,15,dry=0.02|dry_vent=0.00|dew=0.08|canopy=0.04
0.06,30,0.23809523809523808,30,0.08,0.02,0.0,2,0.9642857142857142,1.0,0.6666666666666666,0,family_target_rate_balanced_v1,False,126,0.6666666666666666,720,False,248,0.375,0,30,0,278,30,30,dry=0.02|dry_vent=0.00|dew=0.08|canopy=0.06
0.08,33,0.2619047619047619,33,0.08,0.02,0.0,2,0.8785714285714286,1.0,0.6666666666666666,0,family_target_rate_balanced_v1,False,126,0.6666666666666666,720,False,248,0.375,0,33,0,281,33,33,dry=0.02|dry_vent=0.00|dew=0.08|canopy=0.08
0.1,37,0.29365079365079366,37,0.08,0.02,0.0,2,0.7642857142857142,1.0,0.6666666666666666,0,family_target_rate_balanced_v1,False,126,0.6666666666666666,720,False,248,0.375,0,37,0,285,37,37,dry=0.02|dry_vent=0.00|dew=0.08|canopy=0.10
0.12,68,0.5396825396825397,68,0.08,0.02,0.0,4,1.0999999999999999,1.0,1.0,0,family_target_rate_balanced_v1,False,126,1.0,720,False,248,0.375,0,68,0,316,68,68,dry=0.02|dry_vent=0.00|dew=0.08|canopy=0.12
0.0,22,0.1746031746031746,22,0.1,0.02,0.0,4,1.4,0.0,0.0,0,family_target_rate_balanced_v1,False,126,0.55,720,False,248,0.55,0,22,0,270,22,22,dry=0.02|dry_vent=0.00|dew=0.10|canopy=0.00
0.04,22,0.1746031746031746,22,0.1,0.02,0.0,4,1.4,0.0,0.0,0,family_target_rate_balanced_v1,False,126,0.55,720,False,248,0.55,0,22,0,270,22,22,dry=0.02|dry_vent=0.00|dew=0.10|canopy=0.04
0.06,37,0.29365079365079366,37,0.1,0.02,0.0,2,0.9642857142857142,1.0,0.6666666666666666,0,family_target_rate_balanced_v1,False,126,0.6666666666666666,720,False,248,0.55,0,37,0,285,37,37,dry=0.02|dry_vent=0.00|dew=0.10|canopy=0.06
0.08,40,0.31746031746031744,40,0.1,0.02,0.0,2,0.8785714285714286,1.0,0.6666666666666666,0,family_target_rate_balanced_v1,False,126,0.6666666666666666,720,False,248,0.55,0,40,0,288,40,40,dry=0.02|dry_vent=0.00|dew=0.10|canopy=0.08
0.1,44,0.3492063492063492,44,0.1,0.02,0.0,2,0.7642857142857142,1.0,0.6666666666666666,0,family_target_rate_balanced_v1,False,126,0.6666666666666666,720,False,248,0.55,0,44,0,292,44,44,dry=0.02|dry_vent=0.00|dew=0.10|canopy=0.10
0.12,75,0.5952380952380952,75,0.1,0.02,0.0,4,1.0999999999999999,1.0,1.0,0,family_target_rate_balanced_v1,False,126,1.0,720,False,248,0.55,0,75,0,323,75,75,dry=0.02|dry_vent=0.00|dew=0.10|canopy=0.12
0.0,40,0.31746031746031744,40,0.12,0.02,0.0,5,1.5999999999999999,0.0,0.0,0,family_target_rate_balanced_v1,False,126,1.0,720,False,248,1.0,0,40,0,288,40,40,dry=0.02|dry_vent=0.00|dew=0.12|canopy=0.00
0.04,40,0.31746031746031744,40,0.12,0.02,0.0,5,1.5999999999999999,0.0,0.0,0,family_target_rate_balanced_v1,False,126,1.0,720,False,248,1.0,0,40,0,288,40,40,dry=0.02|dry_vent=0.00|dew=0.12|canopy=0.04
0.06,55,0.4365079365079365,55,0.12,0.02,0.0,3,1.1642857142857141,1.0,0.6666666666666666,0,family_target_rate_balanced_v1,False,126,1.0,720,False,248,1.0,0,55,0,303,55,55,dry=0.02|dry_vent=0.00|dew=0.12|canopy=0.06
0.08,58,0.4603174603174603,58,0.12,0.02,0.0,3,1.0785714285714285,1.0,0.6666666666666666,0,family_target_rate_balanced_v1,False,126,1.0,720,False,248,1.0,0,58,0,306,58,58,dry=0.02|dry_vent=0.00|dew=0.12|canopy=0.08
0.1,62,0.49206349206349204,62,0.12,0.02,0.0,3,0.9642857142857142,1.0,0.6666666666666666,0,family_target_rate_balanced_v1,False,126,1.0,720,False,248,1.0,0,62,0,310,62,62,dry=0.02|dry_vent=0.00|dew=0.12|canopy=0.10
0.12,93,0.7380952380952381,93,0.12,0.02,0.0,5,1.2999999999999998,1.0,1.0,0,family_target_rate_balanced_v1,False,126,1.0,720,False,248,1.0,0,93,0,341,93,93,dry=0.02|dry_vent=0.00|dew=0.12|canopy=0.12
0.0,0,0.0,0,0.0,0.02,0.02,5,1.75,0.0,0.0,0,family_target_rate_balanced_v1,False,126,0.0,720,False,248,0.0,0,0,0,248,0,0,dry=0.02|dry_vent=0.02|dew=0.00|canopy=0.00
0.04,0,0.0,0,0.0,0.02,0.02,5,1.75,0.0,0.0,0,family_target_rate_balanced_v1,False,126,0.0,720,False,248,0.0,0,0,0,248,0,0,dry=0.02|dry_vent=0.02|dew=0.00|canopy=0.04
0.06,15,0.11904761904761904,15,0.0,0.02,0.02,3,1.314285714285714,1.0,0.6666666666666666,0,family_target_rate_balanced_v1,False,126,0.6666666666666666,720,False,248,0.0,0,15,0,263,15,15,dry=0.02|dry_vent=0.02|dew=0.00|canopy=0.06
0.08,18,0.14285714285714285,18,0.0,0.02,0.02,3,1.2285714285714284,1.0,0.6666666666666666,0,family_target_rate_balanced_v1,False,126,0.6666666666666666,720,False,248,0.0,0,18,0,266,18,18,dry=0.02|dry_vent=0.02|dew=0.00|canopy=0.08
0.1,22,0.1746031746031746,22,0.0,0.02,0.02,3,1.1142857142857143,1.0,0.6666666666666666,0,family_target_rate_balanced_v1,False,126,0.6666666666666666,720,False,248,0.0,0,22,0,270,22,22,dry=0.02|dry_vent=0.02|dew=0.00|canopy=0.10
0.12,53,0.42063492063492064,53,0.0,0.02,0.02,5,1.4499999999999997,1.0,1.0,0,family_target_rate_balanced_v1,False,126,1.0,720,False,248,0.0,0,53,0,301,53,53,dry=0.02|dry_vent=0.02|dew=0.00|canopy=0.12
0.0,0,0.0,0,0.04,0.02,0.02,5,1.75,0.0,0.0,0,family_target_rate_balanced_v1,False,126,0.0,720,False,248,0.0,0,0,0,248,0,0,dry=0.02|dry_vent=0.02|dew=0.04|canopy=0.00
0.04,0,0.0,0,0.04,0.02,0.02,5,1.75,0.0,0.0,0,family_target_rate_balanced_v1,False,126,0.0,720,False,248,0.0,0,0,0,248,0,0,dry=0.02|dry_vent=0.02|dew=0.04|canopy=0.04
0.06,15,0.11904761904761904,15,0.04,0.02,0.02,3,1.314285714285714,1.0,0.6666666666666666,0,family_target_rate_balanced_v1,False,126,0.6666666666666666,720,False,248,0.0,0,15,0,263,15,15,dry=0.02|dry_vent=0.02|dew=0.04|canopy=0.06
0.08,18,0.14285714285714285,18,0.04,0.02,0.02,3,1.2285714285714284,1.0,0.6666666666666666,0,family_target_rate_balanced_v1,False,126,0.6666666666666666,720,False,248,0.0,0,18,0,266,18,18,dry=0.02|dry_vent=0.02|dew=0.04|canopy=0.08
0.1,22,0.1746031746031746,22,0.04,0.02,0.02,3,1.1142857142857143,1.0,0.6666666666666666,0,family_target_rate_balanced_v1,False,126,0.6666666666666666,720,False,248,0.0,0,22,0,270,22,22,dry=0.02|dry_vent=0.02|dew=0.04|canopy=0.10
0.12,53,0.42063492063492064,53,0.04,0.02,0.02,5,1.4499999999999997,1.0,1.0,0,family_target_rate_balanced_v1,False,126,1.0,720,False,248,0.0,0,53,0,301,53,53,dry=0.02|dry_vent=0.02|dew=0.04|canopy=0.12
0.0,0,0.0,0,0.06,0.02,0.02,5,1.75,0.0,0.0,0,family_target_rate_balanced_v1,False,126,0.0,720,False,248,0.0,0,0,0,248,0,0,dry=0.02|dry_vent=0.02|dew=0.06|canopy=0.00
0.04,0,0.0,0,0.06,0.02,0.02,5,1.75,0.0,0.0,0,family_target_rate_balanced_v1,False,126,0.0,720,False,248,0.0,0,0,0,248,0,0,dry=0.02|dry_vent=0.02|dew=0.06|canopy=0.04
0.06,15,0.11904761904761904,15,0.06,0.02,0.02,3,1.314285714285714,1.0,0.6666666666666666,0,family_target_rate_balanced_v1,False,126,0.6666666666666666,720,False,248,0.0,0,15,0,263,15,15,dry=0.02|dry_vent=0.02|dew=0.06|canopy=0.06
0.08,18,0.14285714285714285,18,0.06,0.02,0.02,3,1.2285714285714284,1.0,0.6666666666666666,0,family_target_rate_balanced_v1,False,126,0.6666666666666666,720,False,248,0.0,0,18,0,266,18,18,dry=0.02|dry_vent=0.02|dew=0.06|canopy=0.08
0.1,22,0.1746031746031746,22,0.06,0.02,0.02,3,1.1142857142857143,1.0,0.6666666666666666,0,family_target_rate_balanced_v1,False,126,0.6666666666666666,720,False,248,0.0,0,22,0,270,22,22,dry=0.02|dry_vent=0.02|dew=0.06|canopy=0.10
0.12,53,0.42063492063492064,53,0.06,0.02,0.02,5,1.4499999999999997,1.0,1.0,0,family_target_rate_balanced_v1,False,126,1.0,720,False,248,0.0,0,53,0,301,53,53,dry=0.02|dry_vent=0.02|dew=0.06|canopy=0.12
0.0,15,0.11904761904761904,15,0.08,0.02,0.02,4,1.4,0.0,0.0,0,family_target_rate_balanced_v1,False,126,0.375,720,False,248,0.375,0,15,0,263,15,15,dry=0.02|dry_vent=0.02|dew=0.08|canopy=0.00
0.04,15,0.11904761904761904,15,0.08,0.02,0.02,4,1.4,0.0,0.0,0,family_target_rate_balanced_v1,False,126,0.375,720,False,248,0.375,0,15,0,263,15,15,dry=0.02|dry_vent=0.02|dew=0.08|canopy=0.04
0.06,30,0.23809523809523808,30,0.08,0.02,0.02,2,0.9642857142857142,1.0,0.6666666666666666,0,family_target_rate_balanced_v1,False,126,0.6666666666666666,720,False,248,0.375,0,30,0,278,30,30,dry=0.02|dry_vent=0.02|dew=0.08|canopy=0.06
0.08,33,0.2619047619047619,33,0.08,0.02,0.02,2,0.8785714285714286,1.0,0.6666666666666666,0,family_target_rate_balanced_v1,False,126,0.6666666666666666,720,False,248,0.375,0,33,0,281,33,33,dry=0.02|dry_vent=0.02|dew=0.08|canopy=0.08
0.1,37,0.29365079365079366,37,0.08,0.02,0.02,2,0.7642857142857142,1.0,0.6666666666666666,0,family_target_rate_balanced_v1,False,126,0.6666666666666666,720,False,248,0.375,0,37,0,285,37,37,dry=0.02|dry_vent=0.02|dew=0.08|canopy=0.10
0.12,68,0.5396825396825397,68,0.08,0.02,0.02,4,1.0999999999999999,1.0,1.0,0,family_target_rate_balanced_v1,False,126,1.0,720,False,248,0.375,0,68,0,316,68,68,dry=0.02|dry_vent=0.02|dew=0.08|canopy=0.12
0.0,22,0.1746031746031746,22,0.1,0.02,0.02,4,1.4,0.0,0.0,0,family_target_rate_balanced_v1,False,126,0.55,720,False,248,0.55,0,22,0,270,22,22,dry=0.02|dry_vent=0.02|dew=0.10|canopy=0.00
0.04,22,0.1746031746031746,22,0.1,0.02,0.02,4,1.4,0.0,0.0,0,family_target_rate_balanced_v1,False,126,0.55,720,False,248,0.55,0,22,0,270,22,22,dry=0.02|dry_vent=0.02|dew=0.10|canopy=0.04
0.06,37,0.29365079365079366,37,0.1,0.02,0.02,2,0.9642857142857142,1.0,0.6666666666666666,0,family_target_rate_balanced_v1,False,126,0.6666666666666666,720,False,248,0.55,0,37,0,285,37,37,dry=0.02|dry_vent=0.02|dew=0.10|canopy=0.06
0.08,40,0.31746031746031744,40,0.1,0.02,0.02,2,0.8785714285714286,1.0,0.6666666666666666,0,family_target_rate_balanced_v1,False,126,0.6666666666666666,720,False,248,0.55,0,40,0,288,40,40,dry=0.02|dry_vent=0.02|dew=0.10|canopy=0.08
0.1,44,0.3492063492063492,44,0.1,0.02,0.02,2,0.7642857142857142,1.0,0.6666666666666666,0,family_target_rate_balanced_v1,False,126,0.6666666666666666,720,False,248,0.55,0,44,0,292,44,44,dry=0.02|dry_vent=0.02|dew=0.10|canopy=0.10
0.12,75,0.5952380952380952,75,0.1,0.02,0.02,4,1.0999999999999999,1.0,1.0,0,family_target_rate_balanced_v1,False,126,1.0,720,False,248,0.55,0,75,0,323,75,75,dry=0.02|dry_vent=0.02|dew=0.10|canopy=0.12
0.0,40,0.31746031746031744,40,0.12,0.02,0.02,5,1.5999999999999999,0.0,0.0,0,family_target_rate_balanced_v1,False,126,1.0,720,False,248,1.0,0,40,0,288,40,40,dry=0.02|dry_vent=0.02|dew=0.12|canopy=0.00
0.04,40,0.31746031746031744,40,0.12,0.02,0.02,5,1.5999999999999999,0.0,0.0,0,family_target_rate_balanced_v1,False,126,1.0,720,False,248,1.0,0,40,0,288,40,40,dry=0.02|dry_vent=0.02|dew=0.12|canopy=0.04
0.06,55,0.4365079365079365,55,0.12,0.02,0.02,3,1.1642857142857141,1.0,0.6666666666666666,0,family_target_rate_balanced_v1,False,126,1.0,720,False,248,1.0,0,55,0,303,55,55,dry=0.02|dry_vent=0.02|dew=0.12|canopy=0.06
0.08,58,0.4603174603174603,58,0.12,0.02,0.02,3,1.0785714285714285,1.0,0.6666666666666666,0,family_target_rate_balanced_v1,False,126,1.0,720,False,248,1.0,0,58,0,306,58,58,dry=0.02|dry_vent=0.02|dew=0.12|canopy=0.08
0.1,62,0.49206349206349204,62,0.12,0.02,0.02,3,0.9642857142857142,1.0,0.6666666666666666,0,family_target_rate_balanced_v1,False,126,1.0,720,False,248,1.0,0,62,0,310,62,62,dry=0.02|dry_vent=0.02|dew=0.12|canopy=0.10
0.12,93,0.7380952380952381,93,0.12,0.02,0.02,5,1.2999999999999998,1.0,1.0,0,family_target_rate_balanced_v1,False,126,1.0,720,False,248,1.0,0,93,0,341,93,93,dry=0.02|dry_vent=0.02|dew=0.12|canopy=0.12
0.0,0,0.0,0,0.0,0.02,0.04,5,1.75,0.0,0.0,0,family_target_rate_balanced_v1,False,126,0.0,720,False,248,0.0,0,0,0,248,0,0,dry=0.02|dry_vent=0.04|dew=0.00|canopy=0.00
0.04,0,0.0,0,0.0,0.02,0.04,5,1.75,0.0,0.0,0,family_target_rate_balanced_v1,False,126,0.0,720,False,248,0.0,0,0,0,248,0,0,dry=0.02|dry_vent=0.04|dew=0.00|canopy=0.04
0.06,15,0.11904761904761904,15,0.0,0.02,0.04,3,1.314285714285714,1.0,0.6666666666666666,0,family_target_rate_balanced_v1,False,126,0.6666666666666666,720,False,248,0.0,0,15,0,263,15,15,dry=0.02|dry_vent=0.04|dew=0.00|canopy=0.06
0.08,18,0.14285714285714285,18,0.0,0.02,0.04,3,1.2285714285714284,1.0,0.6666666666666666,0,family_target_rate_balanced_v1,False,126,0.6666666666666666,720,False,248,0.0,0,18,0,266,18,18,dry=0.02|dry_vent=0.04|dew=0.00|canopy=0.08
0.1,22,0.1746031746031746,22,0.0,0.02,0.04,3,1.1142857142857143,1.0,0.6666666666666666,0,family_target_rate_balanced_v1,False,126,0.6666666666666666,720,False,248,0.0,0,22,0,270,22,22,dry=0.02|dry_vent=0.04|dew=0.00|canopy=0.10
0.12,53,0.42063492063492064,53,0.0,0.02,0.04,5,1.4499999999999997,1.0,1.0,0,family_target_rate_balanced_v1,False,126,1.0,720,False,248,0.0,0,53,0,301,53,53,dry=0.02|dry_vent=0.04|dew=0.00|canopy=0.12
0.0,0,0.0,0,0.04,0.02,0.04,5,1.75,0.0,0.0,0,family_target_rate_balanced_v1,False,126,0.0,720,False,248,0.0,0,0,0,248,0,0,dry=0.02|dry_vent=0.04|dew=0.04|canopy=0.00
0.04,0,0.0,0,0.04,0.02,0.04,5,1.75,0.0,0.0,0,family_target_rate_balanced_v1,False,126,0.0,720,False,248,0.0,0,0,0,248,0,0,dry=0.02|dry_vent=0.04|dew=0.04|canopy=0.04
0.06,15,0.11904761904761904,15,0.04,0.02,0.04,3,1.314285714285714,1.0,0.6666666666666666,0,family_target_rate_balanced_v1,False,126,0.6666666666666666,720,False,248,0.0,0,15,0,263,15,15,dry=0.02|dry_vent=0.04|dew=0.04|canopy=0.06
0.08,18,0.14285714285714285,18,0.04,0.02,0.04,3,1.2285714285714284,1.0,0.6666666666666666,0,family_target_rate_balanced_v1,False,126,0.6666666666666666,720,False,248,0.0,0,18,0,266,18,18,dry=0.02|dry_vent=0.04|dew=0.04|canopy=0.08
0.1,22,0.1746031746031746,22,0.04,0.02,0.04,3,1.1142857142857143,1.0,0.6666666666666666,0,family_target_rate_balanced_v1,False,126,0.6666666666666666,720,False,248,0.0,0,22,0,270,22,22,dry=0.02|dry_vent=0.04|dew=0.04|canopy=0.10
0.12,53,0.42063492063492064,53,0.04,0.02,0.04,5,1.4499999999999997,1.0,1.0,0,family_target_rate_balanced_v1,False,126,1.0,720,False,248,0.0,0,53,0,301,53,53,dry=0.02|dry_vent=0.04|dew=0.04|canopy=0.12
0.0,0,0.0,0,0.06,0.02,0.04,5,1.75,0.0,0.0,0,family_target_rate_balanced_v1,False,126,0.0,720,False,248,0.0,0,0,0,248,0,0,dry=0.02|dry_vent=0.04|dew=0.06|canopy=0.00
0.04,0,0.0,0,0.06,0.02,0.04,5,1.75,0.0,0.0,0,family_target_rate_balanced_v1,False,126,0.0,720,False,248,0.0,0,0,0,248,0,0,dry=0.02|dry_vent=0.04|dew=0.06|canopy=0.04
0.06,15,0.11904761904761904,15,0.06,0.02,0.04,3,1.314285714285714,1.0,0.6666666666666666,0,family_target_rate_balanced_v1,False,126,0.6666666666666666,720,False,248,0.0,0,15,0,263,15,15,dry=0.02|dry_vent=0.04|dew=0.06|canopy=0.06
0.08,18,0.14285714285714285,18,0.06,0.02,0.04,3,1.2285714285714284,1.0,0.6666666666666666,0,family_target_rate_balanced_v1,False,126,0.6666666666666666,720,False,248,0.0,0,18,0,266,18,18,dry=0.02|dry_vent=0.04|dew=0.06|canopy=0.08
0.1,22,0.1746031746031746,22,0.06,0.02,0.04,3,1.1142857142857143,1.0,0.6666666666666666,0,family_target_rate_balanced_v1,False,126,0.6666666666666666,720,False,248,0.0,0,22,0,270,22,22,dry=0.02|dry_vent=0.04|dew=0.06|canopy=0.10
0.12,53,0.42063492063492064,53,0.06,0.02,0.04,5,1.4499999999999997,1.0,1.0,0,family_target_rate_balanced_v1,False,126,1.0,720,False,248,0.0,0,53,0,301,53,53,dry=0.02|dry_vent=0.04|dew=0.06|canopy=0.12
0.0,15,0.11904761904761904,15,0.08,0.02,0.04,4,1.4,0.0,0.0,0,family_target_rate_balanced_v1,False,126,0.375,720,False,248,0.375,0,15,0,263,15,15,dry=0.02|dry_vent=0.04|dew=0.08|canopy=0.00
0.04,15,0.11904761904761904,15,0.08,0.02,0.04,4,1.4,0.0,0.0,0,family_target_rate_balanced_v1,False,126,0.375,720,False,248,0.375,0,15,0,263,15,15,dry=0.02|dry_vent=0.04|dew=0.08|canopy=0.04
0.06,30,0.23809523809523808,30,0.08,0.02,0.04,2,0.9642857142857142,1.0,0.6666666666666666,0,family_target_rate_balanced_v1,False,126,0.6666666666666666,720,False,248,0.375,0,30,0,278,30,30,dry=0.02|dry_vent=0.04|dew=0.08|canopy=0.06
0.08,33,0.2619047619047619,33,0.08,0.02,0.04,2,0.8785714285714286,1.0,0.6666666666666666,0,family_target_rate_balanced_v1,False,126,0.6666666666666666,720,False,248,0.375,0,33,0,281,33,33,dry=0.02|dry_vent=0.04|dew=0.08|canopy=0.08
0.1,37,0.29365079365079366,37,0.08,0.02,0.04,2,0.7642857142857142,1.0,0.6666666666666666,0,family_target_rate_balanced_v1,False,126,0.6666666666666666,720,False,248,0.375,0,37,0,285,37,37,dry=0.02|dry_vent=0.04|dew=0.08|canopy=0.10
0.12,68,0.5396825396825397,68,0.08,0.02,0.04,4,1.0999999999999999,1.0,1.0,0,family_target_rate_balanced_v1,False,126,1.0,720,False,248,0.375,0,68,0,316,68,68,dry=0.02|dry_vent=0.04|dew=0.08|canopy=0.12
0.0,22,0.1746031746031746,22,0.1,0.02,0.04,4,1.4,0.0,0.0,0,family_target_rate_balanced_v1,False,126,0.55,720,False,248,0.55,0,22,0,270,22,22,dry=0.02|dry_vent=0.04|dew=0.10|canopy=0.00
0.04,22,0.1746031746031746,22,0.1,0.02,0.04,4,1.4,0.0,0.0,0,family_target_rate_balanced_v1,False,126,0.55,720,False,248,0.55,0,22,0,270,22,22,dry=0.02|dry_vent=0.04|dew=0.10|canopy=0.04
0.06,37,0.29365079365079366,37,0.1,0.02,0.04,2,0.9642857142857142,1.0,0.6666666666666666,0,family_target_rate_balanced_v1,False,126,0.6666666666666666,720,False,248,0.55,0,37,0,285,37,37,dry=0.02|dry_vent=0.04|dew=0.10|canopy=0.06
0.08,40,0.31746031746031744,40,0.1,0.02,0.04,2,0.8785714285714286,1.0,0.6666666666666666,0,family_target_rate_balanced_v1,False,126,0.6666666666666666,720,False,248,0.55,0,40,0,288,40,40,dry=0.02|dry_vent=0.04|dew=0.10|canopy=0.08
0.1,44,0.3492063492063492,44,0.1,0.02,0.04,2,0.7642857142857142,1.0,0.6666666666666666,0,family_target_rate_balanced_v1,False,126,0.6666666666666666,720,False,248,0.55,0,44,0,292,44,44,dry=0.02|dry_vent=0.04|dew=0.10|canopy=0.10
0.12,75,0.5952380952380952,75,0.1,0.02,0.04,4,1.0999999999999999,1.0,1.0,0,family_target_rate_balanced_v1,False,126,1.0,720,False,248,0.55,0,75,0,323,75,75,dry=0.02|dry_vent=0.04|dew=0.10|canopy=0.12
0.0,40,0.31746031746031744,40,0.12,0.02,0.04,5,1.5999999999999999,0.0,0.0,0,family_target_rate_balanced_v1,False,126,1.0,720,False,248,1.0,0,40,0,288,40,40,dry=0.02|dry_vent=0.04|dew=0.12|canopy=0.00
0.04,40,0.31746031746031744,40,0.12,0.02,0.04,5,1.5999999999999999,0.0,0.0,0,family_target_rate_balanced_v1,False,126,1.0,720,False,248,1.0,0,40,0,288,40,40,dry=0.02|dry_vent=0.04|dew=0.12|canopy=0.04
0.06,55,0.4365079365079365,55,0.12,0.02,0.04,3,1.1642857142857141,1.0,0.6666666666666666,0,family_target_rate_balanced_v1,False,126,1.0,720,False,248,1.0,0,55,0,303,55,55,dry=0.02|dry_vent=0.04|dew=0.12|canopy=0.06
0.08,58,0.4603174603174603,58,0.12,0.02,0.04,3,1.0785714285714285,1.0,0.6666666666666666,0,family_target_rate_balanced_v1,False,126,1.0,720,False,248,1.0,0,58,0,306,58,58,dry=0.02|dry_vent=0.04|dew=0.12|canopy=0.08
0.1,62,0.49206349206349204,62,0.12,0.02,0.04,3,0.9642857142857142,1.0,0.6666666666666666,0,family_target_rate_balanced_v1,False,126,1.0,720,False,248,1.0,0,62,0,310,62,62,dry=0.02|dry_vent=0.04|dew=0.12|canopy=0.10
0.12,93,0.7380952380952381,93,0.12,0.02,0.04,5,1.2999999999999998,1.0,1.0,0,family_target_rate_balanced_v1,False,126,1.0,720,False,248,1.0,0,93,0,341,93,93,dry=0.02|dry_vent=0.04|dew=0.12|canopy=0.12
0.0,25,0.1984126984126984,25,0.0,0.02,0.06,5,1.5999999999999999,1.0,1.0,0,family_target_rate_balanced_v1,False,126,1.0,720,False,248,0.0,0,25,0,273,25,25,dry=0.02|dry_vent=0.06|dew=0.00|canopy=0.00
0.04,25,0.1984126984126984,25,0.0,0.02,0.06,5,1.5999999999999999,1.0,1.0,0,family_target_rate_balanced_v1,False,126,1.0,720,False,248,0.0,0,25,0,273,25,25,dry=0.02|dry_vent=0.06|dew=0.00|canopy=0.04
0.06,40,0.31746031746031744,40,0.0,0.02,0.06,3,1.1642857142857141,1.0,0.9142857142857143,0,family_target_rate_balanced_v1,False,126,1.0,720,False,248,0.0,0,40,0,288,40,40,dry=0.02|dry_vent=0.06|dew=0.00|canopy=0.06
0.08,43,0.3412698412698413,43,0.0,0.02,0.06,3,1.0785714285714285,1.0,0.8285714285714285,0,family_target_rate_balanced_v1,False,126,1.0,720,False,248,0.0,0,43,0,291,43,43,dry=0.02|dry_vent=0.06|dew=0.00|canopy=0.08
0.1,47,0.373015873015873,47,0.0,0.02,0.06,3,0.9642857142857142,1.0,0.7142857142857143,0,family_target_rate_balanced_v1,False,126,1.0,720,False,248,0.0,0,47,0,295,47,47,dry=0.02|dry_vent=0.06|dew=0.00|canopy=0.10
0.12,78,0.6190476190476191,78,0.0,0.02,0.06,5,1.2999999999999998,0.0,0.0,0,family_target_rate_balanced_v1,False,126,1.0,720,False,248,0.0,0,78,0,326,78,78,dry=0.02|dry_vent=0.06|dew=0.00|canopy=0.12
0.0,25,0.1984126984126984,25,0.04,0.02,0.06,5,1.5999999999999999,1.0,1.0,0,family_target_rate_balanced_v1,False,126,1.0,720,False,248,0.0,0,25,0,273,25,25,dry=0.02|dry_vent=0.06|dew=0.04|canopy=0.00
0.04,25,0.1984126984126984,25,0.04,0.02,0.06,5,1.5999999999999999,1.0,1.0,0,family_target_rate_balanced_v1,False,126,1.0,720,False,248,0.0,0,25,0,273,25,25,dry=0.02|dry_vent=0.06|dew=0.04|canopy=0.04
0.06,40,0.31746031746031744,40,0.04,0.02,0.06,3,1.1642857142857141,1.0,0.9142857142857143,0,family_target_rate_balanced_v1,False,126,1.0,720,False,248,0.0,0,40,0,288,40,40,dry=0.02|dry_vent=0.06|dew=0.04|canopy=0.06
0.08,43,0.3412698412698413,43,0.04,0.02,0.06,3,1.0785714285714285,1.0,0.8285714285714285,0,family_target_rate_balanced_v1,False,126,1.0,720,False,248,0.0,0,43,0,291,43,43,dry=0.02|dry_vent=0.06|dew=0.04|canopy=0.08
0.1,47,0.373015873015873,47,0.04,0.02,0.06,3,0.9642857142857142,1.0,0.7142857142857143,0,family_target_rate_balanced_v1,False,126,1.0,720,False,248,0.0,0,47,0,295,47,47,dry=0.02|dry_vent=0.06|dew=0.04|canopy=0.10
0.12,78,0.6190476190476191,78,0.04,0.02,0.06,5,1.2999999999999998,0.0,0.0,0,family_target_rate_balanced_v1,False,126,1.0,720,False,248,0.0,0,78,0,326,78,78,dry=0.02|dry_vent=0.06|dew=0.04|canopy=0.12
0.0,25,0.1984126984126984,25,0.06,0.02,0.06,5,1.5999999999999999,1.0,1.0,0,family_target_rate_balanced_v1,False,126,1.0,720,False,248,0.0,0,25,0,273,25,25,dry=0.02|dry_vent=0.06|dew=0.06|canopy=0.00
0.04,25,0.1984126984126984,25,0.06,0.02,0.06,5,1.5999999999999999,1.0,1.0,0,family_target_rate_balanced_v1,False,126,1.0,720,False,248,0.0,0,25,0,273,25,25,dry=0.02|dry_vent=0.06|dew=0.06|canopy=0.04
0.06,40,0.31746031746031744,40,0.06,0.02,0.06,3,1.1642857142857141,1.0,0.9142857142857143,0,family_target_rate_balanced_v1,False,126,1.0,720,False,248,0.0,0,40,0,288,40,40,dry=0.02|dry_vent=0.06|dew=0.06|canopy=0.06
0.08,43,0.3412698412698413,43,0.06,0.02,0.06,3,1.0785714285714285,1.0,0.8285714285714285,0,family_target_rate_balanced_v1,False,126,1.0,720,False,248,0.0,0,43,0,291,43,43,dry=0.02|dry_vent=0.06|dew=0.06|canopy=0.08
0.1,47,0.373015873015873,47,0.06,0.02,0.06,3,0.9642857142857142,1.0,0.7142857142857143,0,family_target_rate_balanced_v1,False,126,1.0,720,False,248,0.0,0,47,0,295,47,47,dry=0.02|dry_vent=0.06|dew=0.06|canopy=0.10
0.12,78,0.6190476190476191,78,0.06,0.02,0.06,5,1.2999999999999998,0.0,0.0,0,family_target_rate_balanced_v1,False,126,1.0,720,False,248,0.0,0,78,0,326,78,78,dry=0.02|dry_vent=0.06|dew=0.06|canopy=0.12
0.0,40,0.31746031746031744,40,0.08,0.02,0.06,4,1.25,1.0,1.0,0,family_target_rate_balanced_v1,False,126,1.0,720,False,248,0.375,0,40,0,288,40,40,dry=0.02|dry_vent=0.06|dew=0.08|canopy=0.00
0.04,40,0.31746031746031744,40,0.08,0.02,0.06,4,1.25,1.0,1.0,0,family_target_rate_balanced_v1,False,126,1.0,720,False,248,0.375,0,40,0,288,40,40,dry=0.02|dry_vent=0.06|dew=0.08|canopy=0.04
0.06,55,0.4365079365079365,55,0.08,0.02,0.06,2,0.8142857142857142,1.0,0.9142857142857143,0,family_target_rate_balanced_v1,False,126,1.0,720,False,248,0.375,0,55,0,303,55,55,dry=0.02|dry_vent=0.06|dew=0.08|canopy=0.06
0.08,58,0.4603174603174603,58,0.08,0.02,0.06,2,0.7285714285714284,1.0,0.8285714285714285,0,family_target_rate_balanced_v1,False,126,1.0,720,False,248,0.375,0,58,0,306,58,58,dry=0.02|dry_vent=0.06|dew=0.08|canopy=0.08
0.1,62,0.49206349206349204,62,0.08,0.02,0.06,2,0.6142857142857142,1.0,0.7142857142857143,0,family_target_rate_balanced_v1,False,126,1.0,720,False,248,0.375,0,62,0,310,62,62,dry=0.02|dry_vent=0.06|dew=0.08|canopy=0.10
0.12,93,0.7380952380952381,93,0.08,0.02,0.06,4,0.9499999999999998,0.0,0.0,0,family_target_rate_balanced_v1,False,126,1.0,720,False,248,0.375,0,93,0,341,93,93,dry=0.02|dry_vent=0.06|dew=0.08|canopy=0.12
0.0,47,0.373015873015873,47,0.1,0.02,0.06,4,1.25,1.0,1.0,0,family_target_rate_balanced_v1,False,126,1.0,720,False,248,0.55,0,47,0,295,47,47,dry=0.02|dry_vent=0.06|dew=0.10|canopy=0.00
0.04,47,0.373015873015873,47,0.1,0.02,0.06,4,1.25,1.0,1.0,0,family_target_rate_balanced_v1,False,126,1.0,720,False,248,0.55,0,47,0,295,47,47,dry=0.02|dry_vent=0.06|dew=0.10|canopy=0.04
0.06,62,0.49206349206349204,62,0.1,0.02,0.06,2,0.8142857142857142,1.0,0.9142857142857143,0,family_target_rate_balanced_v1,False,126,1.0,720,False,248,0.55,0,62,0,310,62,62,dry=0.02|dry_vent=0.06|dew=0.10|canopy=0.06
0.08,65,0.5158730158730159,65,0.1,0.02,0.06,2,0.7285714285714284,1.0,0.8285714285714285,0,family_target_rate_balanced_v1,False,126,1.0,720,False,248,0.55,0,65,0,313,65,65,dry=0.02|dry_vent=0.06|dew=0.10|canopy=0.08
0.1,69,0.5476190476190477,69,0.1,0.02,0.06,2,0.6142857142857142,1.0,0.7142857142857143,0,family_target_rate_balanced_v1,False,126,1.0,720,False,248,0.55,0,69,0,317,69,69,dry=0.02|dry_vent=0.06|dew=0.10|canopy=0.10
0.12,100,0.7936507936507936,100,0.1,0.02,0.06,4,0.9499999999999998,0.0,0.0,0,family_target_rate_balanced_v1,False,126,1.0,720,False,248,0.55,0,100,0,348,100,100,dry=0.02|dry_vent=0.06|dew=0.10|canopy=0.12
0.0,65,0.5158730158730159,65,0.12,0.02,0.06,5,1.4499999999999997,1.0,1.0,0,family_target_rate_balanced_v1,False,126,1.0,720,False,248,1.0,0,65,0,313,65,65,dry=0.02|dry_vent=0.06|dew=0.12|canopy=0.00
0.04,65,0.5158730158730159,65,0.12,0.02,0.06,5,1.4499999999999997,1.0,1.0,0,family_target_rate_balanced_v1,False,126,1.0,720,False,248,1.0,0,65,0,313,65,65,dry=0.02|dry_vent=0.06|dew=0.12|canopy=0.04
0.06,80,0.6349206349206349,80,0.12,0.02,0.06,3,1.0142857142857142,1.0,0.9142857142857143,0,family_target_rate_balanced_v1,False,126,1.0,720,False,248,1.0,0,80,0,328,80,80,dry=0.02|dry_vent=0.06|dew=0.12|canopy=0.06
0.08,83,0.6587301587301587,83,0.12,0.02,0.06,3,0.9285714285714284,1.0,0.8285714285714285,0,family_target_rate_balanced_v1,False,126,1.0,720,False,248,1.0,0,83,0,331,83,83,dry=0.02|dry_vent=0.06|dew=0.12|canopy=0.08
0.1,87,0.6904761904761905,87,0.12,0.02,0.06,3,0.8142857142857142,1.0,0.7142857142857143,0,family_target_rate_balanced_v1,False,126,1.0,720,False,248,1.0,0,87,0,335,87,87,dry=0.02|dry_vent=0.06|dew=0.12|canopy=0.10
0.12,118,0.9365079365079365,118,0.12,0.02,0.06,5,1.15,0.0,0.0,0,family_target_rate_balanced_v1,True,126,1.0,720,False,248,1.0,0,118,0,366,118,118,dry=0.02|dry_vent=0.06|dew=0.12|canopy=0.12
0.0,0,0.0,0,0.0,0.04,0.0,5,1.75,0.0,0.0,0,family_target_rate_balanced_v1,False,126,0.0,720,False,248,0.0,0,0,0,248,0,0,dry=0.04|dry_vent=0.00|dew=0.00|canopy=0.00
0.04,0,0.0,0,0.0,0.04,0.0,5,1.75,0.0,0.0,0,family_target_rate_balanced_v1,False,126,0.0,720,False,248,0.0,0,0,0,248,0,0,dry=0.04|dry_vent=0.00|dew=0.00|canopy=0.04
0.06,15,0.11904761904761904,15,0.0,0.04,0.0,3,1.314285714285714,1.0,0.6666666666666666,0,family_target_rate_balanced_v1,False,126,0.6666666666666666,720,False,248,0.0,0,15,0,263,15,15,dry=0.04|dry_vent=0.00|dew=0.00|canopy=0.06
0.08,18,0.14285714285714285,18,0.0,0.04,0.0,3,1.2285714285714284,1.0,0.6666666666666666,0,family_target_rate_balanced_v1,False,126,0.6666666666666666,720,False,248,0.0,0,18,0,266,18,18,dry=0.04|dry_vent=0.00|dew=0.00|canopy=0.08
0.1,22,0.1746031746031746,22,0.0,0.04,0.0,3,1.1142857142857143,1.0,0.6666666666666666,0,family_target_rate_balanced_v1,False,126,0.6666666666666666,720,False,248,0.0,0,22,0,270,22,22,dry=0.04|dry_vent=0.00|dew=0.00|canopy=0.10
0.12,53,0.42063492063492064,53,0.0,0.04,0.0,5,1.4499999999999997,1.0,1.0,0,family_target_rate_balanced_v1,False,126,1.0,720,False,248,0.0,0,53,0,301,53,53,dry=0.04|dry_vent=0.00|dew=0.00|canopy=0.12
0.0,0,0.0,0,0.04,0.04,0.0,5,1.75,0.0,0.0,0,family_target_rate_balanced_v1,False,126,0.0,720,False,248,0.0,0,0,0,248,0,0,dry=0.04|dry_vent=0.00|dew=0.04|canopy=0.00
0.04,0,0.0,0,0.04,0.04,0.0,5,1.75,0.0,0.0,0,family_target_rate_balanced_v1,False,126,0.0,720,False,248,0.0,0,0,0,248,0,0,dry=0.04|dry_vent=0.00|dew=0.04|canopy=0.04
0.06,15,0.11904761904761904,15,0.04,0.04,0.0,3,1.314285714285714,1.0,0.6666666666666666,0,family_target_rate_balanced_v1,False,126,0.6666666666666666,720,False,248,0.0,0,15,0,263,15,15,dry=0.04|dry_vent=0.00|dew=0.04|canopy=0.06
0.08,18,0.14285714285714285,18,0.04,0.04,0.0,3,1.2285714285714284,1.0,0.6666666666666666,0,family_target_rate_balanced_v1,False,126,0.6666666666666666,720,False,248,0.0,0,18,0,266,18,18,dry=0.04|dry_vent=0.00|dew=0.04|canopy=0.08
0.1,22,0.1746031746031746,22,0.04,0.04,0.0,3,1.1142857142857143,1.0,0.6666666666666666,0,family_target_rate_balanced_v1,False,126,0.6666666666666666,720,False,248,0.0,0,22,0,270,22,22,dry=0.04|dry_vent=0.00|dew=0.04|canopy=0.10
0.12,53,0.42063492063492064,53,0.04,0.04,0.0,5,1.4499999999999997,1.0,1.0,0,family_target_rate_balanced_v1,False,126,1.0,720,False,248,0.0,0,53,0,301,53,53,dry=0.04|dry_vent=0.00|dew=0.04|canopy=0.12
0.0,0,0.0,0,0.06,0.04,0.0,5,1.75,0.0,0.0,0,family_target_rate_balanced_v1,False,126,0.0,720,False,248,0.0,0,0,0,248,0,0,dry=0.04|dry_vent=0.00|dew=0.06|canopy=0.00
0.04,0,0.0,0,0.06,0.04,0.0,5,1.75,0.0,0.0,0,family_target_rate_balanced_v1,False,126,0.0,720,False,248,0.0,0,0,0,248,0,0,dry=0.04|dry_vent=0.00|dew=0.06|canopy=0.04
0.06,15,0.11904761904761904,15,0.06,0.04,0.0,3,1.314285714285714,1.0,0.6666666666666666,0,family_target_rate_balanced_v1,False,126,0.6666666666666666,720,False,248,0.0,0,15,0,263,15,15,dry=0.04|dry_vent=0.00|dew=0.06|canopy=0.06
0.08,18,0.14285714285714285,18,0.06,0.04,0.0,3,1.2285714285714284,1.0,0.6666666666666666,0,family_target_rate_balanced_v1,False,126,0.6666666666666666,720,False,248,0.0,0,18,0,266,18,18,dry=0.04|dry_vent=0.00|dew=0.06|canopy=0.08
0.1,22,0.1746031746031746,22,0.06,0.04,0.0,3,1.1142857142857143,1.0,0.6666666666666666,0,family_target_rate_balanced_v1,False,126,0.6666666666666666,720,False,248,0.0,0,22,0,270,22,22,dry=0.04|dry_vent=0.00|dew=0.06|canopy=0.10
0.12,53,0.42063492063492064,53,0.06,0.04,0.0,5,1.4499999999999997,1.0,1.0,0,family_target_rate_balanced_v1,False,126,1.0,720,False,248,0.0,0,53,0,301,53,53,dry=0.04|dry_vent=0.00|dew=0.06|canopy=0.12
0.0,15,0.11904761904761904,15,0.08,0.04,0.0,4,1.4,0.0,0.0,0,family_target_rate_balanced_v1,False,126,0.375,720,False,248,0.375,0,15,0,263,15,15,dry=0.04|dry_vent=0.00|dew=0.08|canopy=0.00
0.04,15,0.11904761904761904,15,0.08,0.04,0.0,4,1.4,0.0,0.0,0,family_target_rate_balanced_v1,False,126,0.375,720,False,248,0.375,0,15,0,263,15,15,dry=0.04|dry_vent=0.00|dew=0.08|canopy=0.04
0.06,30,0.23809523809523808,30,0.08,0.04,0.0,2,0.9642857142857142,1.0,0.6666666666666666,0,family_target_rate_balanced_v1,False,126,0.6666666666666666,720,False,248,0.375,0,30,0,278,30,30,dry=0.04|dry_vent=0.00|dew=0.08|canopy=0.06
0.08,33,0.2619047619047619,33,0.08,0.04,0.0,2,0.8785714285714286,1.0,0.6666666666666666,0,family_target_rate_balanced_v1,False,126,0.6666666666666666,720,False,248,0.375,0,33,0,281,33,33,dry=0.04|dry_vent=0.00|dew=0.08|canopy=0.08
0.1,37,0.29365079365079366,37,0.08,0.04,0.0,2,0.7642857142857142,1.0,0.6666666666666666,0,family_target_rate_balanced_v1,False,126,0.6666666666666666,720,False,248,0.375,0,37,0,285,37,37,dry=0.04|dry_vent=0.00|dew=0.08|canopy=0.10
0.12,68,0.5396825396825397,68,0.08,0.04,0.0,4,1.0999999999999999,1.0,1.0,0,family_target_rate_balanced_v1,False,126,1.0,720,False,248,0.375,0,68,0,316,68,68,dry=0.04|dry_vent=0.00|dew=0.08|canopy=0.12
0.0,22,0.1746031746031746,22,0.1,0.04,0.0,4,1.4,0.0,0.0,0,family_target_rate_balanced_v1,False,126,0.55,720,False,248,0.55,0,22,0,270,22,22,dry=0.04|dry_vent=0.00|dew=0.10|canopy=0.00
0.04,22,0.1746031746031746,22,0.1,0.04,0.0,4,1.4,0.0,0.0,0,family_target_rate_balanced_v1,False,126,0.55,720,False,248,0.55,0,22,0,270,22,22,dry=0.04|dry_vent=0.00|dew=0.10|canopy=0.04
0.06,37,0.29365079365079366,37,0.1,0.04,0.0,2,0.9642857142857142,1.0,0.6666666666666666,0,family_target_rate_balanced_v1,False,126,0.6666666666666666,720,False,248,0.55,0,37,0,285,37,37,dry=0.04|dry_vent=0.00|dew=0.10|canopy=0.06
0.08,40,0.31746031746031744,40,0.1,0.04,0.0,2,0.8785714285714286,1.0,0.6666666666666666,0,family_target_rate_balanced_v1,False,126,0.6666666666666666,720,False,248,0.55,0,40,0,288,40,40,dry=0.04|dry_vent=0.00|dew=0.10|canopy=0.08
0.1,44,0.3492063492063492,44,0.1,0.04,0.0,2,0.7642857142857142,1.0,0.6666666666666666,0,family_target_rate_balanced_v1,False,126,0.6666666666666666,720,False,248,0.55,0,44,0,292,44,44,dry=0.04|dry_vent=0.00|dew=0.10|canopy=0.10
0.12,75,0.5952380952380952,75,0.1,0.04,0.0,4,1.0999999999999999,1.0,1.0,0,family_target_rate_balanced_v1,False,126,1.0,720,False,248,0.55,0,75,0,323,75,75,dry=0.04|dry_vent=0.00|dew=0.10|canopy=0.12
0.0,40,0.31746031746031744,40,0.12,0.04,0.0,5,1.5999999999999999,0.0,0.0,0,family_target_rate_balanced_v1,False,126,1.0,720,False,248,1.0,0,40,0,288,40,40,dry=0.04|dry_vent=0.00|dew=0.12|canopy=0.00
0.04,40,0.31746031746031744,40,0.12,0.04,0.0,5,1.5999999999999999,0.0,0.0,0,family_target_rate_balanced_v1,False,126,1.0,720,False,248,1.0,0,40,0,288,40,40,dry=0.04|dry_vent=0.00|dew=0.12|canopy=0.04
0.06,55,0.4365079365079365,55,0.12,0.04,0.0,3,1.1642857142857141,1.0,0.6666666666666666,0,family_target_rate_balanced_v1,False,126,1.0,720,False,248,1.0,0,55,0,303,55,55,dry=0.04|dry_vent=0.00|dew=0.12|canopy=0.06
0.08,58,0.4603174603174603,58,0.12,0.04,0.0,3,1.0785714285714285,1.0,0.6666666666666666,0,family_target_rate_balanced_v1,False,126,1.0,720,False,248,1.0,0,58,0,306,58,58,dry=0.04|dry_vent=0.00|dew=0.12|canopy=0.08
0.1,62,0.49206349206349204,62,0.12,0.04,0.0,3,0.9642857142857142,1.0,0.6666666666666666,0,family_target_rate_balanced_v1,False,126,1.0,720,False,248,1.0,0,62,0,310,62,62,dry=0.04|dry_vent=0.00|dew=0.12|canopy=0.10
0.12,93,0.7380952380952381,93,0.12,0.04,0.0,5,1.2999999999999998,1.0,1.0,0,family_target_rate_balanced_v1,False,126,1.0,720,False,248,1.0,0,93,0,341,93,93,dry=0.04|dry_vent=0.00|dew=0.12|canopy=0.12
0.0,0,0.0,0,0.0,0.04,0.02,5,1.75,0.0,0.0,0,family_target_rate_balanced_v1,False,126,0.0,720,False,248,0.0,0,0,0,248,0,0,dry=0.04|dry_vent=0.02|dew=0.00|canopy=0.00
0.04,0,0.0,0,0.0,0.04,0.02,5,1.75,0.0,0.0,0,family_target_rate_balanced_v1,False,126,0.0,720,False,248,0.0,0,0,0,248,0,0,dry=0.04|dry_vent=0.02|dew=0.00|canopy=0.04
0.06,15,0.11904761904761904,15,0.0,0.04,0.02,3,1.314285714285714,1.0,0.6666666666666666,0,family_target_rate_balanced_v1,False,126,0.6666666666666666,720,False,248,0.0,0,15,0,263,15,15,dry=0.04|dry_vent=0.02|dew=0.00|canopy=0.06
0.08,18,0.14285714285714285,18,0.0,0.04,0.02,3,1.2285714285714284,1.0,0.6666666666666666,0,family_target_rate_balanced_v1,False,126,0.6666666666666666,720,False,248,0.0,0,18,0,266,18,18,dry=0.04|dry_vent=0.02|dew=0.00|canopy=0.08
0.1,22,0.1746031746031746,22,0.0,0.04,0.02,3,1.1142857142857143,1.0,0.6666666666666666,0,family_target_rate_balanced_v1,False,126,0.6666666666666666,720,False,248,0.0,0,22,0,270,22,22,dry=0.04|dry_vent=0.02|dew=0.00|canopy=0.10
0.12,53,0.42063492063492064,53,0.0,0.04,0.02,5,1.4499999999999997,1.0,1.0,0,family_target_rate_balanced_v1,False,126,1.0,720,False,248,0.0,0,53,0,301,53,53,dry=0.04|dry_vent=0.02|dew=0.00|canopy=0.12
0.0,0,0.0,0,0.04,0.04,0.02,5,1.75,0.0,0.0,0,family_target_rate_balanced_v1,False,126,0.0,720,False,248,0.0,0,0,0,248,0,0,dry=0.04|dry_vent=0.02|dew=0.04|canopy=0.00
0.04,0,0.0,0,0.04,0.04,0.02,5,1.75,0.0,0.0,0,family_target_rate_balanced_v1,False,126,0.0,720,False,248,0.0,0,0,0,248,0,0,dry=0.04|dry_vent=0.02|dew=0.04|canopy=0.04
0.06,15,0.11904761904761904,15,0.04,0.04,0.02,3,1.314285714285714,1.0,0.6666666666666666,0,family_target_rate_balanced_v1,False,126,0.6666666666666666,720,False,248,0.0,0,15,0,263,15,15,dry=0.04|dry_vent=0.02|dew=0.04|canopy=0.06
0.08,18,0.14285714285714285,18,0.04,0.04,0.02,3,1.2285714285714284,1.0,0.6666666666666666,0,family_target_rate_balanced_v1,False,126,0.6666666666666666,720,False,248,0.0,0,18,0,266,18,18,dry=0.04|dry_vent=0.02|dew=0.04|canopy=0.08
0.1,22,0.1746031746031746,22,0.04,0.04,0.02,3,1.1142857142857143,1.0,0.6666666666666666,0,family_target_rate_balanced_v1,False,126,0.6666666666666666,720,False,248,0.0,0,22,0,270,22,22,dry=0.04|dry_vent=0.02|dew=0.04|canopy=0.10
0.12,53,0.42063492063492064,53,0.04,0.04,0.02,5,1.4499999999999997,1.0,1.0,0,family_target_rate_balanced_v1,False,126,1.0,720,False,248,0.0,0,53,0,301,53,53,dry=0.04|dry_vent=0.02|dew=0.04|canopy=0.12
0.0,0,0.0,0,0.06,0.04,0.02,5,1.75,0.0,0.0,0,family_target_rate_balanced_v1,False,126,0.0,720,False,248,0.0,0,0,0,248,0,0,dry=0.04|dry_vent=0.02|dew=0.06|canopy=0.00
0.04,0,0.0,0,0.06,0.04,0.02,5,1.75,0.0,0.0,0,family_target_rate_balanced_v1,False,126,0.0,720,False,248,0.0,0,0,0,248,0,0,dry=0.04|dry_vent=0.02|dew=0.06|canopy=0.04
0.06,15,0.11904761904761904,15,0.06,0.04,0.02,3,1.314285714285714,1.0,0.6666666666666666,0,family_target_rate_balanced_v1,False,126,0.6666666666666666,720,False,248,0.0,0,15,0,263,15,15,dry=0.04|dry_vent=0.02|dew=0.06|canopy=0.06
0.08,18,0.14285714285714285,18,0.06,0.04,0.02,3,1.2285714285714284,1.0,0.6666666666666666,0,family_target_rate_balanced_v1,False,126,0.6666666666666666,720,False,248,0.0,0,18,0,266,18,18,dry=0.04|dry_vent=0.02|dew=0.06|canopy=0.08
0.1,22,0.1746031746031746,22,0.06,0.04,0.02,3,1.1142857142857143,1.0,0.6666666666666666,0,family_target_rate_balanced_v1,False,126,0.6666666666666666,720,False,248,0.0,0,22,0,270,22,22,dry=0.04|dry_vent=0.02|dew=0.06|canopy=0.10
0.12,53,0.42063492063492064,53,0.06,0.04,0.02,5,1.4499999999999997,1.0,1.0,0,family_target_rate_balanced_v1,False,126,1.0,720,False,248,0.0,0,53,0,301,53,53,dry=0.04|dry_vent=0.02|dew=0.06|canopy=0.12
0.0,15,0.11904761904761904,15,0.08,0.04,0.02,4,1.4,0.0,0.0,0,family_target_rate_balanced_v1,False,126,0.375,720,False,248,0.375,0,15,0,263,15,15,dry=0.04|dry_vent=0.02|dew=0.08|canopy=0.00
0.04,15,0.11904761904761904,15,0.08,0.04,0.02,4,1.4,0.0,0.0,0,family_target_rate_balanced_v1,False,126,0.375,720,False,248,0.375,0,15,0,263,15,15,dry=0.04|dry_vent=0.02|dew=0.08|canopy=0.04
0.06,30,0.23809523809523808,30,0.08,0.04,0.02,2,0.9642857142857142,1.0,0.6666666666666666,0,family_target_rate_balanced_v1,False,126,0.6666666666666666,720,False,248,0.375,0,30,0,278,30,30,dry=0.04|dry_vent=0.02|dew=0.08|canopy=0.06
0.08,33,0.2619047619047619,33,0.08,0.04,0.02,2,0.8785714285714286,1.0,0.6666666666666666,0,family_target_rate_balanced_v1,False,126,0.6666666666666666,720,False,248,0.375,0,33,0,281,33,33,dry=0.04|dry_vent=0.02|dew=0.08|canopy=0.08
0.1,37,0.29365079365079366,37,0.08,0.04,0.02,2,0.7642857142857142,1.0,0.6666666666666666,0,family_target_rate_balanced_v1,False,126,0.6666666666666666,720,False,248,0.375,0,37,0,285,37,37,dry=0.04|dry_vent=0.02|dew=0.08|canopy=0.10
0.12,68,0.5396825396825397,68,0.08,0.04,0.02,4,1.0999999999999999,1.0,1.0,0,family_target_rate_balanced_v1,False,126,1.0,720,False,248,0.375,0,68,0,316,68,68,dry=0.04|dry_vent=0.02|dew=0.08|canopy=0.12
0.0,22,0.1746031746031746,22,0.1,0.04,0.02,4,1.4,0.0,0.0,0,family_target_rate_balanced_v1,False,126,0.55,720,False,248,0.55,0,22,0,270,22,22,dry=0.04|dry_vent=0.02|dew=0.10|canopy=0.00
0.04,22,0.1746031746031746,22,0.1,0.04,0.02,4,1.4,0.0,0.0,0,family_target_rate_balanced_v1,False,126,0.55,720,False,248,0.55,0,22,0,270,22,22,dry=0.04|dry_vent=0.02|dew=0.10|canopy=0.04
0.06,37,0.29365079365079366,37,0.1,0.04,0.02,2,0.9642857142857142,1.0,0.6666666666666666,0,family_target_rate_balanced_v1,False,126,0.6666666666666666,720,False,248,0.55,0,37,0,285,37,37,dry=0.04|dry_vent=0.02|dew=0.10|canopy=0.06
0.08,40,0.31746031746031744,40,0.1,0.04,0.02,2,0.8785714285714286,1.0,0.6666666666666666,0,family_target_rate_balanced_v1,False,126,0.6666666666666666,720,False,248,0.55,0,40,0,288,40,40,dry=0.04|dry_vent=0.02|dew=0.10|canopy=0.08
0.1,44,0.3492063492063492,44,0.1,0.04,0.02,2,0.7642857142857142,1.0,0.6666666666666666,0,family_target_rate_balanced_v1,False,126,0.6666666666666666,720,False,248,0.55,0,44,0,292,44,44,dry=0.04|dry_vent=0.02|dew=0.10|canopy=0.10
0.12,75,0.5952380952380952,75,0.1,0.04,0.02,4,1.0999999999999999,1.0,1.0,0,family_target_rate_balanced_v1,False,126,1.0,720,False,248,0.55,0,75,0,323,75,75,dry=0.04|dry_vent=0.02|dew=0.10|canopy=0.12
0.0,40,0.31746031746031744,40,0.12,0.04,0.02,5,1.5999999999999999,0.0,0.0,0,family_target_rate_balanced_v1,False,126,1.0,720,False,248,1.0,0,40,0,288,40,40,dry=0.04|dry_vent=0.02|dew=0.12|canopy=0.00
0.04,40,0.31746031746031744,40,0.12,0.04,0.02,5,1.5999999999999999,0.0,0.0,0,family_target_rate_balanced_v1,False,126,1.0,720,False,248,1.0,0,40,0,288,40,40,dry=0.04|dry_vent=0.02|dew=0.12|canopy=0.04
0.06,55,0.4365079365079365,55,0.12,0.04,0.02,3,1.1642857142857141,1.0,0.6666666666666666,0,family_target_rate_balanced_v1,False,126,1.0,720,False,248,1.0,0,55,0,303,55,55,dry=0.04|dry_vent=0.02|dew=0.12|canopy=0.06
0.08,58,0.4603174603174603,58,0.12,0.04,0.02,3,1.0785714285714285,1.0,0.6666666666666666,0,family_target_rate_balanced_v1,False,126,1.0,720,False,248,1.0,0,58,0,306,58,58,dry=0.04|dry_vent=0.02|dew=0.12|canopy=0.08
0.1,62,0.49206349206349204,62,0.12,0.04,0.02,3,0.9642857142857142,1.0,0.6666666666666666,0,family_target_rate_balanced_v1,False,126,1.0,720,False,248,1.0,0,62,0,310,62,62,dry=0.04|dry_vent=0.02|dew=0.12|canopy=0.10
0.12,93,0.7380952380952381,93,0.12,0.04,0.02,5,1.2999999999999998,1.0,1.0,0,family_target_rate_balanced_v1,False,126,1.0,720,False,248,1.0,0,93,0,341,93,93,dry=0.04|dry_vent=0.02|dew=0.12|canopy=0.12
0.0,0,0.0,0,0.0,0.04,0.04,5,1.75,0.0,0.0,0,family_target_rate_balanced_v1,False,126,0.0,720,False,248,0.0,0,0,0,248,0,0,dry=0.04|dry_vent=0.04|dew=0.00|canopy=0.00
0.04,0,0.0,0,0.0,0.04,0.04,5,1.75,0.0,0.0,0,family_target_rate_balanced_v1,False,126,0.0,720,False,248,0.0,0,0,0,248,0,0,dry=0.04|dry_vent=0.04|dew=0.00|canopy=0.04
0.06,15,0.11904761904761904,15,0.0,0.04,0.04,3,1.314285714285714,1.0,0.6666666666666666,0,family_target_rate_balanced_v1,False,126,0.6666666666666666,720,False,248,0.0,0,15,0,263,15,15,dry=0.04|dry_vent=0.04|dew=0.00|canopy=0.06
0.08,18,0.14285714285714285,18,0.0,0.04,0.04,3,1.2285714285714284,1.0,0.6666666666666666,0,family_target_rate_balanced_v1,False,126,0.6666666666666666,720,False,248,0.0,0,18,0,266,18,18,dry=0.04|dry_vent=0.04|dew=0.00|canopy=0.08
0.1,22,0.1746031746031746,22,0.0,0.04,0.04,3,1.1142857142857143,1.0,0.6666666666666666,0,family_target_rate_balanced_v1,False,126,0.6666666666666666,720,False,248,0.0,0,22,0,270,22,22,dry=0.04|dry_vent=0.04|dew=0.00|canopy=0.10
0.12,53,0.42063492063492064,53,0.0,0.04,0.04,5,1.4499999999999997,1.0,1.0,0,family_target_rate_balanced_v1,False,126,1.0,720,False,248,0.0,0,53,0,301,53,53,dry=0.04|dry_vent=0.04|dew=0.00|canopy=0.12
0.0,0,0.0,0,0.04,0.04,0.04,5,1.75,0.0,0.0,0,family_target_rate_balanced_v1,False,126,0.0,720,False,248,0.0,0,0,0,248,0,0,dry=0.04|dry_vent=0.04|dew=0.04|canopy=0.00
0.04,0,0.0,0,0.04,0.04,0.04,5,1.75,0.0,0.0,0,family_target_rate_balanced_v1,False,126,0.0,720,False,248,0.0,0,0,0,248,0,0,dry=0.04|dry_vent=0.04|dew=0.04|canopy=0.04
0.06,15,0.11904761904761904,15,0.04,0.04,0.04,3,1.314285714285714,1.0,0.6666666666666666,0,family_target_rate_balanced_v1,False,126,0.6666666666666666,720,False,248,0.0,0,15,0,263,15,15,dry=0.04|dry_vent=0.04|dew=0.04|canopy=0.06
0.08,18,0.14285714285714285,18,0.04,0.04,0.04,3,1.2285714285714284,1.0,0.6666666666666666,0,family_target_rate_balanced_v1,False,126,0.6666666666666666,720,False,248,0.0,0,18,0,266,18,18,dry=0.04|dry_vent=0.04|dew=0.04|canopy=0.08
0.1,22,0.1746031746031746,22,0.04,0.04,0.04,3,1.1142857142857143,1.0,0.6666666666666666,0,family_target_rate_balanced_v1,False,126,0.6666666666666666,720,False,248,0.0,0,22,0,270,22,22,dry=0.04|dry_vent=0.04|dew=0.04|canopy=0.10
0.12,53,0.42063492063492064,53,0.04,0.04,0.04,5,1.4499999999999997,1.0,1.0,0,family_target_rate_balanced_v1,False,126,1.0,720,False,248,0.0,0,53,0,301,53,53,dry=0.04|dry_vent=0.04|dew=0.04|canopy=0.12
0.0,0,0.0,0,0.06,0.04,0.04,5,1.75,0.0,0.0,0,family_target_rate_balanced_v1,False,126,0.0,720,False,248,0.0,0,0,0,248,0,0,dry=0.04|dry_vent=0.04|dew=0.06|canopy=0.00
0.04,0,0.0,0,0.06,0.04,0.04,5,1.75,0.0,0.0,0,family_target_rate_balanced_v1,False,126,0.0,720,False,248,0.0,0,0,0,248,0,0,dry=0.04|dry_vent=0.04|dew=0.06|canopy=0.04
0.06,15,0.11904761904761904,15,0.06,0.04,0.04,3,1.314285714285714,1.0,0.6666666666666666,0,family_target_rate_balanced_v1,False,126,0.6666666666666666,720,False,248,0.0,0,15,0,263,15,15,dry=0.04|dry_vent=0.04|dew=0.06|canopy=0.06
0.08,18,0.14285714285714285,18,0.06,0.04,0.04,3,1.2285714285714284,1.0,0.6666666666666666,0,family_target_rate_balanced_v1,False,126,0.6666666666666666,720,False,248,0.0,0,18,0,266,18,18,dry=0.04|dry_vent=0.04|dew=0.06|canopy=0.08
0.1,22,0.1746031746031746,22,0.06,0.04,0.04,3,1.1142857142857143,1.0,0.6666666666666666,0,family_target_rate_balanced_v1,False,126,0.6666666666666666,720,False,248,0.0,0,22,0,270,22,22,dry=0.04|dry_vent=0.04|dew=0.06|canopy=0.10
0.12,53,0.42063492063492064,53,0.06,0.04,0.04,5,1.4499999999999997,1.0,1.0,0,family_target_rate_balanced_v1,False,126,1.0,720,False,248,0.0,0,53,0,301,53,53,dry=0.04|dry_vent=0.04|dew=0.06|canopy=0.12
0.0,15,0.11904761904761904,15,0.08,0.04,0.04,4,1.4,0.0,0.0,0,family_target_rate_balanced_v1,False,126,0.375,720,False,248,0.375,0,15,0,263,15,15,dry=0.04|dry_vent=0.04|dew=0.08|canopy=0.00
0.04,15,0.11904761904761904,15,0.08,0.04,0.04,4,1.4,0.0,0.0,0,family_target_rate_balanced_v1,False,126,0.375,720,False,248,0.375,0,15,0,263,15,15,dry=0.04|dry_vent=0.04|dew=0.08|canopy=0.04
0.06,30,0.23809523809523808,30,0.08,0.04,0.04,2,0.9642857142857142,1.0,0.6666666666666666,0,family_target_rate_balanced_v1,False,126,0.6666666666666666,720,False,248,0.375,0,30,0,278,30,30,dry=0.04|dry_vent=0.04|dew=0.08|canopy=0.06
0.08,33,0.2619047619047619,33,0.08,0.04,0.04,2,0.8785714285714286,1.0,0.6666666666666666,0,family_target_rate_balanced_v1,False,126,0.6666666666666666,720,False,248,0.375,0,33,0,281,33,33,dry=0.04|dry_vent=0.04|dew=0.08|canopy=0.08
0.1,37,0.29365079365079366,37,0.08,0.04,0.04,2,0.7642857142857142,1.0,0.6666666666666666,0,family_target_rate_balanced_v1,False,126,0.6666666666666666,720,False,248,0.375,0,37,0,285,37,37,dry=0.04|dry_vent=0.04|dew=0.08|canopy=0.10
0.12,68,0.5396825396825397,68,0.08,0.04,0.04,4,1.0999999999999999,1.0,1.0,0,family_target_rate_balanced_v1,False,126,1.0,720,False,248,0.375,0,68,0,316,68,68,dry=0.04|dry_vent=0.04|dew=0.08|canopy=0.12
0.0,22,0.1746031746031746,22,0.1,0.04,0.04,4,1.4,0.0,0.0,0,family_target_rate_balanced_v1,False,126,0.55,720,False,248,0.55,0,22,0,270,22,22,dry=0.04|dry_vent=0.04|dew=0.10|canopy=0.00
0.04,22,0.1746031746031746,22,0.1,0.04,0.04,4,1.4,0.0,0.0,0,family_target_rate_balanced_v1,False,126,0.55,720,False,248,0.55,0,22,0,270,22,22,dry=0.04|dry_vent=0.04|dew=0.10|canopy=0.04
0.06,37,0.29365079365079366,37,0.1,0.04,0.04,2,0.9642857142857142,1.0,0.6666666666666666,0,family_target_rate_balanced_v1,False,126,0.6666666666666666,720,False,248,0.55,0,37,0,285,37,37,dry=0.04|dry_vent=0.04|dew=0.10|canopy=0.06
0.08,40,0.31746031746031744,40,0.1,0.04,0.04,2,0.8785714285714286,1.0,0.6666666666666666,0,family_target_rate_balanced_v1,False,126,0.6666666666666666,720,False,248,0.55,0,40,0,288,40,40,dry=0.04|dry_vent=0.04|dew=0.10|canopy=0.08
0.1,44,0.3492063492063492,44,0.1,0.04,0.04,2,0.7642857142857142,1.0,0.6666666666666666,0,family_target_rate_balanced_v1,False,126,0.6666666666666666,720,False,248,0.55,0,44,0,292,44,44,dry=0.04|dry_vent=0.04|dew=0.10|canopy=0.10
0.12,75,0.5952380952380952,75,0.1,0.04,0.04,4,1.0999999999999999,1.0,1.0,0,family_target_rate_balanced_v1,False,126,1.0,720,False,248,0.55,0,75,0,323,75,75,dry=0.04|dry_vent=0.04|dew=0.10|canopy=0.12
0.0,40,0.31746031746031744,40,0.12,0.04,0.04,5,1.5999999999999999,0.0,0.0,0,family_target_rate_balanced_v1,False,126,1.0,720,False,248,1.0,0,40,0,288,40,40,dry=0.04|dry_vent=0.04|dew=0.12|canopy=0.00
0.04,40,0.31746031746031744,40,0.12,0.04,0.04,5,1.5999999999999999,0.0,0.0,0,family_target_rate_balanced_v1,False,126,1.0,720,False,248,1.0,0,40,0,288,40,40,dry=0.04|dry_vent=0.04|dew=0.12|canopy=0.04
0.06,55,0.4365079365079365,55,0.12,0.04,0.04,3,1.1642857142857141,1.0,0.6666666666666666,0,family_target_rate_balanced_v1,False,126,1.0,720,False,248,1.0,0,55,0,303,55,55,dry=0.04|dry_vent=0.04|dew=0.12|canopy=0.06
0.08,58,0.4603174603174603,58,0.12,0.04,0.04,3,1.0785714285714285,1.0,0.6666666666666666,0,family_target_rate_balanced_v1,False,126,1.0,720,False,248,1.0,0,58,0,306,58,58,dry=0.04|dry_vent=0.04|dew=0.12|canopy=0.08
0.1,62,0.49206349206349204,62,0.12,0.04,0.04,3,0.9642857142857142,1.0,0.6666666666666666,0,family_target_rate_balanced_v1,False,126,1.0,720,False,248,1.0,0,62,0,310,62,62,dry=0.04|dry_vent=0.04|dew=0.12|canopy=0.10
0.12,93,0.7380952380952381,93,0.12,0.04,0.04,5,1.2999999999999998,1.0,1.0,0,family_target_rate_balanced_v1,False,126,1.0,720,False,248,1.0,0,93,0,341,93,93,dry=0.04|dry_vent=0.04|dew=0.12|canopy=0.12
0.0,25,0.1984126984126984,25,0.0,0.04,0.06,5,1.5999999999999999,1.0,1.0,0,family_target_rate_balanced_v1,False,126,1.0,720,False,248,0.0,0,25,0,273,25,25,dry=0.04|dry_vent=0.06|dew=0.00|canopy=0.00
0.04,25,0.1984126984126984,25,0.0,0.04,0.06,5,1.5999999999999999,1.0,1.0,0,family_target_rate_balanced_v1,False,126,1.0,720,False,248,0.0,0,25,0,273,25,25,dry=0.04|dry_vent=0.06|dew=0.00|canopy=0.04
0.06,40,0.31746031746031744,40,0.0,0.04,0.06,3,1.1642857142857141,1.0,0.9142857142857143,0,family_target_rate_balanced_v1,False,126,1.0,720,False,248,0.0,0,40,0,288,40,40,dry=0.04|dry_vent=0.06|dew=0.00|canopy=0.06
0.08,43,0.3412698412698413,43,0.0,0.04,0.06,3,1.0785714285714285,1.0,0.8285714285714285,0,family_target_rate_balanced_v1,False,126,1.0,720,False,248,0.0,0,43,0,291,43,43,dry=0.04|dry_vent=0.06|dew=0.00|canopy=0.08
0.1,47,0.373015873015873,47,0.0,0.04,0.06,3,0.9642857142857142,1.0,0.7142857142857143,0,family_target_rate_balanced_v1,False,126,1.0,720,False,248,0.0,0,47,0,295,47,47,dry=0.04|dry_vent=0.06|dew=0.00|canopy=0.10
0.12,78,0.6190476190476191,78,0.0,0.04,0.06,5,1.2999999999999998,0.0,0.0,0,family_target_rate_balanced_v1,False,126,1.0,720,False,248,0.0,0,78,0,326,78,78,dry=0.04|dry_vent=0.06|dew=0.00|canopy=0.12
0.0,25,0.1984126984126984,25,0.04,0.04,0.06,5,1.5999999999999999,1.0,1.0,0,family_target_rate_balanced_v1,False,126,1.0,720,False,248,0.0,0,25,0,273,25,25,dry=0.04|dry_vent=0.06|dew=0.04|canopy=0.00
0.04,25,0.1984126984126984,25,0.04,0.04,0.06,5,1.5999999999999999,1.0,1.0,0,family_target_rate_balanced_v1,False,126,1.0,720,False,248,0.0,0,25,0,273,25,25,dry=0.04|dry_vent=0.06|dew=0.04|canopy=0.04
0.06,40,0.31746031746031744,40,0.04,0.04,0.06,3,1.1642857142857141,1.0,0.9142857142857143,0,family_target_rate_balanced_v1,False,126,1.0,720,False,248,0.0,0,40,0,288,40,40,dry=0.04|dry_vent=0.06|dew=0.04|canopy=0.06
0.08,43,0.3412698412698413,43,0.04,0.04,0.06,3,1.0785714285714285,1.0,0.8285714285714285,0,family_target_rate_balanced_v1,False,126,1.0,720,False,248,0.0,0,43,0,291,43,43,dry=0.04|dry_vent=0.06|dew=0.04|canopy=0.08
0.1,47,0.373015873015873,47,0.04,0.04,0.06,3,0.9642857142857142,1.0,0.7142857142857143,0,family_target_rate_balanced_v1,False,126,1.0,720,False,248,0.0,0,47,0,295,47,47,dry=0.04|dry_vent=0.06|dew=0.04|canopy=0.10
0.12,78,0.6190476190476191,78,0.04,0.04,0.06,5,1.2999999999999998,0.0,0.0,0,family_target_rate_balanced_v1,False,126,1.0,720,False,248,0.0,0,78,0,326,78,78,dry=0.04|dry_vent=0.06|dew=0.04|canopy=0.12
0.0,25,0.1984126984126984,25,0.06,0.04,0.06,5,1.5999999999999999,1.0,1.0,0,family_target_rate_balanced_v1,False,126,1.0,720,False,248,0.0,0,25,0,273,25,25,dry=0.04|dry_vent=0.06|dew=0.06|canopy=0.00
0.04,25,0.1984126984126984,25,0.06,0.04,0.06,5,1.5999999999999999,1.0,1.0,0,family_target_rate_balanced_v1,False,126,1.0,720,False,248,0.0,0,25,0,273,25,25,dry=0.04|dry_vent=0.06|dew=0.06|canopy=0.04
0.06,40,0.31746031746031744,40,0.06,0.04,0.06,3,1.1642857142857141,1.0,0.9142857142857143,0,family_target_rate_balanced_v1,False,126,1.0,720,False,248,0.0,0,40,0,288,40,40,dry=0.04|dry_vent=0.06|dew=0.06|canopy=0.06
0.08,43,0.3412698412698413,43,0.06,0.04,0.06,3,1.0785714285714285,1.0,0.8285714285714285,0,family_target_rate_balanced_v1,False,126,1.0,720,False,248,0.0,0,43,0,291,43,43,dry=0.04|dry_vent=0.06|dew=0.06|canopy=0.08
0.1,47,0.373015873015873,47,0.06,0.04,0.06,3,0.9642857142857142,1.0,0.7142857142857143,0,family_target_rate_balanced_v1,False,126,1.0,720,False,248,0.0,0,47,0,295,47,47,dry=0.04|dry_vent=0.06|dew=0.06|canopy=0.10
0.12,78,0.6190476190476191,78,0.06,0.04,0.06,5,1.2999999999999998,0.0,0.0,0,family_target_rate_balanced_v1,False,126,1.0,720,False,248,0.0,0,78,0,326,78,78,dry=0.04|dry_vent=0.06|dew=0.06|canopy=0.12
0.0,40,0.31746031746031744,40,0.08,0.04,0.06,4,1.25,1.0,1.0,0,family_target_rate_balanced_v1,False,126,1.0,720,False,248,0.375,0,40,0,288,40,40,dry=0.04|dry_vent=0.06|dew=0.08|canopy=0.00
0.04,40,0.31746031746031744,40,0.08,0.04,0.06,4,1.25,1.0,1.0,0,family_target_rate_balanced_v1,False,126,1.0,720,False,248,0.375,0,40,0,288,40,40,dry=0.04|dry_vent=0.06|dew=0.08|canopy=0.04
0.06,55,0.4365079365079365,55,0.08,0.04,0.06,2,0.8142857142857142,1.0,0.9142857142857143,0,family_target_rate_balanced_v1,False,126,1.0,720,False,248,0.375,0,55,0,303,55,55,dry=0.04|dry_vent=0.06|dew=0.08|canopy=0.06
0.08,58,0.4603174603174603,58,0.08,0.04,0.06,2,0.7285714285714284,1.0,0.8285714285714285,0,family_target_rate_balanced_v1,False,126,1.0,720,False,248,0.375,0,58,0,306,58,58,dry=0.04|dry_vent=0.06|dew=0.08|canopy=0.08
0.1,62,0.49206349206349204,62,0.08,0.04,0.06,2,0.6142857142857142,1.0,0.7142857142857143,0,family_target_rate_balanced_v1,False,126,1.0,720,False,248,0.375,0,62,0,310,62,62,dry=0.04|dry_vent=0.06|dew=0.08|canopy=0.10
0.12,93,0.7380952380952381,93,0.08,0.04,0.06,4,0.9499999999999998,0.0,0.0,0,family_target_rate_balanced_v1,False,126,1.0,720,False,248,0.375,0,93,0,341,93,93,dry=0.04|dry_vent=0.06|dew=0.08|canopy=0.12
0.0,47,0.373015873015873,47,0.1,0.04,0.06,4,1.25,1.0,1.0,0,family_target_rate_balanced_v1,False,126,1.0,720,False,248,0.55,0,47,0,295,47,47,dry=0.04|dry_vent=0.06|dew=0.10|canopy=0.00
0.04,47,0.373015873015873,47,0.1,0.04,0.06,4,1.25,1.0,1.0,0,family_target_rate_balanced_v1,False,126,1.0,720,False,248,0.55,0,47,0,295,47,47,dry=0.04|dry_vent=0.06|dew=0.10|canopy=0.04
0.06,62,0.49206349206349204,62,0.1,0.04,0.06,2,0.8142857142857142,1.0,0.9142857142857143,0,family_target_rate_balanced_v1,False,126,1.0,720,False,248,0.55,0,62,0,310,62,62,dry=0.04|dry_vent=0.06|dew=0.10|canopy=0.06
0.08,65,0.5158730158730159,65,0.1,0.04,0.06,2,0.7285714285714284,1.0,0.8285714285714285,0,family_target_rate_balanced_v1,False,126,1.0,720,False,248,0.55,0,65,0,313,65,65,dry=0.04|dry_vent=0.06|dew=0.10|canopy=0.08
0.1,69,0.5476190476190477,69,0.1,0.04,0.06,2,0.6142857142857142,1.0,0.7142857142857143,0,family_target_rate_balanced_v1,False,126,1.0,720,False,248,0.55,0,69,0,317,69,69,dry=0.04|dry_vent=0.06|dew=0.10|canopy=0.10
0.12,100,0.7936507936507936,100,0.1,0.04,0.06,4,0.9499999999999998,0.0,0.0,0,family_target_rate_balanced_v1,False,126,1.0,720,False,248,0.55,0,100,0,348,100,100,dry=0.04|dry_vent=0.06|dew=0.10|canopy=0.12
0.0,65,0.5158730158730159,65,0.12,0.04,0.06,5,1.4499999999999997,1.0,1.0,0,family_target_rate_balanced_v1,False,126,1.0,720,False,248,1.0,0,65,0,313,65,65,dry=0.04|dry_vent=0.06|dew=0.12|canopy=0.00
0.04,65,0.5158730158730159,65,0.12,0.04,0.06,5,1.4499999999999997,1.0,1.0,0,family_target_rate_balanced_v1,False,126,1.0,720,False,248,1.0,0,65,0,313,65,65,dry=0.04|dry_vent=0.06|dew=0.12|canopy=0.04
0.06,80,0.6349206349206349,80,0.12,0.04,0.06,3,1.0142857142857142,1.0,0.9142857142857143,0,family_target_rate_balanced_v1,False,126,1.0,720,False,248,1.0,0,80,0,328,80,80,dry=0.04|dry_vent=0.06|dew=0.12|canopy=0.06
0.08,83,0.6587301587301587,83,0.12,0.04,0.06,3,0.9285714285714284,1.0,0.8285714285714285,0,family_target_rate_balanced_v1,False,126,1.0,720,False,248,1.0,0,83,0,331,83,83,dry=0.04|dry_vent=0.06|dew=0.12|canopy=0.08
0.1,87,0.6904761904761905,87,0.12,0.04,0.06,3,0.8142857142857142,1.0,0.7142857142857143,0,family_target_rate_balanced_v1,False,126,1.0,720,False,248,1.0,0,87,0,335,87,87,dry=0.04|dry_vent=0.06|dew=0.12|canopy=0.10
0.12,118,0.9365079365079365,118,0.12,0.04,0.06,5,1.15,0.0,0.0,0,family_target_rate_balanced_v1,True,126,1.0,720,False,248,1.0,0,118,0,366,118,118,dry=0.04|dry_vent=0.06|dew=0.12|canopy=0.12
0.0,6,0.047619047619047616,6,0.0,0.06,0.0,4,1.4,0.0,0.0,0,family_target_rate_balanced_v1,False,126,0.75,720,False,248,0.75,0,6,0,254,6,6,dry=0.06|dry_vent=0.00|dew=0.00|canopy=0.00
0.04,6,0.047619047619047616,6,0.0,0.06,0.0,4,1.4,0.0,0.0,0,family_target_rate_balanced_v1,False,126,0.75,720,False,248,0.75,0,6,0,254,6,6,dry=0.06|dry_vent=0.00|dew=0.00|canopy=0.04
0.06,21,0.16666666666666666,21,0.0,0.06,0.0,2,0.9642857142857142,1.0,0.6666666666666666,0,family_target_rate_balanced_v1,False,126,0.75,720,False,248,0.75,0,21,0,269,21,21,dry=0.06|dry_vent=0.00|dew=0.00|canopy=0.06
0.08,24,0.19047619047619047,24,0.0,0.06,0.0,2,0.8785714285714286,1.0,0.6666666666666666,0,family_target_rate_balanced_v1,False,126,0.75,720,False,248,0.75,0,24,0,272,24,24,dry=0.06|dry_vent=0.00|dew=0.00|canopy=0.08
0.1,28,0.2222222222222222,28,0.0,0.06,0.0,2,0.7642857142857142,1.0,0.6666666666666666,0,family_target_rate_balanced_v1,False,126,0.75,720,False,248,0.75,0,28,0,276,28,28,dry=0.06|dry_vent=0.00|dew=0.00|canopy=0.10
0.12,59,0.46825396825396826,59,0.0,0.06,0.0,4,1.0999999999999999,1.0,1.0,0,family_target_rate_balanced_v1,False,126,1.0,720,False,248,0.75,0,59,0,307,59,59,dry=0.06|dry_vent=0.00|dew=0.00|canopy=0.12
0.0,6,0.047619047619047616,6,0.04,0.06,0.0,4,1.4,0.0,0.0,0,family_target_rate_balanced_v1,False,126,0.75,720,False,248,0.75,0,6,0,254,6,6,dry=0.06|dry_vent=0.00|dew=0.04|canopy=0.00
0.04,6,0.047619047619047616,6,0.04,0.06,0.0,4,1.4,0.0,0.0,0,family_target_rate_balanced_v1,False,126,0.75,720,False,248,0.75,0,6,0,254,6,6,dry=0.06|dry_vent=0.00|dew=0.04|canopy=0.04
0.06,21,0.16666666666666666,21,0.04,0.06,0.0,2,0.9642857142857142,1.0,0.6666666666666666,0,family_target_rate_balanced_v1,False,126,0.75,720,False,248,0.75,0,21,0,269,21,21,dry=0.06|dry_vent=0.00|dew=0.04|canopy=0.06
0.08,24,0.19047619047619047,24,0.04,0.06,0.0,2,0.8785714285714286,1.0,0.6666666666666666,0,family_target_rate_balanced_v1,False,126,0.75,720,False,248,0.75,0,24,0,272,24,24,dry=0.06|dry_vent=0.00|dew=0.04|canopy=0.08
0.1,28,0.2222222222222222,28,0.04,0.06,0.0,2,0.7642857142857142,1.0,0.6666666666666666,0,family_target_rate_balanced_v1,False,126,0.75,720,False,248,0.75,0,28,0,276,28,28,dry=0.06|dry_vent=0.00|dew=0.04|canopy=0.10
0.12,59,0.46825396825396826,59,0.04,0.06,0.0,4,1.0999999999999999,1.0,1.0,0,family_target_rate_balanced_v1,False,126,1.0,720,False,248,0.75,0,59,0,307,59,59,dry=0.06|dry_vent=0.00|dew=0.04|canopy=0.12
0.0,6,0.047619047619047616,6,0.06,0.06,0.0,4,1.4,0.0,0.0,0,family_target_rate_balanced_v1,False,126,0.75,720,False,248,0.75,0,6,0,254,6,6,dry=0.06|dry_vent=0.00|dew=0.06|canopy=0.00
0.04,6,0.047619047619047616,6,0.06,0.06,0.0,4,1.4,0.0,0.0,0,family_target_rate_balanced_v1,False,126,0.75,720,False,248,0.75,0,6,0,254,6,6,dry=0.06|dry_vent=0.00|dew=0.06|canopy=0.04
0.06,21,0.16666666666666666,21,0.06,0.06,0.0,2,0.9642857142857142,1.0,0.6666666666666666,0,family_target_rate_balanced_v1,False,126,0.75,720,False,248,0.75,0,21,0,269,21,21,dry=0.06|dry_vent=0.00|dew=0.06|canopy=0.06
0.08,24,0.19047619047619047,24,0.06,0.06,0.0,2,0.8785714285714286,1.0,0.6666666666666666,0,family_target_rate_balanced_v1,False,126,0.75,720,False,248,0.75,0,24,0,272,24,24,dry=0.06|dry_vent=0.00|dew=0.06|canopy=0.08
0.1,28,0.2222222222222222,28,0.06,0.06,0.0,2,0.7642857142857142,1.0,0.6666666666666666,0,family_target_rate_balanced_v1,False,126,0.75,720,False,248,0.75,0,28,0,276,28,28,dry=0.06|dry_vent=0.00|dew=0.06|canopy=0.10
0.12,59,0.46825396825396826,59,0.06,0.06,0.0,4,1.0999999999999999,1.0,1.0,0,family_target_rate_balanced_v1,False,126,1.0,720,False,248,0.75,0,59,0,307,59,59,dry=0.06|dry_vent=0.00|dew=0.06|canopy=0.12
0.0,21,0.16666666666666666,21,0.08,0.06,0.0,3,1.0499999999999998,0.0,0.0,0,family_target_rate_balanced_v1,False,126,0.75,720,False,248,0.375,0,21,0,269,21,21,dry=0.06|dry_vent=0.00|dew=0.08|canopy=0.00
0.04,21,0.16666666666666666,21,0.08,0.06,0.0,3,1.0499999999999998,0.0,0.0,0,family_target_rate_balanced_v1,False,126,0.75,720,False,248,0.375,0,21,0,269,21,21,dry=0.06|dry_vent=0.00|dew=0.08|canopy=0.04
0.06,36,0.2857142857142857,36,0.08,0.06,0.0,1,0.6142857142857142,1.0,0.6666666666666666,0,family_target_rate_balanced_v1,False,126,0.75,720,False,248,0.375,0,36,0,284,36,36,dry=0.06|dry_vent=0.00|dew=0.08|canopy=0.06
0.08,39,0.30952380952380953,39,0.08,0.06,0.0,1,0.5285714285714285,1.0,0.6666666666666666,0,family_target_rate_balanced_v1,False,126,0.75,720,False,248,0.375,0,39,0,287,39,39,dry=0.06|dry_vent=0.00|dew=0.08|canopy=0.08
0.1,43,0.3412698412698413,43,0.08,0.06,0.0,1,0.41428571428571426,1.0,0.6666666666666666,0,family_target_rate_balanced_v1,False,126,0.75,720,False,248,0.375,0,43,0,291,43,43,dry=0.06|dry_vent=0.00|dew=0.08|canopy=0.10
0.12,74,0.5873015873015873,74,0.08,0.06,0.0,3,0.7499999999999999,1.0,1.0,0,family_target_rate_balanced_v1,False,126,1.0,720,False,248,0.375,0,74,0,322,74,74,dry=0.06|dry_vent=0.00|dew=0.08|canopy=0.12
0.0,28,0.2222222222222222,28,0.1,0.06,0.0,3,1.0499999999999998,0.0,0.0,0,family_target_rate_balanced_v1,False,126,0.75,720,False,248,0.19999999999999996,0,28,0,276,28,28,dry=0.06|dry_vent=0.00|dew=0.10|canopy=0.00
0.04,28,0.2222222222222222,28,0.1,0.06,0.0,3,1.0499999999999998,0.0,0.0,0,family_target_rate_balanced_v1,False,126,0.75,720,False,248,0.19999999999999996,0,28,0,276,28,28,dry=0.06|dry_vent=0.00|dew=0.10|canopy=0.04
0.06,43,0.3412698412698413,43,0.1,0.06,0.0,1,0.6142857142857142,1.0,0.6666666666666666,0,family_target_rate_balanced_v1,False,126,0.75,720,False,248,0.19999999999999996,0,43,0,291,43,43,dry=0.06|dry_vent=0.00|dew=0.10|canopy=0.06
0.08,46,0.36507936507936506,46,0.1,0.06,0.0,1,0.5285714285714285,1.0,0.6666666666666666,0,family_target_rate_balanced_v1,False,126,0.75,720,False,248,0.19999999999999996,0,46,0,294,46,46,dry=0.06|dry_vent=0.00|dew=0.10|canopy=0.08
0.1,50,0.3968253968253968,50,0.1,0.06,0.0,1,0.41428571428571426,1.0,0.6666666666666666,0,family_target_rate_balanced_v1,False,126,0.75,720,False,248,0.19999999999999996,0,50,0,298,50,50,dry=0.06|dry_vent=0.00|dew=0.10|canopy=0.10
0.12,81,0.6428571428571429,81,0.1,0.06,0.0,3,0.7499999999999999,1.0,1.0,0,family_target_rate_balanced_v1,False,126,1.0,720,False,248,0.19999999999999996,0,81,0,329,81,81,dry=0.06|dry_vent=0.00|dew=0.10|canopy=0.12
0.0,46,0.36507936507936506,46,0.12,0.06,0.0,4,1.25,0.0,0.0,0,family_target_rate_balanced_v1,False,126,1.0,720,False,248,0.25,0,46,0,294,46,46,dry=0.06|dry_vent=0.00|dew=0.12|canopy=0.00
0.04,46,0.36507936507936506,46,0.12,0.06,0.0,4,1.25,0.0,0.0,0,family_target_rate_balanced_v1,False,126,1.0,720,False,248,0.25,0,46,0,294,46,46,dry=0.06|dry_vent=0.00|dew=0.12|canopy=0.04
0.06,61,0.48412698412698413,61,0.12,0.06,0.0,2,0.8142857142857142,1.0,0.6666666666666666,0,family_target_rate_balanced_v1,False,126,1.0,720,False,248,0.25,0,61,0,309,61,61,dry=0.06|dry_vent=0.00|dew=0.12|canopy=0.06
0.08,64,0.5079365079365079,64,0.12,0.06,0.0,2,0.7285714285714284,1.0,0.6666666666666666,0,family_target_rate_balanced_v1,False,126,1.0,720,False,248,0.25,0,64,0,312,64,64,dry=0.06|dry_vent=0.00|dew=0.12|canopy=0.08
0.1,68,0.5396825396825397,68,0.12,0.06,0.0,2,0.6142857142857142,1.0,0.6666666666666666,0,family_target_rate_balanced_v1,False,126,1.0,720,False,248,0.25,0,68,0,316,68,68,dry=0.06|dry_vent=0.00|dew=0.12|canopy=0.10
0.12,99,0.7857142857142857,99,0.12,0.06,0.0,4,0.9499999999999998,1.0,1.0,0,family_target_rate_balanced_v1,False,126,1.0,720,False,248,0.25,0,99,0,347,99,99,dry=0.06|dry_vent=0.00|dew=0.12|canopy=0.12
0.0,6,0.047619047619047616,6,0.0,0.06,0.02,4,1.4,0.0,0.0,0,family_target_rate_balanced_v1,False,126,0.75,720,False,248,0.75,0,6,0,254,6,6,dry=0.06|dry_vent=0.02|dew=0.00|canopy=0.00
0.04,6,0.047619047619047616,6,0.0,0.06,0.02,4,1.4,0.0,0.0,0,family_target_rate_balanced_v1,False,126,0.75,720,False,248,0.75,0,6,0,254,6,6,dry=0.06|dry_vent=0.02|dew=0.00|canopy=0.04
0.06,21,0.16666666666666666,21,0.0,0.06,0.02,2,0.9642857142857142,1.0,0.6666666666666666,0,family_target_rate_balanced_v1,False,126,0.75,720,False,248,0.75,0,21,0,269,21,21,dry=0.06|dry_vent=0.02|dew=0.00|canopy=0.06
0.08,24,0.19047619047619047,24,0.0,0.06,0.02,2,0.8785714285714286,1.0,0.6666666666666666,0,family_target_rate_balanced_v1,False,126,0.75,720,False,248,0.75,0,24,0,272,24,24,dry=0.06|dry_vent=0.02|dew=0.00|canopy=0.08
0.1,28,0.2222222222222222,28,0.0,0.06,0.02,2,0.7642857142857142,1.0,0.6666666666666666,0,family_target_rate_balanced_v1,False,126,0.75,720,False,248,0.75,0,28,0,276,28,28,dry=0.06|dry_vent=0.02|dew=0.00|canopy=0.10
0.12,59,0.46825396825396826,59,0.0,0.06,0.02,4,1.0999999999999999,1.0,1.0,0,family_target_rate_balanced_v1,False,126,1.0,720,False,248,0.75,0,59,0,307,59,59,dry=0.06|dry_vent=0.02|dew=0.00|canopy=0.12
0.0,6,0.047619047619047616,6,0.04,0.06,0.02,4,1.4,0.0,0.0,0,family_target_rate_balanced_v1,False,126,0.75,720,False,248,0.75,0,6,0,254,6,6,dry=0.06|dry_vent=0.02|dew=0.04|canopy=0.00
0.04,6,0.047619047619047616,6,0.04,0.06,0.02,4,1.4,0.0,0.0,0,family_target_rate_balanced_v1,False,126,0.75,720,False,248,0.75,0,6,0,254,6,6,dry=0.06|dry_vent=0.02|dew=0.04|canopy=0.04
0.06,21,0.16666666666666666,21,0.04,0.06,0.02,2,0.9642857142857142,1.0,0.6666666666666666,0,family_target_rate_balanced_v1,False,126,0.75,720,False,248,0.75,0,21,0,269,21,21,dry=0.06|dry_vent=0.02|dew=0.04|canopy=0.06
0.08,24,0.19047619047619047,24,0.04,0.06,0.02,2,0.8785714285714286,1.0,0.6666666666666666,0,family_target_rate_balanced_v1,False,126,0.75,720,False,248,0.75,0,24,0,272,24,24,dry=0.06|dry_vent=0.02|dew=0.04|canopy=0.08
0.1,28,0.2222222222222222,28,0.04,0.06,0.02,2,0.7642857142857142,1.0,0.6666666666666666,0,family_target_rate_balanced_v1,False,126,0.75,720,False,248,0.75,0,28,0,276,28,28,dry=0.06|dry_vent=0.02|dew=0.04|canopy=0.10
0.12,59,0.46825396825396826,59,0.04,0.06,0.02,4,1.0999999999999999,1.0,1.0,0,family_target_rate_balanced_v1,False,126,1.0,720,False,248,0.75,0,59,0,307,59,59,dry=0.06|dry_vent=0.02|dew=0.04|canopy=0.12
0.0,6,0.047619047619047616,6,0.06,0.06,0.02,4,1.4,0.0,0.0,0,family_target_rate_balanced_v1,False,126,0.75,720,False,248,0.75,0,6,0,254,6,6,dry=0.06|dry_vent=0.02|dew=0.06|canopy=0.00
0.04,6,0.047619047619047616,6,0.06,0.06,0.02,4,1.4,0.0,0.0,0,family_target_rate_balanced_v1,False,126,0.75,720,False,248,0.75,0,6,0,254,6,6,dry=0.06|dry_vent=0.02|dew=0.06|canopy=0.04
0.06,21,0.16666666666666666,21,0.06,0.06,0.02,2,0.9642857142857142,1.0,0.6666666666666666,0,family_target_rate_balanced_v1,False,126,0.75,720,False,248,0.75,0,21,0,269,21,21,dry=0.06|dry_vent=0.02|dew=0.06|canopy=0.06
0.08,24,0.19047619047619047,24,0.06,0.06,0.02,2,0.8785714285714286,1.0,0.6666666666666666,0,family_target_rate_balanced_v1,False,126,0.75,720,False,248,0.75,0,24,0,272,24,24,dry=0.06|dry_vent=0.02|dew=0.06|canopy=0.08
0.1,28,0.2222222222222222,28,0.06,0.06,0.02,2,0.7642857142857142,1.0,0.6666666666666666,0,family_target_rate_balanced_v1,False,126,0.75,720,False,248,0.75,0,28,0,276,28,28,dry=0.06|dry_vent=0.02|dew=0.06|canopy=0.10
0.12,59,0.46825396825396826,59,0.06,0.06,0.02,4,1.0999999999999999,1.0,1.0,0,family_target_rate_balanced_v1,False,126,1.0,720,False,248,0.75,0,59,0,307,59,59,dry=0.06|dry_vent=0.02|dew=0.06|canopy=0.12
0.0,21,0.16666666666666666,21,0.08,0.06,0.02,3,1.0499999999999998,0.0,0.0,0,family_target_rate_balanced_v1,False,126,0.75,720,False,248,0.375,0,21,0,269,21,21,dry=0.06|dry_vent=0.02|dew=0.08|canopy=0.00
0.04,21,0.16666666666666666,21,0.08,0.06,0.02,3,1.0499999999999998,0.0,0.0,0,family_target_rate_balanced_v1,False,126,0.75,720,False,248,0.375,0,21,0,269,21,21,dry=0.06|dry_vent=0.02|dew=0.08|canopy=0.04
0.06,36,0.2857142857142857,36,0.08,0.06,0.02,1,0.6142857142857142,1.0,0.6666666666666666,0,family_target_rate_balanced_v1,False,126,0.75,720,False,248,0.375,0,36,0,284,36,36,dry=0.06|dry_vent=0.02|dew=0.08|canopy=0.06
0.08,39,0.30952380952380953,39,0.08,0.06,0.02,1,0.5285714285714285,1.0,0.6666666666666666,0,family_target_rate_balanced_v1,False,126,0.75,720,False,248,0.375,0,39,0,287,39,39,dry=0.06|dry_vent=0.02|dew=0.08|canopy=0.08
0.1,43,0.3412698412698413,43,0.08,0.06,0.02,1,0.41428571428571426,1.0,0.6666666666666666,0,family_target_rate_balanced_v1,False,126,0.75,720,False,248,0.375,0,43,0,291,43,43,dry=0.06|dry_vent=0.02|dew=0.08|canopy=0.10
0.12,74,0.5873015873015873,74,0.08,0.06,0.02,3,0.7499999999999999,1.0,1.0,0,family_target_rate_balanced_v1,False,126,1.0,720,False,248,0.375,0,74,0,322,74,74,dry=0.06|dry_vent=0.02|dew=0.08|canopy=0.12
0.0,28,0.2222222222222222,28,0.1,0.06,0.02,3,1.0499999999999998,0.0,0.0,0,family_target_rate_balanced_v1,False,126,0.75,720,False,248,0.19999999999999996,0,28,0,276,28,28,dry=0.06|dry_vent=0.02|dew=0.10|canopy=0.00
0.04,28,0.2222222222222222,28,0.1,0.06,0.02,3,1.0499999999999998,0.0,0.0,0,family_target_rate_balanced_v1,False,126,0.75,720,False,248,0.19999999999999996,0,28,0,276,28,28,dry=0.06|dry_vent=0.02|dew=0.10|canopy=0.04
0.06,43,0.3412698412698413,43,0.1,0.06,0.02,1,0.6142857142857142,1.0,0.6666666666666666,0,family_target_rate_balanced_v1,False,126,0.75,720,False,248,0.19999999999999996,0,43,0,291,43,43,dry=0.06|dry_vent=0.02|dew=0.10|canopy=0.06
0.08,46,0.36507936507936506,46,0.1,0.06,0.02,1,0.5285714285714285,1.0,0.6666666666666666,0,family_target_rate_balanced_v1,False,126,0.75,720,False,248,0.19999999999999996,0,46,0,294,46,46,dry=0.06|dry_vent=0.02|dew=0.10|canopy=0.08
0.1,50,0.3968253968253968,50,0.1,0.06,0.02,1,0.41428571428571426,1.0,0.6666666666666666,0,family_target_rate_balanced_v1,False,126,0.75,720,False,248,0.19999999999999996,0,50,0,298,50,50,dry=0.06|dry_vent=0.02|dew=0.10|canopy=0.10
0.12,81,0.6428571428571429,81,0.1,0.06,0.02,3,0.7499999999999999,1.0,1.0,0,family_target_rate_balanced_v1,False,126,1.0,720,False,248,0.19999999999999996,0,81,0,329,81,81,dry=0.06|dry_vent=0.02|dew=0.10|canopy=0.12
0.0,46,0.36507936507936506,46,0.12,0.06,0.02,4,1.25,0.0,0.0,0,family_target_rate_balanced_v1,False,126,1.0,720,False,248,0.25,0,46,0,294,46,46,dry=0.06|dry_vent=0.02|dew=0.12|canopy=0.00
0.04,46,0.36507936507936506,46,0.12,0.06,0.02,4,1.25,0.0,0.0,0,family_target_rate_balanced_v1,False,126,1.0,720,False,248,0.25,0,46,0,294,46,46,dry=0.06|dry_vent=0.02|dew=0.12|canopy=0.04
0.06,61,0.48412698412698413,61,0.12,0.06,0.02,2,0.8142857142857142,1.0,0.6666666666666666,0,family_target_rate_balanced_v1,False,126,1.0,720,False,248,0.25,0,61,0,309,61,61,dry=0.06|dry_vent=0.02|dew=0.12|canopy=0.06
0.08,64,0.5079365079365079,64,0.12,0.06,0.02,2,0.7285714285714284,1.0,0.6666666666666666,0,family_target_rate_balanced_v1,False,126,1.0,720,False,248,0.25,0,64,0,312,64,64,dry=0.06|dry_vent=0.02|dew=0.12|canopy=0.08
0.1,68,0.5396825396825397,68,0.12,0.06,0.02,2,0.6142857142857142,1.0,0.6666666666666666,0,family_target_rate_balanced_v1,False,126,1.0,720,False,248,0.25,0,68,0,316,68,68,dry=0.06|dry_vent=0.02|dew=0.12|canopy=0.10
0.12,99,0.7857142857142857,99,0.12,0.06,0.02,4,0.9499999999999998,1.0,1.0,0,family_target_rate_balanced_v1,False,126,1.0,720,False,248,0.25,0,99,0,347,99,99,dry=0.06|dry_vent=0.02|dew=0.12|canopy=0.12
0.0,6,0.047619047619047616,6,0.0,0.06,0.04,4,1.4,0.0,0.0,0,family_target_rate_balanced_v1,False,126,0.75,720,False,248,0.75,0,6,0,254,6,6,dry=0.06|dry_vent=0.04|dew=0.00|canopy=0.00
0.04,6,0.047619047619047616,6,0.0,0.06,0.04,4,1.4,0.0,0.0,0,family_target_rate_balanced_v1,False,126,0.75,720,False,248,0.75,0,6,0,254,6,6,dry=0.06|dry_vent=0.04|dew=0.00|canopy=0.04
0.06,21,0.16666666666666666,21,0.0,0.06,0.04,2,0.9642857142857142,1.0,0.6666666666666666,0,family_target_rate_balanced_v1,False,126,0.75,720,False,248,0.75,0,21,0,269,21,21,dry=0.06|dry_vent=0.04|dew=0.00|canopy=0.06
0.08,24,0.19047619047619047,24,0.0,0.06,0.04,2,0.8785714285714286,1.0,0.6666666666666666,0,family_target_rate_balanced_v1,False,126,0.75,720,False,248,0.75,0,24,0,272,24,24,dry=0.06|dry_vent=0.04|dew=0.00|canopy=0.08
0.1,28,0.2222222222222222,28,0.0,0.06,0.04,2,0.7642857142857142,1.0,0.6666666666666666,0,family_target_rate_balanced_v1,False,126,0.75,720,False,248,0.75,0,28,0,276,28,28,dry=0.06|dry_vent=0.04|dew=0.00|canopy=0.10
0.12,59,0.46825396825396826,59,0.0,0.06,0.04,4,1.0999999999999999,1.0,1.0,0,family_target_rate_balanced_v1,False,126,1.0,720,False,248,0.75,0,59,0,307,59,59,dry=0.06|dry_vent=0.04|dew=0.00|canopy=0.12
0.0,6,0.047619047619047616,6,0.04,0.06,0.04,4,1.4,0.0,0.0,0,family_target_rate_balanced_v1,False,126,0.75,720,False,248,0.75,0,6,0,254,6,6,dry=0.06|dry_vent=0.04|dew=0.04|canopy=0.00
0.04,6,0.047619047619047616,6,0.04,0.06,0.04,4,1.4,0.0,0.0,0,family_target_rate_balanced_v1,False,126,0.75,720,False,248,0.75,0,6,0,254,6,6,dry=0.06|dry_vent=0.04|dew=0.04|canopy=0.04
0.06,21,0.16666666666666666,21,0.04,0.06,0.04,2,0.9642857142857142,1.0,0.6666666666666666,0,family_target_rate_balanced_v1,False,126,0.75,720,False,248,0.75,0,21,0,269,21,21,dry=0.06|dry_vent=0.04|dew=0.04|canopy=0.06
0.08,24,0.19047619047619047,24,0.04,0.06,0.04,2,0.8785714285714286,1.0,0.6666666666666666,0,family_target_rate_balanced_v1,False,126,0.75,720,False,248,0.75,0,24,0,272,24,24,dry=0.06|dry_vent=0.04|dew=0.04|canopy=0.08
0.1,28,0.2222222222222222,28,0.04,0.06,0.04,2,0.7642857142857142,1.0,0.6666666666666666,0,family_target_rate_balanced_v1,False,126,0.75,720,False,248,0.75,0,28,0,276,28,28,dry=0.06|dry_vent=0.04|dew=0.04|canopy=0.10
0.12,59,0.46825396825396826,59,0.04,0.06,0.04,4,1.0999999999999999,1.0,1.0,0,family_target_rate_balanced_v1,False,126,1.0,720,False,248,0.75,0,59,0,307,59,59,dry=0.06|dry_vent=0.04|dew=0.04|canopy=0.12
0.0,6,0.047619047619047616,6,0.06,0.06,0.04,4,1.4,0.0,0.0,0,family_target_rate_balanced_v1,False,126,0.75,720,False,248,0.75,0,6,0,254,6,6,dry=0.06|dry_vent=0.04|dew=0.06|canopy=0.00
0.04,6,0.047619047619047616,6,0.06,0.06,0.04,4,1.4,0.0,0.0,0,family_target_rate_balanced_v1,False,126,0.75,720,False,248,0.75,0,6,0,254,6,6,dry=0.06|dry_vent=0.04|dew=0.06|canopy=0.04
0.06,21,0.16666666666666666,21,0.06,0.06,0.04,2,0.9642857142857142,1.0,0.6666666666666666,0,family_target_rate_balanced_v1,False,126,0.75,720,False,248,0.75,0,21,0,269,21,21,dry=0.06|dry_vent=0.04|dew=0.06|canopy=0.06
0.08,24,0.19047619047619047,24,0.06,0.06,0.04,2,0.8785714285714286,1.0,0.6666666666666666,0,family_target_rate_balanced_v1,False,126,0.75,720,False,248,0.75,0,24,0,272,24,24,dry=0.06|dry_vent=0.04|dew=0.06|canopy=0.08
0.1,28,0.2222222222222222,28,0.06,0.06,0.04,2,0.7642857142857142,1.0,0.6666666666666666,0,family_target_rate_balanced_v1,False,126,0.75,720,False,248,0.75,0,28,0,276,28,28,dry=0.06|dry_vent=0.04|dew=0.06|canopy=0.10
0.12,59,0.46825396825396826,59,0.06,0.06,0.04,4,1.0999999999999999,1.0,1.0,0,family_target_rate_balanced_v1,False,126,1.0,720,False,248,0.75,0,59,0,307,59,59,dry=0.06|dry_vent=0.04|dew=0.06|canopy=0.12
0.0,21,0.16666666666666666,21,0.08,0.06,0.04,3,1.0499999999999998,0.0,0.0,0,family_target_rate_balanced_v1,False,126,0.75,720,False,248,0.375,0,21,0,269,21,21,dry=0.06|dry_vent=0.04|dew=0.08|canopy=0.00
0.04,21,0.16666666666666666,21,0.08,0.06,0.04,3,1.0499999999999998,0.0,0.0,0,family_target_rate_balanced_v1,False,126,0.75,720,False,248,0.375,0,21,0,269,21,21,dry=0.06|dry_vent=0.04|dew=0.08|canopy=0.04
0.06,36,0.2857142857142857,36,0.08,0.06,0.04,1,0.6142857142857142,1.0,0.6666666666666666,0,family_target_rate_balanced_v1,False,126,0.75,720,False,248,0.375,0,36,0,284,36,36,dry=0.06|dry_vent=0.04|dew=0.08|canopy=0.06
0.08,39,0.30952380952380953,39,0.08,0.06,0.04,1,0.5285714285714285,1.0,0.6666666666666666,0,family_target_rate_balanced_v1,False,126,0.75,720,False,248,0.375,0,39,0,287,39,39,dry=0.06|dry_vent=0.04|dew=0.08|canopy=0.08
0.1,43,0.3412698412698413,43,0.08,0.06,0.04,1,0.41428571428571426,1.0,0.6666666666666666,0,family_target_rate_balanced_v1,False,126,0.75,720,False,248,0.375,0,43,0,291,43,43,dry=0.06|dry_vent=0.04|dew=0.08|canopy=0.10
0.12,74,0.5873015873015873,74,0.08,0.06,0.04,3,0.7499999999999999,1.0,1.0,0,family_target_rate_balanced_v1,False,126,1.0,720,False,248,0.375,0,74,0,322,74,74,dry=0.06|dry_vent=0.04|dew=0.08|canopy=0.12
0.0,28,0.2222222222222222,28,0.1,0.06,0.04,3,1.0499999999999998,0.0,0.0,0,family_target_rate_balanced_v1,False,126,0.75,720,False,248,0.19999999999999996,0,28,0,276,28,28,dry=0.06|dry_vent=0.04|dew=0.10|canopy=0.00
0.04,28,0.2222222222222222,28,0.1,0.06,0.04,3,1.0499999999999998,0.0,0.0,0,family_target_rate_balanced_v1,False,126,0.75,720,False,248,0.19999999999999996,0,28,0,276,28,28,dry=0.06|dry_vent=0.04|dew=0.10|canopy=0.04
0.06,43,0.3412698412698413,43,0.1,0.06,0.04,1,0.6142857142857142,1.0,0.6666666666666666,0,family_target_rate_balanced_v1,False,126,0.75,720,False,248,0.19999999999999996,0,43,0,291,43,43,dry=0.06|dry_vent=0.04|dew=0.10|canopy=0.06
0.08,46,0.36507936507936506,46,0.1,0.06,0.04,1,0.5285714285714285,1.0,0.6666666666666666,0,family_target_rate_balanced_v1,False,126,0.75,720,False,248,0.19999999999999996,0,46,0,294,46,46,dry=0.06|dry_vent=0.04|dew=0.10|canopy=0.08
0.1,50,0.3968253968253968,50,0.1,0.06,0.04,1,0.41428571428571426,1.0,0.6666666666666666,0,family_target_rate_balanced_v1,False,126,0.75,720,False,248,0.19999999999999996,0,50,0,298,50,50,dry=0.06|dry_vent=0.04|dew=0.10|canopy=0.10
0.12,81,0.6428571428571429,81,0.1,0.06,0.04,3,0.7499999999999999,1.0,1.0,0,family_target_rate_balanced_v1,False,126,1.0,720,False,248,0.19999999999999996,0,81,0,329,81,81,dry=0.06|dry_vent=0.04|dew=0.10|canopy=0.12
0.0,46,0.36507936507936506,46,0.12,0.06,0.04,4,1.25,0.0,0.0,0,family_target_rate_balanced_v1,False,126,1.0,720,False,248,0.25,0,46,0,294,46,46,dry=0.06|dry_vent=0.04|dew=0.12|canopy=0.00
0.04,46,0.36507936507936506,46,0.12,0.06,0.04,4,1.25,0.0,0.0,0,family_target_rate_balanced_v1,False,126,1.0,720,False,248,0.25,0,46,0,294,46,46,dry=0.06|dry_vent=0.04|dew=0.12|canopy=0.04
0.06,61,0.48412698412698413,61,0.12,0.06,0.04,2,0.8142857142857142,1.0,0.6666666666666666,0,family_target_rate_balanced_v1,False,126,1.0,720,False,248,0.25,0,61,0,309,61,61,dry=0.06|dry_vent=0.04|dew=0.12|canopy=0.06
0.08,64,0.5079365079365079,64,0.12,0.06,0.04,2,0.7285714285714284,1.0,0.6666666666666666,0,family_target_rate_balanced_v1,False,126,1.0,720,False,248,0.25,0,64,0,312,64,64,dry=0.06|dry_vent=0.04|dew=0.12|canopy=0.08
0.1,68,0.5396825396825397,68,0.12,0.06,0.04,2,0.6142857142857142,1.0,0.6666666666666666,0,family_target_rate_balanced_v1,False,126,1.0,720,False,248,0.25,0,68,0,316,68,68,dry=0.06|dry_vent=0.04|dew=0.12|canopy=0.10
0.12,99,0.7857142857142857,99,0.12,0.06,0.04,4,0.9499999999999998,1.0,1.0,0,family_target_rate_balanced_v1,False,126,1.0,720,False,248,0.25,0,99,0,347,99,99,dry=0.06|dry_vent=0.04|dew=0.12|canopy=0.12
0.0,31,0.24603174603174602,31,0.0,0.06,0.06,4,1.25,1.0,1.0,0,family_target_rate_balanced_v1,False,126,1.0,720,False,248,0.75,0,31,0,279,31,31,dry=0.06|dry_vent=0.06|dew=0.00|canopy=0.00
0.04,31,0.24603174603174602,31,0.0,0.06,0.06,4,1.25,1.0,1.0,0,family_target_rate_balanced_v1,False,126,1.0,720,False,248,0.75,0,31,0,279,31,31,dry=0.06|dry_vent=0.06|dew=0.00|canopy=0.04
0.06,46,0.36507936507936506,46,0.0,0.06,0.06,2,0.8142857142857142,1.0,0.9142857142857143,0,family_target_rate_balanced_v1,False,126,1.0,720,False,248,0.75,0,46,0,294,46,46,dry=0.06|dry_vent=0.06|dew=0.00|canopy=0.06
0.08,49,0.3888888888888889,49,0.0,0.06,0.06,2,0.7285714285714284,1.0,0.8285714285714285,0,family_target_rate_balanced_v1,False,126,1.0,720,False,248,0.75,0,49,0,297,49,49,dry=0.06|dry_vent=0.06|dew=0.00|canopy=0.08
0.1,53,0.42063492063492064,53,0.0,0.06,0.06,2,0.6142857142857142,1.0,0.7142857142857143,0,family_target_rate_balanced_v1,False,126,1.0,720,False,248,0.75,0,53,0,301,53,53,dry=0.06|dry_vent=0.06|dew=0.00|canopy=0.10
0.12,84,0.6666666666666666,84,0.0,0.06,0.06,4,0.9499999999999998,0.0,0.0,0,family_target_rate_balanced_v1,False,126,1.0,720,False,248,0.75,0,84,0,332,84,84,dry=0.06|dry_vent=0.06|dew=0.00|canopy=0.12
0.0,31,0.24603174603174602,31,0.04,0.06,0.06,4,1.25,1.0,1.0,0,family_target_rate_balanced_v1,False,126,1.0,720,False,248,0.75,0,31,0,279,31,31,dry=0.06|dry_vent=0.06|dew=0.04|canopy=0.00
0.04,31,0.24603174603174602,31,0.04,0.06,0.06,4,1.25,1.0,1.0,0,family_target_rate_balanced_v1,False,126,1.0,720,False,248,0.75,0,31,0,279,31,31,dry=0.06|dry_vent=0.06|dew=0.04|canopy=0.04
0.06,46,0.36507936507936506,46,0.04,0.06,0.06,2,0.8142857142857142,1.0,0.9142857142857143,0,family_target_rate_balanced_v1,False,126,1.0,720,False,248,0.75,0,46,0,294,46,46,dry=0.06|dry_vent=0.06|dew=0.04|canopy=0.06
0.08,49,0.3888888888888889,49,0.04,0.06,0.06,2,0.7285714285714284,1.0,0.8285714285714285,0,family_target_rate_balanced_v1,False,126,1.0,720,False,248,0.75,0,49,0,297,49,49,dry=0.06|dry_vent=0.06|dew=0.04|canopy=0.08
0.1,53,0.42063492063492064,53,0.04,0.06,0.06,2,0.6142857142857142,1.0,0.7142857142857143,0,family_target_rate_balanced_v1,False,126,1.0,720,False,248,0.75,0,53,0,301,53,53,dry=0.06|dry_vent=0.06|dew=0.04|canopy=0.10
0.12,84,0.6666666666666666,84,0.04,0.06,0.06,4,0.9499999999999998,0.0,0.0,0,family_target_rate_balanced_v1,False,126,1.0,720,False,248,0.75,0,84,0,332,84,84,dry=0.06|dry_vent=0.06|dew=0.04|canopy=0.12
0.0,31,0.24603174603174602,31,0.06,0.06,0.06,4,1.25,1.0,1.0,0,family_target_rate_balanced_v1,False,126,1.0,720,False,248,0.75,0,31,0,279,31,31,dry=0.06|dry_vent=0.06|dew=0.06|canopy=0.00
0.04,31,0.24603174603174602,31,0.06,0.06,0.06,4,1.25,1.0,1.0,0,family_target_rate_balanced_v1,False,126,1.0,720,False,248,0.75,0,31,0,279,31,31,dry=0.06|dry_vent=0.06|dew=0.06|canopy=0.04
0.06,46,0.36507936507936506,46,0.06,0.06,0.06,2,0.8142857142857142,1.0,0.9142857142857143,0,family_target_rate_balanced_v1,False,126,1.0,720,False,248,0.75,0,46,0,294,46,46,dry=0.06|dry_vent=0.06|dew=0.06|canopy=0.06
0.08,49,0.3888888888888889,49,0.06,0.06,0.06,2,0.7285714285714284,1.0,0.8285714285714285,0,family_target_rate_balanced_v1,False,126,1.0,720,False,248,0.75,0,49,0,297,49,49,dry=0.06|dry_vent=0.06|dew=0.06|canopy=0.08
0.1,53,0.42063492063492064,53,0.06,0.06,0.06,2,0.6142857142857142,1.0,0.7142857142857143,0,family_target_rate_balanced_v1,False,126,1.0,720,False,248,0.75,0,53,0,301,53,53,dry=0.06|dry_vent=0.06|dew=0.06|canopy=0.10
0.12,84,0.6666666666666666,84,0.06,0.06,0.06,4,0.9499999999999998,0.0,0.0,0,family_target_rate_balanced_v1,False,126,1.0,720,False,248,0.75,0,84,0,332,84,84,dry=0.06|dry_vent=0.06|dew=0.06|canopy=0.12
0.0,46,0.36507936507936506,46,0.08,0.06,0.06,3,0.8999999999999999,1.0,1.0,0,family_target_rate_balanced_v1,False,126,1.0,720,False,248,0.375,0,46,0,294,46,46,dry=0.06|dry_vent=0.06|dew=0.08|canopy=0.00
0.04,46,0.36507936507936506,46,0.08,0.06,0.06,3,0.8999999999999999,1.0,1.0,0,family_target_rate_balanced_v1,False,126,1.0,720,False,248,0.375,0,46,0,294,46,46,dry=0.06|dry_vent=0.06|dew=0.08|canopy=0.04
0.06,61,0.48412698412698413,61,0.08,0.06,0.06,1,0.4642857142857142,1.0,0.9142857142857143,0,family_target_rate_balanced_v1,False,126,0.9142857142857143,720,False,248,0.375,0,61,0,309,61,61,dry=0.06|dry_vent=0.06|dew=0.08|canopy=0.06
0.08,64,0.5079365079365079,64,0.08,0.06,0.06,1,0.3785714285714285,1.0,0.8285714285714285,0,family_target_rate_balanced_v1,False,126,0.8285714285714285,720,False,248,0.375,0,64,0,312,64,64,dry=0.06|dry_vent=0.06|dew=0.08|canopy=0.08
0.1,68,0.5396825396825397,68,0.08,0.06,0.06,1,0.26428571428571423,1.0,0.7142857142857143,0,family_target_rate_balanced_v1,False,126,0.7142857142857143,720,False,248,0.375,0,68,0,316,68,68,dry=0.06|dry_vent=0.06|dew=0.08|canopy=0.10
0.12,99,0.7857142857142857,99,0.08,0.06,0.06,3,0.5999999999999999,0.0,0.0,0,family_target_rate_balanced_v1,False,126,0.625,720,False,248,0.375,0,99,0,347,99,99,dry=0.06|dry_vent=0.06|dew=0.08|canopy=0.12
0.0,53,0.42063492063492064,53,0.1,0.06,0.06,3,0.8999999999999999,1.0,1.0,0,family_target_rate_balanced_v1,False,126,1.0,720,False,248,0.19999999999999996,0,53,0,301,53,53,dry=0.06|dry_vent=0.06|dew=0.10|canopy=0.00
0.04,53,0.42063492063492064,53,0.1,0.06,0.06,3,0.8999999999999999,1.0,1.0,0,family_target_rate_balanced_v1,False,126,1.0,720,False,248,0.19999999999999996,0,53,0,301,53,53,dry=0.06|dry_vent=0.06|dew=0.10|canopy=0.04
0.06,68,0.5396825396825397,68,0.1,0.06,0.06,1,0.4642857142857142,1.0,0.9142857142857143,0,family_target_rate_balanced_v1,False,126,0.9142857142857143,720,False,248,0.19999999999999996,0,68,0,316,68,68,dry=0.06|dry_vent=0.06|dew=0.10|canopy=0.06
0.08,71,0.5634920634920635,71,0.1,0.06,0.06,1,0.3785714285714285,1.0,0.8285714285714285,0,family_target_rate_balanced_v1,False,126,0.8285714285714285,720,False,248,0.19999999999999996,0,71,0,319,71,71,dry=0.06|dry_vent=0.06|dew=0.10|canopy=0.08
0.1,75,0.5952380952380952,75,0.1,0.06,0.06,1,0.26428571428571423,1.0,0.7142857142857143,0,family_target_rate_balanced_v1,False,126,0.7142857142857143,720,False,248,0.19999999999999996,0,75,0,323,75,75,dry=0.06|dry_vent=0.06|dew=0.10|canopy=0.10
0.12,106,0.8412698412698413,106,0.1,0.06,0.06,3,0.5999999999999999,0.0,0.0,0,family_target_rate_balanced_v1,False,126,0.44999999999999996,720,False,248,0.19999999999999996,0,106,0,354,106,106,dry=0.06|dry_vent=0.06|dew=0.10|canopy=0.12
0.0,71,0.5634920634920635,71,0.12,0.06,0.06,4,1.0999999999999999,1.0,1.0,0,family_target_rate_balanced_v1,False,126,1.0,720,False,248,0.25,0,71,0,319,71,71,dry=0.06|dry_vent=0.06|dew=0.12|canopy=0.00
0.04,71,0.5634920634920635,71,0.12,0.06,0.06,4,1.0999999999999999,1.0,1.0,0,family_target_rate_balanced_v1,False,126,1.0,720,False,248,0.25,0,71,0,319,71,71,dry=0.06|dry_vent=0.06|dew=0.12|canopy=0.04
0.06,86,0.6825396825396826,86,0.12,0.06,0.06,2,0.6642857142857141,1.0,0.9142857142857143,0,family_target_rate_balanced_v1,False,126,0.9142857142857143,720,False,248,0.25,0,86,0,334,86,86,dry=0.06|dry_vent=0.06|dew=0.12|canopy=0.06
0.08,89,0.7063492063492064,89,0.12,0.06,0.06,2,0.5785714285714285,1.0,0.8285714285714285,0,family_target_rate_balanced_v1,False,126,0.8285714285714285,720,False,248,0.25,0,89,0,337,89,89,dry=0.06|dry_vent=0.06|dew=0.12|canopy=0.08
0.1,93,0.7380952380952381,93,0.12,0.06,0.06,2,0.4642857142857142,1.0,0.7142857142857143,0,family_target_rate_balanced_v1,False,126,0.7142857142857143,720,False,248,0.25,0,93,0,341,93,93,dry=0.06|dry_vent=0.06|dew=0.12|canopy=0.10
0.12,124,0.9841269841269841,124,0.12,0.06,0.06,4,0.7999999999999998,0.0,0.0,0,family_target_rate_balanced_v1,True,126,0.25,720,False,248,0.25,0,124,0,372,124,124,dry=0.06|dry_vent=0.06|dew=0.12|canopy=0.12
0.0,0,0.0,0,0.0,0.0,0.0,5,1.75,0.0,0.0,0,canopy_dew_first_v1,False,126,0.0,720,False,248,0.0,0,0,0,248,0,0,dry=0.00|dry_vent=0.00|dew=0.00|canopy=0.00
0.04,0,0.0,0,0.0,0.0,0.0,5,1.75,0.0,0.0,0,canopy_dew_first_v1,False,126,0.0,720,False,248,0.0,0,0,0,248,0,0,dry=0.00|dry_vent=0.00|dew=0.00|canopy=0.04
0.06,19,0.15079365079365079,19,0.0,0.0,0.0,3,1.2205128205128204,1.0,0.6666666666666666,0,canopy_dew_first_v1,False,126,0.6666666666666666,720,False,248,0.0,0,19,0,267,19,19,dry=0.00|dry_vent=0.00|dew=0.00|canopy=0.06
0.08,22,0.1746031746031746,22,0.0,0.0,0.0,3,1.1435897435897435,1.0,0.6666666666666666,0,canopy_dew_first_v1,False,126,0.6666666666666666,720,False,248,0.0,0,22,0,270,22,22,dry=0.00|dry_vent=0.00|dew=0.00|canopy=0.08
0.1,26,0.20634920634920634,26,0.0,0.0,0.0,3,1.0499999999999998,1.0,0.6666666666666666,0,canopy_dew_first_v1,False,126,0.6666666666666666,720,False,248,0.0,0,26,0,274,26,26,dry=0.00|dry_vent=0.00|dew=0.00|canopy=0.10
0.12,57,0.4523809523809524,57,0.0,0.0,0.0,5,1.4499999999999997,1.0,1.0,0,canopy_dew_first_v1,False,126,1.0,720,False,248,0.0,0,57,0,305,57,57,dry=0.00|dry_vent=0.00|dew=0.00|canopy=0.12
0.0,0,0.0,0,0.04,0.0,0.0,5,1.75,0.0,0.0,0,canopy_dew_first_v1,False,126,0.0,720,False,248,0.0,0,0,0,248,0,0,dry=0.00|dry_vent=0.00|dew=0.04|canopy=0.00
0.04,0,0.0,0,0.04,0.0,0.0,5,1.75,0.0,0.0,0,canopy_dew_first_v1,False,126,0.0,720,False,248,0.0,0,0,0,248,0,0,dry=0.00|dry_vent=0.00|dew=0.04|canopy=0.04
0.06,19,0.15079365079365079,19,0.04,0.0,0.0,3,1.2205128205128204,1.0,0.6666666666666666,0,canopy_dew_first_v1,False,126,0.6666666666666666,720,False,248,0.0,0,19,0,267,19,19,dry=0.00|dry_vent=0.00|dew=0.04|canopy=0.06
0.08,22,0.1746031746031746,22,0.04,0.0,0.0,3,1.1435897435897435,1.0,0.6666666666666666,0,canopy_dew_first_v1,False,126,0.6666666666666666,720,False,248,0.0,0,22,0,270,22,22,dry=0.00|dry_vent=0.00|dew=0.04|canopy=0.08
0.1,26,0.20634920634920634,26,0.04,0.0,0.0,3,1.0499999999999998,1.0,0.6666666666666666,0,canopy_dew_first_v1,False,126,0.6666666666666666,720,False,248,0.0,0,26,0,274,26,26,dry=0.00|dry_vent=0.00|dew=0.04|canopy=0.10
0.12,57,0.4523809523809524,57,0.04,0.0,0.0,5,1.4499999999999997,1.0,1.0,0,canopy_dew_first_v1,False,126,1.0,720,False,248,0.0,0,57,0,305,57,57,dry=0.00|dry_vent=0.00|dew=0.04|canopy=0.12
0.0,0,0.0,0,0.06,0.0,0.0,5,1.75,0.0,0.0,0,canopy_dew_first_v1,False,126,0.0,720,False,248,0.0,0,0,0,248,0,0,dry=0.00|dry_vent=0.00|dew=0.06|canopy=0.00
0.04,0,0.0,0,0.06,0.0,0.0,5,1.75,0.0,0.0,0,canopy_dew_first_v1,False,126,0.0,720,False,248,0.0,0,0,0,248,0,0,dry=0.00|dry_vent=0.00|dew=0.06|canopy=0.04
0.06,19,0.15079365079365079,19,0.06,0.0,0.0,3,1.2205128205128204,1.0,0.6666666666666666,0,canopy_dew_first_v1,False,126,0.6666666666666666,720,False,248,0.0,0,19,0,267,19,19,dry=0.00|dry_vent=0.00|dew=0.06|canopy=0.06
0.08,22,0.1746031746031746,22,0.06,0.0,0.0,3,1.1435897435897435,1.0,0.6666666666666666,0,canopy_dew_first_v1,False,126,0.6666666666666666,720,False,248,0.0,0,22,0,270,22,22,dry=0.00|dry_vent=0.00|dew=0.06|canopy=0.08
0.1,26,0.20634920634920634,26,0.06,0.0,0.0,3,1.0499999999999998,1.0,0.6666666666666666,0,canopy_dew_first_v1,False,126,0.6666666666666666,720,False,248,0.0,0,26,0,274,26,26,dry=0.00|dry_vent=0.00|dew=0.06|canopy=0.10
0.12,57,0.4523809523809524,57,0.06,0.0,0.0,5,1.4499999999999997,1.0,1.0,0,canopy_dew_first_v1,False,126,1.0,720,False,248,0.0,0,57,0,305,57,57,dry=0.00|dry_vent=0.00|dew=0.06|canopy=0.12
0.0,15,0.11904761904761904,15,0.08,0.0,0.0,4,1.4,0.0,0.0,0,canopy_dew_first_v1,False,126,0.375,720,False,248,0.375,0,15,0,263,15,15,dry=0.00|dry_vent=0.00|dew=0.08|canopy=0.00
0.04,15,0.11904761904761904,15,0.08,0.0,0.0,4,1.4,0.0,0.0,0,canopy_dew_first_v1,False,126,0.375,720,False,248,0.375,0,15,0,263,15,15,dry=0.00|dry_vent=0.00|dew=0.08|canopy=0.04
0.06,34,0.2698412698412698,34,0.08,0.0,0.0,2,0.8705128205128204,1.0,0.6666666666666666,0,canopy_dew_first_v1,False,126,0.6666666666666666,720,False,248,0.375,0,34,0,282,34,34,dry=0.00|dry_vent=0.00|dew=0.08|canopy=0.06
0.08,37,0.29365079365079366,37,0.08,0.0,0.0,2,0.7935897435897435,1.0,0.6666666666666666,0,canopy_dew_first_v1,False,126,0.6666666666666666,720,False,248,0.375,0,37,0,285,37,37,dry=0.00|dry_vent=0.00|dew=0.08|canopy=0.08
0.1,41,0.3253968253968254,41,0.08,0.0,0.0,2,0.7,1.0,0.6666666666666666,0,canopy_dew_first_v1,False,126,0.6666666666666666,720,False,248,0.375,0,41,0,289,41,41,dry=0.00|dry_vent=0.00|dew=0.08|canopy=0.10
0.12,72,0.5714285714285714,72,0.08,0.0,0.0,4,1.0999999999999999,1.0,1.0,0,canopy_dew_first_v1,False,126,1.0,720,False,248,0.375,0,72,0,320,72,72,dry=0.00|dry_vent=0.00|dew=0.08|canopy=0.12
0.0,22,0.1746031746031746,22,0.1,0.0,0.0,4,1.4,0.0,0.0,0,canopy_dew_first_v1,False,126,0.55,720,False,248,0.55,0,22,0,270,22,22,dry=0.00|dry_vent=0.00|dew=0.10|canopy=0.00
0.04,22,0.1746031746031746,22,0.1,0.0,0.0,4,1.4,0.0,0.0,0,canopy_dew_first_v1,False,126,0.55,720,False,248,0.55,0,22,0,270,22,22,dry=0.00|dry_vent=0.00|dew=0.10|canopy=0.04
0.06,41,0.3253968253968254,41,0.1,0.0,0.0,2,0.8705128205128204,1.0,0.6666666666666666,0,canopy_dew_first_v1,False,126,0.6666666666666666,720,False,248,0.55,0,41,0,289,41,41,dry=0.00|dry_vent=0.00|dew=0.10|canopy=0.06
0.08,44,0.3492063492063492,44,0.1,0.0,0.0,2,0.7935897435897435,1.0,0.6666666666666666,0,canopy_dew_first_v1,False,126,0.6666666666666666,720,False,248,0.55,0,44,0,292,44,44,dry=0.00|dry_vent=0.00|dew=0.10|canopy=0.08
0.1,48,0.38095238095238093,48,0.1,0.0,0.0,2,0.7,1.0,0.6666666666666666,0,canopy_dew_first_v1,False,126,0.6666666666666666,720,False,248,0.55,0,48,0,296,48,48,dry=0.00|dry_vent=0.00|dew=0.10|canopy=0.10
0.12,79,0.626984126984127,79,0.1,0.0,0.0,4,1.0999999999999999,1.0,1.0,0,canopy_dew_first_v1,False,126,1.0,720,False,248,0.55,0,79,0,327,79,79,dry=0.00|dry_vent=0.00|dew=0.10|canopy=0.12
0.0,40,0.31746031746031744,40,0.12,0.0,0.0,5,1.5999999999999999,0.0,0.0,0,canopy_dew_first_v1,False,126,1.0,720,False,248,1.0,0,40,0,288,40,40,dry=0.00|dry_vent=0.00|dew=0.12|canopy=0.00
0.04,40,0.31746031746031744,40,0.12,0.0,0.0,5,1.5999999999999999,0.0,0.0,0,canopy_dew_first_v1,False,126,1.0,720,False,248,1.0,0,40,0,288,40,40,dry=0.00|dry_vent=0.00|dew=0.12|canopy=0.04
0.06,59,0.46825396825396826,59,0.12,0.0,0.0,3,1.0705128205128205,1.0,0.6666666666666666,0,canopy_dew_first_v1,False,126,1.0,720,False,248,1.0,0,59,0,307,59,59,dry=0.00|dry_vent=0.00|dew=0.12|canopy=0.06
0.08,62,0.49206349206349204,62,0.12,0.0,0.0,3,0.9935897435897435,1.0,0.6666666666666666,0,canopy_dew_first_v1,False,126,1.0,720,False,248,1.0,0,62,0,310,62,62,dry=0.00|dry_vent=0.00|dew=0.12|canopy=0.08
0.1,66,0.5238095238095238,66,0.12,0.0,0.0,3,0.8999999999999999,1.0,0.6666666666666666,0,canopy_dew_first_v1,False,126,1.0,720,False,248,1.0,0,66,0,314,66,66,dry=0.00|dry_vent=0.00|dew=0.12|canopy=0.10
0.12,97,0.7698412698412699,97,0.12,0.0,0.0,5,1.2999999999999998,1.0,1.0,0,canopy_dew_first_v1,False,126,1.0,720,False,248,1.0,0,97,0,345,97,97,dry=0.00|dry_vent=0.00|dew=0.12|canopy=0.12
0.0,0,0.0,0,0.0,0.0,0.02,5,1.75,0.0,0.0,0,canopy_dew_first_v1,False,126,0.0,720,False,248,0.0,0,0,0,248,0,0,dry=0.00|dry_vent=0.02|dew=0.00|canopy=0.00
0.04,0,0.0,0,0.0,0.0,0.02,5,1.75,0.0,0.0,0,canopy_dew_first_v1,False,126,0.0,720,False,248,0.0,0,0,0,248,0,0,dry=0.00|dry_vent=0.02|dew=0.00|canopy=0.04
0.06,19,0.15079365079365079,19,0.0,0.0,0.02,3,1.2205128205128204,1.0,0.6666666666666666,0,canopy_dew_first_v1,False,126,0.6666666666666666,720,False,248,0.0,0,19,0,267,19,19,dry=0.00|dry_vent=0.02|dew=0.00|canopy=0.06
0.08,22,0.1746031746031746,22,0.0,0.0,0.02,3,1.1435897435897435,1.0,0.6666666666666666,0,canopy_dew_first_v1,False,126,0.6666666666666666,720,False,248,0.0,0,22,0,270,22,22,dry=0.00|dry_vent=0.02|dew=0.00|canopy=0.08
0.1,26,0.20634920634920634,26,0.0,0.0,0.02,3,1.0499999999999998,1.0,0.6666666666666666,0,canopy_dew_first_v1,False,126,0.6666666666666666,720,False,248,0.0,0,26,0,274,26,26,dry=0.00|dry_vent=0.02|dew=0.00|canopy=0.10
0.12,57,0.4523809523809524,57,0.0,0.0,0.02,5,1.4499999999999997,1.0,1.0,0,canopy_dew_first_v1,False,126,1.0,720,False,248,0.0,0,57,0,305,57,57,dry=0.00|dry_vent=0.02|dew=0.00|canopy=0.12
0.0,0,0.0,0,0.04,0.0,0.02,5,1.75,0.0,0.0,0,canopy_dew_first_v1,False,126,0.0,720,False,248,0.0,0,0,0,248,0,0,dry=0.00|dry_vent=0.02|dew=0.04|canopy=0.00
0.04,0,0.0,0,0.04,0.0,0.02,5,1.75,0.0,0.0,0,canopy_dew_first_v1,False,126,0.0,720,False,248,0.0,0,0,0,248,0,0,dry=0.00|dry_vent=0.02|dew=0.04|canopy=0.04
0.06,19,0.15079365079365079,19,0.04,0.0,0.02,3,1.2205128205128204,1.0,0.6666666666666666,0,canopy_dew_first_v1,False,126,0.6666666666666666,720,False,248,0.0,0,19,0,267,19,19,dry=0.00|dry_vent=0.02|dew=0.04|canopy=0.06
0.08,22,0.1746031746031746,22,0.04,0.0,0.02,3,1.1435897435897435,1.0,0.6666666666666666,0,canopy_dew_first_v1,False,126,0.6666666666666666,720,False,248,0.0,0,22,0,270,22,22,dry=0.00|dry_vent=0.02|dew=0.04|canopy=0.08
0.1,26,0.20634920634920634,26,0.04,0.0,0.02,3,1.0499999999999998,1.0,0.6666666666666666,0,canopy_dew_first_v1,False,126,0.6666666666666666,720,False,248,0.0,0,26,0,274,26,26,dry=0.00|dry_vent=0.02|dew=0.04|canopy=0.10
0.12,57,0.4523809523809524,57,0.04,0.0,0.02,5,1.4499999999999997,1.0,1.0,0,canopy_dew_first_v1,False,126,1.0,720,False,248,0.0,0,57,0,305,57,57,dry=0.00|dry_vent=0.02|dew=0.04|canopy=0.12
0.0,0,0.0,0,0.06,0.0,0.02,5,1.75,0.0,0.0,0,canopy_dew_first_v1,False,126,0.0,720,False,248,0.0,0,0,0,248,0,0,dry=0.00|dry_vent=0.02|dew=0.06|canopy=0.00
0.04,0,0.0,0,0.06,0.0,0.02,5,1.75,0.0,0.0,0,canopy_dew_first_v1,False,126,0.0,720,False,248,0.0,0,0,0,248,0,0,dry=0.00|dry_vent=0.02|dew=0.06|canopy=0.04
0.06,19,0.15079365079365079,19,0.06,0.0,0.02,3,1.2205128205128204,1.0,0.6666666666666666,0,canopy_dew_first_v1,False,126,0.6666666666666666,720,False,248,0.0,0,19,0,267,19,19,dry=0.00|dry_vent=0.02|dew=0.06|canopy=0.06
0.08,22,0.1746031746031746,22,0.06,0.0,0.02,3,1.1435897435897435,1.0,0.6666666666666666,0,canopy_dew_first_v1,False,126,0.6666666666666666,720,False,248,0.0,0,22,0,270,22,22,dry=0.00|dry_vent=0.02|dew=0.06|canopy=0.08
0.1,26,0.20634920634920634,26,0.06,0.0,0.02,3,1.0499999999999998,1.0,0.6666666666666666,0,canopy_dew_first_v1,False,126,0.6666666666666666,720,False,248,0.0,0,26,0,274,26,26,dry=0.00|dry_vent=0.02|dew=0.06|canopy=0.10
0.12,57,0.4523809523809524,57,0.06,0.0,0.02,5,1.4499999999999997,1.0,1.0,0,canopy_dew_first_v1,False,126,1.0,720,False,248,0.0,0,57,0,305,57,57,dry=0.00|dry_vent=0.02|dew=0.06|canopy=0.12
0.0,15,0.11904761904761904,15,0.08,0.0,0.02,4,1.4,0.0,0.0,0,canopy_dew_first_v1,False,126,0.375,720,False,248,0.375,0,15,0,263,15,15,dry=0.00|dry_vent=0.02|dew=0.08|canopy=0.00
0.04,15,0.11904761904761904,15,0.08,0.0,0.02,4,1.4,0.0,0.0,0,canopy_dew_first_v1,False,126,0.375,720,False,248,0.375,0,15,0,263,15,15,dry=0.00|dry_vent=0.02|dew=0.08|canopy=0.04
0.06,34,0.2698412698412698,34,0.08,0.0,0.02,2,0.8705128205128204,1.0,0.6666666666666666,0,canopy_dew_first_v1,False,126,0.6666666666666666,720,False,248,0.375,0,34,0,282,34,34,dry=0.00|dry_vent=0.02|dew=0.08|canopy=0.06
0.08,37,0.29365079365079366,37,0.08,0.0,0.02,2,0.7935897435897435,1.0,0.6666666666666666,0,canopy_dew_first_v1,False,126,0.6666666666666666,720,False,248,0.375,0,37,0,285,37,37,dry=0.00|dry_vent=0.02|dew=0.08|canopy=0.08
0.1,41,0.3253968253968254,41,0.08,0.0,0.02,2,0.7,1.0,0.6666666666666666,0,canopy_dew_first_v1,False,126,0.6666666666666666,720,False,248,0.375,0,41,0,289,41,41,dry=0.00|dry_vent=0.02|dew=0.08|canopy=0.10
0.12,72,0.5714285714285714,72,0.08,0.0,0.02,4,1.0999999999999999,1.0,1.0,0,canopy_dew_first_v1,False,126,1.0,720,False,248,0.375,0,72,0,320,72,72,dry=0.00|dry_vent=0.02|dew=0.08|canopy=0.12
0.0,22,0.1746031746031746,22,0.1,0.0,0.02,4,1.4,0.0,0.0,0,canopy_dew_first_v1,False,126,0.55,720,False,248,0.55,0,22,0,270,22,22,dry=0.00|dry_vent=0.02|dew=0.10|canopy=0.00
0.04,22,0.1746031746031746,22,0.1,0.0,0.02,4,1.4,0.0,0.0,0,canopy_dew_first_v1,False,126,0.55,720,False,248,0.55,0,22,0,270,22,22,dry=0.00|dry_vent=0.02|dew=0.10|canopy=0.04
0.06,41,0.3253968253968254,41,0.1,0.0,0.02,2,0.8705128205128204,1.0,0.6666666666666666,0,canopy_dew_first_v1,False,126,0.6666666666666666,720,False,248,0.55,0,41,0,289,41,41,dry=0.00|dry_vent=0.02|dew=0.10|canopy=0.06
0.08,44,0.3492063492063492,44,0.1,0.0,0.02,2,0.7935897435897435,1.0,0.6666666666666666,0,canopy_dew_first_v1,False,126,0.6666666666666666,720,False,248,0.55,0,44,0,292,44,44,dry=0.00|dry_vent=0.02|dew=0.10|canopy=0.08
0.1,48,0.38095238095238093,48,0.1,0.0,0.02,2,0.7,1.0,0.6666666666666666,0,canopy_dew_first_v1,False,126,0.6666666666666666,720,False,248,0.55,0,48,0,296,48,48,dry=0.00|dry_vent=0.02|dew=0.10|canopy=0.10
0.12,79,0.626984126984127,79,0.1,0.0,0.02,4,1.0999999999999999,1.0,1.0,0,canopy_dew_first_v1,False,126,1.0,720,False,248,0.55,0,79,0,327,79,79,dry=0.00|dry_vent=0.02|dew=0.10|canopy=0.12
0.0,40,0.31746031746031744,40,0.12,0.0,0.02,5,1.5999999999999999,0.0,0.0,0,canopy_dew_first_v1,False,126,1.0,720,False,248,1.0,0,40,0,288,40,40,dry=0.00|dry_vent=0.02|dew=0.12|canopy=0.00
0.04,40,0.31746031746031744,40,0.12,0.0,0.02,5,1.5999999999999999,0.0,0.0,0,canopy_dew_first_v1,False,126,1.0,720,False,248,1.0,0,40,0,288,40,40,dry=0.00|dry_vent=0.02|dew=0.12|canopy=0.04
0.06,59,0.46825396825396826,59,0.12,0.0,0.02,3,1.0705128205128205,1.0,0.6666666666666666,0,canopy_dew_first_v1,False,126,1.0,720,False,248,1.0,0,59,0,307,59,59,dry=0.00|dry_vent=0.02|dew=0.12|canopy=0.06
0.08,62,0.49206349206349204,62,0.12,0.0,0.02,3,0.9935897435897435,1.0,0.6666666666666666,0,canopy_dew_first_v1,False,126,1.0,720,False,248,1.0,0,62,0,310,62,62,dry=0.00|dry_vent=0.02|dew=0.12|canopy=0.08
0.1,66,0.5238095238095238,66,0.12,0.0,0.02,3,0.8999999999999999,1.0,0.6666666666666666,0,canopy_dew_first_v1,False,126,1.0,720,False,248,1.0,0,66,0,314,66,66,dry=0.00|dry_vent=0.02|dew=0.12|canopy=0.10
0.12,97,0.7698412698412699,97,0.12,0.0,0.02,5,1.2999999999999998,1.0,1.0,0,canopy_dew_first_v1,False,126,1.0,720,False,248,1.0,0,97,0,345,97,97,dry=0.00|dry_vent=0.02|dew=0.12|canopy=0.12
0.0,0,0.0,0,0.0,0.0,0.04,5,1.75,0.0,0.0,0,canopy_dew_first_v1,False,126,0.0,720,False,248,0.0,0,0,0,248,0,0,dry=0.00|dry_vent=0.04|dew=0.00|canopy=0.00
0.04,0,0.0,0,0.0,0.0,0.04,5,1.75,0.0,0.0,0,canopy_dew_first_v1,False,126,0.0,720,False,248,0.0,0,0,0,248,0,0,dry=0.00|dry_vent=0.04|dew=0.00|canopy=0.04
0.06,19,0.15079365079365079,19,0.0,0.0,0.04,3,1.2205128205128204,1.0,0.6666666666666666,0,canopy_dew_first_v1,False,126,0.6666666666666666,720,False,248,0.0,0,19,0,267,19,19,dry=0.00|dry_vent=0.04|dew=0.00|canopy=0.06
0.08,22,0.1746031746031746,22,0.0,0.0,0.04,3,1.1435897435897435,1.0,0.6666666666666666,0,canopy_dew_first_v1,False,126,0.6666666666666666,720,False,248,0.0,0,22,0,270,22,22,dry=0.00|dry_vent=0.04|dew=0.00|canopy=0.08
0.1,26,0.20634920634920634,26,0.0,0.0,0.04,3,1.0499999999999998,1.0,0.6666666666666666,0,canopy_dew_first_v1,False,126,0.6666666666666666,720,False,248,0.0,0,26,0,274,26,26,dry=0.00|dry_vent=0.04|dew=0.00|canopy=0.10
0.12,57,0.4523809523809524,57,0.0,0.0,0.04,5,1.4499999999999997,1.0,1.0,0,canopy_dew_first_v1,False,126,1.0,720,False,248,0.0,0,57,0,305,57,57,dry=0.00|dry_vent=0.04|dew=0.00|canopy=0.12
0.0,0,0.0,0,0.04,0.0,0.04,5,1.75,0.0,0.0,0,canopy_dew_first_v1,False,126,0.0,720,False,248,0.0,0,0,0,248,0,0,dry=0.00|dry_vent=0.04|dew=0.04|canopy=0.00
0.04,0,0.0,0,0.04,0.0,0.04,5,1.75,0.0,0.0,0,canopy_dew_first_v1,False,126,0.0,720,False,248,0.0,0,0,0,248,0,0,dry=0.00|dry_vent=0.04|dew=0.04|canopy=0.04
0.06,19,0.15079365079365079,19,0.04,0.0,0.04,3,1.2205128205128204,1.0,0.6666666666666666,0,canopy_dew_first_v1,False,126,0.6666666666666666,720,False,248,0.0,0,19,0,267,19,19,dry=0.00|dry_vent=0.04|dew=0.04|canopy=0.06
0.08,22,0.1746031746031746,22,0.04,0.0,0.04,3,1.1435897435897435,1.0,0.6666666666666666,0,canopy_dew_first_v1,False,126,0.6666666666666666,720,False,248,0.0,0,22,0,270,22,22,dry=0.00|dry_vent=0.04|dew=0.04|canopy=0.08
0.1,26,0.20634920634920634,26,0.04,0.0,0.04,3,1.0499999999999998,1.0,0.6666666666666666,0,canopy_dew_first_v1,False,126,0.6666666666666666,720,False,248,0.0,0,26,0,274,26,26,dry=0.00|dry_vent=0.04|dew=0.04|canopy=0.10
0.12,57,0.4523809523809524,57,0.04,0.0,0.04,5,1.4499999999999997,1.0,1.0,0,canopy_dew_first_v1,False,126,1.0,720,False,248,0.0,0,57,0,305,57,57,dry=0.00|dry_vent=0.04|dew=0.04|canopy=0.12
0.0,0,0.0,0,0.06,0.0,0.04,5,1.75,0.0,0.0,0,canopy_dew_first_v1,False,126,0.0,720,False,248,0.0,0,0,0,248,0,0,dry=0.00|dry_vent=0.04|dew=0.06|canopy=0.00
0.04,0,0.0,0,0.06,0.0,0.04,5,1.75,0.0,0.0,0,canopy_dew_first_v1,False,126,0.0,720,False,248,0.0,0,0,0,248,0,0,dry=0.00|dry_vent=0.04|dew=0.06|canopy=0.04
0.06,19,0.15079365079365079,19,0.06,0.0,0.04,3,1.2205128205128204,1.0,0.6666666666666666,0,canopy_dew_first_v1,False,126,0.6666666666666666,720,False,248,0.0,0,19,0,267,19,19,dry=0.00|dry_vent=0.04|dew=0.06|canopy=0.06
0.08,22,0.1746031746031746,22,0.06,0.0,0.04,3,1.1435897435897435,1.0,0.6666666666666666,0,canopy_dew_first_v1,False,126,0.6666666666666666,720,False,248,0.0,0,22,0,270,22,22,dry=0.00|dry_vent=0.04|dew=0.06|canopy=0.08
0.1,26,0.20634920634920634,26,0.06,0.0,0.04,3,1.0499999999999998,1.0,0.6666666666666666,0,canopy_dew_first_v1,False,126,0.6666666666666666,720,False,248,0.0,0,26,0,274,26,26,dry=0.00|dry_vent=0.04|dew=0.06|canopy=0.10
0.12,57,0.4523809523809524,57,0.06,0.0,0.04,5,1.4499999999999997,1.0,1.0,0,canopy_dew_first_v1,False,126,1.0,720,False,248,0.0,0,57,0,305,57,57,dry=0.00|dry_vent=0.04|dew=0.06|canopy=0.12
0.0,15,0.11904761904761904,15,0.08,0.0,0.04,4,1.4,0.0,0.0,0,canopy_dew_first_v1,False,126,0.375,720,False,248,0.375,0,15,0,263,15,15,dry=0.00|dry_vent=0.04|dew=0.08|canopy=0.00
0.04,15,0.11904761904761904,15,0.08,0.0,0.04,4,1.4,0.0,0.0,0,canopy_dew_first_v1,False,126,0.375,720,False,248,0.375,0,15,0,263,15,15,dry=0.00|dry_vent=0.04|dew=0.08|canopy=0.04
0.06,34,0.2698412698412698,34,0.08,0.0,0.04,2,0.8705128205128204,1.0,0.6666666666666666,0,canopy_dew_first_v1,False,126,0.6666666666666666,720,False,248,0.375,0,34,0,282,34,34,dry=0.00|dry_vent=0.04|dew=0.08|canopy=0.06
0.08,37,0.29365079365079366,37,0.08,0.0,0.04,2,0.7935897435897435,1.0,0.6666666666666666,0,canopy_dew_first_v1,False,126,0.6666666666666666,720,False,248,0.375,0,37,0,285,37,37,dry=0.00|dry_vent=0.04|dew=0.08|canopy=0.08
0.1,41,0.3253968253968254,41,0.08,0.0,0.04,2,0.7,1.0,0.6666666666666666,0,canopy_dew_first_v1,False,126,0.6666666666666666,720,False,248,0.375,0,41,0,289,41,41,dry=0.00|dry_vent=0.04|dew=0.08|canopy=0.10
0.12,72,0.5714285714285714,72,0.08,0.0,0.04,4,1.0999999999999999,1.0,1.0,0,canopy_dew_first_v1,False,126,1.0,720,False,248,0.375,0,72,0,320,72,72,dry=0.00|dry_vent=0.04|dew=0.08|canopy=0.12
0.0,22,0.1746031746031746,22,0.1,0.0,0.04,4,1.4,0.0,0.0,0,canopy_dew_first_v1,False,126,0.55,720,False,248,0.55,0,22,0,270,22,22,dry=0.00|dry_vent=0.04|dew=0.10|canopy=0.00
0.04,22,0.1746031746031746,22,0.1,0.0,0.04,4,1.4,0.0,0.0,0,canopy_dew_first_v1,False,126,0.55,720,False,248,0.55,0,22,0,270,22,22,dry=0.00|dry_vent=0.04|dew=0.10|canopy=0.04
0.06,41,0.3253968253968254,41,0.1,0.0,0.04,2,0.8705128205128204,1.0,0.6666666666666666,0,canopy_dew_first_v1,False,126,0.6666666666666666,720,False,248,0.55,0,41,0,289,41,41,dry=0.00|dry_vent=0.04|dew=0.10|canopy=0.06
0.08,44,0.3492063492063492,44,0.1,0.0,0.04,2,0.7935897435897435,1.0,0.6666666666666666,0,canopy_dew_first_v1,False,126,0.6666666666666666,720,False,248,0.55,0,44,0,292,44,44,dry=0.00|dry_vent=0.04|dew=0.10|canopy=0.08
0.1,48,0.38095238095238093,48,0.1,0.0,0.04,2,0.7,1.0,0.6666666666666666,0,canopy_dew_first_v1,False,126,0.6666666666666666,720,False,248,0.55,0,48,0,296,48,48,dry=0.00|dry_vent=0.04|dew=0.10|canopy=0.10
0.12,79,0.626984126984127,79,0.1,0.0,0.04,4,1.0999999999999999,1.0,1.0,0,canopy_dew_first_v1,False,126,1.0,720,False,248,0.55,0,79,0,327,79,79,dry=0.00|dry_vent=0.04|dew=0.10|canopy=0.12
0.0,40,0.31746031746031744,40,0.12,0.0,0.04,5,1.5999999999999999,0.0,0.0,0,canopy_dew_first_v1,False,126,1.0,720,False,248,1.0,0,40,0,288,40,40,dry=0.00|dry_vent=0.04|dew=0.12|canopy=0.00
0.04,40,0.31746031746031744,40,0.12,0.0,0.04,5,1.5999999999999999,0.0,0.0,0,canopy_dew_first_v1,False,126,1.0,720,False,248,1.0,0,40,0,288,40,40,dry=0.00|dry_vent=0.04|dew=0.12|canopy=0.04
0.06,59,0.46825396825396826,59,0.12,0.0,0.04,3,1.0705128205128205,1.0,0.6666666666666666,0,canopy_dew_first_v1,False,126,1.0,720,False,248,1.0,0,59,0,307,59,59,dry=0.00|dry_vent=0.04|dew=0.12|canopy=0.06
0.08,62,0.49206349206349204,62,0.12,0.0,0.04,3,0.9935897435897435,1.0,0.6666666666666666,0,canopy_dew_first_v1,False,126,1.0,720,False,248,1.0,0,62,0,310,62,62,dry=0.00|dry_vent=0.04|dew=0.12|canopy=0.08
0.1,66,0.5238095238095238,66,0.12,0.0,0.04,3,0.8999999999999999,1.0,0.6666666666666666,0,canopy_dew_first_v1,False,126,1.0,720,False,248,1.0,0,66,0,314,66,66,dry=0.00|dry_vent=0.04|dew=0.12|canopy=0.10
0.12,97,0.7698412698412699,97,0.12,0.0,0.04,5,1.2999999999999998,1.0,1.0,0,canopy_dew_first_v1,False,126,1.0,720,False,248,1.0,0,97,0,345,97,97,dry=0.00|dry_vent=0.04|dew=0.12|canopy=0.12
0.0,21,0.16666666666666666,21,0.0,0.0,0.06,5,1.5999999999999999,1.0,1.0,0,canopy_dew_first_v1,False,126,1.0,720,False,248,0.0,0,21,0,269,21,21,dry=0.00|dry_vent=0.06|dew=0.00|canopy=0.00
0.04,21,0.16666666666666666,21,0.0,0.0,0.06,5,1.5999999999999999,1.0,1.0,0,canopy_dew_first_v1,False,126,1.0,720,False,248,0.0,0,21,0,269,21,21,dry=0.00|dry_vent=0.06|dew=0.00|canopy=0.04
0.06,40,0.31746031746031744,40,0.0,0.0,0.06,3,1.0705128205128205,1.0,0.8205128205128205,0,canopy_dew_first_v1,False,126,1.0,720,False,248,0.0,0,40,0,288,40,40,dry=0.00|dry_vent=0.06|dew=0.00|canopy=0.06
0.08,43,0.3412698412698413,43,0.0,0.0,0.06,3,0.9935897435897435,1.0,0.7435897435897436,0,canopy_dew_first_v1,False,126,1.0,720,False,248,0.0,0,43,0,291,43,43,dry=0.00|dry_vent=0.06|dew=0.00|canopy=0.08
0.1,47,0.373015873015873,47,0.0,0.0,0.06,3,0.8999999999999999,1.0,0.641025641025641,0,canopy_dew_first_v1,False,126,1.0,720,False,248,0.0,0,47,0,295,47,47,dry=0.00|dry_vent=0.06|dew=0.00|canopy=0.10
0.12,78,0.6190476190476191,78,0.0,0.0,0.06,5,1.2999999999999998,0.0,0.0,0,canopy_dew_first_v1,False,126,1.0,720,False,248,0.0,0,78,0,326,78,78,dry=0.00|dry_vent=0.06|dew=0.00|canopy=0.12
0.0,21,0.16666666666666666,21,0.04,0.0,0.06,5,1.5999999999999999,1.0,1.0,0,canopy_dew_first_v1,False,126,1.0,720,False,248,0.0,0,21,0,269,21,21,dry=0.00|dry_vent=0.06|dew=0.04|canopy=0.00
0.04,21,0.16666666666666666,21,0.04,0.0,0.06,5,1.5999999999999999,1.0,1.0,0,canopy_dew_first_v1,False,126,1.0,720,False,248,0.0,0,21,0,269,21,21,dry=0.00|dry_vent=0.06|dew=0.04|canopy=0.04
0.06,40,0.31746031746031744,40,0.04,0.0,0.06,3,1.0705128205128205,1.0,0.8205128205128205,0,canopy_dew_first_v1,False,126,1.0,720,False,248,0.0,0,40,0,288,40,40,dry=0.00|dry_vent=0.06|dew=0.04|canopy=0.06
0.08,43,0.3412698412698413,43,0.04,0.0,0.06,3,0.9935897435897435,1.0,0.7435897435897436,0,canopy_dew_first_v1,False,126,1.0,720,False,248,0.0,0,43,0,291,43,43,dry=0.00|dry_vent=0.06|dew=0.04|canopy=0.08
0.1,47,0.373015873015873,47,0.04,0.0,0.06,3,0.8999999999999999,1.0,0.641025641025641,0,canopy_dew_first_v1,False,126,1.0,720,False,248,0.0,0,47,0,295,47,47,dry=0.00|dry_vent=0.06|dew=0.04|canopy=0.10
0.12,78,0.6190476190476191,78,0.04,0.0,0.06,5,1.2999999999999998,0.0,0.0,0,canopy_dew_first_v1,False,126,1.0,720,False,248,0.0,0,78,0,326,78,78,dry=0.00|dry_vent=0.06|dew=0.04|canopy=0.12
0.0,21,0.16666666666666666,21,0.06,0.0,0.06,5,1.5999999999999999,1.0,1.0,0,canopy_dew_first_v1,False,126,1.0,720,False,248,0.0,0,21,0,269,21,21,dry=0.00|dry_vent=0.06|dew=0.06|canopy=0.00
0.04,21,0.16666666666666666,21,0.06,0.0,0.06,5,1.5999999999999999,1.0,1.0,0,canopy_dew_first_v1,False,126,1.0,720,False,248,0.0,0,21,0,269,21,21,dry=0.00|dry_vent=0.06|dew=0.06|canopy=0.04
0.06,40,0.31746031746031744,40,0.06,0.0,0.06,3,1.0705128205128205,1.0,0.8205128205128205,0,canopy_dew_first_v1,False,126,1.0,720,False,248,0.0,0,40,0,288,40,40,dry=0.00|dry_vent=0.06|dew=0.06|canopy=0.06
0.08,43,0.3412698412698413,43,0.06,0.0,0.06,3,0.9935897435897435,1.0,0.7435897435897436,0,canopy_dew_first_v1,False,126,1.0,720,False,248,0.0,0,43,0,291,43,43,dry=0.00|dry_vent=0.06|dew=0.06|canopy=0.08
0.1,47,0.373015873015873,47,0.06,0.0,0.06,3,0.8999999999999999,1.0,0.641025641025641,0,canopy_dew_first_v1,False,126,1.0,720,False,248,0.0,0,47,0,295,47,47,dry=0.00|dry_vent=0.06|dew=0.06|canopy=0.10
0.12,78,0.6190476190476191,78,0.06,0.0,0.06,5,1.2999999999999998,0.0,0.0,0,canopy_dew_first_v1,False,126,1.0,720,False,248,0.0,0,78,0,326,78,78,dry=0.00|dry_vent=0.06|dew=0.06|canopy=0.12
0.0,36,0.2857142857142857,36,0.08,0.0,0.06,4,1.25,1.0,1.0,0,canopy_dew_first_v1,False,126,1.0,720,False,248,0.375,0,36,0,284,36,36,dry=0.00|dry_vent=0.06|dew=0.08|canopy=0.00
0.04,36,0.2857142857142857,36,0.08,0.0,0.06,4,1.25,1.0,1.0,0,canopy_dew_first_v1,False,126,1.0,720,False,248,0.375,0,36,0,284,36,36,dry=0.00|dry_vent=0.06|dew=0.08|canopy=0.04
0.06,55,0.4365079365079365,55,0.08,0.0,0.06,2,0.7205128205128204,1.0,0.8205128205128205,0,canopy_dew_first_v1,False,126,1.0,720,False,248,0.375,0,55,0,303,55,55,dry=0.00|dry_vent=0.06|dew=0.08|canopy=0.06
0.08,58,0.4603174603174603,58,0.08,0.0,0.06,2,0.6435897435897435,1.0,0.7435897435897436,0,canopy_dew_first_v1,False,126,1.0,720,False,248,0.375,0,58,0,306,58,58,dry=0.00|dry_vent=0.06|dew=0.08|canopy=0.08
0.1,62,0.49206349206349204,62,0.08,0.0,0.06,2,0.5499999999999999,1.0,0.641025641025641,0,canopy_dew_first_v1,False,126,1.0,720,False,248,0.375,0,62,0,310,62,62,dry=0.00|dry_vent=0.06|dew=0.08|canopy=0.10
0.12,93,0.7380952380952381,93,0.08,0.0,0.06,4,0.9499999999999998,0.0,0.0,0,canopy_dew_first_v1,False,126,1.0,720,False,248,0.375,0,93,0,341,93,93,dry=0.00|dry_vent=0.06|dew=0.08|canopy=0.12
0.0,43,0.3412698412698413,43,0.1,0.0,0.06,4,1.25,1.0,1.0,0,canopy_dew_first_v1,False,126,1.0,720,False,248,0.55,0,43,0,291,43,43,dry=0.00|dry_vent=0.06|dew=0.10|canopy=0.00
0.04,43,0.3412698412698413,43,0.1,0.0,0.06,4,1.25,1.0,1.0,0,canopy_dew_first_v1,False,126,1.0,720,False,248,0.55,0,43,0,291,43,43,dry=0.00|dry_vent=0.06|dew=0.10|canopy=0.04
0.06,62,0.49206349206349204,62,0.1,0.0,0.06,2,0.7205128205128204,1.0,0.8205128205128205,0,canopy_dew_first_v1,False,126,1.0,720,False,248,0.55,0,62,0,310,62,62,dry=0.00|dry_vent=0.06|dew=0.10|canopy=0.06
0.08,65,0.5158730158730159,65,0.1,0.0,0.06,2,0.6435897435897435,1.0,0.7435897435897436,0,canopy_dew_first_v1,False,126,1.0,720,False,248,0.55,0,65,0,313,65,65,dry=0.00|dry_vent=0.06|dew=0.10|canopy=0.08
0.1,69,0.5476190476190477,69,0.1,0.0,0.06,2,0.5499999999999999,1.0,0.641025641025641,0,canopy_dew_first_v1,False,126,1.0,720,False,248,0.55,0,69,0,317,69,69,dry=0.00|dry_vent=0.06|dew=0.10|canopy=0.10
0.12,100,0.7936507936507936,100,0.1,0.0,0.06,4,0.9499999999999998,0.0,0.0,0,canopy_dew_first_v1,False,126,1.0,720,False,248,0.55,0,100,0,348,100,100,dry=0.00|dry_vent=0.06|dew=0.10|canopy=0.12
0.0,61,0.48412698412698413,61,0.12,0.0,0.06,5,1.4499999999999997,1.0,1.0,0,canopy_dew_first_v1,False,126,1.0,720,False,248,1.0,0,61,0,309,61,61,dry=0.00|dry_vent=0.06|dew=0.12|canopy=0.00
0.04,61,0.48412698412698413,61,0.12,0.0,0.06,5,1.4499999999999997,1.0,1.0,0,canopy_dew_first_v1,False,126,1.0,720,False,248,1.0,0,61,0,309,61,61,dry=0.00|dry_vent=0.06|dew=0.12|canopy=0.04
0.06,80,0.6349206349206349,80,0.12,0.0,0.06,3,0.9205128205128204,1.0,0.8205128205128205,0,canopy_dew_first_v1,False,126,1.0,720,False,248,1.0,0,80,0,328,80,80,dry=0.00|dry_vent=0.06|dew=0.12|canopy=0.06
0.08,83,0.6587301587301587,83,0.12,0.0,0.06,3,0.8435897435897435,1.0,0.7435897435897436,0,canopy_dew_first_v1,False,126,1.0,720,False,248,1.0,0,83,0,331,83,83,dry=0.00|dry_vent=0.06|dew=0.12|canopy=0.08
0.1,87,0.6904761904761905,87,0.12,0.0,0.06,3,0.7499999999999999,1.0,0.641025641025641,0,canopy_dew_first_v1,False,126,1.0,720,False,248,1.0,0,87,0,335,87,87,dry=0.00|dry_vent=0.06|dew=0.12|canopy=0.10
0.12,118,0.9365079365079365,118,0.12,0.0,0.06,5,1.15,0.0,0.0,0,canopy_dew_first_v1,True,126,1.0,720,False,248,1.0,0,118,0,366,118,118,dry=0.00|dry_vent=0.06|dew=0.12|canopy=0.12
0.0,0,0.0,0,0.0,0.02,0.0,5,1.75,0.0,0.0,0,canopy_dew_first_v1,False,126,0.0,720,False,248,0.0,0,0,0,248,0,0,dry=0.02|dry_vent=0.00|dew=0.00|canopy=0.00
0.04,0,0.0,0,0.0,0.02,0.0,5,1.75,0.0,0.0,0,canopy_dew_first_v1,False,126,0.0,720,False,248,0.0,0,0,0,248,0,0,dry=0.02|dry_vent=0.00|dew=0.00|canopy=0.04
0.06,19,0.15079365079365079,19,0.0,0.02,0.0,3,1.2205128205128204,1.0,0.6666666666666666,0,canopy_dew_first_v1,False,126,0.6666666666666666,720,False,248,0.0,0,19,0,267,19,19,dry=0.02|dry_vent=0.00|dew=0.00|canopy=0.06
0.08,22,0.1746031746031746,22,0.0,0.02,0.0,3,1.1435897435897435,1.0,0.6666666666666666,0,canopy_dew_first_v1,False,126,0.6666666666666666,720,False,248,0.0,0,22,0,270,22,22,dry=0.02|dry_vent=0.00|dew=0.00|canopy=0.08
0.1,26,0.20634920634920634,26,0.0,0.02,0.0,3,1.0499999999999998,1.0,0.6666666666666666,0,canopy_dew_first_v1,False,126,0.6666666666666666,720,False,248,0.0,0,26,0,274,26,26,dry=0.02|dry_vent=0.00|dew=0.00|canopy=0.10
0.12,57,0.4523809523809524,57,0.0,0.02,0.0,5,1.4499999999999997,1.0,1.0,0,canopy_dew_first_v1,False,126,1.0,720,False,248,0.0,0,57,0,305,57,57,dry=0.02|dry_vent=0.00|dew=0.00|canopy=0.12
0.0,0,0.0,0,0.04,0.02,0.0,5,1.75,0.0,0.0,0,canopy_dew_first_v1,False,126,0.0,720,False,248,0.0,0,0,0,248,0,0,dry=0.02|dry_vent=0.00|dew=0.04|canopy=0.00
0.04,0,0.0,0,0.04,0.02,0.0,5,1.75,0.0,0.0,0,canopy_dew_first_v1,False,126,0.0,720,False,248,0.0,0,0,0,248,0,0,dry=0.02|dry_vent=0.00|dew=0.04|canopy=0.04
0.06,19,0.15079365079365079,19,0.04,0.02,0.0,3,1.2205128205128204,1.0,0.6666666666666666,0,canopy_dew_first_v1,False,126,0.6666666666666666,720,False,248,0.0,0,19,0,267,19,19,dry=0.02|dry_vent=0.00|dew=0.04|canopy=0.06
0.08,22,0.1746031746031746,22,0.04,0.02,0.0,3,1.1435897435897435,1.0,0.6666666666666666,0,canopy_dew_first_v1,False,126,0.6666666666666666,720,False,248,0.0,0,22,0,270,22,22,dry=0.02|dry_vent=0.00|dew=0.04|canopy=0.08
0.1,26,0.20634920634920634,26,0.04,0.02,0.0,3,1.0499999999999998,1.0,0.6666666666666666,0,canopy_dew_first_v1,False,126,0.6666666666666666,720,False,248,0.0,0,26,0,274,26,26,dry=0.02|dry_vent=0.00|dew=0.04|canopy=0.10
0.12,57,0.4523809523809524,57,0.04,0.02,0.0,5,1.4499999999999997,1.0,1.0,0,canopy_dew_first_v1,False,126,1.0,720,False,248,0.0,0,57,0,305,57,57,dry=0.02|dry_vent=0.00|dew=0.04|canopy=0.12
0.0,0,0.0,0,0.06,0.02,0.0,5,1.75,0.0,0.0,0,canopy_dew_first_v1,False,126,0.0,720,False,248,0.0,0,0,0,248,0,0,dry=0.02|dry_vent=0.00|dew=0.06|canopy=0.00
0.04,0,0.0,0,0.06,0.02,0.0,5,1.75,0.0,0.0,0,canopy_dew_first_v1,False,126,0.0,720,False,248,0.0,0,0,0,248,0,0,dry=0.02|dry_vent=0.00|dew=0.06|canopy=0.04
0.06,19,0.15079365079365079,19,0.06,0.02,0.0,3,1.2205128205128204,1.0,0.6666666666666666,0,canopy_dew_first_v1,False,126,0.6666666666666666,720,False,248,0.0,0,19,0,267,19,19,dry=0.02|dry_vent=0.00|dew=0.06|canopy=0.06
0.08,22,0.1746031746031746,22,0.06,0.02,0.0,3,1.1435897435897435,1.0,0.6666666666666666,0,canopy_dew_first_v1,False,126,0.6666666666666666,720,False,248,0.0,0,22,0,270,22,22,dry=0.02|dry_vent=0.00|dew=0.06|canopy=0.08
0.1,26,0.20634920634920634,26,0.06,0.02,0.0,3,1.0499999999999998,1.0,0.6666666666666666,0,canopy_dew_first_v1,False,126,0.6666666666666666,720,False,248,0.0,0,26,0,274,26,26,dry=0.02|dry_vent=0.00|dew=0.06|canopy=0.10
0.12,57,0.4523809523809524,57,0.06,0.02,0.0,5,1.4499999999999997,1.0,1.0,0,canopy_dew_first_v1,False,126,1.0,720,False,248,0.0,0,57,0,305,57,57,dry=0.02|dry_vent=0.00|dew=0.06|canopy=0.12
0.0,15,0.11904761904761904,15,0.08,0.02,0.0,4,1.4,0.0,0.0,0,canopy_dew_first_v1,False,126,0.375,720,False,248,0.375,0,15,0,263,15,15,dry=0.02|dry_vent=0.00|dew=0.08|canopy=0.00
0.04,15,0.11904761904761904,15,0.08,0.02,0.0,4,1.4,0.0,0.0,0,canopy_dew_first_v1,False,126,0.375,720,False,248,0.375,0,15,0,263,15,15,dry=0.02|dry_vent=0.00|dew=0.08|canopy=0.04
0.06,34,0.2698412698412698,34,0.08,0.02,0.0,2,0.8705128205128204,1.0,0.6666666666666666,0,canopy_dew_first_v1,False,126,0.6666666666666666,720,False,248,0.375,0,34,0,282,34,34,dry=0.02|dry_vent=0.00|dew=0.08|canopy=0.06
0.08,37,0.29365079365079366,37,0.08,0.02,0.0,2,0.7935897435897435,1.0,0.6666666666666666,0,canopy_dew_first_v1,False,126,0.6666666666666666,720,False,248,0.375,0,37,0,285,37,37,dry=0.02|dry_vent=0.00|dew=0.08|canopy=0.08
0.1,41,0.3253968253968254,41,0.08,0.02,0.0,2,0.7,1.0,0.6666666666666666,0,canopy_dew_first_v1,False,126,0.6666666666666666,720,False,248,0.375,0,41,0,289,41,41,dry=0.02|dry_vent=0.00|dew=0.08|canopy=0.10
0.12,72,0.5714285714285714,72,0.08,0.02,0.0,4,1.0999999999999999,1.0,1.0,0,canopy_dew_first_v1,False,126,1.0,720,False,248,0.375,0,72,0,320,72,72,dry=0.02|dry_vent=0.00|dew=0.08|canopy=0.12
0.0,22,0.1746031746031746,22,0.1,0.02,0.0,4,1.4,0.0,0.0,0,canopy_dew_first_v1,False,126,0.55,720,False,248,0.55,0,22,0,270,22,22,dry=0.02|dry_vent=0.00|dew=0.10|canopy=0.00
0.04,22,0.1746031746031746,22,0.1,0.02,0.0,4,1.4,0.0,0.0,0,canopy_dew_first_v1,False,126,0.55,720,False,248,0.55,0,22,0,270,22,22,dry=0.02|dry_vent=0.00|dew=0.10|canopy=0.04
0.06,41,0.3253968253968254,41,0.1,0.02,0.0,2,0.8705128205128204,1.0,0.6666666666666666,0,canopy_dew_first_v1,False,126,0.6666666666666666,720,False,248,0.55,0,41,0,289,41,41,dry=0.02|dry_vent=0.00|dew=0.10|canopy=0.06
0.08,44,0.3492063492063492,44,0.1,0.02,0.0,2,0.7935897435897435,1.0,0.6666666666666666,0,canopy_dew_first_v1,False,126,0.6666666666666666,720,False,248,0.55,0,44,0,292,44,44,dry=0.02|dry_vent=0.00|dew=0.10|canopy=0.08
0.1,48,0.38095238095238093,48,0.1,0.02,0.0,2,0.7,1.0,0.6666666666666666,0,canopy_dew_first_v1,False,126,0.6666666666666666,720,False,248,0.55,0,48,0,296,48,48,dry=0.02|dry_vent=0.00|dew=0.10|canopy=0.10
0.12,79,0.626984126984127,79,0.1,0.02,0.0,4,1.0999999999999999,1.0,1.0,0,canopy_dew_first_v1,False,126,1.0,720,False,248,0.55,0,79,0,327,79,79,dry=0.02|dry_vent=0.00|dew=0.10|canopy=0.12
0.0,40,0.31746031746031744,40,0.12,0.02,0.0,5,1.5999999999999999,0.0,0.0,0,canopy_dew_first_v1,False,126,1.0,720,False,248,1.0,0,40,0,288,40,40,dry=0.02|dry_vent=0.00|dew=0.12|canopy=0.00
0.04,40,0.31746031746031744,40,0.12,0.02,0.0,5,1.5999999999999999,0.0,0.0,0,canopy_dew_first_v1,False,126,1.0,720,False,248,1.0,0,40,0,288,40,40,dry=0.02|dry_vent=0.00|dew=0.12|canopy=0.04
0.06,59,0.46825396825396826,59,0.12,0.02,0.0,3,1.0705128205128205,1.0,0.6666666666666666,0,canopy_dew_first_v1,False,126,1.0,720,False,248,1.0,0,59,0,307,59,59,dry=0.02|dry_vent=0.00|dew=0.12|canopy=0.06
0.08,62,0.49206349206349204,62,0.12,0.02,0.0,3,0.9935897435897435,1.0,0.6666666666666666,0,canopy_dew_first_v1,False,126,1.0,720,False,248,1.0,0,62,0,310,62,62,dry=0.02|dry_vent=0.00|dew=0.12|canopy=0.08
0.1,66,0.5238095238095238,66,0.12,0.02,0.0,3,0.8999999999999999,1.0,0.6666666666666666,0,canopy_dew_first_v1,False,126,1.0,720,False,248,1.0,0,66,0,314,66,66,dry=0.02|dry_vent=0.00|dew=0.12|canopy=0.10
0.12,97,0.7698412698412699,97,0.12,0.02,0.0,5,1.2999999999999998,1.0,1.0,0,canopy_dew_first_v1,False,126,1.0,720,False,248,1.0,0,97,0,345,97,97,dry=0.02|dry_vent=0.00|dew=0.12|canopy=0.12
0.0,0,0.0,0,0.0,0.02,0.02,5,1.75,0.0,0.0,0,canopy_dew_first_v1,False,126,0.0,720,False,248,0.0,0,0,0,248,0,0,dry=0.02|dry_vent=0.02|dew=0.00|canopy=0.00
0.04,0,0.0,0,0.0,0.02,0.02,5,1.75,0.0,0.0,0,canopy_dew_first_v1,False,126,0.0,720,False,248,0.0,0,0,0,248,0,0,dry=0.02|dry_vent=0.02|dew=0.00|canopy=0.04
0.06,19,0.15079365079365079,19,0.0,0.02,0.02,3,1.2205128205128204,1.0,0.6666666666666666,0,canopy_dew_first_v1,False,126,0.6666666666666666,720,False,248,0.0,0,19,0,267,19,19,dry=0.02|dry_vent=0.02|dew=0.00|canopy=0.06
0.08,22,0.1746031746031746,22,0.0,0.02,0.02,3,1.1435897435897435,1.0,0.6666666666666666,0,canopy_dew_first_v1,False,126,0.6666666666666666,720,False,248,0.0,0,22,0,270,22,22,dry=0.02|dry_vent=0.02|dew=0.00|canopy=0.08
0.1,26,0.20634920634920634,26,0.0,0.02,0.02,3,1.0499999999999998,1.0,0.6666666666666666,0,canopy_dew_first_v1,False,126,0.6666666666666666,720,False,248,0.0,0,26,0,274,26,26,dry=0.02|dry_vent=0.02|dew=0.00|canopy=0.10
0.12,57,0.4523809523809524,57,0.0,0.02,0.02,5,1.4499999999999997,1.0,1.0,0,canopy_dew_first_v1,False,126,1.0,720,False,248,0.0,0,57,0,305,57,57,dry=0.02|dry_vent=0.02|dew=0.00|canopy=0.12
0.0,0,0.0,0,0.04,0.02,0.02,5,1.75,0.0,0.0,0,canopy_dew_first_v1,False,126,0.0,720,False,248,0.0,0,0,0,248,0,0,dry=0.02|dry_vent=0.02|dew=0.04|canopy=0.00
0.04,0,0.0,0,0.04,0.02,0.02,5,1.75,0.0,0.0,0,canopy_dew_first_v1,False,126,0.0,720,False,248,0.0,0,0,0,248,0,0,dry=0.02|dry_vent=0.02|dew=0.04|canopy=0.04
0.06,19,0.15079365079365079,19,0.04,0.02,0.02,3,1.2205128205128204,1.0,0.6666666666666666,0,canopy_dew_first_v1,False,126,0.6666666666666666,720,False,248,0.0,0,19,0,267,19,19,dry=0.02|dry_vent=0.02|dew=0.04|canopy=0.06
0.08,22,0.1746031746031746,22,0.04,0.02,0.02,3,1.1435897435897435,1.0,0.6666666666666666,0,canopy_dew_first_v1,False,126,0.6666666666666666,720,False,248,0.0,0,22,0,270,22,22,dry=0.02|dry_vent=0.02|dew=0.04|canopy=0.08
0.1,26,0.20634920634920634,26,0.04,0.02,0.02,3,1.0499999999999998,1.0,0.6666666666666666,0,canopy_dew_first_v1,False,126,0.6666666666666666,720,False,248,0.0,0,26,0,274,26,26,dry=0.02|dry_vent=0.02|dew=0.04|canopy=0.10
0.12,57,0.4523809523809524,57,0.04,0.02,0.02,5,1.4499999999999997,1.0,1.0,0,canopy_dew_first_v1,False,126,1.0,720,False,248,0.0,0,57,0,305,57,57,dry=0.02|dry_vent=0.02|dew=0.04|canopy=0.12
0.0,0,0.0,0,0.06,0.02,0.02,5,1.75,0.0,0.0,0,canopy_dew_first_v1,False,126,0.0,720,False,248,0.0,0,0,0,248,0,0,dry=0.02|dry_vent=0.02|dew=0.06|canopy=0.00
0.04,0,0.0,0,0.06,0.02,0.02,5,1.75,0.0,0.0,0,canopy_dew_first_v1,False,126,0.0,720,False,248,0.0,0,0,0,248,0,0,dry=0.02|dry_vent=0.02|dew=0.06|canopy=0.04
0.06,19,0.15079365079365079,19,0.06,0.02,0.02,3,1.2205128205128204,1.0,0.6666666666666666,0,canopy_dew_first_v1,False,126,0.6666666666666666,720,False,248,0.0,0,19,0,267,19,19,dry=0.02|dry_vent=0.02|dew=0.06|canopy=0.06
0.08,22,0.1746031746031746,22,0.06,0.02,0.02,3,1.1435897435897435,1.0,0.6666666666666666,0,canopy_dew_first_v1,False,126,0.6666666666666666,720,False,248,0.0,0,22,0,270,22,22,dry=0.02|dry_vent=0.02|dew=0.06|canopy=0.08
0.1,26,0.20634920634920634,26,0.06,0.02,0.02,3,1.0499999999999998,1.0,0.6666666666666666,0,canopy_dew_first_v1,False,126,0.6666666666666666,720,False,248,0.0,0,26,0,274,26,26,dry=0.02|dry_vent=0.02|dew=0.06|canopy=0.10
0.12,57,0.4523809523809524,57,0.06,0.02,0.02,5,1.4499999999999997,1.0,1.0,0,canopy_dew_first_v1,False,126,1.0,720,False,248,0.0,0,57,0,305,57,57,dry=0.02|dry_vent=0.02|dew=0.06|canopy=0.12
0.0,15,0.11904761904761904,15,0.08,0.02,0.02,4,1.4,0.0,0.0,0,canopy_dew_first_v1,False,126,0.375,720,False,248,0.375,0,15,0,263,15,15,dry=0.02|dry_vent=0.02|dew=0.08|canopy=0.00
0.04,15,0.11904761904761904,15,0.08,0.02,0.02,4,1.4,0.0,0.0,0,canopy_dew_first_v1,False,126,0.375,720,False,248,0.375,0,15,0,263,15,15,dry=0.02|dry_vent=0.02|dew=0.08|canopy=0.04
0.06,34,0.2698412698412698,34,0.08,0.02,0.02,2,0.8705128205128204,1.0,0.6666666666666666,0,canopy_dew_first_v1,False,126,0.6666666666666666,720,False,248,0.375,0,34,0,282,34,34,dry=0.02|dry_vent=0.02|dew=0.08|canopy=0.06
0.08,37,0.29365079365079366,37,0.08,0.02,0.02,2,0.7935897435897435,1.0,0.6666666666666666,0,canopy_dew_first_v1,False,126,0.6666666666666666,720,False,248,0.375,0,37,0,285,37,37,dry=0.02|dry_vent=0.02|dew=0.08|canopy=0.08
0.1,41,0.3253968253968254,41,0.08,0.02,0.02,2,0.7,1.0,0.6666666666666666,0,canopy_dew_first_v1,False,126,0.6666666666666666,720,False,248,0.375,0,41,0,289,41,41,dry=0.02|dry_vent=0.02|dew=0.08|canopy=0.10
0.12,72,0.5714285714285714,72,0.08,0.02,0.02,4,1.0999999999999999,1.0,1.0,0,canopy_dew_first_v1,False,126,1.0,720,False,248,0.375,0,72,0,320,72,72,dry=0.02|dry_vent=0.02|dew=0.08|canopy=0.12
0.0,22,0.1746031746031746,22,0.1,0.02,0.02,4,1.4,0.0,0.0,0,canopy_dew_first_v1,False,126,0.55,720,False,248,0.55,0,22,0,270,22,22,dry=0.02|dry_vent=0.02|dew=0.10|canopy=0.00
0.04,22,0.1746031746031746,22,0.1,0.02,0.02,4,1.4,0.0,0.0,0,canopy_dew_first_v1,False,126,0.55,720,False,248,0.55,0,22,0,270,22,22,dry=0.02|dry_vent=0.02|dew=0.10|canopy=0.04
0.06,41,0.3253968253968254,41,0.1,0.02,0.02,2,0.8705128205128204,1.0,0.6666666666666666,0,canopy_dew_first_v1,False,126,0.6666666666666666,720,False,248,0.55,0,41,0,289,41,41,dry=0.02|dry_vent=0.02|dew=0.10|canopy=0.06
0.08,44,0.3492063492063492,44,0.1,0.02,0.02,2,0.7935897435897435,1.0,0.6666666666666666,0,canopy_dew_first_v1,False,126,0.6666666666666666,720,False,248,0.55,0,44,0,292,44,44,dry=0.02|dry_vent=0.02|dew=0.10|canopy=0.08
0.1,48,0.38095238095238093,48,0.1,0.02,0.02,2,0.7,1.0,0.6666666666666666,0,canopy_dew_first_v1,False,126,0.6666666666666666,720,False,248,0.55,0,48,0,296,48,48,dry=0.02|dry_vent=0.02|dew=0.10|canopy=0.10
0.12,79,0.626984126984127,79,0.1,0.02,0.02,4,1.0999999999999999,1.0,1.0,0,canopy_dew_first_v1,False,126,1.0,720,False,248,0.55,0,79,0,327,79,79,dry=0.02|dry_vent=0.02|dew=0.10|canopy=0.12
0.0,40,0.31746031746031744,40,0.12,0.02,0.02,5,1.5999999999999999,0.0,0.0,0,canopy_dew_first_v1,False,126,1.0,720,False,248,1.0,0,40,0,288,40,40,dry=0.02|dry_vent=0.02|dew=0.12|canopy=0.00
0.04,40,0.31746031746031744,40,0.12,0.02,0.02,5,1.5999999999999999,0.0,0.0,0,canopy_dew_first_v1,False,126,1.0,720,False,248,1.0,0,40,0,288,40,40,dry=0.02|dry_vent=0.02|dew=0.12|canopy=0.04
0.06,59,0.46825396825396826,59,0.12,0.02,0.02,3,1.0705128205128205,1.0,0.6666666666666666,0,canopy_dew_first_v1,False,126,1.0,720,False,248,1.0,0,59,0,307,59,59,dry=0.02|dry_vent=0.02|dew=0.12|canopy=0.06
0.08,62,0.49206349206349204,62,0.12,0.02,0.02,3,0.9935897435897435,1.0,0.6666666666666666,0,canopy_dew_first_v1,False,126,1.0,720,False,248,1.0,0,62,0,310,62,62,dry=0.02|dry_vent=0.02|dew=0.12|canopy=0.08
0.1,66,0.5238095238095238,66,0.12,0.02,0.02,3,0.8999999999999999,1.0,0.6666666666666666,0,canopy_dew_first_v1,False,126,1.0,720,False,248,1.0,0,66,0,314,66,66,dry=0.02|dry_vent=0.02|dew=0.12|canopy=0.10
0.12,97,0.7698412698412699,97,0.12,0.02,0.02,5,1.2999999999999998,1.0,1.0,0,canopy_dew_first_v1,False,126,1.0,720,False,248,1.0,0,97,0,345,97,97,dry=0.02|dry_vent=0.02|dew=0.12|canopy=0.12
0.0,0,0.0,0,0.0,0.02,0.04,5,1.75,0.0,0.0,0,canopy_dew_first_v1,False,126,0.0,720,False,248,0.0,0,0,0,248,0,0,dry=0.02|dry_vent=0.04|dew=0.00|canopy=0.00
0.04,0,0.0,0,0.0,0.02,0.04,5,1.75,0.0,0.0,0,canopy_dew_first_v1,False,126,0.0,720,False,248,0.0,0,0,0,248,0,0,dry=0.02|dry_vent=0.04|dew=0.00|canopy=0.04
0.06,19,0.15079365079365079,19,0.0,0.02,0.04,3,1.2205128205128204,1.0,0.6666666666666666,0,canopy_dew_first_v1,False,126,0.6666666666666666,720,False,248,0.0,0,19,0,267,19,19,dry=0.02|dry_vent=0.04|dew=0.00|canopy=0.06
0.08,22,0.1746031746031746,22,0.0,0.02,0.04,3,1.1435897435897435,1.0,0.6666666666666666,0,canopy_dew_first_v1,False,126,0.6666666666666666,720,False,248,0.0,0,22,0,270,22,22,dry=0.02|dry_vent=0.04|dew=0.00|canopy=0.08
0.1,26,0.20634920634920634,26,0.0,0.02,0.04,3,1.0499999999999998,1.0,0.6666666666666666,0,canopy_dew_first_v1,False,126,0.6666666666666666,720,False,248,0.0,0,26,0,274,26,26,dry=0.02|dry_vent=0.04|dew=0.00|canopy=0.10
0.12,57,0.4523809523809524,57,0.0,0.02,0.04,5,1.4499999999999997,1.0,1.0,0,canopy_dew_first_v1,False,126,1.0,720,False,248,0.0,0,57,0,305,57,57,dry=0.02|dry_vent=0.04|dew=0.00|canopy=0.12
0.0,0,0.0,0,0.04,0.02,0.04,5,1.75,0.0,0.0,0,canopy_dew_first_v1,False,126,0.0,720,False,248,0.0,0,0,0,248,0,0,dry=0.02|dry_vent=0.04|dew=0.04|canopy=0.00
0.04,0,0.0,0,0.04,0.02,0.04,5,1.75,0.0,0.0,0,canopy_dew_first_v1,False,126,0.0,720,False,248,0.0,0,0,0,248,0,0,dry=0.02|dry_vent=0.04|dew=0.04|canopy=0.04
0.06,19,0.15079365079365079,19,0.04,0.02,0.04,3,1.2205128205128204,1.0,0.6666666666666666,0,canopy_dew_first_v1,False,126,0.6666666666666666,720,False,248,0.0,0,19,0,267,19,19,dry=0.02|dry_vent=0.04|dew=0.04|canopy=0.06
0.08,22,0.1746031746031746,22,0.04,0.02,0.04,3,1.1435897435897435,1.0,0.6666666666666666,0,canopy_dew_first_v1,False,126,0.6666666666666666,720,False,248,0.0,0,22,0,270,22,22,dry=0.02|dry_vent=0.04|dew=0.04|canopy=0.08
0.1,26,0.20634920634920634,26,0.04,0.02,0.04,3,1.0499999999999998,1.0,0.6666666666666666,0,canopy_dew_first_v1,False,126,0.6666666666666666,720,False,248,0.0,0,26,0,274,26,26,dry=0.02|dry_vent=0.04|dew=0.04|canopy=0.10
0.12,57,0.4523809523809524,57,0.04,0.02,0.04,5,1.4499999999999997,1.0,1.0,0,canopy_dew_first_v1,False,126,1.0,720,False,248,0.0,0,57,0,305,57,57,dry=0.02|dry_vent=0.04|dew=0.04|canopy=0.12
0.0,0,0.0,0,0.06,0.02,0.04,5,1.75,0.0,0.0,0,canopy_dew_first_v1,False,126,0.0,720,False,248,0.0,0,0,0,248,0,0,dry=0.02|dry_vent=0.04|dew=0.06|canopy=0.00
0.04,0,0.0,0,0.06,0.02,0.04,5,1.75,0.0,0.0,0,canopy_dew_first_v1,False,126,0.0,720,False,248,0.0,0,0,0,248,0,0,dry=0.02|dry_vent=0.04|dew=0.06|canopy=0.04
0.06,19,0.15079365079365079,19,0.06,0.02,0.04,3,1.2205128205128204,1.0,0.6666666666666666,0,canopy_dew_first_v1,False,126,0.6666666666666666,720,False,248,0.0,0,19,0,267,19,19,dry=0.02|dry_vent=0.04|dew=0.06|canopy=0.06
0.08,22,0.1746031746031746,22,0.06,0.02,0.04,3,1.1435897435897435,1.0,0.6666666666666666,0,canopy_dew_first_v1,False,126,0.6666666666666666,720,False,248,0.0,0,22,0,270,22,22,dry=0.02|dry_vent=0.04|dew=0.06|canopy=0.08
0.1,26,0.20634920634920634,26,0.06,0.02,0.04,3,1.0499999999999998,1.0,0.6666666666666666,0,canopy_dew_first_v1,False,126,0.6666666666666666,720,False,248,0.0,0,26,0,274,26,26,dry=0.02|dry_vent=0.04|dew=0.06|canopy=0.10
0.12,57,0.4523809523809524,57,0.06,0.02,0.04,5,1.4499999999999997,1.0,1.0,0,canopy_dew_first_v1,False,126,1.0,720,False,248,0.0,0,57,0,305,57,57,dry=0.02|dry_vent=0.04|dew=0.06|canopy=0.12
0.0,15,0.11904761904761904,15,0.08,0.02,0.04,4,1.4,0.0,0.0,0,canopy_dew_first_v1,False,126,0.375,720,False,248,0.375,0,15,0,263,15,15,dry=0.02|dry_vent=0.04|dew=0.08|canopy=0.00
0.04,15,0.11904761904761904,15,0.08,0.02,0.04,4,1.4,0.0,0.0,0,canopy_dew_first_v1,False,126,0.375,720,False,248,0.375,0,15,0,263,15,15,dry=0.02|dry_vent=0.04|dew=0.08|canopy=0.04
0.06,34,0.2698412698412698,34,0.08,0.02,0.04,2,0.8705128205128204,1.0,0.6666666666666666,0,canopy_dew_first_v1,False,126,0.6666666666666666,720,False,248,0.375,0,34,0,282,34,34,dry=0.02|dry_vent=0.04|dew=0.08|canopy=0.06
0.08,37,0.29365079365079366,37,0.08,0.02,0.04,2,0.7935897435897435,1.0,0.6666666666666666,0,canopy_dew_first_v1,False,126,0.6666666666666666,720,False,248,0.375,0,37,0,285,37,37,dry=0.02|dry_vent=0.04|dew=0.08|canopy=0.08
0.1,41,0.3253968253968254,41,0.08,0.02,0.04,2,0.7,1.0,0.6666666666666666,0,canopy_dew_first_v1,False,126,0.6666666666666666,720,False,248,0.375,0,41,0,289,41,41,dry=0.02|dry_vent=0.04|dew=0.08|canopy=0.10
0.12,72,0.5714285714285714,72,0.08,0.02,0.04,4,1.0999999999999999,1.0,1.0,0,canopy_dew_first_v1,False,126,1.0,720,False,248,0.375,0,72,0,320,72,72,dry=0.02|dry_vent=0.04|dew=0.08|canopy=0.12
0.0,22,0.1746031746031746,22,0.1,0.02,0.04,4,1.4,0.0,0.0,0,canopy_dew_first_v1,False,126,0.55,720,False,248,0.55,0,22,0,270,22,22,dry=0.02|dry_vent=0.04|dew=0.10|canopy=0.00
0.04,22,0.1746031746031746,22,0.1,0.02,0.04,4,1.4,0.0,0.0,0,canopy_dew_first_v1,False,126,0.55,720,False,248,0.55,0,22,0,270,22,22,dry=0.02|dry_vent=0.04|dew=0.10|canopy=0.04
0.06,41,0.3253968253968254,41,0.1,0.02,0.04,2,0.8705128205128204,1.0,0.6666666666666666,0,canopy_dew_first_v1,False,126,0.6666666666666666,720,False,248,0.55,0,41,0,289,41,41,dry=0.02|dry_vent=0.04|dew=0.10|canopy=0.06
0.08,44,0.3492063492063492,44,0.1,0.02,0.04,2,0.7935897435897435,1.0,0.6666666666666666,0,canopy_dew_first_v1,False,126,0.6666666666666666,720,False,248,0.55,0,44,0,292,44,44,dry=0.02|dry_vent=0.04|dew=0.10|canopy=0.08
0.1,48,0.38095238095238093,48,0.1,0.02,0.04,2,0.7,1.0,0.6666666666666666,0,canopy_dew_first_v1,False,126,0.6666666666666666,720,False,248,0.55,0,48,0,296,48,48,dry=0.02|dry_vent=0.04|dew=0.10|canopy=0.10
0.12,79,0.626984126984127,79,0.1,0.02,0.04,4,1.0999999999999999,1.0,1.0,0,canopy_dew_first_v1,False,126,1.0,720,False,248,0.55,0,79,0,327,79,79,dry=0.02|dry_vent=0.04|dew=0.10|canopy=0.12
0.0,40,0.31746031746031744,40,0.12,0.02,0.04,5,1.5999999999999999,0.0,0.0,0,canopy_dew_first_v1,False,126,1.0,720,False,248,1.0,0,40,0,288,40,40,dry=0.02|dry_vent=0.04|dew=0.12|canopy=0.00
0.04,40,0.31746031746031744,40,0.12,0.02,0.04,5,1.5999999999999999,0.0,0.0,0,canopy_dew_first_v1,False,126,1.0,720,False,248,1.0,0,40,0,288,40,40,dry=0.02|dry_vent=0.04|dew=0.12|canopy=0.04
0.06,59,0.46825396825396826,59,0.12,0.02,0.04,3,1.0705128205128205,1.0,0.6666666666666666,0,canopy_dew_first_v1,False,126,1.0,720,False,248,1.0,0,59,0,307,59,59,dry=0.02|dry_vent=0.04|dew=0.12|canopy=0.06
0.08,62,0.49206349206349204,62,0.12,0.02,0.04,3,0.9935897435897435,1.0,0.6666666666666666,0,canopy_dew_first_v1,False,126,1.0,720,False,248,1.0,0,62,0,310,62,62,dry=0.02|dry_vent=0.04|dew=0.12|canopy=0.08
0.1,66,0.5238095238095238,66,0.12,0.02,0.04,3,0.8999999999999999,1.0,0.6666666666666666,0,canopy_dew_first_v1,False,126,1.0,720,False,248,1.0,0,66,0,314,66,66,dry=0.02|dry_vent=0.04|dew=0.12|canopy=0.10
0.12,97,0.7698412698412699,97,0.12,0.02,0.04,5,1.2999999999999998,1.0,1.0,0,canopy_dew_first_v1,False,126,1.0,720,False,248,1.0,0,97,0,345,97,97,dry=0.02|dry_vent=0.04|dew=0.12|canopy=0.12
0.0,21,0.16666666666666666,21,0.0,0.02,0.06,5,1.5999999999999999,1.0,1.0,0,canopy_dew_first_v1,False,126,1.0,720,False,248,0.0,0,21,0,269,21,21,dry=0.02|dry_vent=0.06|dew=0.00|canopy=0.00
0.04,21,0.16666666666666666,21,0.0,0.02,0.06,5,1.5999999999999999,1.0,1.0,0,canopy_dew_first_v1,False,126,1.0,720,False,248,0.0,0,21,0,269,21,21,dry=0.02|dry_vent=0.06|dew=0.00|canopy=0.04
0.06,40,0.31746031746031744,40,0.0,0.02,0.06,3,1.0705128205128205,1.0,0.8205128205128205,0,canopy_dew_first_v1,False,126,1.0,720,False,248,0.0,0,40,0,288,40,40,dry=0.02|dry_vent=0.06|dew=0.00|canopy=0.06
0.08,43,0.3412698412698413,43,0.0,0.02,0.06,3,0.9935897435897435,1.0,0.7435897435897436,0,canopy_dew_first_v1,False,126,1.0,720,False,248,0.0,0,43,0,291,43,43,dry=0.02|dry_vent=0.06|dew=0.00|canopy=0.08
0.1,47,0.373015873015873,47,0.0,0.02,0.06,3,0.8999999999999999,1.0,0.641025641025641,0,canopy_dew_first_v1,False,126,1.0,720,False,248,0.0,0,47,0,295,47,47,dry=0.02|dry_vent=0.06|dew=0.00|canopy=0.10
0.12,78,0.6190476190476191,78,0.0,0.02,0.06,5,1.2999999999999998,0.0,0.0,0,canopy_dew_first_v1,False,126,1.0,720,False,248,0.0,0,78,0,326,78,78,dry=0.02|dry_vent=0.06|dew=0.00|canopy=0.12
0.0,21,0.16666666666666666,21,0.04,0.02,0.06,5,1.5999999999999999,1.0,1.0,0,canopy_dew_first_v1,False,126,1.0,720,False,248,0.0,0,21,0,269,21,21,dry=0.02|dry_vent=0.06|dew=0.04|canopy=0.00
0.04,21,0.16666666666666666,21,0.04,0.02,0.06,5,1.5999999999999999,1.0,1.0,0,canopy_dew_first_v1,False,126,1.0,720,False,248,0.0,0,21,0,269,21,21,dry=0.02|dry_vent=0.06|dew=0.04|canopy=0.04
0.06,40,0.31746031746031744,40,0.04,0.02,0.06,3,1.0705128205128205,1.0,0.8205128205128205,0,canopy_dew_first_v1,False,126,1.0,720,False,248,0.0,0,40,0,288,40,40,dry=0.02|dry_vent=0.06|dew=0.04|canopy=0.06
0.08,43,0.3412698412698413,43,0.04,0.02,0.06,3,0.9935897435897435,1.0,0.7435897435897436,0,canopy_dew_first_v1,False,126,1.0,720,False,248,0.0,0,43,0,291,43,43,dry=0.02|dry_vent=0.06|dew=0.04|canopy=0.08
0.1,47,0.373015873015873,47,0.04,0.02,0.06,3,0.8999999999999999,1.0,0.641025641025641,0,canopy_dew_first_v1,False,126,1.0,720,False,248,0.0,0,47,0,295,47,47,dry=0.02|dry_vent=0.06|dew=0.04|canopy=0.10
0.12,78,0.6190476190476191,78,0.04,0.02,0.06,5,1.2999999999999998,0.0,0.0,0,canopy_dew_first_v1,False,126,1.0,720,False,248,0.0,0,78,0,326,78,78,dry=0.02|dry_vent=0.06|dew=0.04|canopy=0.12
0.0,21,0.16666666666666666,21,0.06,0.02,0.06,5,1.5999999999999999,1.0,1.0,0,canopy_dew_first_v1,False,126,1.0,720,False,248,0.0,0,21,0,269,21,21,dry=0.02|dry_vent=0.06|dew=0.06|canopy=0.00
0.04,21,0.16666666666666666,21,0.06,0.02,0.06,5,1.5999999999999999,1.0,1.0,0,canopy_dew_first_v1,False,126,1.0,720,False,248,0.0,0,21,0,269,21,21,dry=0.02|dry_vent=0.06|dew=0.06|canopy=0.04
0.06,40,0.31746031746031744,40,0.06,0.02,0.06,3,1.0705128205128205,1.0,0.8205128205128205,0,canopy_dew_first_v1,False,126,1.0,720,False,248,0.0,0,40,0,288,40,40,dry=0.02|dry_vent=0.06|dew=0.06|canopy=0.06
0.08,43,0.3412698412698413,43,0.06,0.02,0.06,3,0.9935897435897435,1.0,0.7435897435897436,0,canopy_dew_first_v1,False,126,1.0,720,False,248,0.0,0,43,0,291,43,43,dry=0.02|dry_vent=0.06|dew=0.06|canopy=0.08
0.1,47,0.373015873015873,47,0.06,0.02,0.06,3,0.8999999999999999,1.0,0.641025641025641,0,canopy_dew_first_v1,False,126,1.0,720,False,248,0.0,0,47,0,295,47,47,dry=0.02|dry_vent=0.06|dew=0.06|canopy=0.10
0.12,78,0.6190476190476191,78,0.06,0.02,0.06,5,1.2999999999999998,0.0,0.0,0,canopy_dew_first_v1,False,126,1.0,720,False,248,0.0,0,78,0,326,78,78,dry=0.02|dry_vent=0.06|dew=0.06|canopy=0.12
0.0,36,0.2857142857142857,36,0.08,0.02,0.06,4,1.25,1.0,1.0,0,canopy_dew_first_v1,False,126,1.0,720,False,248,0.375,0,36,0,284,36,36,dry=0.02|dry_vent=0.06|dew=0.08|canopy=0.00
0.04,36,0.2857142857142857,36,0.08,0.02,0.06,4,1.25,1.0,1.0,0,canopy_dew_first_v1,False,126,1.0,720,False,248,0.375,0,36,0,284,36,36,dry=0.02|dry_vent=0.06|dew=0.08|canopy=0.04
0.06,55,0.4365079365079365,55,0.08,0.02,0.06,2,0.7205128205128204,1.0,0.8205128205128205,0,canopy_dew_first_v1,False,126,1.0,720,False,248,0.375,0,55,0,303,55,55,dry=0.02|dry_vent=0.06|dew=0.08|canopy=0.06
0.08,58,0.4603174603174603,58,0.08,0.02,0.06,2,0.6435897435897435,1.0,0.7435897435897436,0,canopy_dew_first_v1,False,126,1.0,720,False,248,0.375,0,58,0,306,58,58,dry=0.02|dry_vent=0.06|dew=0.08|canopy=0.08
0.1,62,0.49206349206349204,62,0.08,0.02,0.06,2,0.5499999999999999,1.0,0.641025641025641,0,canopy_dew_first_v1,False,126,1.0,720,False,248,0.375,0,62,0,310,62,62,dry=0.02|dry_vent=0.06|dew=0.08|canopy=0.10
0.12,93,0.7380952380952381,93,0.08,0.02,0.06,4,0.9499999999999998,0.0,0.0,0,canopy_dew_first_v1,False,126,1.0,720,False,248,0.375,0,93,0,341,93,93,dry=0.02|dry_vent=0.06|dew=0.08|canopy=0.12
0.0,43,0.3412698412698413,43,0.1,0.02,0.06,4,1.25,1.0,1.0,0,canopy_dew_first_v1,False,126,1.0,720,False,248,0.55,0,43,0,291,43,43,dry=0.02|dry_vent=0.06|dew=0.10|canopy=0.00
0.04,43,0.3412698412698413,43,0.1,0.02,0.06,4,1.25,1.0,1.0,0,canopy_dew_first_v1,False,126,1.0,720,False,248,0.55,0,43,0,291,43,43,dry=0.02|dry_vent=0.06|dew=0.10|canopy=0.04
0.06,62,0.49206349206349204,62,0.1,0.02,0.06,2,0.7205128205128204,1.0,0.8205128205128205,0,canopy_dew_first_v1,False,126,1.0,720,False,248,0.55,0,62,0,310,62,62,dry=0.02|dry_vent=0.06|dew=0.10|canopy=0.06
0.08,65,0.5158730158730159,65,0.1,0.02,0.06,2,0.6435897435897435,1.0,0.7435897435897436,0,canopy_dew_first_v1,False,126,1.0,720,False,248,0.55,0,65,0,313,65,65,dry=0.02|dry_vent=0.06|dew=0.10|canopy=0.08
0.1,69,0.5476190476190477,69,0.1,0.02,0.06,2,0.5499999999999999,1.0,0.641025641025641,0,canopy_dew_first_v1,False,126,1.0,720,False,248,0.55,0,69,0,317,69,69,dry=0.02|dry_vent=0.06|dew=0.10|canopy=0.10
0.12,100,0.7936507936507936,100,0.1,0.02,0.06,4,0.9499999999999998,0.0,0.0,0,canopy_dew_first_v1,False,126,1.0,720,False,248,0.55,0,100,0,348,100,100,dry=0.02|dry_vent=0.06|dew=0.10|canopy=0.12
0.0,61,0.48412698412698413,61,0.12,0.02,0.06,5,1.4499999999999997,1.0,1.0,0,canopy_dew_first_v1,False,126,1.0,720,False,248,1.0,0,61,0,309,61,61,dry=0.02|dry_vent=0.06|dew=0.12|canopy=0.00
0.04,61,0.48412698412698413,61,0.12,0.02,0.06,5,1.4499999999999997,1.0,1.0,0,canopy_dew_first_v1,False,126,1.0,720,False,248,1.0,0,61,0,309,61,61,dry=0.02|dry_vent=0.06|dew=0.12|canopy=0.04
0.06,80,0.6349206349206349,80,0.12,0.02,0.06,3,0.9205128205128204,1.0,0.8205128205128205,0,canopy_dew_first_v1,False,126,1.0,720,False,248,1.0,0,80,0,328,80,80,dry=0.02|dry_vent=0.06|dew=0.12|canopy=0.06
0.08,83,0.6587301587301587,83,0.12,0.02,0.06,3,0.8435897435897435,1.0,0.7435897435897436,0,canopy_dew_first_v1,False,126,1.0,720,False,248,1.0,0,83,0,331,83,83,dry=0.02|dry_vent=0.06|dew=0.12|canopy=0.08
0.1,87,0.6904761904761905,87,0.12,0.02,0.06,3,0.7499999999999999,1.0,0.641025641025641,0,canopy_dew_first_v1,False,126,1.0,720,False,248,1.0,0,87,0,335,87,87,dry=0.02|dry_vent=0.06|dew=0.12|canopy=0.10
0.12,118,0.9365079365079365,118,0.12,0.02,0.06,5,1.15,0.0,0.0,0,canopy_dew_first_v1,True,126,1.0,720,False,248,1.0,0,118,0,366,118,118,dry=0.02|dry_vent=0.06|dew=0.12|canopy=0.12
0.0,0,0.0,0,0.0,0.04,0.0,5,1.75,0.0,0.0,0,canopy_dew_first_v1,False,126,0.0,720,False,248,0.0,0,0,0,248,0,0,dry=0.04|dry_vent=0.00|dew=0.00|canopy=0.00
0.04,0,0.0,0,0.0,0.04,0.0,5,1.75,0.0,0.0,0,canopy_dew_first_v1,False,126,0.0,720,False,248,0.0,0,0,0,248,0,0,dry=0.04|dry_vent=0.00|dew=0.00|canopy=0.04
0.06,19,0.15079365079365079,19,0.0,0.04,0.0,3,1.2205128205128204,1.0,0.6666666666666666,0,canopy_dew_first_v1,False,126,0.6666666666666666,720,False,248,0.0,0,19,0,267,19,19,dry=0.04|dry_vent=0.00|dew=0.00|canopy=0.06
0.08,22,0.1746031746031746,22,0.0,0.04,0.0,3,1.1435897435897435,1.0,0.6666666666666666,0,canopy_dew_first_v1,False,126,0.6666666666666666,720,False,248,0.0,0,22,0,270,22,22,dry=0.04|dry_vent=0.00|dew=0.00|canopy=0.08
0.1,26,0.20634920634920634,26,0.0,0.04,0.0,3,1.0499999999999998,1.0,0.6666666666666666,0,canopy_dew_first_v1,False,126,0.6666666666666666,720,False,248,0.0,0,26,0,274,26,26,dry=0.04|dry_vent=0.00|dew=0.00|canopy=0.10
0.12,57,0.4523809523809524,57,0.0,0.04,0.0,5,1.4499999999999997,1.0,1.0,0,canopy_dew_first_v1,False,126,1.0,720,False,248,0.0,0,57,0,305,57,57,dry=0.04|dry_vent=0.00|dew=0.00|canopy=0.12
0.0,0,0.0,0,0.04,0.04,0.0,5,1.75,0.0,0.0,0,canopy_dew_first_v1,False,126,0.0,720,False,248,0.0,0,0,0,248,0,0,dry=0.04|dry_vent=0.00|dew=0.04|canopy=0.00
0.04,0,0.0,0,0.04,0.04,0.0,5,1.75,0.0,0.0,0,canopy_dew_first_v1,False,126,0.0,720,False,248,0.0,0,0,0,248,0,0,dry=0.04|dry_vent=0.00|dew=0.04|canopy=0.04
0.06,19,0.15079365079365079,19,0.04,0.04,0.0,3,1.2205128205128204,1.0,0.6666666666666666,0,canopy_dew_first_v1,False,126,0.6666666666666666,720,False,248,0.0,0,19,0,267,19,19,dry=0.04|dry_vent=0.00|dew=0.04|canopy=0.06
0.08,22,0.1746031746031746,22,0.04,0.04,0.0,3,1.1435897435897435,1.0,0.6666666666666666,0,canopy_dew_first_v1,False,126,0.6666666666666666,720,False,248,0.0,0,22,0,270,22,22,dry=0.04|dry_vent=0.00|dew=0.04|canopy=0.08
0.1,26,0.20634920634920634,26,0.04,0.04,0.0,3,1.0499999999999998,1.0,0.6666666666666666,0,canopy_dew_first_v1,False,126,0.6666666666666666,720,False,248,0.0,0,26,0,274,26,26,dry=0.04|dry_vent=0.00|dew=0.04|canopy=0.10
0.12,57,0.4523809523809524,57,0.04,0.04,0.0,5,1.4499999999999997,1.0,1.0,0,canopy_dew_first_v1,False,126,1.0,720,False,248,0.0,0,57,0,305,57,57,dry=0.04|dry_vent=0.00|dew=0.04|canopy=0.12
0.0,0,0.0,0,0.06,0.04,0.0,5,1.75,0.0,0.0,0,canopy_dew_first_v1,False,126,0.0,720,False,248,0.0,0,0,0,248,0,0,dry=0.04|dry_vent=0.00|dew=0.06|canopy=0.00
0.04,0,0.0,0,0.06,0.04,0.0,5,1.75,0.0,0.0,0,canopy_dew_first_v1,False,126,0.0,720,False,248,0.0,0,0,0,248,0,0,dry=0.04|dry_vent=0.00|dew=0.06|canopy=0.04
0.06,19,0.15079365079365079,19,0.06,0.04,0.0,3,1.2205128205128204,1.0,0.6666666666666666,0,canopy_dew_first_v1,False,126,0.6666666666666666,720,False,248,0.0,0,19,0,267,19,19,dry=0.04|dry_vent=0.00|dew=0.06|canopy=0.06
0.08,22,0.1746031746031746,22,0.06,0.04,0.0,3,1.1435897435897435,1.0,0.6666666666666666,0,canopy_dew_first_v1,False,126,0.6666666666666666,720,False,248,0.0,0,22,0,270,22,22,dry=0.04|dry_vent=0.00|dew=0.06|canopy=0.08
0.1,26,0.20634920634920634,26,0.06,0.04,0.0,3,1.0499999999999998,1.0,0.6666666666666666,0,canopy_dew_first_v1,False,126,0.6666666666666666,720,False,248,0.0,0,26,0,274,26,26,dry=0.04|dry_vent=0.00|dew=0.06|canopy=0.10
0.12,57,0.4523809523809524,57,0.06,0.04,0.0,5,1.4499999999999997,1.0,1.0,0,canopy_dew_first_v1,False,126,1.0,720,False,248,0.0,0,57,0,305,57,57,dry=0.04|dry_vent=0.00|dew=0.06|canopy=0.12
0.0,15,0.11904761904761904,15,0.08,0.04,0.0,4,1.4,0.0,0.0,0,canopy_dew_first_v1,False,126,0.375,720,False,248,0.375,0,15,0,263,15,15,dry=0.04|dry_vent=0.00|dew=0.08|canopy=0.00
0.04,15,0.11904761904761904,15,0.08,0.04,0.0,4,1.4,0.0,0.0,0,canopy_dew_first_v1,False,126,0.375,720,False,248,0.375,0,15,0,263,15,15,dry=0.04|dry_vent=0.00|dew=0.08|canopy=0.04
0.06,34,0.2698412698412698,34,0.08,0.04,0.0,2,0.8705128205128204,1.0,0.6666666666666666,0,canopy_dew_first_v1,False,126,0.6666666666666666,720,False,248,0.375,0,34,0,282,34,34,dry=0.04|dry_vent=0.00|dew=0.08|canopy=0.06
0.08,37,0.29365079365079366,37,0.08,0.04,0.0,2,0.7935897435897435,1.0,0.6666666666666666,0,canopy_dew_first_v1,False,126,0.6666666666666666,720,False,248,0.375,0,37,0,285,37,37,dry=0.04|dry_vent=0.00|dew=0.08|canopy=0.08
0.1,41,0.3253968253968254,41,0.08,0.04,0.0,2,0.7,1.0,0.6666666666666666,0,canopy_dew_first_v1,False,126,0.6666666666666666,720,False,248,0.375,0,41,0,289,41,41,dry=0.04|dry_vent=0.00|dew=0.08|canopy=0.10
0.12,72,0.5714285714285714,72,0.08,0.04,0.0,4,1.0999999999999999,1.0,1.0,0,canopy_dew_first_v1,False,126,1.0,720,False,248,0.375,0,72,0,320,72,72,dry=0.04|dry_vent=0.00|dew=0.08|canopy=0.12
0.0,22,0.1746031746031746,22,0.1,0.04,0.0,4,1.4,0.0,0.0,0,canopy_dew_first_v1,False,126,0.55,720,False,248,0.55,0,22,0,270,22,22,dry=0.04|dry_vent=0.00|dew=0.10|canopy=0.00
0.04,22,0.1746031746031746,22,0.1,0.04,0.0,4,1.4,0.0,0.0,0,canopy_dew_first_v1,False,126,0.55,720,False,248,0.55,0,22,0,270,22,22,dry=0.04|dry_vent=0.00|dew=0.10|canopy=0.04
0.06,41,0.3253968253968254,41,0.1,0.04,0.0,2,0.8705128205128204,1.0,0.6666666666666666,0,canopy_dew_first_v1,False,126,0.6666666666666666,720,False,248,0.55,0,41,0,289,41,41,dry=0.04|dry_vent=0.00|dew=0.10|canopy=0.06
0.08,44,0.3492063492063492,44,0.1,0.04,0.0,2,0.7935897435897435,1.0,0.6666666666666666,0,canopy_dew_first_v1,False,126,0.6666666666666666,720,False,248,0.55,0,44,0,292,44,44,dry=0.04|dry_vent=0.00|dew=0.10|canopy=0.08
0.1,48,0.38095238095238093,48,0.1,0.04,0.0,2,0.7,1.0,0.6666666666666666,0,canopy_dew_first_v1,False,126,0.6666666666666666,720,False,248,0.55,0,48,0,296,48,48,dry=0.04|dry_vent=0.00|dew=0.10|canopy=0.10
0.12,79,0.626984126984127,79,0.1,0.04,0.0,4,1.0999999999999999,1.0,1.0,0,canopy_dew_first_v1,False,126,1.0,720,False,248,0.55,0,79,0,327,79,79,dry=0.04|dry_vent=0.00|dew=0.10|canopy=0.12
0.0,40,0.31746031746031744,40,0.12,0.04,0.0,5,1.5999999999999999,0.0,0.0,0,canopy_dew_first_v1,False,126,1.0,720,False,248,1.0,0,40,0,288,40,40,dry=0.04|dry_vent=0.00|dew=0.12|canopy=0.00
0.04,40,0.31746031746031744,40,0.12,0.04,0.0,5,1.5999999999999999,0.0,0.0,0,canopy_dew_first_v1,False,126,1.0,720,False,248,1.0,0,40,0,288,40,40,dry=0.04|dry_vent=0.00|dew=0.12|canopy=0.04
0.06,59,0.46825396825396826,59,0.12,0.04,0.0,3,1.0705128205128205,1.0,0.6666666666666666,0,canopy_dew_first_v1,False,126,1.0,720,False,248,1.0,0,59,0,307,59,59,dry=0.04|dry_vent=0.00|dew=0.12|canopy=0.06
0.08,62,0.49206349206349204,62,0.12,0.04,0.0,3,0.9935897435897435,1.0,0.6666666666666666,0,canopy_dew_first_v1,False,126,1.0,720,False,248,1.0,0,62,0,310,62,62,dry=0.04|dry_vent=0.00|dew=0.12|canopy=0.08
0.1,66,0.5238095238095238,66,0.12,0.04,0.0,3,0.8999999999999999,1.0,0.6666666666666666,0,canopy_dew_first_v1,False,126,1.0,720,False,248,1.0,0,66,0,314,66,66,dry=0.04|dry_vent=0.00|dew=0.12|canopy=0.10
0.12,97,0.7698412698412699,97,0.12,0.04,0.0,5,1.2999999999999998,1.0,1.0,0,canopy_dew_first_v1,False,126,1.0,720,False,248,1.0,0,97,0,345,97,97,dry=0.04|dry_vent=0.00|dew=0.12|canopy=0.12
0.0,0,0.0,0,0.0,0.04,0.02,5,1.75,0.0,0.0,0,canopy_dew_first_v1,False,126,0.0,720,False,248,0.0,0,0,0,248,0,0,dry=0.04|dry_vent=0.02|dew=0.00|canopy=0.00
0.04,0,0.0,0,0.0,0.04,0.02,5,1.75,0.0,0.0,0,canopy_dew_first_v1,False,126,0.0,720,False,248,0.0,0,0,0,248,0,0,dry=0.04|dry_vent=0.02|dew=0.00|canopy=0.04
0.06,19,0.15079365079365079,19,0.0,0.04,0.02,3,1.2205128205128204,1.0,0.6666666666666666,0,canopy_dew_first_v1,False,126,0.6666666666666666,720,False,248,0.0,0,19,0,267,19,19,dry=0.04|dry_vent=0.02|dew=0.00|canopy=0.06
0.08,22,0.1746031746031746,22,0.0,0.04,0.02,3,1.1435897435897435,1.0,0.6666666666666666,0,canopy_dew_first_v1,False,126,0.6666666666666666,720,False,248,0.0,0,22,0,270,22,22,dry=0.04|dry_vent=0.02|dew=0.00|canopy=0.08
0.1,26,0.20634920634920634,26,0.0,0.04,0.02,3,1.0499999999999998,1.0,0.6666666666666666,0,canopy_dew_first_v1,False,126,0.6666666666666666,720,False,248,0.0,0,26,0,274,26,26,dry=0.04|dry_vent=0.02|dew=0.00|canopy=0.10
0.12,57,0.4523809523809524,57,0.0,0.04,0.02,5,1.4499999999999997,1.0,1.0,0,canopy_dew_first_v1,False,126,1.0,720,False,248,0.0,0,57,0,305,57,57,dry=0.04|dry_vent=0.02|dew=0.00|canopy=0.12
0.0,0,0.0,0,0.04,0.04,0.02,5,1.75,0.0,0.0,0,canopy_dew_first_v1,False,126,0.0,720,False,248,0.0,0,0,0,248,0,0,dry=0.04|dry_vent=0.02|dew=0.04|canopy=0.00
0.04,0,0.0,0,0.04,0.04,0.02,5,1.75,0.0,0.0,0,canopy_dew_first_v1,False,126,0.0,720,False,248,0.0,0,0,0,248,0,0,dry=0.04|dry_vent=0.02|dew=0.04|canopy=0.04
0.06,19,0.15079365079365079,19,0.04,0.04,0.02,3,1.2205128205128204,1.0,0.6666666666666666,0,canopy_dew_first_v1,False,126,0.6666666666666666,720,False,248,0.0,0,19,0,267,19,19,dry=0.04|dry_vent=0.02|dew=0.04|canopy=0.06
0.08,22,0.1746031746031746,22,0.04,0.04,0.02,3,1.1435897435897435,1.0,0.6666666666666666,0,canopy_dew_first_v1,False,126,0.6666666666666666,720,False,248,0.0,0,22,0,270,22,22,dry=0.04|dry_vent=0.02|dew=0.04|canopy=0.08
0.1,26,0.20634920634920634,26,0.04,0.04,0.02,3,1.0499999999999998,1.0,0.6666666666666666,0,canopy_dew_first_v1,False,126,0.6666666666666666,720,False,248,0.0,0,26,0,274,26,26,dry=0.04|dry_vent=0.02|dew=0.04|canopy=0.10
0.12,57,0.4523809523809524,57,0.04,0.04,0.02,5,1.4499999999999997,1.0,1.0,0,canopy_dew_first_v1,False,126,1.0,720,False,248,0.0,0,57,0,305,57,57,dry=0.04|dry_vent=0.02|dew=0.04|canopy=0.12
0.0,0,0.0,0,0.06,0.04,0.02,5,1.75,0.0,0.0,0,canopy_dew_first_v1,False,126,0.0,720,False,248,0.0,0,0,0,248,0,0,dry=0.04|dry_vent=0.02|dew=0.06|canopy=0.00
0.04,0,0.0,0,0.06,0.04,0.02,5,1.75,0.0,0.0,0,canopy_dew_first_v1,False,126,0.0,720,False,248,0.0,0,0,0,248,0,0,dry=0.04|dry_vent=0.02|dew=0.06|canopy=0.04
0.06,19,0.15079365079365079,19,0.06,0.04,0.02,3,1.2205128205128204,1.0,0.6666666666666666,0,canopy_dew_first_v1,False,126,0.6666666666666666,720,False,248,0.0,0,19,0,267,19,19,dry=0.04|dry_vent=0.02|dew=0.06|canopy=0.06
0.08,22,0.1746031746031746,22,0.06,0.04,0.02,3,1.1435897435897435,1.0,0.6666666666666666,0,canopy_dew_first_v1,False,126,0.6666666666666666,720,False,248,0.0,0,22,0,270,22,22,dry=0.04|dry_vent=0.02|dew=0.06|canopy=0.08
0.1,26,0.20634920634920634,26,0.06,0.04,0.02,3,1.0499999999999998,1.0,0.6666666666666666,0,canopy_dew_first_v1,False,126,0.6666666666666666,720,False,248,0.0,0,26,0,274,26,26,dry=0.04|dry_vent=0.02|dew=0.06|canopy=0.10
0.12,57,0.4523809523809524,57,0.06,0.04,0.02,5,1.4499999999999997,1.0,1.0,0,canopy_dew_first_v1,False,126,1.0,720,False,248,0.0,0,57,0,305,57,57,dry=0.04|dry_vent=0.02|dew=0.06|canopy=0.12
0.0,15,0.11904761904761904,15,0.08,0.04,0.02,4,1.4,0.0,0.0,0,canopy_dew_first_v1,False,126,0.375,720,False,248,0.375,0,15,0,263,15,15,dry=0.04|dry_vent=0.02|dew=0.08|canopy=0.00
0.04,15,0.11904761904761904,15,0.08,0.04,0.02,4,1.4,0.0,0.0,0,canopy_dew_first_v1,False,126,0.375,720,False,248,0.375,0,15,0,263,15,15,dry=0.04|dry_vent=0.02|dew=0.08|canopy=0.04
0.06,34,0.2698412698412698,34,0.08,0.04,0.02,2,0.8705128205128204,1.0,0.6666666666666666,0,canopy_dew_first_v1,False,126,0.6666666666666666,720,False,248,0.375,0,34,0,282,34,34,dry=0.04|dry_vent=0.02|dew=0.08|canopy=0.06
0.08,37,0.29365079365079366,37,0.08,0.04,0.02,2,0.7935897435897435,1.0,0.6666666666666666,0,canopy_dew_first_v1,False,126,0.6666666666666666,720,False,248,0.375,0,37,0,285,37,37,dry=0.04|dry_vent=0.02|dew=0.08|canopy=0.08
0.1,41,0.3253968253968254,41,0.08,0.04,0.02,2,0.7,1.0,0.6666666666666666,0,canopy_dew_first_v1,False,126,0.6666666666666666,720,False,248,0.375,0,41,0,289,41,41,dry=0.04|dry_vent=0.02|dew=0.08|canopy=0.10
0.12,72,0.5714285714285714,72,0.08,0.04,0.02,4,1.0999999999999999,1.0,1.0,0,canopy_dew_first_v1,False,126,1.0,720,False,248,0.375,0,72,0,320,72,72,dry=0.04|dry_vent=0.02|dew=0.08|canopy=0.12
0.0,22,0.1746031746031746,22,0.1,0.04,0.02,4,1.4,0.0,0.0,0,canopy_dew_first_v1,False,126,0.55,720,False,248,0.55,0,22,0,270,22,22,dry=0.04|dry_vent=0.02|dew=0.10|canopy=0.00
0.04,22,0.1746031746031746,22,0.1,0.04,0.02,4,1.4,0.0,0.0,0,canopy_dew_first_v1,False,126,0.55,720,False,248,0.55,0,22,0,270,22,22,dry=0.04|dry_vent=0.02|dew=0.10|canopy=0.04
0.06,41,0.3253968253968254,41,0.1,0.04,0.02,2,0.8705128205128204,1.0,0.6666666666666666,0,canopy_dew_first_v1,False,126,0.6666666666666666,720,False,248,0.55,0,41,0,289,41,41,dry=0.04|dry_vent=0.02|dew=0.10|canopy=0.06
0.08,44,0.3492063492063492,44,0.1,0.04,0.02,2,0.7935897435897435,1.0,0.6666666666666666,0,canopy_dew_first_v1,False,126,0.6666666666666666,720,False,248,0.55,0,44,0,292,44,44,dry=0.04|dry_vent=0.02|dew=0.10|canopy=0.08
0.1,48,0.38095238095238093,48,0.1,0.04,0.02,2,0.7,1.0,0.6666666666666666,0,canopy_dew_first_v1,False,126,0.6666666666666666,720,False,248,0.55,0,48,0,296,48,48,dry=0.04|dry_vent=0.02|dew=0.10|canopy=0.10
0.12,79,0.626984126984127,79,0.1,0.04,0.02,4,1.0999999999999999,1.0,1.0,0,canopy_dew_first_v1,False,126,1.0,720,False,248,0.55,0,79,0,327,79,79,dry=0.04|dry_vent=0.02|dew=0.10|canopy=0.12
0.0,40,0.31746031746031744,40,0.12,0.04,0.02,5,1.5999999999999999,0.0,0.0,0,canopy_dew_first_v1,False,126,1.0,720,False,248,1.0,0,40,0,288,40,40,dry=0.04|dry_vent=0.02|dew=0.12|canopy=0.00
0.04,40,0.31746031746031744,40,0.12,0.04,0.02,5,1.5999999999999999,0.0,0.0,0,canopy_dew_first_v1,False,126,1.0,720,False,248,1.0,0,40,0,288,40,40,dry=0.04|dry_vent=0.02|dew=0.12|canopy=0.04
0.06,59,0.46825396825396826,59,0.12,0.04,0.02,3,1.0705128205128205,1.0,0.6666666666666666,0,canopy_dew_first_v1,False,126,1.0,720,False,248,1.0,0,59,0,307,59,59,dry=0.04|dry_vent=0.02|dew=0.12|canopy=0.06
0.08,62,0.49206349206349204,62,0.12,0.04,0.02,3,0.9935897435897435,1.0,0.6666666666666666,0,canopy_dew_first_v1,False,126,1.0,720,False,248,1.0,0,62,0,310,62,62,dry=0.04|dry_vent=0.02|dew=0.12|canopy=0.08
0.1,66,0.5238095238095238,66,0.12,0.04,0.02,3,0.8999999999999999,1.0,0.6666666666666666,0,canopy_dew_first_v1,False,126,1.0,720,False,248,1.0,0,66,0,314,66,66,dry=0.04|dry_vent=0.02|dew=0.12|canopy=0.10
0.12,97,0.7698412698412699,97,0.12,0.04,0.02,5,1.2999999999999998,1.0,1.0,0,canopy_dew_first_v1,False,126,1.0,720,False,248,1.0,0,97,0,345,97,97,dry=0.04|dry_vent=0.02|dew=0.12|canopy=0.12
0.0,0,0.0,0,0.0,0.04,0.04,5,1.75,0.0,0.0,0,canopy_dew_first_v1,False,126,0.0,720,False,248,0.0,0,0,0,248,0,0,dry=0.04|dry_vent=0.04|dew=0.00|canopy=0.00
0.04,0,0.0,0,0.0,0.04,0.04,5,1.75,0.0,0.0,0,canopy_dew_first_v1,False,126,0.0,720,False,248,0.0,0,0,0,248,0,0,dry=0.04|dry_vent=0.04|dew=0.00|canopy=0.04
0.06,19,0.15079365079365079,19,0.0,0.04,0.04,3,1.2205128205128204,1.0,0.6666666666666666,0,canopy_dew_first_v1,False,126,0.6666666666666666,720,False,248,0.0,0,19,0,267,19,19,dry=0.04|dry_vent=0.04|dew=0.00|canopy=0.06
0.08,22,0.1746031746031746,22,0.0,0.04,0.04,3,1.1435897435897435,1.0,0.6666666666666666,0,canopy_dew_first_v1,False,126,0.6666666666666666,720,False,248,0.0,0,22,0,270,22,22,dry=0.04|dry_vent=0.04|dew=0.00|canopy=0.08
0.1,26,0.20634920634920634,26,0.0,0.04,0.04,3,1.0499999999999998,1.0,0.6666666666666666,0,canopy_dew_first_v1,False,126,0.6666666666666666,720,False,248,0.0,0,26,0,274,26,26,dry=0.04|dry_vent=0.04|dew=0.00|canopy=0.10
0.12,57,0.4523809523809524,57,0.0,0.04,0.04,5,1.4499999999999997,1.0,1.0,0,canopy_dew_first_v1,False,126,1.0,720,False,248,0.0,0,57,0,305,57,57,dry=0.04|dry_vent=0.04|dew=0.00|canopy=0.12
0.0,0,0.0,0,0.04,0.04,0.04,5,1.75,0.0,0.0,0,canopy_dew_first_v1,False,126,0.0,720,False,248,0.0,0,0,0,248,0,0,dry=0.04|dry_vent=0.04|dew=0.04|canopy=0.00
0.04,0,0.0,0,0.04,0.04,0.04,5,1.75,0.0,0.0,0,canopy_dew_first_v1,False,126,0.0,720,False,248,0.0,0,0,0,248,0,0,dry=0.04|dry_vent=0.04|dew=0.04|canopy=0.04
0.06,19,0.15079365079365079,19,0.04,0.04,0.04,3,1.2205128205128204,1.0,0.6666666666666666,0,canopy_dew_first_v1,False,126,0.6666666666666666,720,False,248,0.0,0,19,0,267,19,19,dry=0.04|dry_vent=0.04|dew=0.04|canopy=0.06
0.08,22,0.1746031746031746,22,0.04,0.04,0.04,3,1.1435897435897435,1.0,0.6666666666666666,0,canopy_dew_first_v1,False,126,0.6666666666666666,720,False,248,0.0,0,22,0,270,22,22,dry=0.04|dry_vent=0.04|dew=0.04|canopy=0.08
0.1,26,0.20634920634920634,26,0.04,0.04,0.04,3,1.0499999999999998,1.0,0.6666666666666666,0,canopy_dew_first_v1,False,126,0.6666666666666666,720,False,248,0.0,0,26,0,274,26,26,dry=0.04|dry_vent=0.04|dew=0.04|canopy=0.10
0.12,57,0.4523809523809524,57,0.04,0.04,0.04,5,1.4499999999999997,1.0,1.0,0,canopy_dew_first_v1,False,126,1.0,720,False,248,0.0,0,57,0,305,57,57,dry=0.04|dry_vent=0.04|dew=0.04|canopy=0.12
0.0,0,0.0,0,0.06,0.04,0.04,5,1.75,0.0,0.0,0,canopy_dew_first_v1,False,126,0.0,720,False,248,0.0,0,0,0,248,0,0,dry=0.04|dry_vent=0.04|dew=0.06|canopy=0.00
0.04,0,0.0,0,0.06,0.04,0.04,5,1.75,0.0,0.0,0,canopy_dew_first_v1,False,126,0.0,720,False,248,0.0,0,0,0,248,0,0,dry=0.04|dry_vent=0.04|dew=0.06|canopy=0.04
0.06,19,0.15079365079365079,19,0.06,0.04,0.04,3,1.2205128205128204,1.0,0.6666666666666666,0,canopy_dew_first_v1,False,126,0.6666666666666666,720,False,248,0.0,0,19,0,267,19,19,dry=0.04|dry_vent=0.04|dew=0.06|canopy=0.06
0.08,22,0.1746031746031746,22,0.06,0.04,0.04,3,1.1435897435897435,1.0,0.6666666666666666,0,canopy_dew_first_v1,False,126,0.6666666666666666,720,False,248,0.0,0,22,0,270,22,22,dry=0.04|dry_vent=0.04|dew=0.06|canopy=0.08
0.1,26,0.20634920634920634,26,0.06,0.04,0.04,3,1.0499999999999998,1.0,0.6666666666666666,0,canopy_dew_first_v1,False,126,0.6666666666666666,720,False,248,0.0,0,26,0,274,26,26,dry=0.04|dry_vent=0.04|dew=0.06|canopy=0.10
0.12,57,0.4523809523809524,57,0.06,0.04,0.04,5,1.4499999999999997,1.0,1.0,0,canopy_dew_first_v1,False,126,1.0,720,False,248,0.0,0,57,0,305,57,57,dry=0.04|dry_vent=0.04|dew=0.06|canopy=0.12
0.0,15,0.11904761904761904,15,0.08,0.04,0.04,4,1.4,0.0,0.0,0,canopy_dew_first_v1,False,126,0.375,720,False,248,0.375,0,15,0,263,15,15,dry=0.04|dry_vent=0.04|dew=0.08|canopy=0.00
0.04,15,0.11904761904761904,15,0.08,0.04,0.04,4,1.4,0.0,0.0,0,canopy_dew_first_v1,False,126,0.375,720,False,248,0.375,0,15,0,263,15,15,dry=0.04|dry_vent=0.04|dew=0.08|canopy=0.04
0.06,34,0.2698412698412698,34,0.08,0.04,0.04,2,0.8705128205128204,1.0,0.6666666666666666,0,canopy_dew_first_v1,False,126,0.6666666666666666,720,False,248,0.375,0,34,0,282,34,34,dry=0.04|dry_vent=0.04|dew=0.08|canopy=0.06
0.08,37,0.29365079365079366,37,0.08,0.04,0.04,2,0.7935897435897435,1.0,0.6666666666666666,0,canopy_dew_first_v1,False,126,0.6666666666666666,720,False,248,0.375,0,37,0,285,37,37,dry=0.04|dry_vent=0.04|dew=0.08|canopy=0.08
0.1,41,0.3253968253968254,41,0.08,0.04,0.04,2,0.7,1.0,0.6666666666666666,0,canopy_dew_first_v1,False,126,0.6666666666666666,720,False,248,0.375,0,41,0,289,41,41,dry=0.04|dry_vent=0.04|dew=0.08|canopy=0.10
0.12,72,0.5714285714285714,72,0.08,0.04,0.04,4,1.0999999999999999,1.0,1.0,0,canopy_dew_first_v1,False,126,1.0,720,False,248,0.375,0,72,0,320,72,72,dry=0.04|dry_vent=0.04|dew=0.08|canopy=0.12
0.0,22,0.1746031746031746,22,0.1,0.04,0.04,4,1.4,0.0,0.0,0,canopy_dew_first_v1,False,126,0.55,720,False,248,0.55,0,22,0,270,22,22,dry=0.04|dry_vent=0.04|dew=0.10|canopy=0.00
0.04,22,0.1746031746031746,22,0.1,0.04,0.04,4,1.4,0.0,0.0,0,canopy_dew_first_v1,False,126,0.55,720,False,248,0.55,0,22,0,270,22,22,dry=0.04|dry_vent=0.04|dew=0.10|canopy=0.04
0.06,41,0.3253968253968254,41,0.1,0.04,0.04,2,0.8705128205128204,1.0,0.6666666666666666,0,canopy_dew_first_v1,False,126,0.6666666666666666,720,False,248,0.55,0,41,0,289,41,41,dry=0.04|dry_vent=0.04|dew=0.10|canopy=0.06
0.08,44,0.3492063492063492,44,0.1,0.04,0.04,2,0.7935897435897435,1.0,0.6666666666666666,0,canopy_dew_first_v1,False,126,0.6666666666666666,720,False,248,0.55,0,44,0,292,44,44,dry=0.04|dry_vent=0.04|dew=0.10|canopy=0.08
0.1,48,0.38095238095238093,48,0.1,0.04,0.04,2,0.7,1.0,0.6666666666666666,0,canopy_dew_first_v1,False,126,0.6666666666666666,720,False,248,0.55,0,48,0,296,48,48,dry=0.04|dry_vent=0.04|dew=0.10|canopy=0.10
0.12,79,0.626984126984127,79,0.1,0.04,0.04,4,1.0999999999999999,1.0,1.0,0,canopy_dew_first_v1,False,126,1.0,720,False,248,0.55,0,79,0,327,79,79,dry=0.04|dry_vent=0.04|dew=0.10|canopy=0.12
0.0,40,0.31746031746031744,40,0.12,0.04,0.04,5,1.5999999999999999,0.0,0.0,0,canopy_dew_first_v1,False,126,1.0,720,False,248,1.0,0,40,0,288,40,40,dry=0.04|dry_vent=0.04|dew=0.12|canopy=0.00
0.04,40,0.31746031746031744,40,0.12,0.04,0.04,5,1.5999999999999999,0.0,0.0,0,canopy_dew_first_v1,False,126,1.0,720,False,248,1.0,0,40,0,288,40,40,dry=0.04|dry_vent=0.04|dew=0.12|canopy=0.04
0.06,59,0.46825396825396826,59,0.12,0.04,0.04,3,1.0705128205128205,1.0,0.6666666666666666,0,canopy_dew_first_v1,False,126,1.0,720,False,248,1.0,0,59,0,307,59,59,dry=0.04|dry_vent=0.04|dew=0.12|canopy=0.06
0.08,62,0.49206349206349204,62,0.12,0.04,0.04,3,0.9935897435897435,1.0,0.6666666666666666,0,canopy_dew_first_v1,False,126,1.0,720,False,248,1.0,0,62,0,310,62,62,dry=0.04|dry_vent=0.04|dew=0.12|canopy=0.08
0.1,66,0.5238095238095238,66,0.12,0.04,0.04,3,0.8999999999999999,1.0,0.6666666666666666,0,canopy_dew_first_v1,False,126,1.0,720,False,248,1.0,0,66,0,314,66,66,dry=0.04|dry_vent=0.04|dew=0.12|canopy=0.10
0.12,97,0.7698412698412699,97,0.12,0.04,0.04,5,1.2999999999999998,1.0,1.0,0,canopy_dew_first_v1,False,126,1.0,720,False,248,1.0,0,97,0,345,97,97,dry=0.04|dry_vent=0.04|dew=0.12|canopy=0.12
0.0,21,0.16666666666666666,21,0.0,0.04,0.06,5,1.5999999999999999,1.0,1.0,0,canopy_dew_first_v1,False,126,1.0,720,False,248,0.0,0,21,0,269,21,21,dry=0.04|dry_vent=0.06|dew=0.00|canopy=0.00
0.04,21,0.16666666666666666,21,0.0,0.04,0.06,5,1.5999999999999999,1.0,1.0,0,canopy_dew_first_v1,False,126,1.0,720,False,248,0.0,0,21,0,269,21,21,dry=0.04|dry_vent=0.06|dew=0.00|canopy=0.04
0.06,40,0.31746031746031744,40,0.0,0.04,0.06,3,1.0705128205128205,1.0,0.8205128205128205,0,canopy_dew_first_v1,False,126,1.0,720,False,248,0.0,0,40,0,288,40,40,dry=0.04|dry_vent=0.06|dew=0.00|canopy=0.06
0.08,43,0.3412698412698413,43,0.0,0.04,0.06,3,0.9935897435897435,1.0,0.7435897435897436,0,canopy_dew_first_v1,False,126,1.0,720,False,248,0.0,0,43,0,291,43,43,dry=0.04|dry_vent=0.06|dew=0.00|canopy=0.08
0.1,47,0.373015873015873,47,0.0,0.04,0.06,3,0.8999999999999999,1.0,0.641025641025641,0,canopy_dew_first_v1,False,126,1.0,720,False,248,0.0,0,47,0,295,47,47,dry=0.04|dry_vent=0.06|dew=0.00|canopy=0.10
0.12,78,0.6190476190476191,78,0.0,0.04,0.06,5,1.2999999999999998,0.0,0.0,0,canopy_dew_first_v1,False,126,1.0,720,False,248,0.0,0,78,0,326,78,78,dry=0.04|dry_vent=0.06|dew=0.00|canopy=0.12
0.0,21,0.16666666666666666,21,0.04,0.04,0.06,5,1.5999999999999999,1.0,1.0,0,canopy_dew_first_v1,False,126,1.0,720,False,248,0.0,0,21,0,269,21,21,dry=0.04|dry_vent=0.06|dew=0.04|canopy=0.00
0.04,21,0.16666666666666666,21,0.04,0.04,0.06,5,1.5999999999999999,1.0,1.0,0,canopy_dew_first_v1,False,126,1.0,720,False,248,0.0,0,21,0,269,21,21,dry=0.04|dry_vent=0.06|dew=0.04|canopy=0.04
0.06,40,0.31746031746031744,40,0.04,0.04,0.06,3,1.0705128205128205,1.0,0.8205128205128205,0,canopy_dew_first_v1,False,126,1.0,720,False,248,0.0,0,40,0,288,40,40,dry=0.04|dry_vent=0.06|dew=0.04|canopy=0.06
0.08,43,0.3412698412698413,43,0.04,0.04,0.06,3,0.9935897435897435,1.0,0.7435897435897436,0,canopy_dew_first_v1,False,126,1.0,720,False,248,0.0,0,43,0,291,43,43,dry=0.04|dry_vent=0.06|dew=0.04|canopy=0.08
0.1,47,0.373015873015873,47,0.04,0.04,0.06,3,0.8999999999999999,1.0,0.641025641025641,0,canopy_dew_first_v1,False,126,1.0,720,False,248,0.0,0,47,0,295,47,47,dry=0.04|dry_vent=0.06|dew=0.04|canopy=0.10
0.12,78,0.6190476190476191,78,0.04,0.04,0.06,5,1.2999999999999998,0.0,0.0,0,canopy_dew_first_v1,False,126,1.0,720,False,248,0.0,0,78,0,326,78,78,dry=0.04|dry_vent=0.06|dew=0.04|canopy=0.12
0.0,21,0.16666666666666666,21,0.06,0.04,0.06,5,1.5999999999999999,1.0,1.0,0,canopy_dew_first_v1,False,126,1.0,720,False,248,0.0,0,21,0,269,21,21,dry=0.04|dry_vent=0.06|dew=0.06|canopy=0.00
0.04,21,0.16666666666666666,21,0.06,0.04,0.06,5,1.5999999999999999,1.0,1.0,0,canopy_dew_first_v1,False,126,1.0,720,False,248,0.0,0,21,0,269,21,21,dry=0.04|dry_vent=0.06|dew=0.06|canopy=0.04
0.06,40,0.31746031746031744,40,0.06,0.04,0.06,3,1.0705128205128205,1.0,0.8205128205128205,0,canopy_dew_first_v1,False,126,1.0,720,False,248,0.0,0,40,0,288,40,40,dry=0.04|dry_vent=0.06|dew=0.06|canopy=0.06
0.08,43,0.3412698412698413,43,0.06,0.04,0.06,3,0.9935897435897435,1.0,0.7435897435897436,0,canopy_dew_first_v1,False,126,1.0,720,False,248,0.0,0,43,0,291,43,43,dry=0.04|dry_vent=0.06|dew=0.06|canopy=0.08
0.1,47,0.373015873015873,47,0.06,0.04,0.06,3,0.8999999999999999,1.0,0.641025641025641,0,canopy_dew_first_v1,False,126,1.0,720,False,248,0.0,0,47,0,295,47,47,dry=0.04|dry_vent=0.06|dew=0.06|canopy=0.10
0.12,78,0.6190476190476191,78,0.06,0.04,0.06,5,1.2999999999999998,0.0,0.0,0,canopy_dew_first_v1,False,126,1.0,720,False,248,0.0,0,78,0,326,78,78,dry=0.04|dry_vent=0.06|dew=0.06|canopy=0.12
0.0,36,0.2857142857142857,36,0.08,0.04,0.06,4,1.25,1.0,1.0,0,canopy_dew_first_v1,False,126,1.0,720,False,248,0.375,0,36,0,284,36,36,dry=0.04|dry_vent=0.06|dew=0.08|canopy=0.00
0.04,36,0.2857142857142857,36,0.08,0.04,0.06,4,1.25,1.0,1.0,0,canopy_dew_first_v1,False,126,1.0,720,False,248,0.375,0,36,0,284,36,36,dry=0.04|dry_vent=0.06|dew=0.08|canopy=0.04
0.06,55,0.4365079365079365,55,0.08,0.04,0.06,2,0.7205128205128204,1.0,0.8205128205128205,0,canopy_dew_first_v1,False,126,1.0,720,False,248,0.375,0,55,0,303,55,55,dry=0.04|dry_vent=0.06|dew=0.08|canopy=0.06
0.08,58,0.4603174603174603,58,0.08,0.04,0.06,2,0.6435897435897435,1.0,0.7435897435897436,0,canopy_dew_first_v1,False,126,1.0,720,False,248,0.375,0,58,0,306,58,58,dry=0.04|dry_vent=0.06|dew=0.08|canopy=0.08
0.1,62,0.49206349206349204,62,0.08,0.04,0.06,2,0.5499999999999999,1.0,0.641025641025641,0,canopy_dew_first_v1,False,126,1.0,720,False,248,0.375,0,62,0,310,62,62,dry=0.04|dry_vent=0.06|dew=0.08|canopy=0.10
0.12,93,0.7380952380952381,93,0.08,0.04,0.06,4,0.9499999999999998,0.0,0.0,0,canopy_dew_first_v1,False,126,1.0,720,False,248,0.375,0,93,0,341,93,93,dry=0.04|dry_vent=0.06|dew=0.08|canopy=0.12
0.0,43,0.3412698412698413,43,0.1,0.04,0.06,4,1.25,1.0,1.0,0,canopy_dew_first_v1,False,126,1.0,720,False,248,0.55,0,43,0,291,43,43,dry=0.04|dry_vent=0.06|dew=0.10|canopy=0.00
0.04,43,0.3412698412698413,43,0.1,0.04,0.06,4,1.25,1.0,1.0,0,canopy_dew_first_v1,False,126,1.0,720,False,248,0.55,0,43,0,291,43,43,dry=0.04|dry_vent=0.06|dew=0.10|canopy=0.04
0.06,62,0.49206349206349204,62,0.1,0.04,0.06,2,0.7205128205128204,1.0,0.8205128205128205,0,canopy_dew_first_v1,False,126,1.0,720,False,248,0.55,0,62,0,310,62,62,dry=0.04|dry_vent=0.06|dew=0.10|canopy=0.06
0.08,65,0.5158730158730159,65,0.1,0.04,0.06,2,0.6435897435897435,1.0,0.7435897435897436,0,canopy_dew_first_v1,False,126,1.0,720,False,248,0.55,0,65,0,313,65,65,dry=0.04|dry_vent=0.06|dew=0.10|canopy=0.08
0.1,69,0.5476190476190477,69,0.1,0.04,0.06,2,0.5499999999999999,1.0,0.641025641025641,0,canopy_dew_first_v1,False,126,1.0,720,False,248,0.55,0,69,0,317,69,69,dry=0.04|dry_vent=0.06|dew=0.10|canopy=0.10
0.12,100,0.7936507936507936,100,0.1,0.04,0.06,4,0.9499999999999998,0.0,0.0,0,canopy_dew_first_v1,False,126,1.0,720,False,248,0.55,0,100,0,348,100,100,dry=0.04|dry_vent=0.06|dew=0.10|canopy=0.12
0.0,61,0.48412698412698413,61,0.12,0.04,0.06,5,1.4499999999999997,1.0,1.0,0,canopy_dew_first_v1,False,126,1.0,720,False,248,1.0,0,61,0,309,61,61,dry=0.04|dry_vent=0.06|dew=0.12|canopy=0.00
0.04,61,0.48412698412698413,61,0.12,0.04,0.06,5,1.4499999999999997,1.0,1.0,0,canopy_dew_first_v1,False,126,1.0,720,False,248,1.0,0,61,0,309,61,61,dry=0.04|dry_vent=0.06|dew=0.12|canopy=0.04
0.06,80,0.6349206349206349,80,0.12,0.04,0.06,3,0.9205128205128204,1.0,0.8205128205128205,0,canopy_dew_first_v1,False,126,1.0,720,False,248,1.0,0,80,0,328,80,80,dry=0.04|dry_vent=0.06|dew=0.12|canopy=0.06
0.08,83,0.6587301587301587,83,0.12,0.04,0.06,3,0.8435897435897435,1.0,0.7435897435897436,0,canopy_dew_first_v1,False,126,1.0,720,False,248,1.0,0,83,0,331,83,83,dry=0.04|dry_vent=0.06|dew=0.12|canopy=0.08
0.1,87,0.6904761904761905,87,0.12,0.04,0.06,3,0.7499999999999999,1.0,0.641025641025641,0,canopy_dew_first_v1,False,126,1.0,720,False,248,1.0,0,87,0,335,87,87,dry=0.04|dry_vent=0.06|dew=0.12|canopy=0.10
0.12,118,0.9365079365079365,118,0.12,0.04,0.06,5,1.15,0.0,0.0,0,canopy_dew_first_v1,True,126,1.0,720,False,248,1.0,0,118,0,366,118,118,dry=0.04|dry_vent=0.06|dew=0.12|canopy=0.12
0.0,6,0.047619047619047616,6,0.0,0.06,0.0,4,1.4,0.0,0.0,0,canopy_dew_first_v1,False,126,0.75,720,False,248,0.75,0,6,0,254,6,6,dry=0.06|dry_vent=0.00|dew=0.00|canopy=0.00
0.04,6,0.047619047619047616,6,0.0,0.06,0.0,4,1.4,0.0,0.0,0,canopy_dew_first_v1,False,126,0.75,720,False,248,0.75,0,6,0,254,6,6,dry=0.06|dry_vent=0.00|dew=0.00|canopy=0.04
0.06,25,0.1984126984126984,25,0.0,0.06,0.0,2,0.8705128205128204,1.0,0.6666666666666666,0,canopy_dew_first_v1,False,126,0.75,720,False,248,0.75,0,25,0,273,25,25,dry=0.06|dry_vent=0.00|dew=0.00|canopy=0.06
0.08,28,0.2222222222222222,28,0.0,0.06,0.0,2,0.7935897435897435,1.0,0.6666666666666666,0,canopy_dew_first_v1,False,126,0.75,720,False,248,0.75,0,28,0,276,28,28,dry=0.06|dry_vent=0.00|dew=0.00|canopy=0.08
0.1,32,0.25396825396825395,32,0.0,0.06,0.0,2,0.7,1.0,0.6666666666666666,0,canopy_dew_first_v1,False,126,0.75,720,False,248,0.75,0,32,0,280,32,32,dry=0.06|dry_vent=0.00|dew=0.00|canopy=0.10
0.12,63,0.5,63,0.0,0.06,0.0,4,1.0999999999999999,1.0,1.0,0,canopy_dew_first_v1,False,126,1.0,720,False,248,0.75,0,63,0,311,63,63,dry=0.06|dry_vent=0.00|dew=0.00|canopy=0.12
0.0,6,0.047619047619047616,6,0.04,0.06,0.0,4,1.4,0.0,0.0,0,canopy_dew_first_v1,False,126,0.75,720,False,248,0.75,0,6,0,254,6,6,dry=0.06|dry_vent=0.00|dew=0.04|canopy=0.00
0.04,6,0.047619047619047616,6,0.04,0.06,0.0,4,1.4,0.0,0.0,0,canopy_dew_first_v1,False,126,0.75,720,False,248,0.75,0,6,0,254,6,6,dry=0.06|dry_vent=0.00|dew=0.04|canopy=0.04
0.06,25,0.1984126984126984,25,0.04,0.06,0.0,2,0.8705128205128204,1.0,0.6666666666666666,0,canopy_dew_first_v1,False,126,0.75,720,False,248,0.75,0,25,0,273,25,25,dry=0.06|dry_vent=0.00|dew=0.04|canopy=0.06
0.08,28,0.2222222222222222,28,0.04,0.06,0.0,2,0.7935897435897435,1.0,0.6666666666666666,0,canopy_dew_first_v1,False,126,0.75,720,False,248,0.75,0,28,0,276,28,28,dry=0.06|dry_vent=0.00|dew=0.04|canopy=0.08
0.1,32,0.25396825396825395,32,0.04,0.06,0.0,2,0.7,1.0,0.6666666666666666,0,canopy_dew_first_v1,False,126,0.75,720,False,248,0.75,0,32,0,280,32,32,dry=0.06|dry_vent=0.00|dew=0.04|canopy=0.10
0.12,63,0.5,63,0.04,0.06,0.0,4,1.0999999999999999,1.0,1.0,0,canopy_dew_first_v1,False,126,1.0,720,False,248,0.75,0,63,0,311,63,63,dry=0.06|dry_vent=0.00|dew=0.04|canopy=0.12
0.0,6,0.047619047619047616,6,0.06,0.06,0.0,4,1.4,0.0,0.0,0,canopy_dew_first_v1,False,126,0.75,720,False,248,0.75,0,6,0,254,6,6,dry=0.06|dry_vent=0.00|dew=0.06|canopy=0.00
0.04,6,0.047619047619047616,6,0.06,0.06,0.0,4,1.4,0.0,0.0,0,canopy_dew_first_v1,False,126,0.75,720,False,248,0.75,0,6,0,254,6,6,dry=0.06|dry_vent=0.00|dew=0.06|canopy=0.04
0.06,25,0.1984126984126984,25,0.06,0.06,0.0,2,0.8705128205128204,1.0,0.6666666666666666,0,canopy_dew_first_v1,False,126,0.75,720,False,248,0.75,0,25,0,273,25,25,dry=0.06|dry_vent=0.00|dew=0.06|canopy=0.06
0.08,28,0.2222222222222222,28,0.06,0.06,0.0,2,0.7935897435897435,1.0,0.6666666666666666,0,canopy_dew_first_v1,False,126,0.75,720,False,248,0.75,0,28,0,276,28,28,dry=0.06|dry_vent=0.00|dew=0.06|canopy=0.08
0.1,32,0.25396825396825395,32,0.06,0.06,0.0,2,0.7,1.0,0.6666666666666666,0,canopy_dew_first_v1,False,126,0.75,720,False,248,0.75,0,32,0,280,32,32,dry=0.06|dry_vent=0.00|dew=0.06|canopy=0.10
0.12,63,0.5,63,0.06,0.06,0.0,4,1.0999999999999999,1.0,1.0,0,canopy_dew_first_v1,False,126,1.0,720,False,248,0.75,0,63,0,311,63,63,dry=0.06|dry_vent=0.00|dew=0.06|canopy=0.12
0.0,21,0.16666666666666666,21,0.08,0.06,0.0,3,1.0499999999999998,0.0,0.0,0,canopy_dew_first_v1,False,126,0.75,720,False,248,0.375,0,21,0,269,21,21,dry=0.06|dry_vent=0.00|dew=0.08|canopy=0.00
0.04,21,0.16666666666666666,21,0.08,0.06,0.0,3,1.0499999999999998,0.0,0.0,0,canopy_dew_first_v1,False,126,0.75,720,False,248,0.375,0,21,0,269,21,21,dry=0.06|dry_vent=0.00|dew=0.08|canopy=0.04
0.06,40,0.31746031746031744,40,0.08,0.06,0.0,1,0.5205128205128204,1.0,0.6666666666666666,0,canopy_dew_first_v1,False,126,0.75,720,False,248,0.375,0,40,0,288,40,40,dry=0.06|dry_vent=0.00|dew=0.08|canopy=0.06
0.08,43,0.3412698412698413,43,0.08,0.06,0.0,1,0.44358974358974357,1.0,0.6666666666666666,0,canopy_dew_first_v1,False,126,0.75,720,False,248,0.375,0,43,0,291,43,43,dry=0.06|dry_vent=0.00|dew=0.08|canopy=0.08
0.1,47,0.373015873015873,47,0.08,0.06,0.0,1,0.35,1.0,0.6666666666666666,0,canopy_dew_first_v1,False,126,0.75,720,False,248,0.375,0,47,0,295,47,47,dry=0.06|dry_vent=0.00|dew=0.08|canopy=0.10
0.12,78,0.6190476190476191,78,0.08,0.06,0.0,3,0.7499999999999999,1.0,1.0,0,canopy_dew_first_v1,False,126,1.0,720,False,248,0.375,0,78,0,326,78,78,dry=0.06|dry_vent=0.00|dew=0.08|canopy=0.12
0.0,28,0.2222222222222222,28,0.1,0.06,0.0,3,1.0499999999999998,0.0,0.0,0,canopy_dew_first_v1,False,126,0.75,720,False,248,0.19999999999999996,0,28,0,276,28,28,dry=0.06|dry_vent=0.00|dew=0.10|canopy=0.00
0.04,28,0.2222222222222222,28,0.1,0.06,0.0,3,1.0499999999999998,0.0,0.0,0,canopy_dew_first_v1,False,126,0.75,720,False,248,0.19999999999999996,0,28,0,276,28,28,dry=0.06|dry_vent=0.00|dew=0.10|canopy=0.04
0.06,47,0.373015873015873,47,0.1,0.06,0.0,1,0.5205128205128204,1.0,0.6666666666666666,0,canopy_dew_first_v1,False,126,0.75,720,False,248,0.19999999999999996,0,47,0,295,47,47,dry=0.06|dry_vent=0.00|dew=0.10|canopy=0.06
0.08,50,0.3968253968253968,50,0.1,0.06,0.0,1,0.44358974358974357,1.0,0.6666666666666666,0,canopy_dew_first_v1,False,126,0.75,720,False,248,0.19999999999999996,0,50,0,298,50,50,dry=0.06|dry_vent=0.00|dew=0.10|canopy=0.08
0.1,54,0.42857142857142855,54,0.1,0.06,0.0,1,0.35,1.0,0.6666666666666666,0,canopy_dew_first_v1,False,126,0.75,720,False,248,0.19999999999999996,0,54,0,302,54,54,dry=0.06|dry_vent=0.00|dew=0.10|canopy=0.10
0.12,85,0.6746031746031746,85,0.1,0.06,0.0,3,0.7499999999999999,1.0,1.0,0,canopy_dew_first_v1,False,126,1.0,720,False,248,0.19999999999999996,0,85,0,333,85,85,dry=0.06|dry_vent=0.00|dew=0.10|canopy=0.12
0.0,46,0.36507936507936506,46,0.12,0.06,0.0,4,1.25,0.0,0.0,0,canopy_dew_first_v1,False,126,1.0,720,False,248,0.25,0,46,0,294,46,46,dry=0.06|dry_vent=0.00|dew=0.12|canopy=0.00
0.04,46,0.36507936507936506,46,0.12,0.06,0.0,4,1.25,0.0,0.0,0,canopy_dew_first_v1,False,126,1.0,720,False,248,0.25,0,46,0,294,46,46,dry=0.06|dry_vent=0.00|dew=0.12|canopy=0.04
0.06,65,0.5158730158730159,65,0.12,0.06,0.0,2,0.7205128205128204,1.0,0.6666666666666666,0,canopy_dew_first_v1,False,126,1.0,720,False,248,0.25,0,65,0,313,65,65,dry=0.06|dry_vent=0.00|dew=0.12|canopy=0.06
0.08,68,0.5396825396825397,68,0.12,0.06,0.0,2,0.6435897435897435,1.0,0.6666666666666666,0,canopy_dew_first_v1,False,126,1.0,720,False,248,0.25,0,68,0,316,68,68,dry=0.06|dry_vent=0.00|dew=0.12|canopy=0.08
0.1,72,0.5714285714285714,72,0.12,0.06,0.0,2,0.5499999999999999,1.0,0.6666666666666666,0,canopy_dew_first_v1,False,126,1.0,720,False,248,0.25,0,72,0,320,72,72,dry=0.06|dry_vent=0.00|dew=0.12|canopy=0.10
0.12,103,0.8174603174603174,103,0.12,0.06,0.0,4,0.9499999999999998,1.0,1.0,0,canopy_dew_first_v1,False,126,1.0,720,False,248,0.25,0,103,0,351,103,103,dry=0.06|dry_vent=0.00|dew=0.12|canopy=0.12
0.0,6,0.047619047619047616,6,0.0,0.06,0.02,4,1.4,0.0,0.0,0,canopy_dew_first_v1,False,126,0.75,720,False,248,0.75,0,6,0,254,6,6,dry=0.06|dry_vent=0.02|dew=0.00|canopy=0.00
0.04,6,0.047619047619047616,6,0.0,0.06,0.02,4,1.4,0.0,0.0,0,canopy_dew_first_v1,False,126,0.75,720,False,248,0.75,0,6,0,254,6,6,dry=0.06|dry_vent=0.02|dew=0.00|canopy=0.04
0.06,25,0.1984126984126984,25,0.0,0.06,0.02,2,0.8705128205128204,1.0,0.6666666666666666,0,canopy_dew_first_v1,False,126,0.75,720,False,248,0.75,0,25,0,273,25,25,dry=0.06|dry_vent=0.02|dew=0.00|canopy=0.06
0.08,28,0.2222222222222222,28,0.0,0.06,0.02,2,0.7935897435897435,1.0,0.6666666666666666,0,canopy_dew_first_v1,False,126,0.75,720,False,248,0.75,0,28,0,276,28,28,dry=0.06|dry_vent=0.02|dew=0.00|canopy=0.08
0.1,32,0.25396825396825395,32,0.0,0.06,0.02,2,0.7,1.0,0.6666666666666666,0,canopy_dew_first_v1,False,126,0.75,720,False,248,0.75,0,32,0,280,32,32,dry=0.06|dry_vent=0.02|dew=0.00|canopy=0.10
0.12,63,0.5,63,0.0,0.06,0.02,4,1.0999999999999999,1.0,1.0,0,canopy_dew_first_v1,False,126,1.0,720,False,248,0.75,0,63,0,311,63,63,dry=0.06|dry_vent=0.02|dew=0.00|canopy=0.12
0.0,6,0.047619047619047616,6,0.04,0.06,0.02,4,1.4,0.0,0.0,0,canopy_dew_first_v1,False,126,0.75,720,False,248,0.75,0,6,0,254,6,6,dry=0.06|dry_vent=0.02|dew=0.04|canopy=0.00
0.04,6,0.047619047619047616,6,0.04,0.06,0.02,4,1.4,0.0,0.0,0,canopy_dew_first_v1,False,126,0.75,720,False,248,0.75,0,6,0,254,6,6,dry=0.06|dry_vent=0.02|dew=0.04|canopy=0.04
0.06,25,0.1984126984126984,25,0.04,0.06,0.02,2,0.8705128205128204,1.0,0.6666666666666666,0,canopy_dew_first_v1,False,126,0.75,720,False,248,0.75,0,25,0,273,25,25,dry=0.06|dry_vent=0.02|dew=0.04|canopy=0.06
0.08,28,0.2222222222222222,28,0.04,0.06,0.02,2,0.7935897435897435,1.0,0.6666666666666666,0,canopy_dew_first_v1,False,126,0.75,720,False,248,0.75,0,28,0,276,28,28,dry=0.06|dry_vent=0.02|dew=0.04|canopy=0.08
0.1,32,0.25396825396825395,32,0.04,0.06,0.02,2,0.7,1.0,0.6666666666666666,0,canopy_dew_first_v1,False,126,0.75,720,False,248,0.75,0,32,0,280,32,32,dry=0.06|dry_vent=0.02|dew=0.04|canopy=0.10
0.12,63,0.5,63,0.04,0.06,0.02,4,1.0999999999999999,1.0,1.0,0,canopy_dew_first_v1,False,126,1.0,720,False,248,0.75,0,63,0,311,63,63,dry=0.06|dry_vent=0.02|dew=0.04|canopy=0.12
0.0,6,0.047619047619047616,6,0.06,0.06,0.02,4,1.4,0.0,0.0,0,canopy_dew_first_v1,False,126,0.75,720,False,248,0.75,0,6,0,254,6,6,dry=0.06|dry_vent=0.02|dew=0.06|canopy=0.00
0.04,6,0.047619047619047616,6,0.06,0.06,0.02,4,1.4,0.0,0.0,0,canopy_dew_first_v1,False,126,0.75,720,False,248,0.75,0,6,0,254,6,6,dry=0.06|dry_vent=0.02|dew=0.06|canopy=0.04
0.06,25,0.1984126984126984,25,0.06,0.06,0.02,2,0.8705128205128204,1.0,0.6666666666666666,0,canopy_dew_first_v1,False,126,0.75,720,False,248,0.75,0,25,0,273,25,25,dry=0.06|dry_vent=0.02|dew=0.06|canopy=0.06
0.08,28,0.2222222222222222,28,0.06,0.06,0.02,2,0.7935897435897435,1.0,0.6666666666666666,0,canopy_dew_first_v1,False,126,0.75,720,False,248,0.75,0,28,0,276,28,28,dry=0.06|dry_vent=0.02|dew=0.06|canopy=0.08
0.1,32,0.25396825396825395,32,0.06,0.06,0.02,2,0.7,1.0,0.6666666666666666,0,canopy_dew_first_v1,False,126,0.75,720,False,248,0.75,0,32,0,280,32,32,dry=0.06|dry_vent=0.02|dew=0.06|canopy=0.10
0.12,63,0.5,63,0.06,0.06,0.02,4,1.0999999999999999,1.0,1.0,0,canopy_dew_first_v1,False,126,1.0,720,False,248,0.75,0,63,0,311,63,63,dry=0.06|dry_vent=0.02|dew=0.06|canopy=0.12
0.0,21,0.16666666666666666,21,0.08,0.06,0.02,3,1.0499999999999998,0.0,0.0,0,canopy_dew_first_v1,False,126,0.75,720,False,248,0.375,0,21,0,269,21,21,dry=0.06|dry_vent=0.02|dew=0.08|canopy=0.00
0.04,21,0.16666666666666666,21,0.08,0.06,0.02,3,1.0499999999999998,0.0,0.0,0,canopy_dew_first_v1,False,126,0.75,720,False,248,0.375,0,21,0,269,21,21,dry=0.06|dry_vent=0.02|dew=0.08|canopy=0.04
0.06,40,0.31746031746031744,40,0.08,0.06,0.02,1,0.5205128205128204,1.0,0.6666666666666666,0,canopy_dew_first_v1,False,126,0.75,720,False,248,0.375,0,40,0,288,40,40,dry=0.06|dry_vent=0.02|dew=0.08|canopy=0.06
0.08,43,0.3412698412698413,43,0.08,0.06,0.02,1,0.44358974358974357,1.0,0.6666666666666666,0,canopy_dew_first_v1,False,126,0.75,720,False,248,0.375,0,43,0,291,43,43,dry=0.06|dry_vent=0.02|dew=0.08|canopy=0.08
0.1,47,0.373015873015873,47,0.08,0.06,0.02,1,0.35,1.0,0.6666666666666666,0,canopy_dew_first_v1,False,126,0.75,720,False,248,0.375,0,47,0,295,47,47,dry=0.06|dry_vent=0.02|dew=0.08|canopy=0.10
0.12,78,0.6190476190476191,78,0.08,0.06,0.02,3,0.7499999999999999,1.0,1.0,0,canopy_dew_first_v1,False,126,1.0,720,False,248,0.375,0,78,0,326,78,78,dry=0.06|dry_vent=0.02|dew=0.08|canopy=0.12
0.0,28,0.2222222222222222,28,0.1,0.06,0.02,3,1.0499999999999998,0.0,0.0,0,canopy_dew_first_v1,False,126,0.75,720,False,248,0.19999999999999996,0,28,0,276,28,28,dry=0.06|dry_vent=0.02|dew=0.10|canopy=0.00
0.04,28,0.2222222222222222,28,0.1,0.06,0.02,3,1.0499999999999998,0.0,0.0,0,canopy_dew_first_v1,False,126,0.75,720,False,248,0.19999999999999996,0,28,0,276,28,28,dry=0.06|dry_vent=0.02|dew=0.10|canopy=0.04
0.06,47,0.373015873015873,47,0.1,0.06,0.02,1,0.5205128205128204,1.0,0.6666666666666666,0,canopy_dew_first_v1,False,126,0.75,720,False,248,0.19999999999999996,0,47,0,295,47,47,dry=0.06|dry_vent=0.02|dew=0.10|canopy=0.06
0.08,50,0.3968253968253968,50,0.1,0.06,0.02,1,0.44358974358974357,1.0,0.6666666666666666,0,canopy_dew_first_v1,False,126,0.75,720,False,248,0.19999999999999996,0,50,0,298,50,50,dry=0.06|dry_vent=0.02|dew=0.10|canopy=0.08
0.1,54,0.42857142857142855,54,0.1,0.06,0.02,1,0.35,1.0,0.6666666666666666,0,canopy_dew_first_v1,False,126,0.75,720,False,248,0.19999999999999996,0,54,0,302,54,54,dry=0.06|dry_vent=0.02|dew=0.10|canopy=0.10
0.12,85,0.6746031746031746,85,0.1,0.06,0.02,3,0.7499999999999999,1.0,1.0,0,canopy_dew_first_v1,False,126,1.0,720,False,248,0.19999999999999996,0,85,0,333,85,85,dry=0.06|dry_vent=0.02|dew=0.10|canopy=0.12
0.0,46,0.36507936507936506,46,0.12,0.06,0.02,4,1.25,0.0,0.0,0,canopy_dew_first_v1,False,126,1.0,720,False,248,0.25,0,46,0,294,46,46,dry=0.06|dry_vent=0.02|dew=0.12|canopy=0.00
0.04,46,0.36507936507936506,46,0.12,0.06,0.02,4,1.25,0.0,0.0,0,canopy_dew_first_v1,False,126,1.0,720,False,248,0.25,0,46,0,294,46,46,dry=0.06|dry_vent=0.02|dew=0.12|canopy=0.04
0.06,65,0.5158730158730159,65,0.12,0.06,0.02,2,0.7205128205128204,1.0,0.6666666666666666,0,canopy_dew_first_v1,False,126,1.0,720,False,248,0.25,0,65,0,313,65,65,dry=0.06|dry_vent=0.02|dew=0.12|canopy=0.06
0.08,68,0.5396825396825397,68,0.12,0.06,0.02,2,0.6435897435897435,1.0,0.6666666666666666,0,canopy_dew_first_v1,False,126,1.0,720,False,248,0.25,0,68,0,316,68,68,dry=0.06|dry_vent=0.02|dew=0.12|canopy=0.08
0.1,72,0.5714285714285714,72,0.12,0.06,0.02,2,0.5499999999999999,1.0,0.6666666666666666,0,canopy_dew_first_v1,False,126,1.0,720,False,248,0.25,0,72,0,320,72,72,dry=0.06|dry_vent=0.02|dew=0.12|canopy=0.10
0.12,103,0.8174603174603174,103,0.12,0.06,0.02,4,0.9499999999999998,1.0,1.0,0,canopy_dew_first_v1,False,126,1.0,720,False,248,0.25,0,103,0,351,103,103,dry=0.06|dry_vent=0.02|dew=0.12|canopy=0.12
0.0,6,0.047619047619047616,6,0.0,0.06,0.04,4,1.4,0.0,0.0,0,canopy_dew_first_v1,False,126,0.75,720,False,248,0.75,0,6,0,254,6,6,dry=0.06|dry_vent=0.04|dew=0.00|canopy=0.00
0.04,6,0.047619047619047616,6,0.0,0.06,0.04,4,1.4,0.0,0.0,0,canopy_dew_first_v1,False,126,0.75,720,False,248,0.75,0,6,0,254,6,6,dry=0.06|dry_vent=0.04|dew=0.00|canopy=0.04
0.06,25,0.1984126984126984,25,0.0,0.06,0.04,2,0.8705128205128204,1.0,0.6666666666666666,0,canopy_dew_first_v1,False,126,0.75,720,False,248,0.75,0,25,0,273,25,25,dry=0.06|dry_vent=0.04|dew=0.00|canopy=0.06
0.08,28,0.2222222222222222,28,0.0,0.06,0.04,2,0.7935897435897435,1.0,0.6666666666666666,0,canopy_dew_first_v1,False,126,0.75,720,False,248,0.75,0,28,0,276,28,28,dry=0.06|dry_vent=0.04|dew=0.00|canopy=0.08
0.1,32,0.25396825396825395,32,0.0,0.06,0.04,2,0.7,1.0,0.6666666666666666,0,canopy_dew_first_v1,False,126,0.75,720,False,248,0.75,0,32,0,280,32,32,dry=0.06|dry_vent=0.04|dew=0.00|canopy=0.10
0.12,63,0.5,63,0.0,0.06,0.04,4,1.0999999999999999,1.0,1.0,0,canopy_dew_first_v1,False,126,1.0,720,False,248,0.75,0,63,0,311,63,63,dry=0.06|dry_vent=0.04|dew=0.00|canopy=0.12
0.0,6,0.047619047619047616,6,0.04,0.06,0.04,4,1.4,0.0,0.0,0,canopy_dew_first_v1,False,126,0.75,720,False,248,0.75,0,6,0,254,6,6,dry=0.06|dry_vent=0.04|dew=0.04|canopy=0.00
0.04,6,0.047619047619047616,6,0.04,0.06,0.04,4,1.4,0.0,0.0,0,canopy_dew_first_v1,False,126,0.75,720,False,248,0.75,0,6,0,254,6,6,dry=0.06|dry_vent=0.04|dew=0.04|canopy=0.04
0.06,25,0.1984126984126984,25,0.04,0.06,0.04,2,0.8705128205128204,1.0,0.6666666666666666,0,canopy_dew_first_v1,False,126,0.75,720,False,248,0.75,0,25,0,273,25,25,dry=0.06|dry_vent=0.04|dew=0.04|canopy=0.06
0.08,28,0.2222222222222222,28,0.04,0.06,0.04,2,0.7935897435897435,1.0,0.6666666666666666,0,canopy_dew_first_v1,False,126,0.75,720,False,248,0.75,0,28,0,276,28,28,dry=0.06|dry_vent=0.04|dew=0.04|canopy=0.08
0.1,32,0.25396825396825395,32,0.04,0.06,0.04,2,0.7,1.0,0.6666666666666666,0,canopy_dew_first_v1,False,126,0.75,720,False,248,0.75,0,32,0,280,32,32,dry=0.06|dry_vent=0.04|dew=0.04|canopy=0.10
0.12,63,0.5,63,0.04,0.06,0.04,4,1.0999999999999999,1.0,1.0,0,canopy_dew_first_v1,False,126,1.0,720,False,248,0.75,0,63,0,311,63,63,dry=0.06|dry_vent=0.04|dew=0.04|canopy=0.12
0.0,6,0.047619047619047616,6,0.06,0.06,0.04,4,1.4,0.0,0.0,0,canopy_dew_first_v1,False,126,0.75,720,False,248,0.75,0,6,0,254,6,6,dry=0.06|dry_vent=0.04|dew=0.06|canopy=0.00
0.04,6,0.047619047619047616,6,0.06,0.06,0.04,4,1.4,0.0,0.0,0,canopy_dew_first_v1,False,126,0.75,720,False,248,0.75,0,6,0,254,6,6,dry=0.06|dry_vent=0.04|dew=0.06|canopy=0.04
0.06,25,0.1984126984126984,25,0.06,0.06,0.04,2,0.8705128205128204,1.0,0.6666666666666666,0,canopy_dew_first_v1,False,126,0.75,720,False,248,0.75,0,25,0,273,25,25,dry=0.06|dry_vent=0.04|dew=0.06|canopy=0.06
0.08,28,0.2222222222222222,28,0.06,0.06,0.04,2,0.7935897435897435,1.0,0.6666666666666666,0,canopy_dew_first_v1,False,126,0.75,720,False,248,0.75,0,28,0,276,28,28,dry=0.06|dry_vent=0.04|dew=0.06|canopy=0.08
0.1,32,0.25396825396825395,32,0.06,0.06,0.04,2,0.7,1.0,0.6666666666666666,0,canopy_dew_first_v1,False,126,0.75,720,False,248,0.75,0,32,0,280,32,32,dry=0.06|dry_vent=0.04|dew=0.06|canopy=0.10
0.12,63,0.5,63,0.06,0.06,0.04,4,1.0999999999999999,1.0,1.0,0,canopy_dew_first_v1,False,126,1.0,720,False,248,0.75,0,63,0,311,63,63,dry=0.06|dry_vent=0.04|dew=0.06|canopy=0.12
0.0,21,0.16666666666666666,21,0.08,0.06,0.04,3,1.0499999999999998,0.0,0.0,0,canopy_dew_first_v1,False,126,0.75,720,False,248,0.375,0,21,0,269,21,21,dry=0.06|dry_vent=0.04|dew=0.08|canopy=0.00
0.04,21,0.16666666666666666,21,0.08,0.06,0.04,3,1.0499999999999998,0.0,0.0,0,canopy_dew_first_v1,False,126,0.75,720,False,248,0.375,0,21,0,269,21,21,dry=0.06|dry_vent=0.04|dew=0.08|canopy=0.04
0.06,40,0.31746031746031744,40,0.08,0.06,0.04,1,0.5205128205128204,1.0,0.6666666666666666,0,canopy_dew_first_v1,False,126,0.75,720,False,248,0.375,0,40,0,288,40,40,dry=0.06|dry_vent=0.04|dew=0.08|canopy=0.06
0.08,43,0.3412698412698413,43,0.08,0.06,0.04,1,0.44358974358974357,1.0,0.6666666666666666,0,canopy_dew_first_v1,False,126,0.75,720,False,248,0.375,0,43,0,291,43,43,dry=0.06|dry_vent=0.04|dew=0.08|canopy=0.08
0.1,47,0.373015873015873,47,0.08,0.06,0.04,1,0.35,1.0,0.6666666666666666,0,canopy_dew_first_v1,False,126,0.75,720,False,248,0.375,0,47,0,295,47,47,dry=0.06|dry_vent=0.04|dew=0.08|canopy=0.10
0.12,78,0.6190476190476191,78,0.08,0.06,0.04,3,0.7499999999999999,1.0,1.0,0,canopy_dew_first_v1,False,126,1.0,720,False,248,0.375,0,78,0,326,78,78,dry=0.06|dry_vent=0.04|dew=0.08|canopy=0.12
0.0,28,0.2222222222222222,28,0.1,0.06,0.04,3,1.0499999999999998,0.0,0.0,0,canopy_dew_first_v1,False,126,0.75,720,False,248,0.19999999999999996,0,28,0,276,28,28,dry=0.06|dry_vent=0.04|dew=0.10|canopy=0.00
0.04,28,0.2222222222222222,28,0.1,0.06,0.04,3,1.0499999999999998,0.0,0.0,0,canopy_dew_first_v1,False,126,0.75,720,False,248,0.19999999999999996,0,28,0,276,28,28,dry=0.06|dry_vent=0.04|dew=0.10|canopy=0.04
0.06,47,0.373015873015873,47,0.1,0.06,0.04,1,0.5205128205128204,1.0,0.6666666666666666,0,canopy_dew_first_v1,False,126,0.75,720,False,248,0.19999999999999996,0,47,0,295,47,47,dry=0.06|dry_vent=0.04|dew=0.10|canopy=0.06
0.08,50,0.3968253968253968,50,0.1,0.06,0.04,1,0.44358974358974357,1.0,0.6666666666666666,0,canopy_dew_first_v1,False,126,0.75,720,False,248,0.19999999999999996,0,50,0,298,50,50,dry=0.06|dry_vent=0.04|dew=0.10|canopy=0.08
0.1,54,0.42857142857142855,54,0.1,0.06,0.04,1,0.35,1.0,0.6666666666666666,0,canopy_dew_first_v1,False,126,0.75,720,False,248,0.19999999999999996,0,54,0,302,54,54,dry=0.06|dry_vent=0.04|dew=0.10|canopy=0.10
0.12,85,0.6746031746031746,85,0.1,0.06,0.04,3,0.7499999999999999,1.0,1.0,0,canopy_dew_first_v1,False,126,1.0,720,False,248,0.19999999999999996,0,85,0,333,85,85,dry=0.06|dry_vent=0.04|dew=0.10|canopy=0.12
0.0,46,0.36507936507936506,46,0.12,0.06,0.04,4,1.25,0.0,0.0,0,canopy_dew_first_v1,False,126,1.0,720,False,248,0.25,0,46,0,294,46,46,dry=0.06|dry_vent=0.04|dew=0.12|canopy=0.00
0.04,46,0.36507936507936506,46,0.12,0.06,0.04,4,1.25,0.0,0.0,0,canopy_dew_first_v1,False,126,1.0,720,False,248,0.25,0,46,0,294,46,46,dry=0.06|dry_vent=0.04|dew=0.12|canopy=0.04
0.06,65,0.5158730158730159,65,0.12,0.06,0.04,2,0.7205128205128204,1.0,0.6666666666666666,0,canopy_dew_first_v1,False,126,1.0,720,False,248,0.25,0,65,0,313,65,65,dry=0.06|dry_vent=0.04|dew=0.12|canopy=0.06
0.08,68,0.5396825396825397,68,0.12,0.06,0.04,2,0.6435897435897435,1.0,0.6666666666666666,0,canopy_dew_first_v1,False,126,1.0,720,False,248,0.25,0,68,0,316,68,68,dry=0.06|dry_vent=0.04|dew=0.12|canopy=0.08
0.1,72,0.5714285714285714,72,0.12,0.06,0.04,2,0.5499999999999999,1.0,0.6666666666666666,0,canopy_dew_first_v1,False,126,1.0,720,False,248,0.25,0,72,0,320,72,72,dry=0.06|dry_vent=0.04|dew=0.12|canopy=0.10
0.12,103,0.8174603174603174,103,0.12,0.06,0.04,4,0.9499999999999998,1.0,1.0,0,canopy_dew_first_v1,False,126,1.0,720,False,248,0.25,0,103,0,351,103,103,dry=0.06|dry_vent=0.04|dew=0.12|canopy=0.12
0.0,27,0.21428571428571427,27,0.0,0.06,0.06,4,1.25,1.0,1.0,0,canopy_dew_first_v1,False,126,1.0,720,False,248,0.75,0,27,0,275,27,27,dry=0.06|dry_vent=0.06|dew=0.00|canopy=0.00
0.04,27,0.21428571428571427,27,0.0,0.06,0.06,4,1.25,1.0,1.0,0,canopy_dew_first_v1,False,126,1.0,720,False,248,0.75,0,27,0,275,27,27,dry=0.06|dry_vent=0.06|dew=0.00|canopy=0.04
0.06,46,0.36507936507936506,46,0.0,0.06,0.06,2,0.7205128205128204,1.0,0.8205128205128205,0,canopy_dew_first_v1,False,126,1.0,720,False,248,0.75,0,46,0,294,46,46,dry=0.06|dry_vent=0.06|dew=0.00|canopy=0.06
0.08,49,0.3888888888888889,49,0.0,0.06,0.06,2,0.6435897435897435,1.0,0.7435897435897436,0,canopy_dew_first_v1,False,126,1.0,720,False,248,0.75,0,49,0,297,49,49,dry=0.06|dry_vent=0.06|dew=0.00|canopy=0.08
0.1,53,0.42063492063492064,53,0.0,0.06,0.06,2,0.5499999999999999,1.0,0.641025641025641,0,canopy_dew_first_v1,False,126,1.0,720,False,248,0.75,0,53,0,301,53,53,dry=0.06|dry_vent=0.06|dew=0.00|canopy=0.10
0.12,84,0.6666666666666666,84,0.0,0.06,0.06,4,0.9499999999999998,0.0,0.0,0,canopy_dew_first_v1,False,126,1.0,720,False,248,0.75,0,84,0,332,84,84,dry=0.06|dry_vent=0.06|dew=0.00|canopy=0.12
0.0,27,0.21428571428571427,27,0.04,0.06,0.06,4,1.25,1.0,1.0,0,canopy_dew_first_v1,False,126,1.0,720,False,248,0.75,0,27,0,275,27,27,dry=0.06|dry_vent=0.06|dew=0.04|canopy=0.00
0.04,27,0.21428571428571427,27,0.04,0.06,0.06,4,1.25,1.0,1.0,0,canopy_dew_first_v1,False,126,1.0,720,False,248,0.75,0,27,0,275,27,27,dry=0.06|dry_vent=0.06|dew=0.04|canopy=0.04
0.06,46,0.36507936507936506,46,0.04,0.06,0.06,2,0.7205128205128204,1.0,0.8205128205128205,0,canopy_dew_first_v1,False,126,1.0,720,False,248,0.75,0,46,0,294,46,46,dry=0.06|dry_vent=0.06|dew=0.04|canopy=0.06
0.08,49,0.3888888888888889,49,0.04,0.06,0.06,2,0.6435897435897435,1.0,0.7435897435897436,0,canopy_dew_first_v1,False,126,1.0,720,False,248,0.75,0,49,0,297,49,49,dry=0.06|dry_vent=0.06|dew=0.04|canopy=0.08
0.1,53,0.42063492063492064,53,0.04,0.06,0.06,2,0.5499999999999999,1.0,0.641025641025641,0,canopy_dew_first_v1,False,126,1.0,720,False,248,0.75,0,53,0,301,53,53,dry=0.06|dry_vent=0.06|dew=0.04|canopy=0.10
0.12,84,0.6666666666666666,84,0.04,0.06,0.06,4,0.9499999999999998,0.0,0.0,0,canopy_dew_first_v1,False,126,1.0,720,False,248,0.75,0,84,0,332,84,84,dry=0.06|dry_vent=0.06|dew=0.04|canopy=0.12
0.0,27,0.21428571428571427,27,0.06,0.06,0.06,4,1.25,1.0,1.0,0,canopy_dew_first_v1,False,126,1.0,720,False,248,0.75,0,27,0,275,27,27,dry=0.06|dry_vent=0.06|dew=0.06|canopy=0.00
0.04,27,0.21428571428571427,27,0.06,0.06,0.06,4,1.25,1.0,1.0,0,canopy_dew_first_v1,False,126,1.0,720,False,248,0.75,0,27,0,275,27,27,dry=0.06|dry_vent=0.06|dew=0.06|canopy=0.04
0.06,46,0.36507936507936506,46,0.06,0.06,0.06,2,0.7205128205128204,1.0,0.8205128205128205,0,canopy_dew_first_v1,False,126,1.0,720,False,248,0.75,0,46,0,294,46,46,dry=0.06|dry_vent=0.06|dew=0.06|canopy=0.06
0.08,49,0.3888888888888889,49,0.06,0.06,0.06,2,0.6435897435897435,1.0,0.7435897435897436,0,canopy_dew_first_v1,False,126,1.0,720,False,248,0.75,0,49,0,297,49,49,dry=0.06|dry_vent=0.06|dew=0.06|canopy=0.08
0.1,53,0.42063492063492064,53,0.06,0.06,0.06,2,0.5499999999999999,1.0,0.641025641025641,0,canopy_dew_first_v1,False,126,1.0,720,False,248,0.75,0,53,0,301,53,53,dry=0.06|dry_vent=0.06|dew=0.06|canopy=0.10
0.12,84,0.6666666666666666,84,0.06,0.06,0.06,4,0.9499999999999998,0.0,0.0,0,canopy_dew_first_v1,False,126,1.0,720,False,248,0.75,0,84,0,332,84,84,dry=0.06|dry_vent=0.06|dew=0.06|canopy=0.12
0.0,42,0.3333333333333333,42,0.08,0.06,0.06,3,0.8999999999999999,1.0,1.0,0,canopy_dew_first_v1,False,126,1.0,720,False,248,0.375,0,42,0,290,42,42,dry=0.06|dry_vent=0.06|dew=0.08|canopy=0.00
0.04,42,0.3333333333333333,42,0.08,0.06,0.06,3,0.8999999999999999,1.0,1.0,0,canopy_dew_first_v1,False,126,1.0,720,False,248,0.375,0,42,0,290,42,42,dry=0.06|dry_vent=0.06|dew=0.08|canopy=0.04
0.06,61,0.48412698412698413,61,0.08,0.06,0.06,1,0.3705128205128204,1.0,0.8205128205128205,0,canopy_dew_first_v1,False,126,0.8205128205128205,720,False,248,0.375,0,61,0,309,61,61,dry=0.06|dry_vent=0.06|dew=0.08|canopy=0.06
0.08,64,0.5079365079365079,64,0.08,0.06,0.06,1,0.29358974358974355,1.0,0.7435897435897436,0,canopy_dew_first_v1,False,126,0.7435897435897436,720,False,248,0.375,0,64,0,312,64,64,dry=0.06|dry_vent=0.06|dew=0.08|canopy=0.08
0.1,68,0.5396825396825397,68,0.08,0.06,0.06,1,0.19999999999999996,1.0,0.641025641025641,0,canopy_dew_first_v1,False,126,0.641025641025641,720,False,248,0.375,0,68,0,316,68,68,dry=0.06|dry_vent=0.06|dew=0.08|canopy=0.10
0.12,99,0.7857142857142857,99,0.08,0.06,0.06,3,0.5999999999999999,0.0,0.0,0,canopy_dew_first_v1,False,126,0.625,720,False,248,0.375,0,99,0,347,99,99,dry=0.06|dry_vent=0.06|dew=0.08|canopy=0.12
0.0,49,0.3888888888888889,49,0.1,0.06,0.06,3,0.8999999999999999,1.0,1.0,0,canopy_dew_first_v1,False,126,1.0,720,False,248,0.19999999999999996,0,49,0,297,49,49,dry=0.06|dry_vent=0.06|dew=0.10|canopy=0.00
0.04,49,0.3888888888888889,49,0.1,0.06,0.06,3,0.8999999999999999,1.0,1.0,0,canopy_dew_first_v1,False,126,1.0,720,False,248,0.19999999999999996,0,49,0,297,49,49,dry=0.06|dry_vent=0.06|dew=0.10|canopy=0.04
0.06,68,0.5396825396825397,68,0.1,0.06,0.06,1,0.3705128205128204,1.0,0.8205128205128205,0,canopy_dew_first_v1,False,126,0.8205128205128205,720,False,248,0.19999999999999996,0,68,0,316,68,68,dry=0.06|dry_vent=0.06|dew=0.10|canopy=0.06
0.08,71,0.5634920634920635,71,0.1,0.06,0.06,1,0.29358974358974355,1.0,0.7435897435897436,0,canopy_dew_first_v1,False,126,0.7435897435897436,720,False,248,0.19999999999999996,0,71,0,319,71,71,dry=0.06|dry_vent=0.06|dew=0.10|canopy=0.08
0.1,75,0.5952380952380952,75,0.1,0.06,0.06,1,0.19999999999999996,1.0,0.641025641025641,0,canopy_dew_first_v1,False,126,0.641025641025641,720,False,248,0.19999999999999996,0,75,0,323,75,75,dry=0.06|dry_vent=0.06|dew=0.10|canopy=0.10
0.12,106,0.8412698412698413,106,0.1,0.06,0.06,3,0.5999999999999999,0.0,0.0,0,canopy_dew_first_v1,False,126,0.44999999999999996,720,False,248,0.19999999999999996,0,106,0,354,106,106,dry=0.06|dry_vent=0.06|dew=0.10|canopy=0.12
0.0,67,0.5317460317460317,67,0.12,0.06,0.06,4,1.0999999999999999,1.0,1.0,0,canopy_dew_first_v1,False,126,1.0,720,False,248,0.25,0,67,0,315,67,67,dry=0.06|dry_vent=0.06|dew=0.12|canopy=0.00
0.04,67,0.5317460317460317,67,0.12,0.06,0.06,4,1.0999999999999999,1.0,1.0,0,canopy_dew_first_v1,False,126,1.0,720,False,248,0.25,0,67,0,315,67,67,dry=0.06|dry_vent=0.06|dew=0.12|canopy=0.04
0.06,86,0.6825396825396826,86,0.12,0.06,0.06,2,0.5705128205128204,1.0,0.8205128205128205,0,canopy_dew_first_v1,False,126,0.8205128205128205,720,False,248,0.25,0,86,0,334,86,86,dry=0.06|dry_vent=0.06|dew=0.12|canopy=0.06
0.08,89,0.7063492063492064,89,0.12,0.06,0.06,2,0.4935897435897435,1.0,0.7435897435897436,0,canopy_dew_first_v1,False,126,0.7435897435897436,720,False,248,0.25,0,89,0,337,89,89,dry=0.06|dry_vent=0.06|dew=0.12|canopy=0.08
0.1,93,0.7380952380952381,93,0.12,0.06,0.06,2,0.3999999999999999,1.0,0.641025641025641,0,canopy_dew_first_v1,False,126,0.641025641025641,720,False,248,0.25,0,93,0,341,93,93,dry=0.06|dry_vent=0.06|dew=0.12|canopy=0.10
0.12,124,0.9841269841269841,124,0.12,0.06,0.06,4,0.7999999999999998,0.0,0.0,0,canopy_dew_first_v1,True,126,0.25,720,False,248,0.25,0,124,0,372,124,124,dry=0.06|dry_vent=0.06|dew=0.12|canopy=0.12
0.0,0,0.0,0,0.0,0.0,0.0,4,1.4,0.0,0.0,0,dew_before_canopy_lt1_v1,False,126,0.0,720,False,248,0.0,0,0,0,248,0,0,dry=0.00|dry_vent=0.00|dew=0.00|canopy=0.00
0.04,0,0.0,0,0.0,0.0,0.0,4,1.4,0.0,0.0,0,dew_before_canopy_lt1_v1,False,126,0.0,720,False,248,0.0,0,0,0,248,0,0,dry=0.00|dry_vent=0.00|dew=0.00|canopy=0.04
0.06,12,0.09523809523809523,12,0.0,0.0,0.0,3,1.0499999999999998,1.0,0.6666666666666666,0,dew_before_canopy_lt1_v1,False,126,0.6666666666666666,720,False,248,0.0,0,12,0,260,12,12,dry=0.00|dry_vent=0.00|dew=0.00|canopy=0.06
0.08,12,0.09523809523809523,12,0.0,0.0,0.0,3,1.0499999999999998,1.0,0.6666666666666666,0,dew_before_canopy_lt1_v1,False,126,0.6666666666666666,720,False,248,0.0,0,12,0,260,12,12,dry=0.00|dry_vent=0.00|dew=0.00|canopy=0.08
0.1,12,0.09523809523809523,12,0.0,0.0,0.0,3,1.0499999999999998,1.0,0.6666666666666666,0,dew_before_canopy_lt1_v1,False,126,0.6666666666666666,720,False,248,0.0,0,12,0,260,12,12,dry=0.00|dry_vent=0.00|dew=0.00|canopy=0.10
0.12,18,0.14285714285714285,18,0.0,0.0,0.0,4,1.25,1.0,1.0,0,dew_before_canopy_lt1_v1,False,126,1.0,720,False,248,0.0,0,18,0,266,18,18,dry=0.00|dry_vent=0.00|dew=0.00|canopy=0.12
0.0,0,0.0,0,0.04,0.0,0.0,4,1.4,0.0,0.0,0,dew_before_canopy_lt1_v1,False,126,0.0,720,False,248,0.0,0,0,0,248,0,0,dry=0.00|dry_vent=0.00|dew=0.04|canopy=0.00
0.04,0,0.0,0,0.04,0.0,0.0,4,1.4,0.0,0.0,0,dew_before_canopy_lt1_v1,False,126,0.0,720,False,248,0.0,0,0,0,248,0,0,dry=0.00|dry_vent=0.00|dew=0.04|canopy=0.04
0.06,12,0.09523809523809523,12,0.04,0.0,0.0,3,1.0499999999999998,1.0,0.6666666666666666,0,dew_before_canopy_lt1_v1,False,126,0.6666666666666666,720,False,248,0.0,0,12,0,260,12,12,dry=0.00|dry_vent=0.00|dew=0.04|canopy=0.06
0.08,12,0.09523809523809523,12,0.04,0.0,0.0,3,1.0499999999999998,1.0,0.6666666666666666,0,dew_before_canopy_lt1_v1,False,126,0.6666666666666666,720,False,248,0.0,0,12,0,260,12,12,dry=0.00|dry_vent=0.00|dew=0.04|canopy=0.08
0.1,12,0.09523809523809523,12,0.04,0.0,0.0,3,1.0499999999999998,1.0,0.6666666666666666,0,dew_before_canopy_lt1_v1,False,126,0.6666666666666666,720,False,248,0.0,0,12,0,260,12,12,dry=0.00|dry_vent=0.00|dew=0.04|canopy=0.10
0.12,18,0.14285714285714285,18,0.04,0.0,0.0,4,1.25,1.0,1.0,0,dew_before_canopy_lt1_v1,False,126,1.0,720,False,248,0.0,0,18,0,266,18,18,dry=0.00|dry_vent=0.00|dew=0.04|canopy=0.12
0.0,7,0.05555555555555555,7,0.06,0.0,0.0,3,1.311392405063291,1.0,0.1794871794871795,0,dew_before_canopy_lt1_v1,False,126,0.08860759493670886,720,False,248,0.0,0,7,0,255,7,7,dry=0.00|dry_vent=0.00|dew=0.06|canopy=0.00
0.04,7,0.05555555555555555,7,0.06,0.0,0.0,3,1.311392405063291,1.0,0.1794871794871795,0,dew_before_canopy_lt1_v1,False,126,0.08860759493670886,720,False,248,0.0,0,7,0,255,7,7,dry=0.00|dry_vent=0.00|dew=0.06|canopy=0.04
0.06,19,0.15079365079365079,19,0.06,0.0,0.0,2,0.961392405063291,1.0,0.6666666666666666,0,dew_before_canopy_lt1_v1,False,126,0.6666666666666666,720,False,248,0.0,0,19,0,267,19,19,dry=0.00|dry_vent=0.00|dew=0.06|canopy=0.06
0.08,19,0.15079365079365079,19,0.06,0.0,0.0,2,0.961392405063291,1.0,0.6666666666666666,0,dew_before_canopy_lt1_v1,False,126,0.6666666666666666,720,False,248,0.0,0,19,0,267,19,19,dry=0.00|dry_vent=0.00|dew=0.06|canopy=0.08
0.1,19,0.15079365079365079,19,0.06,0.0,0.0,2,0.961392405063291,1.0,0.6666666666666666,0,dew_before_canopy_lt1_v1,False,126,0.6666666666666666,720,False,248,0.0,0,19,0,267,19,19,dry=0.00|dry_vent=0.00|dew=0.06|canopy=0.10
0.12,25,0.1984126984126984,25,0.06,0.0,0.0,3,1.1613924050632911,1.0,1.0,0,dew_before_canopy_lt1_v1,False,126,1.0,720,False,248,0.0,0,25,0,273,25,25,dry=0.00|dry_vent=0.00|dew=0.06|canopy=0.12
0.0,25,0.1984126984126984,25,0.08,0.0,0.0,3,1.0835443037974684,1.0,0.2564102564102564,0,dew_before_canopy_lt1_v1,False,126,0.31645569620253167,720,False,248,0.375,0,25,0,273,25,25,dry=0.00|dry_vent=0.00|dew=0.08|canopy=0.00
0.04,25,0.1984126984126984,25,0.08,0.0,0.0,3,1.0835443037974684,1.0,0.2564102564102564,0,dew_before_canopy_lt1_v1,False,126,0.31645569620253167,720,False,248,0.375,0,25,0,273,25,25,dry=0.00|dry_vent=0.00|dew=0.08|canopy=0.04
0.06,37,0.29365079365079366,37,0.08,0.0,0.0,2,0.7335443037974683,1.0,0.6666666666666666,0,dew_before_canopy_lt1_v1,False,126,0.6666666666666666,720,False,248,0.375,0,37,0,285,37,37,dry=0.00|dry_vent=0.00|dew=0.08|canopy=0.06
0.08,37,0.29365079365079366,37,0.08,0.0,0.0,2,0.7335443037974683,1.0,0.6666666666666666,0,dew_before_canopy_lt1_v1,False,126,0.6666666666666666,720,False,248,0.375,0,37,0,285,37,37,dry=0.00|dry_vent=0.00|dew=0.08|canopy=0.08
0.1,37,0.29365079365079366,37,0.08,0.0,0.0,2,0.7335443037974683,1.0,0.6666666666666666,0,dew_before_canopy_lt1_v1,False,126,0.6666666666666666,720,False,248,0.375,0,37,0,285,37,37,dry=0.00|dry_vent=0.00|dew=0.08|canopy=0.10
0.12,43,0.3412698412698413,43,0.08,0.0,0.0,3,0.9335443037974682,1.0,1.0,0,dew_before_canopy_lt1_v1,False,126,1.0,720,False,248,0.375,0,43,0,291,43,43,dry=0.00|dry_vent=0.00|dew=0.08|canopy=0.12
0.0,36,0.2857142857142857,36,0.1,0.0,0.0,3,1.0499999999999998,1.0,0.358974358974359,0,dew_before_canopy_lt1_v1,False,126,0.45569620253164556,720,False,248,0.55,0,36,0,284,36,36,dry=0.00|dry_vent=0.00|dew=0.10|canopy=0.00
0.04,36,0.2857142857142857,36,0.1,0.0,0.0,3,1.0499999999999998,1.0,0.358974358974359,0,dew_before_canopy_lt1_v1,False,126,0.45569620253164556,720,False,248,0.55,0,36,0,284,36,36,dry=0.00|dry_vent=0.00|dew=0.10|canopy=0.04
0.06,48,0.38095238095238093,48,0.1,0.0,0.0,2,0.7,1.0,0.6666666666666666,0,dew_before_canopy_lt1_v1,False,126,0.6666666666666666,720,False,248,0.55,0,48,0,296,48,48,dry=0.00|dry_vent=0.00|dew=0.10|canopy=0.06
0.08,48,0.38095238095238093,48,0.1,0.0,0.0,2,0.7,1.0,0.6666666666666666,0,dew_before_canopy_lt1_v1,False,126,0.6666666666666666,720,False,248,0.55,0,48,0,296,48,48,dry=0.00|dry_vent=0.00|dew=0.10|canopy=0.08
0.1,48,0.38095238095238093,48,0.1,0.0,0.0,2,0.7,1.0,0.6666666666666666,0,dew_before_canopy_lt1_v1,False,126,0.6666666666666666,720,False,248,0.55,0,48,0,296,48,48,dry=0.00|dry_vent=0.00|dew=0.10|canopy=0.10
0.12,54,0.42857142857142855,54,0.1,0.0,0.0,3,0.8999999999999999,1.0,1.0,0,dew_before_canopy_lt1_v1,False,126,1.0,720,False,248,0.55,0,54,0,302,54,54,dry=0.00|dry_vent=0.00|dew=0.10|canopy=0.12
0.0,79,0.626984126984127,79,0.12,0.0,0.0,4,1.25,1.0,1.0,0,dew_before_canopy_lt1_v1,False,126,1.0,720,False,248,1.0,0,79,0,327,79,79,dry=0.00|dry_vent=0.00|dew=0.12|canopy=0.00
0.04,79,0.626984126984127,79,0.12,0.0,0.0,4,1.25,1.0,1.0,0,dew_before_canopy_lt1_v1,False,126,1.0,720,False,248,1.0,0,79,0,327,79,79,dry=0.00|dry_vent=0.00|dew=0.12|canopy=0.04
0.06,91,0.7222222222222222,91,0.12,0.0,0.0,3,0.8999999999999999,1.0,1.0,0,dew_before_canopy_lt1_v1,False,126,1.0,720,False,248,1.0,0,91,0,339,91,91,dry=0.00|dry_vent=0.00|dew=0.12|canopy=0.06
0.08,91,0.7222222222222222,91,0.12,0.0,0.0,3,0.8999999999999999,1.0,1.0,0,dew_before_canopy_lt1_v1,False,126,1.0,720,False,248,1.0,0,91,0,339,91,91,dry=0.00|dry_vent=0.00|dew=0.12|canopy=0.08
0.1,91,0.7222222222222222,91,0.12,0.0,0.0,3,0.8999999999999999,1.0,1.0,0,dew_before_canopy_lt1_v1,False,126,1.0,720,False,248,1.0,0,91,0,339,91,91,dry=0.00|dry_vent=0.00|dew=0.12|canopy=0.10
0.12,97,0.7698412698412699,97,0.12,0.0,0.0,4,1.0999999999999999,1.0,1.0,0,dew_before_canopy_lt1_v1,False,126,1.0,720,False,248,1.0,0,97,0,345,97,97,dry=0.00|dry_vent=0.00|dew=0.12|canopy=0.12
0.0,0,0.0,0,0.0,0.0,0.02,4,1.4,0.0,0.0,0,dew_before_canopy_lt1_v1,False,126,0.0,720,False,248,0.0,0,0,0,248,0,0,dry=0.00|dry_vent=0.02|dew=0.00|canopy=0.00
0.04,0,0.0,0,0.0,0.0,0.02,4,1.4,0.0,0.0,0,dew_before_canopy_lt1_v1,False,126,0.0,720,False,248,0.0,0,0,0,248,0,0,dry=0.00|dry_vent=0.02|dew=0.00|canopy=0.04
0.06,12,0.09523809523809523,12,0.0,0.0,0.02,3,1.0499999999999998,1.0,0.6666666666666666,0,dew_before_canopy_lt1_v1,False,126,0.6666666666666666,720,False,248,0.0,0,12,0,260,12,12,dry=0.00|dry_vent=0.02|dew=0.00|canopy=0.06
0.08,12,0.09523809523809523,12,0.0,0.0,0.02,3,1.0499999999999998,1.0,0.6666666666666666,0,dew_before_canopy_lt1_v1,False,126,0.6666666666666666,720,False,248,0.0,0,12,0,260,12,12,dry=0.00|dry_vent=0.02|dew=0.00|canopy=0.08
0.1,12,0.09523809523809523,12,0.0,0.0,0.02,3,1.0499999999999998,1.0,0.6666666666666666,0,dew_before_canopy_lt1_v1,False,126,0.6666666666666666,720,False,248,0.0,0,12,0,260,12,12,dry=0.00|dry_vent=0.02|dew=0.00|canopy=0.10
0.12,18,0.14285714285714285,18,0.0,0.0,0.02,4,1.25,1.0,1.0,0,dew_before_canopy_lt1_v1,False,126,1.0,720,False,248,0.0,0,18,0,266,18,18,dry=0.00|dry_vent=0.02|dew=0.00|canopy=0.12
0.0,0,0.0,0,0.04,0.0,0.02,4,1.4,0.0,0.0,0,dew_before_canopy_lt1_v1,False,126,0.0,720,False,248,0.0,0,0,0,248,0,0,dry=0.00|dry_vent=0.02|dew=0.04|canopy=0.00
0.04,0,0.0,0,0.04,0.0,0.02,4,1.4,0.0,0.0,0,dew_before_canopy_lt1_v1,False,126,0.0,720,False,248,0.0,0,0,0,248,0,0,dry=0.00|dry_vent=0.02|dew=0.04|canopy=0.04
0.06,12,0.09523809523809523,12,0.04,0.0,0.02,3,1.0499999999999998,1.0,0.6666666666666666,0,dew_before_canopy_lt1_v1,False,126,0.6666666666666666,720,False,248,0.0,0,12,0,260,12,12,dry=0.00|dry_vent=0.02|dew=0.04|canopy=0.06
0.08,12,0.09523809523809523,12,0.04,0.0,0.02,3,1.0499999999999998,1.0,0.6666666666666666,0,dew_before_canopy_lt1_v1,False,126,0.6666666666666666,720,False,248,0.0,0,12,0,260,12,12,dry=0.00|dry_vent=0.02|dew=0.04|canopy=0.08
0.1,12,0.09523809523809523,12,0.04,0.0,0.02,3,1.0499999999999998,1.0,0.6666666666666666,0,dew_before_canopy_lt1_v1,False,126,0.6666666666666666,720,False,248,0.0,0,12,0,260,12,12,dry=0.00|dry_vent=0.02|dew=0.04|canopy=0.10
0.12,18,0.14285714285714285,18,0.04,0.0,0.02,4,1.25,1.0,1.0,0,dew_before_canopy_lt1_v1,False,126,1.0,720,False,248,0.0,0,18,0,266,18,18,dry=0.00|dry_vent=0.02|dew=0.04|canopy=0.12
0.0,7,0.05555555555555555,7,0.06,0.0,0.02,3,1.311392405063291,1.0,0.1794871794871795,0,dew_before_canopy_lt1_v1,False,126,0.08860759493670886,720,False,248,0.0,0,7,0,255,7,7,dry=0.00|dry_vent=0.02|dew=0.06|canopy=0.00
0.04,7,0.05555555555555555,7,0.06,0.0,0.02,3,1.311392405063291,1.0,0.1794871794871795,0,dew_before_canopy_lt1_v1,False,126,0.08860759493670886,720,False,248,0.0,0,7,0,255,7,7,dry=0.00|dry_vent=0.02|dew=0.06|canopy=0.04
0.06,19,0.15079365079365079,19,0.06,0.0,0.02,2,0.961392405063291,1.0,0.6666666666666666,0,dew_before_canopy_lt1_v1,False,126,0.6666666666666666,720,False,248,0.0,0,19,0,267,19,19,dry=0.00|dry_vent=0.02|dew=0.06|canopy=0.06
0.08,19,0.15079365079365079,19,0.06,0.0,0.02,2,0.961392405063291,1.0,0.6666666666666666,0,dew_before_canopy_lt1_v1,False,126,0.6666666666666666,720,False,248,0.0,0,19,0,267,19,19,dry=0.00|dry_vent=0.02|dew=0.06|canopy=0.08
0.1,19,0.15079365079365079,19,0.06,0.0,0.02,2,0.961392405063291,1.0,0.6666666666666666,0,dew_before_canopy_lt1_v1,False,126,0.6666666666666666,720,False,248,0.0,0,19,0,267,19,19,dry=0.00|dry_vent=0.02|dew=0.06|canopy=0.10
0.12,25,0.1984126984126984,25,0.06,0.0,0.02,3,1.1613924050632911,1.0,1.0,0,dew_before_canopy_lt1_v1,False,126,1.0,720,False,248,0.0,0,25,0,273,25,25,dry=0.00|dry_vent=0.02|dew=0.06|canopy=0.12
0.0,25,0.1984126984126984,25,0.08,0.0,0.02,3,1.0835443037974684,1.0,0.2564102564102564,0,dew_before_canopy_lt1_v1,False,126,0.31645569620253167,720,False,248,0.375,0,25,0,273,25,25,dry=0.00|dry_vent=0.02|dew=0.08|canopy=0.00
0.04,25,0.1984126984126984,25,0.08,0.0,0.02,3,1.0835443037974684,1.0,0.2564102564102564,0,dew_before_canopy_lt1_v1,False,126,0.31645569620253167,720,False,248,0.375,0,25,0,273,25,25,dry=0.00|dry_vent=0.02|dew=0.08|canopy=0.04
0.06,37,0.29365079365079366,37,0.08,0.0,0.02,2,0.7335443037974683,1.0,0.6666666666666666,0,dew_before_canopy_lt1_v1,False,126,0.6666666666666666,720,False,248,0.375,0,37,0,285,37,37,dry=0.00|dry_vent=0.02|dew=0.08|canopy=0.06
0.08,37,0.29365079365079366,37,0.08,0.0,0.02,2,0.7335443037974683,1.0,0.6666666666666666,0,dew_before_canopy_lt1_v1,False,126,0.6666666666666666,720,False,248,0.375,0,37,0,285,37,37,dry=0.00|dry_vent=0.02|dew=0.08|canopy=0.08
0.1,37,0.29365079365079366,37,0.08,0.0,0.02,2,0.7335443037974683,1.0,0.6666666666666666,0,dew_before_canopy_lt1_v1,False,126,0.6666666666666666,720,False,248,0.375,0,37,0,285,37,37,dry=0.00|dry_vent=0.02|dew=0.08|canopy=0.10
0.12,43,0.3412698412698413,43,0.08,0.0,0.02,3,0.9335443037974682,1.0,1.0,0,dew_before_canopy_lt1_v1,False,126,1.0,720,False,248,0.375,0,43,0,291,43,43,dry=0.00|dry_vent=0.02|dew=0.08|canopy=0.12
0.0,36,0.2857142857142857,36,0.1,0.0,0.02,3,1.0499999999999998,1.0,0.358974358974359,0,dew_before_canopy_lt1_v1,False,126,0.45569620253164556,720,False,248,0.55,0,36,0,284,36,36,dry=0.00|dry_vent=0.02|dew=0.10|canopy=0.00
0.04,36,0.2857142857142857,36,0.1,0.0,0.02,3,1.0499999999999998,1.0,0.358974358974359,0,dew_before_canopy_lt1_v1,False,126,0.45569620253164556,720,False,248,0.55,0,36,0,284,36,36,dry=0.00|dry_vent=0.02|dew=0.10|canopy=0.04
0.06,48,0.38095238095238093,48,0.1,0.0,0.02,2,0.7,1.0,0.6666666666666666,0,dew_before_canopy_lt1_v1,False,126,0.6666666666666666,720,False,248,0.55,0,48,0,296,48,48,dry=0.00|dry_vent=0.02|dew=0.10|canopy=0.06
0.08,48,0.38095238095238093,48,0.1,0.0,0.02,2,0.7,1.0,0.6666666666666666,0,dew_before_canopy_lt1_v1,False,126,0.6666666666666666,720,False,248,0.55,0,48,0,296,48,48,dry=0.00|dry_vent=0.02|dew=0.10|canopy=0.08
0.1,48,0.38095238095238093,48,0.1,0.0,0.02,2,0.7,1.0,0.6666666666666666,0,dew_before_canopy_lt1_v1,False,126,0.6666666666666666,720,False,248,0.55,0,48,0,296,48,48,dry=0.00|dry_vent=0.02|dew=0.10|canopy=0.10
0.12,54,0.42857142857142855,54,0.1,0.0,0.02,3,0.8999999999999999,1.0,1.0,0,dew_before_canopy_lt1_v1,False,126,1.0,720,False,248,0.55,0,54,0,302,54,54,dry=0.00|dry_vent=0.02|dew=0.10|canopy=0.12
0.0,79,0.626984126984127,79,0.12,0.0,0.02,4,1.25,1.0,1.0,0,dew_before_canopy_lt1_v1,False,126,1.0,720,False,248,1.0,0,79,0,327,79,79,dry=0.00|dry_vent=0.02|dew=0.12|canopy=0.00
0.04,79,0.626984126984127,79,0.12,0.0,0.02,4,1.25,1.0,1.0,0,dew_before_canopy_lt1_v1,False,126,1.0,720,False,248,1.0,0,79,0,327,79,79,dry=0.00|dry_vent=0.02|dew=0.12|canopy=0.04
0.06,91,0.7222222222222222,91,0.12,0.0,0.02,3,0.8999999999999999,1.0,1.0,0,dew_before_canopy_lt1_v1,False,126,1.0,720,False,248,1.0,0,91,0,339,91,91,dry=0.00|dry_vent=0.02|dew=0.12|canopy=0.06
0.08,91,0.7222222222222222,91,0.12,0.0,0.02,3,0.8999999999999999,1.0,1.0,0,dew_before_canopy_lt1_v1,False,126,1.0,720,False,248,1.0,0,91,0,339,91,91,dry=0.00|dry_vent=0.02|dew=0.12|canopy=0.08
0.1,91,0.7222222222222222,91,0.12,0.0,0.02,3,0.8999999999999999,1.0,1.0,0,dew_before_canopy_lt1_v1,False,126,1.0,720,False,248,1.0,0,91,0,339,91,91,dry=0.00|dry_vent=0.02|dew=0.12|canopy=0.10
0.12,97,0.7698412698412699,97,0.12,0.0,0.02,4,1.0999999999999999,1.0,1.0,0,dew_before_canopy_lt1_v1,False,126,1.0,720,False,248,1.0,0,97,0,345,97,97,dry=0.00|dry_vent=0.02|dew=0.12|canopy=0.12
0.0,0,0.0,0,0.0,0.0,0.04,4,1.4,0.0,0.0,0,dew_before_canopy_lt1_v1,False,126,0.0,720,False,248,0.0,0,0,0,248,0,0,dry=0.00|dry_vent=0.04|dew=0.00|canopy=0.00
0.04,0,0.0,0,0.0,0.0,0.04,4,1.4,0.0,0.0,0,dew_before_canopy_lt1_v1,False,126,0.0,720,False,248,0.0,0,0,0,248,0,0,dry=0.00|dry_vent=0.04|dew=0.00|canopy=0.04
0.06,12,0.09523809523809523,12,0.0,0.0,0.04,3,1.0499999999999998,1.0,0.6666666666666666,0,dew_before_canopy_lt1_v1,False,126,0.6666666666666666,720,False,248,0.0,0,12,0,260,12,12,dry=0.00|dry_vent=0.04|dew=0.00|canopy=0.06
0.08,12,0.09523809523809523,12,0.0,0.0,0.04,3,1.0499999999999998,1.0,0.6666666666666666,0,dew_before_canopy_lt1_v1,False,126,0.6666666666666666,720,False,248,0.0,0,12,0,260,12,12,dry=0.00|dry_vent=0.04|dew=0.00|canopy=0.08
0.1,12,0.09523809523809523,12,0.0,0.0,0.04,3,1.0499999999999998,1.0,0.6666666666666666,0,dew_before_canopy_lt1_v1,False,126,0.6666666666666666,720,False,248,0.0,0,12,0,260,12,12,dry=0.00|dry_vent=0.04|dew=0.00|canopy=0.10
0.12,18,0.14285714285714285,18,0.0,0.0,0.04,4,1.25,1.0,1.0,0,dew_before_canopy_lt1_v1,False,126,1.0,720,False,248,0.0,0,18,0,266,18,18,dry=0.00|dry_vent=0.04|dew=0.00|canopy=0.12
0.0,0,0.0,0,0.04,0.0,0.04,4,1.4,0.0,0.0,0,dew_before_canopy_lt1_v1,False,126,0.0,720,False,248,0.0,0,0,0,248,0,0,dry=0.00|dry_vent=0.04|dew=0.04|canopy=0.00
0.04,0,0.0,0,0.04,0.0,0.04,4,1.4,0.0,0.0,0,dew_before_canopy_lt1_v1,False,126,0.0,720,False,248,0.0,0,0,0,248,0,0,dry=0.00|dry_vent=0.04|dew=0.04|canopy=0.04
0.06,12,0.09523809523809523,12,0.04,0.0,0.04,3,1.0499999999999998,1.0,0.6666666666666666,0,dew_before_canopy_lt1_v1,False,126,0.6666666666666666,720,False,248,0.0,0,12,0,260,12,12,dry=0.00|dry_vent=0.04|dew=0.04|canopy=0.06
0.08,12,0.09523809523809523,12,0.04,0.0,0.04,3,1.0499999999999998,1.0,0.6666666666666666,0,dew_before_canopy_lt1_v1,False,126,0.6666666666666666,720,False,248,0.0,0,12,0,260,12,12,dry=0.00|dry_vent=0.04|dew=0.04|canopy=0.08
0.1,12,0.09523809523809523,12,0.04,0.0,0.04,3,1.0499999999999998,1.0,0.6666666666666666,0,dew_before_canopy_lt1_v1,False,126,0.6666666666666666,720,False,248,0.0,0,12,0,260,12,12,dry=0.00|dry_vent=0.04|dew=0.04|canopy=0.10
0.12,18,0.14285714285714285,18,0.04,0.0,0.04,4,1.25,1.0,1.0,0,dew_before_canopy_lt1_v1,False,126,1.0,720,False,248,0.0,0,18,0,266,18,18,dry=0.00|dry_vent=0.04|dew=0.04|canopy=0.12
0.0,7,0.05555555555555555,7,0.06,0.0,0.04,3,1.311392405063291,1.0,0.1794871794871795,0,dew_before_canopy_lt1_v1,False,126,0.08860759493670886,720,False,248,0.0,0,7,0,255,7,7,dry=0.00|dry_vent=0.04|dew=0.06|canopy=0.00
0.04,7,0.05555555555555555,7,0.06,0.0,0.04,3,1.311392405063291,1.0,0.1794871794871795,0,dew_before_canopy_lt1_v1,False,126,0.08860759493670886,720,False,248,0.0,0,7,0,255,7,7,dry=0.00|dry_vent=0.04|dew=0.06|canopy=0.04
0.06,19,0.15079365079365079,19,0.06,0.0,0.04,2,0.961392405063291,1.0,0.6666666666666666,0,dew_before_canopy_lt1_v1,False,126,0.6666666666666666,720,False,248,0.0,0,19,0,267,19,19,dry=0.00|dry_vent=0.04|dew=0.06|canopy=0.06
0.08,19,0.15079365079365079,19,0.06,0.0,0.04,2,0.961392405063291,1.0,0.6666666666666666,0,dew_before_canopy_lt1_v1,False,126,0.6666666666666666,720,False,248,0.0,0,19,0,267,19,19,dry=0.00|dry_vent=0.04|dew=0.06|canopy=0.08
0.1,19,0.15079365079365079,19,0.06,0.0,0.04,2,0.961392405063291,1.0,0.6666666666666666,0,dew_before_canopy_lt1_v1,False,126,0.6666666666666666,720,False,248,0.0,0,19,0,267,19,19,dry=0.00|dry_vent=0.04|dew=0.06|canopy=0.10
0.12,25,0.1984126984126984,25,0.06,0.0,0.04,3,1.1613924050632911,1.0,1.0,0,dew_before_canopy_lt1_v1,False,126,1.0,720,False,248,0.0,0,25,0,273,25,25,dry=0.00|dry_vent=0.04|dew=0.06|canopy=0.12
0.0,25,0.1984126984126984,25,0.08,0.0,0.04,3,1.0835443037974684,1.0,0.2564102564102564,0,dew_before_canopy_lt1_v1,False,126,0.31645569620253167,720,False,248,0.375,0,25,0,273,25,25,dry=0.00|dry_vent=0.04|dew=0.08|canopy=0.00
0.04,25,0.1984126984126984,25,0.08,0.0,0.04,3,1.0835443037974684,1.0,0.2564102564102564,0,dew_before_canopy_lt1_v1,False,126,0.31645569620253167,720,False,248,0.375,0,25,0,273,25,25,dry=0.00|dry_vent=0.04|dew=0.08|canopy=0.04
0.06,37,0.29365079365079366,37,0.08,0.0,0.04,2,0.7335443037974683,1.0,0.6666666666666666,0,dew_before_canopy_lt1_v1,False,126,0.6666666666666666,720,False,248,0.375,0,37,0,285,37,37,dry=0.00|dry_vent=0.04|dew=0.08|canopy=0.06
0.08,37,0.29365079365079366,37,0.08,0.0,0.04,2,0.7335443037974683,1.0,0.6666666666666666,0,dew_before_canopy_lt1_v1,False,126,0.6666666666666666,720,False,248,0.375,0,37,0,285,37,37,dry=0.00|dry_vent=0.04|dew=0.08|canopy=0.08
0.1,37,0.29365079365079366,37,0.08,0.0,0.04,2,0.7335443037974683,1.0,0.6666666666666666,0,dew_before_canopy_lt1_v1,False,126,0.6666666666666666,720,False,248,0.375,0,37,0,285,37,37,dry=0.00|dry_vent=0.04|dew=0.08|canopy=0.10
0.12,43,0.3412698412698413,43,0.08,0.0,0.04,3,0.9335443037974682,1.0,1.0,0,dew_before_canopy_lt1_v1,False,126,1.0,720,False,248,0.375,0,43,0,291,43,43,dry=0.00|dry_vent=0.04|dew=0.08|canopy=0.12
0.0,36,0.2857142857142857,36,0.1,0.0,0.04,3,1.0499999999999998,1.0,0.358974358974359,0,dew_before_canopy_lt1_v1,False,126,0.45569620253164556,720,False,248,0.55,0,36,0,284,36,36,dry=0.00|dry_vent=0.04|dew=0.10|canopy=0.00
0.04,36,0.2857142857142857,36,0.1,0.0,0.04,3,1.0499999999999998,1.0,0.358974358974359,0,dew_before_canopy_lt1_v1,False,126,0.45569620253164556,720,False,248,0.55,0,36,0,284,36,36,dry=0.00|dry_vent=0.04|dew=0.10|canopy=0.04
0.06,48,0.38095238095238093,48,0.1,0.0,0.04,2,0.7,1.0,0.6666666666666666,0,dew_before_canopy_lt1_v1,False,126,0.6666666666666666,720,False,248,0.55,0,48,0,296,48,48,dry=0.00|dry_vent=0.04|dew=0.10|canopy=0.06
0.08,48,0.38095238095238093,48,0.1,0.0,0.04,2,0.7,1.0,0.6666666666666666,0,dew_before_canopy_lt1_v1,False,126,0.6666666666666666,720,False,248,0.55,0,48,0,296,48,48,dry=0.00|dry_vent=0.04|dew=0.10|canopy=0.08
0.1,48,0.38095238095238093,48,0.1,0.0,0.04,2,0.7,1.0,0.6666666666666666,0,dew_before_canopy_lt1_v1,False,126,0.6666666666666666,720,False,248,0.55,0,48,0,296,48,48,dry=0.00|dry_vent=0.04|dew=0.10|canopy=0.10
0.12,54,0.42857142857142855,54,0.1,0.0,0.04,3,0.8999999999999999,1.0,1.0,0,dew_before_canopy_lt1_v1,False,126,1.0,720,False,248,0.55,0,54,0,302,54,54,dry=0.00|dry_vent=0.04|dew=0.10|canopy=0.12
0.0,79,0.626984126984127,79,0.12,0.0,0.04,4,1.25,1.0,1.0,0,dew_before_canopy_lt1_v1,False,126,1.0,720,False,248,1.0,0,79,0,327,79,79,dry=0.00|dry_vent=0.04|dew=0.12|canopy=0.00
0.04,79,0.626984126984127,79,0.12,0.0,0.04,4,1.25,1.0,1.0,0,dew_before_canopy_lt1_v1,False,126,1.0,720,False,248,1.0,0,79,0,327,79,79,dry=0.00|dry_vent=0.04|dew=0.12|canopy=0.04
0.06,91,0.7222222222222222,91,0.12,0.0,0.04,3,0.8999999999999999,1.0,1.0,0,dew_before_canopy_lt1_v1,False,126,1.0,720,False,248,1.0,0,91,0,339,91,91,dry=0.00|dry_vent=0.04|dew=0.12|canopy=0.06
0.08,91,0.7222222222222222,91,0.12,0.0,0.04,3,0.8999999999999999,1.0,1.0,0,dew_before_canopy_lt1_v1,False,126,1.0,720,False,248,1.0,0,91,0,339,91,91,dry=0.00|dry_vent=0.04|dew=0.12|canopy=0.08
0.1,91,0.7222222222222222,91,0.12,0.0,0.04,3,0.8999999999999999,1.0,1.0,0,dew_before_canopy_lt1_v1,False,126,1.0,720,False,248,1.0,0,91,0,339,91,91,dry=0.00|dry_vent=0.04|dew=0.12|canopy=0.10
0.12,97,0.7698412698412699,97,0.12,0.0,0.04,4,1.0999999999999999,1.0,1.0,0,dew_before_canopy_lt1_v1,False,126,1.0,720,False,248,1.0,0,97,0,345,97,97,dry=0.00|dry_vent=0.04|dew=0.12|canopy=0.12
0.0,21,0.16666666666666666,21,0.0,0.0,0.06,4,1.25,1.0,1.0,0,dew_before_canopy_lt1_v1,False,126,1.0,720,False,248,0.0,0,21,0,269,21,21,dry=0.00|dry_vent=0.06|dew=0.00|canopy=0.00
0.04,21,0.16666666666666666,21,0.0,0.0,0.06,4,1.25,1.0,1.0,0,dew_before_canopy_lt1_v1,False,126,1.0,720,False,248,0.0,0,21,0,269,21,21,dry=0.00|dry_vent=0.06|dew=0.00|canopy=0.04
0.06,33,0.2619047619047619,33,0.0,0.0,0.06,3,0.8999999999999999,1.0,1.0,0,dew_before_canopy_lt1_v1,False,126,1.0,720,False,248,0.0,0,33,0,281,33,33,dry=0.00|dry_vent=0.06|dew=0.00|canopy=0.06
0.08,33,0.2619047619047619,33,0.0,0.0,0.06,3,0.8999999999999999,1.0,1.0,0,dew_before_canopy_lt1_v1,False,126,1.0,720,False,248,0.0,0,33,0,281,33,33,dry=0.00|dry_vent=0.06|dew=0.00|canopy=0.08
0.1,33,0.2619047619047619,33,0.0,0.0,0.06,3,0.8999999999999999,1.0,1.0,0,dew_before_canopy_lt1_v1,False,126,1.0,720,False,248,0.0,0,33,0,281,33,33,dry=0.00|dry_vent=0.06|dew=0.00|canopy=0.10
0.12,39,0.30952380952380953,39,0.0,0.0,0.06,4,1.0999999999999999,1.0,1.0,0,dew_before_canopy_lt1_v1,False,126,1.0,720,False,248,0.0,0,39,0,287,39,39,dry=0.00|dry_vent=0.06|dew=0.00|canopy=0.12
0.0,21,0.16666666666666666,21,0.04,0.0,0.06,4,1.25,1.0,1.0,0,dew_before_canopy_lt1_v1,False,126,1.0,720,False,248,0.0,0,21,0,269,21,21,dry=0.00|dry_vent=0.06|dew=0.04|canopy=0.00
0.04,21,0.16666666666666666,21,0.04,0.0,0.06,4,1.25,1.0,1.0,0,dew_before_canopy_lt1_v1,False,126,1.0,720,False,248,0.0,0,21,0,269,21,21,dry=0.00|dry_vent=0.06|dew=0.04|canopy=0.04
0.06,33,0.2619047619047619,33,0.04,0.0,0.06,3,0.8999999999999999,1.0,1.0,0,dew_before_canopy_lt1_v1,False,126,1.0,720,False,248,0.0,0,33,0,281,33,33,dry=0.00|dry_vent=0.06|dew=0.04|canopy=0.06
0.08,33,0.2619047619047619,33,0.04,0.0,0.06,3,0.8999999999999999,1.0,1.0,0,dew_before_canopy_lt1_v1,False,126,1.0,720,False,248,0.0,0,33,0,281,33,33,dry=0.00|dry_vent=0.06|dew=0.04|canopy=0.08
0.1,33,0.2619047619047619,33,0.04,0.0,0.06,3,0.8999999999999999,1.0,1.0,0,dew_before_canopy_lt1_v1,False,126,1.0,720,False,248,0.0,0,33,0,281,33,33,dry=0.00|dry_vent=0.06|dew=0.04|canopy=0.10
0.12,39,0.30952380952380953,39,0.04,0.0,0.06,4,1.0999999999999999,1.0,1.0,0,dew_before_canopy_lt1_v1,False,126,1.0,720,False,248,0.0,0,39,0,287,39,39,dry=0.00|dry_vent=0.06|dew=0.04|canopy=0.12
0.0,28,0.2222222222222222,28,0.06,0.0,0.06,3,1.1613924050632911,1.0,1.0,0,dew_before_canopy_lt1_v1,False,126,1.0,720,False,248,0.0,0,28,0,276,28,28,dry=0.00|dry_vent=0.06|dew=0.06|canopy=0.00
0.04,28,0.2222222222222222,28,0.06,0.0,0.06,3,1.1613924050632911,1.0,1.0,0,dew_before_canopy_lt1_v1,False,126,1.0,720,False,248,0.0,0,28,0,276,28,28,dry=0.00|dry_vent=0.06|dew=0.06|canopy=0.04
0.06,40,0.31746031746031744,40,0.06,0.0,0.06,2,0.811392405063291,1.0,0.8205128205128205,0,dew_before_canopy_lt1_v1,False,126,1.0,720,False,248,0.0,0,40,0,288,40,40,dry=0.00|dry_vent=0.06|dew=0.06|canopy=0.06
0.08,40,0.31746031746031744,40,0.06,0.0,0.06,2,0.811392405063291,1.0,0.8205128205128205,0,dew_before_canopy_lt1_v1,False,126,1.0,720,False,248,0.0,0,40,0,288,40,40,dry=0.00|dry_vent=0.06|dew=0.06|canopy=0.08
0.1,40,0.31746031746031744,40,0.06,0.0,0.06,2,0.811392405063291,1.0,0.8205128205128205,0,dew_before_canopy_lt1_v1,False,126,1.0,720,False,248,0.0,0,40,0,288,40,40,dry=0.00|dry_vent=0.06|dew=0.06|canopy=0.10
0.12,46,0.36507936507936506,46,0.06,0.0,0.06,3,1.011392405063291,1.0,0.8205128205128205,0,dew_before_canopy_lt1_v1,False,126,1.0,720,False,248,0.0,0,46,0,294,46,46,dry=0.00|dry_vent=0.06|dew=0.06|canopy=0.12
0.0,46,0.36507936507936506,46,0.08,0.0,0.06,3,0.9335443037974682,1.0,1.0,0,dew_before_canopy_lt1_v1,False,126,1.0,720,False,248,0.375,0,46,0,294,46,46,dry=0.00|dry_vent=0.06|dew=0.08|canopy=0.00
0.04,46,0.36507936507936506,46,0.08,0.0,0.06,3,0.9335443037974682,1.0,1.0,0,dew_before_canopy_lt1_v1,False,126,1.0,720,False,248,0.375,0,46,0,294,46,46,dry=0.00|dry_vent=0.06|dew=0.08|canopy=0.04
0.06,58,0.4603174603174603,58,0.08,0.0,0.06,2,0.5835443037974682,1.0,0.7435897435897436,0,dew_before_canopy_lt1_v1,False,126,1.0,720,False,248,0.375,0,58,0,306,58,58,dry=0.00|dry_vent=0.06|dew=0.08|canopy=0.06
0.08,58,0.4603174603174603,58,0.08,0.0,0.06,2,0.5835443037974682,1.0,0.7435897435897436,0,dew_before_canopy_lt1_v1,False,126,1.0,720,False,248,0.375,0,58,0,306,58,58,dry=0.00|dry_vent=0.06|dew=0.08|canopy=0.08
0.1,58,0.4603174603174603,58,0.08,0.0,0.06,2,0.5835443037974682,1.0,0.7435897435897436,0,dew_before_canopy_lt1_v1,False,126,1.0,720,False,248,0.375,0,58,0,306,58,58,dry=0.00|dry_vent=0.06|dew=0.08|canopy=0.10
0.12,64,0.5079365079365079,64,0.08,0.0,0.06,3,0.7835443037974682,0.90625,0.7435897435897436,0,dew_before_canopy_lt1_v1,False,126,1.0,720,False,248,0.375,0,64,0,312,64,64,dry=0.00|dry_vent=0.06|dew=0.08|canopy=0.12
0.0,57,0.4523809523809524,57,0.1,0.0,0.06,3,0.8999999999999999,1.0,1.0,0,dew_before_canopy_lt1_v1,False,126,1.0,720,False,248,0.55,0,57,0,305,57,57,dry=0.00|dry_vent=0.06|dew=0.10|canopy=0.00
0.04,57,0.4523809523809524,57,0.1,0.0,0.06,3,0.8999999999999999,1.0,1.0,0,dew_before_canopy_lt1_v1,False,126,1.0,720,False,248,0.55,0,57,0,305,57,57,dry=0.00|dry_vent=0.06|dew=0.10|canopy=0.04
0.06,69,0.5476190476190477,69,0.1,0.0,0.06,2,0.5499999999999999,1.0,0.641025641025641,0,dew_before_canopy_lt1_v1,False,126,1.0,720,False,248,0.55,0,69,0,317,69,69,dry=0.00|dry_vent=0.06|dew=0.10|canopy=0.06
0.08,69,0.5476190476190477,69,0.1,0.0,0.06,2,0.5499999999999999,1.0,0.641025641025641,0,dew_before_canopy_lt1_v1,False,126,1.0,720,False,248,0.55,0,69,0,317,69,69,dry=0.00|dry_vent=0.06|dew=0.10|canopy=0.08
0.1,69,0.5476190476190477,69,0.1,0.0,0.06,2,0.5499999999999999,1.0,0.641025641025641,0,dew_before_canopy_lt1_v1,False,126,1.0,720,False,248,0.55,0,69,0,317,69,69,dry=0.00|dry_vent=0.06|dew=0.10|canopy=0.10
0.12,75,0.5952380952380952,75,0.1,0.0,0.06,3,0.7499999999999999,0.78125,0.641025641025641,0,dew_before_canopy_lt1_v1,False,126,1.0,720,False,248,0.55,0,75,0,323,75,75,dry=0.00|dry_vent=0.06|dew=0.10|canopy=0.12
0.0,100,0.7936507936507936,100,0.12,0.0,0.06,4,1.0999999999999999,1.0,1.0,0,dew_before_canopy_lt1_v1,False,126,1.0,720,False,248,1.0,0,100,0,348,100,100,dry=0.00|dry_vent=0.06|dew=0.12|canopy=0.00
0.04,100,0.7936507936507936,100,0.12,0.0,0.06,4,1.0999999999999999,1.0,1.0,0,dew_before_canopy_lt1_v1,False,126,1.0,720,False,248,1.0,0,100,0,348,100,100,dry=0.00|dry_vent=0.06|dew=0.12|canopy=0.04
0.06,112,0.8888888888888888,112,0.12,0.0,0.06,3,0.7499999999999999,1.0,0.33333333333333337,0,dew_before_canopy_lt1_v1,True,126,1.0,720,False,248,1.0,0,112,0,360,112,112,dry=0.00|dry_vent=0.06|dew=0.12|canopy=0.06
0.08,112,0.8888888888888888,112,0.12,0.0,0.06,3,0.7499999999999999,1.0,0.33333333333333337,0,dew_before_canopy_lt1_v1,True,126,1.0,720,False,248,1.0,0,112,0,360,112,112,dry=0.00|dry_vent=0.06|dew=0.12|canopy=0.08
0.1,112,0.8888888888888888,112,0.12,0.0,0.06,3,0.7499999999999999,1.0,0.33333333333333337,0,dew_before_canopy_lt1_v1,True,126,1.0,720,False,248,1.0,0,112,0,360,112,112,dry=0.00|dry_vent=0.06|dew=0.12|canopy=0.10
0.12,118,0.9365079365079365,118,0.12,0.0,0.06,4,0.9499999999999998,0.0,0.0,0,dew_before_canopy_lt1_v1,True,126,1.0,720,False,248,1.0,0,118,0,366,118,118,dry=0.00|dry_vent=0.06|dew=0.12|canopy=0.12
0.0,0,0.0,0,0.0,0.02,0.0,4,1.4,0.0,0.0,0,dew_before_canopy_lt1_v1,False,126,0.0,720,False,248,0.0,0,0,0,248,0,0,dry=0.02|dry_vent=0.00|dew=0.00|canopy=0.00
0.04,0,0.0,0,0.0,0.02,0.0,4,1.4,0.0,0.0,0,dew_before_canopy_lt1_v1,False,126,0.0,720,False,248,0.0,0,0,0,248,0,0,dry=0.02|dry_vent=0.00|dew=0.00|canopy=0.04
0.06,12,0.09523809523809523,12,0.0,0.02,0.0,3,1.0499999999999998,1.0,0.6666666666666666,0,dew_before_canopy_lt1_v1,False,126,0.6666666666666666,720,False,248,0.0,0,12,0,260,12,12,dry=0.02|dry_vent=0.00|dew=0.00|canopy=0.06
0.08,12,0.09523809523809523,12,0.0,0.02,0.0,3,1.0499999999999998,1.0,0.6666666666666666,0,dew_before_canopy_lt1_v1,False,126,0.6666666666666666,720,False,248,0.0,0,12,0,260,12,12,dry=0.02|dry_vent=0.00|dew=0.00|canopy=0.08
0.1,12,0.09523809523809523,12,0.0,0.02,0.0,3,1.0499999999999998,1.0,0.6666666666666666,0,dew_before_canopy_lt1_v1,False,126,0.6666666666666666,720,False,248,0.0,0,12,0,260,12,12,dry=0.02|dry_vent=0.00|dew=0.00|canopy=0.10
0.12,18,0.14285714285714285,18,0.0,0.02,0.0,4,1.25,1.0,1.0,0,dew_before_canopy_lt1_v1,False,126,1.0,720,False,248,0.0,0,18,0,266,18,18,dry=0.02|dry_vent=0.00|dew=0.00|canopy=0.12
0.0,0,0.0,0,0.04,0.02,0.0,4,1.4,0.0,0.0,0,dew_before_canopy_lt1_v1,False,126,0.0,720,False,248,0.0,0,0,0,248,0,0,dry=0.02|dry_vent=0.00|dew=0.04|canopy=0.00
0.04,0,0.0,0,0.04,0.02,0.0,4,1.4,0.0,0.0,0,dew_before_canopy_lt1_v1,False,126,0.0,720,False,248,0.0,0,0,0,248,0,0,dry=0.02|dry_vent=0.00|dew=0.04|canopy=0.04
0.06,12,0.09523809523809523,12,0.04,0.02,0.0,3,1.0499999999999998,1.0,0.6666666666666666,0,dew_before_canopy_lt1_v1,False,126,0.6666666666666666,720,False,248,0.0,0,12,0,260,12,12,dry=0.02|dry_vent=0.00|dew=0.04|canopy=0.06
0.08,12,0.09523809523809523,12,0.04,0.02,0.0,3,1.0499999999999998,1.0,0.6666666666666666,0,dew_before_canopy_lt1_v1,False,126,0.6666666666666666,720,False,248,0.0,0,12,0,260,12,12,dry=0.02|dry_vent=0.00|dew=0.04|canopy=0.08
0.1,12,0.09523809523809523,12,0.04,0.02,0.0,3,1.0499999999999998,1.0,0.6666666666666666,0,dew_before_canopy_lt1_v1,False,126,0.6666666666666666,720,False,248,0.0,0,12,0,260,12,12,dry=0.02|dry_vent=0.00|dew=0.04|canopy=0.10
0.12,18,0.14285714285714285,18,0.04,0.02,0.0,4,1.25,1.0,1.0,0,dew_before_canopy_lt1_v1,False,126,1.0,720,False,248,0.0,0,18,0,266,18,18,dry=0.02|dry_vent=0.00|dew=0.04|canopy=0.12
0.0,7,0.05555555555555555,7,0.06,0.02,0.0,3,1.311392405063291,1.0,0.1794871794871795,0,dew_before_canopy_lt1_v1,False,126,0.08860759493670886,720,False,248,0.0,0,7,0,255,7,7,dry=0.02|dry_vent=0.00|dew=0.06|canopy=0.00
0.04,7,0.05555555555555555,7,0.06,0.02,0.0,3,1.311392405063291,1.0,0.1794871794871795,0,dew_before_canopy_lt1_v1,False,126,0.08860759493670886,720,False,248,0.0,0,7,0,255,7,7,dry=0.02|dry_vent=0.00|dew=0.06|canopy=0.04
0.06,19,0.15079365079365079,19,0.06,0.02,0.0,2,0.961392405063291,1.0,0.6666666666666666,0,dew_before_canopy_lt1_v1,False,126,0.6666666666666666,720,False,248,0.0,0,19,0,267,19,19,dry=0.02|dry_vent=0.00|dew=0.06|canopy=0.06
0.08,19,0.15079365079365079,19,0.06,0.02,0.0,2,0.961392405063291,1.0,0.6666666666666666,0,dew_before_canopy_lt1_v1,False,126,0.6666666666666666,720,False,248,0.0,0,19,0,267,19,19,dry=0.02|dry_vent=0.00|dew=0.06|canopy=0.08
0.1,19,0.15079365079365079,19,0.06,0.02,0.0,2,0.961392405063291,1.0,0.6666666666666666,0,dew_before_canopy_lt1_v1,False,126,0.6666666666666666,720,False,248,0.0,0,19,0,267,19,19,dry=0.02|dry_vent=0.00|dew=0.06|canopy=0.10
0.12,25,0.1984126984126984,25,0.06,0.02,0.0,3,1.1613924050632911,1.0,1.0,0,dew_before_canopy_lt1_v1,False,126,1.0,720,False,248,0.0,0,25,0,273,25,25,dry=0.02|dry_vent=0.00|dew=0.06|canopy=0.12
0.0,25,0.1984126984126984,25,0.08,0.02,0.0,3,1.0835443037974684,1.0,0.2564102564102564,0,dew_before_canopy_lt1_v1,False,126,0.31645569620253167,720,False,248,0.375,0,25,0,273,25,25,dry=0.02|dry_vent=0.00|dew=0.08|canopy=0.00
0.04,25,0.1984126984126984,25,0.08,0.02,0.0,3,1.0835443037974684,1.0,0.2564102564102564,0,dew_before_canopy_lt1_v1,False,126,0.31645569620253167,720,False,248,0.375,0,25,0,273,25,25,dry=0.02|dry_vent=0.00|dew=0.08|canopy=0.04
0.06,37,0.29365079365079366,37,0.08,0.02,0.0,2,0.7335443037974683,1.0,0.6666666666666666,0,dew_before_canopy_lt1_v1,False,126,0.6666666666666666,720,False,248,0.375,0,37,0,285,37,37,dry=0.02|dry_vent=0.00|dew=0.08|canopy=0.06
0.08,37,0.29365079365079366,37,0.08,0.02,0.0,2,0.7335443037974683,1.0,0.6666666666666666,0,dew_before_canopy_lt1_v1,False,126,0.6666666666666666,720,False,248,0.375,0,37,0,285,37,37,dry=0.02|dry_vent=0.00|dew=0.08|canopy=0.08
0.1,37,0.29365079365079366,37,0.08,0.02,0.0,2,0.7335443037974683,1.0,0.6666666666666666,0,dew_before_canopy_lt1_v1,False,126,0.6666666666666666,720,False,248,0.375,0,37,0,285,37,37,dry=0.02|dry_vent=0.00|dew=0.08|canopy=0.10
0.12,43,0.3412698412698413,43,0.08,0.02,0.0,3,0.9335443037974682,1.0,1.0,0,dew_before_canopy_lt1_v1,False,126,1.0,720,False,248,0.375,0,43,0,291,43,43,dry=0.02|dry_vent=0.00|dew=0.08|canopy=0.12
0.0,36,0.2857142857142857,36,0.1,0.02,0.0,3,1.0499999999999998,1.0,0.358974358974359,0,dew_before_canopy_lt1_v1,False,126,0.45569620253164556,720,False,248,0.55,0,36,0,284,36,36,dry=0.02|dry_vent=0.00|dew=0.10|canopy=0.00
0.04,36,0.2857142857142857,36,0.1,0.02,0.0,3,1.0499999999999998,1.0,0.358974358974359,0,dew_before_canopy_lt1_v1,False,126,0.45569620253164556,720,False,248,0.55,0,36,0,284,36,36,dry=0.02|dry_vent=0.00|dew=0.10|canopy=0.04
0.06,48,0.38095238095238093,48,0.1,0.02,0.0,2,0.7,1.0,0.6666666666666666,0,dew_before_canopy_lt1_v1,False,126,0.6666666666666666,720,False,248,0.55,0,48,0,296,48,48,dry=0.02|dry_vent=0.00|dew=0.10|canopy=0.06
0.08,48,0.38095238095238093,48,0.1,0.02,0.0,2,0.7,1.0,0.6666666666666666,0,dew_before_canopy_lt1_v1,False,126,0.6666666666666666,720,False,248,0.55,0,48,0,296,48,48,dry=0.02|dry_vent=0.00|dew=0.10|canopy=0.08
0.1,48,0.38095238095238093,48,0.1,0.02,0.0,2,0.7,1.0,0.6666666666666666,0,dew_before_canopy_lt1_v1,False,126,0.6666666666666666,720,False,248,0.55,0,48,0,296,48,48,dry=0.02|dry_vent=0.00|dew=0.10|canopy=0.10
0.12,54,0.42857142857142855,54,0.1,0.02,0.0,3,0.8999999999999999,1.0,1.0,0,dew_before_canopy_lt1_v1,False,126,1.0,720,False,248,0.55,0,54,0,302,54,54,dry=0.02|dry_vent=0.00|dew=0.10|canopy=0.12
0.0,79,0.626984126984127,79,0.12,0.02,0.0,4,1.25,1.0,1.0,0,dew_before_canopy_lt1_v1,False,126,1.0,720,False,248,1.0,0,79,0,327,79,79,dry=0.02|dry_vent=0.00|dew=0.12|canopy=0.00
0.04,79,0.626984126984127,79,0.12,0.02,0.0,4,1.25,1.0,1.0,0,dew_before_canopy_lt1_v1,False,126,1.0,720,False,248,1.0,0,79,0,327,79,79,dry=0.02|dry_vent=0.00|dew=0.12|canopy=0.04
0.06,91,0.7222222222222222,91,0.12,0.02,0.0,3,0.8999999999999999,1.0,1.0,0,dew_before_canopy_lt1_v1,False,126,1.0,720,False,248,1.0,0,91,0,339,91,91,dry=0.02|dry_vent=0.00|dew=0.12|canopy=0.06
0.08,91,0.7222222222222222,91,0.12,0.02,0.0,3,0.8999999999999999,1.0,1.0,0,dew_before_canopy_lt1_v1,False,126,1.0,720,False,248,1.0,0,91,0,339,91,91,dry=0.02|dry_vent=0.00|dew=0.12|canopy=0.08
0.1,91,0.7222222222222222,91,0.12,0.02,0.0,3,0.8999999999999999,1.0,1.0,0,dew_before_canopy_lt1_v1,False,126,1.0,720,False,248,1.0,0,91,0,339,91,91,dry=0.02|dry_vent=0.00|dew=0.12|canopy=0.10
0.12,97,0.7698412698412699,97,0.12,0.02,0.0,4,1.0999999999999999,1.0,1.0,0,dew_before_canopy_lt1_v1,False,126,1.0,720,False,248,1.0,0,97,0,345,97,97,dry=0.02|dry_vent=0.00|dew=0.12|canopy=0.12
0.0,0,0.0,0,0.0,0.02,0.02,4,1.4,0.0,0.0,0,dew_before_canopy_lt1_v1,False,126,0.0,720,False,248,0.0,0,0,0,248,0,0,dry=0.02|dry_vent=0.02|dew=0.00|canopy=0.00
0.04,0,0.0,0,0.0,0.02,0.02,4,1.4,0.0,0.0,0,dew_before_canopy_lt1_v1,False,126,0.0,720,False,248,0.0,0,0,0,248,0,0,dry=0.02|dry_vent=0.02|dew=0.00|canopy=0.04
0.06,12,0.09523809523809523,12,0.0,0.02,0.02,3,1.0499999999999998,1.0,0.6666666666666666,0,dew_before_canopy_lt1_v1,False,126,0.6666666666666666,720,False,248,0.0,0,12,0,260,12,12,dry=0.02|dry_vent=0.02|dew=0.00|canopy=0.06
0.08,12,0.09523809523809523,12,0.0,0.02,0.02,3,1.0499999999999998,1.0,0.6666666666666666,0,dew_before_canopy_lt1_v1,False,126,0.6666666666666666,720,False,248,0.0,0,12,0,260,12,12,dry=0.02|dry_vent=0.02|dew=0.00|canopy=0.08
0.1,12,0.09523809523809523,12,0.0,0.02,0.02,3,1.0499999999999998,1.0,0.6666666666666666,0,dew_before_canopy_lt1_v1,False,126,0.6666666666666666,720,False,248,0.0,0,12,0,260,12,12,dry=0.02|dry_vent=0.02|dew=0.00|canopy=0.10
0.12,18,0.14285714285714285,18,0.0,0.02,0.02,4,1.25,1.0,1.0,0,dew_before_canopy_lt1_v1,False,126,1.0,720,False,248,0.0,0,18,0,266,18,18,dry=0.02|dry_vent=0.02|dew=0.00|canopy=0.12
0.0,0,0.0,0,0.04,0.02,0.02,4,1.4,0.0,0.0,0,dew_before_canopy_lt1_v1,False,126,0.0,720,False,248,0.0,0,0,0,248,0,0,dry=0.02|dry_vent=0.02|dew=0.04|canopy=0.00
0.04,0,0.0,0,0.04,0.02,0.02,4,1.4,0.0,0.0,0,dew_before_canopy_lt1_v1,False,126,0.0,720,False,248,0.0,0,0,0,248,0,0,dry=0.02|dry_vent=0.02|dew=0.04|canopy=0.04
0.06,12,0.09523809523809523,12,0.04,0.02,0.02,3,1.0499999999999998,1.0,0.6666666666666666,0,dew_before_canopy_lt1_v1,False,126,0.6666666666666666,720,False,248,0.0,0,12,0,260,12,12,dry=0.02|dry_vent=0.02|dew=0.04|canopy=0.06
0.08,12,0.09523809523809523,12,0.04,0.02,0.02,3,1.0499999999999998,1.0,0.6666666666666666,0,dew_before_canopy_lt1_v1,False,126,0.6666666666666666,720,False,248,0.0,0,12,0,260,12,12,dry=0.02|dry_vent=0.02|dew=0.04|canopy=0.08
0.1,12,0.09523809523809523,12,0.04,0.02,0.02,3,1.0499999999999998,1.0,0.6666666666666666,0,dew_before_canopy_lt1_v1,False,126,0.6666666666666666,720,False,248,0.0,0,12,0,260,12,12,dry=0.02|dry_vent=0.02|dew=0.04|canopy=0.10
0.12,18,0.14285714285714285,18,0.04,0.02,0.02,4,1.25,1.0,1.0,0,dew_before_canopy_lt1_v1,False,126,1.0,720,False,248,0.0,0,18,0,266,18,18,dry=0.02|dry_vent=0.02|dew=0.04|canopy=0.12
0.0,7,0.05555555555555555,7,0.06,0.02,0.02,3,1.311392405063291,1.0,0.1794871794871795,0,dew_before_canopy_lt1_v1,False,126,0.08860759493670886,720,False,248,0.0,0,7,0,255,7,7,dry=0.02|dry_vent=0.02|dew=0.06|canopy=0.00
0.04,7,0.05555555555555555,7,0.06,0.02,0.02,3,1.311392405063291,1.0,0.1794871794871795,0,dew_before_canopy_lt1_v1,False,126,0.08860759493670886,720,False,248,0.0,0,7,0,255,7,7,dry=0.02|dry_vent=0.02|dew=0.06|canopy=0.04
0.06,19,0.15079365079365079,19,0.06,0.02,0.02,2,0.961392405063291,1.0,0.6666666666666666,0,dew_before_canopy_lt1_v1,False,126,0.6666666666666666,720,False,248,0.0,0,19,0,267,19,19,dry=0.02|dry_vent=0.02|dew=0.06|canopy=0.06
0.08,19,0.15079365079365079,19,0.06,0.02,0.02,2,0.961392405063291,1.0,0.6666666666666666,0,dew_before_canopy_lt1_v1,False,126,0.6666666666666666,720,False,248,0.0,0,19,0,267,19,19,dry=0.02|dry_vent=0.02|dew=0.06|canopy=0.08
0.1,19,0.15079365079365079,19,0.06,0.02,0.02,2,0.961392405063291,1.0,0.6666666666666666,0,dew_before_canopy_lt1_v1,False,126,0.6666666666666666,720,False,248,0.0,0,19,0,267,19,19,dry=0.02|dry_vent=0.02|dew=0.06|canopy=0.10
0.12,25,0.1984126984126984,25,0.06,0.02,0.02,3,1.1613924050632911,1.0,1.0,0,dew_before_canopy_lt1_v1,False,126,1.0,720,False,248,0.0,0,25,0,273,25,25,dry=0.02|dry_vent=0.02|dew=0.06|canopy=0.12
0.0,25,0.1984126984126984,25,0.08,0.02,0.02,3,1.0835443037974684,1.0,0.2564102564102564,0,dew_before_canopy_lt1_v1,False,126,0.31645569620253167,720,False,248,0.375,0,25,0,273,25,25,dry=0.02|dry_vent=0.02|dew=0.08|canopy=0.00
0.04,25,0.1984126984126984,25,0.08,0.02,0.02,3,1.0835443037974684,1.0,0.2564102564102564,0,dew_before_canopy_lt1_v1,False,126,0.31645569620253167,720,False,248,0.375,0,25,0,273,25,25,dry=0.02|dry_vent=0.02|dew=0.08|canopy=0.04
0.06,37,0.29365079365079366,37,0.08,0.02,0.02,2,0.7335443037974683,1.0,0.6666666666666666,0,dew_before_canopy_lt1_v1,False,126,0.6666666666666666,720,False,248,0.375,0,37,0,285,37,37,dry=0.02|dry_vent=0.02|dew=0.08|canopy=0.06
0.08,37,0.29365079365079366,37,0.08,0.02,0.02,2,0.7335443037974683,1.0,0.6666666666666666,0,dew_before_canopy_lt1_v1,False,126,0.6666666666666666,720,False,248,0.375,0,37,0,285,37,37,dry=0.02|dry_vent=0.02|dew=0.08|canopy=0.08
0.1,37,0.29365079365079366,37,0.08,0.02,0.02,2,0.7335443037974683,1.0,0.6666666666666666,0,dew_before_canopy_lt1_v1,False,126,0.6666666666666666,720,False,248,0.375,0,37,0,285,37,37,dry=0.02|dry_vent=0.02|dew=0.08|canopy=0.10
0.12,43,0.3412698412698413,43,0.08,0.02,0.02,3,0.9335443037974682,1.0,1.0,0,dew_before_canopy_lt1_v1,False,126,1.0,720,False,248,0.375,0,43,0,291,43,43,dry=0.02|dry_vent=0.02|dew=0.08|canopy=0.12
0.0,36,0.2857142857142857,36,0.1,0.02,0.02,3,1.0499999999999998,1.0,0.358974358974359,0,dew_before_canopy_lt1_v1,False,126,0.45569620253164556,720,False,248,0.55,0,36,0,284,36,36,dry=0.02|dry_vent=0.02|dew=0.10|canopy=0.00
0.04,36,0.2857142857142857,36,0.1,0.02,0.02,3,1.0499999999999998,1.0,0.358974358974359,0,dew_before_canopy_lt1_v1,False,126,0.45569620253164556,720,False,248,0.55,0,36,0,284,36,36,dry=0.02|dry_vent=0.02|dew=0.10|canopy=0.04
0.06,48,0.38095238095238093,48,0.1,0.02,0.02,2,0.7,1.0,0.6666666666666666,0,dew_before_canopy_lt1_v1,False,126,0.6666666666666666,720,False,248,0.55,0,48,0,296,48,48,dry=0.02|dry_vent=0.02|dew=0.10|canopy=0.06
0.08,48,0.38095238095238093,48,0.1,0.02,0.02,2,0.7,1.0,0.6666666666666666,0,dew_before_canopy_lt1_v1,False,126,0.6666666666666666,720,False,248,0.55,0,48,0,296,48,48,dry=0.02|dry_vent=0.02|dew=0.10|canopy=0.08
0.1,48,0.38095238095238093,48,0.1,0.02,0.02,2,0.7,1.0,0.6666666666666666,0,dew_before_canopy_lt1_v1,False,126,0.6666666666666666,720,False,248,0.55,0,48,0,296,48,48,dry=0.02|dry_vent=0.02|dew=0.10|canopy=0.10
0.12,54,0.42857142857142855,54,0.1,0.02,0.02,3,0.8999999999999999,1.0,1.0,0,dew_before_canopy_lt1_v1,False,126,1.0,720,False,248,0.55,0,54,0,302,54,54,dry=0.02|dry_vent=0.02|dew=0.10|canopy=0.12
0.0,79,0.626984126984127,79,0.12,0.02,0.02,4,1.25,1.0,1.0,0,dew_before_canopy_lt1_v1,False,126,1.0,720,False,248,1.0,0,79,0,327,79,79,dry=0.02|dry_vent=0.02|dew=0.12|canopy=0.00
0.04,79,0.626984126984127,79,0.12,0.02,0.02,4,1.25,1.0,1.0,0,dew_before_canopy_lt1_v1,False,126,1.0,720,False,248,1.0,0,79,0,327,79,79,dry=0.02|dry_vent=0.02|dew=0.12|canopy=0.04
0.06,91,0.7222222222222222,91,0.12,0.02,0.02,3,0.8999999999999999,1.0,1.0,0,dew_before_canopy_lt1_v1,False,126,1.0,720,False,248,1.0,0,91,0,339,91,91,dry=0.02|dry_vent=0.02|dew=0.12|canopy=0.06
0.08,91,0.7222222222222222,91,0.12,0.02,0.02,3,0.8999999999999999,1.0,1.0,0,dew_before_canopy_lt1_v1,False,126,1.0,720,False,248,1.0,0,91,0,339,91,91,dry=0.02|dry_vent=0.02|dew=0.12|canopy=0.08
0.1,91,0.7222222222222222,91,0.12,0.02,0.02,3,0.8999999999999999,1.0,1.0,0,dew_before_canopy_lt1_v1,False,126,1.0,720,False,248,1.0,0,91,0,339,91,91,dry=0.02|dry_vent=0.02|dew=0.12|canopy=0.10
0.12,97,0.7698412698412699,97,0.12,0.02,0.02,4,1.0999999999999999,1.0,1.0,0,dew_before_canopy_lt1_v1,False,126,1.0,720,False,248,1.0,0,97,0,345,97,97,dry=0.02|dry_vent=0.02|dew=0.12|canopy=0.12
0.0,0,0.0,0,0.0,0.02,0.04,4,1.4,0.0,0.0,0,dew_before_canopy_lt1_v1,False,126,0.0,720,False,248,0.0,0,0,0,248,0,0,dry=0.02|dry_vent=0.04|dew=0.00|canopy=0.00
0.04,0,0.0,0,0.0,0.02,0.04,4,1.4,0.0,0.0,0,dew_before_canopy_lt1_v1,False,126,0.0,720,False,248,0.0,0,0,0,248,0,0,dry=0.02|dry_vent=0.04|dew=0.00|canopy=0.04
0.06,12,0.09523809523809523,12,0.0,0.02,0.04,3,1.0499999999999998,1.0,0.6666666666666666,0,dew_before_canopy_lt1_v1,False,126,0.6666666666666666,720,False,248,0.0,0,12,0,260,12,12,dry=0.02|dry_vent=0.04|dew=0.00|canopy=0.06
0.08,12,0.09523809523809523,12,0.0,0.02,0.04,3,1.0499999999999998,1.0,0.6666666666666666,0,dew_before_canopy_lt1_v1,False,126,0.6666666666666666,720,False,248,0.0,0,12,0,260,12,12,dry=0.02|dry_vent=0.04|dew=0.00|canopy=0.08
0.1,12,0.09523809523809523,12,0.0,0.02,0.04,3,1.0499999999999998,1.0,0.6666666666666666,0,dew_before_canopy_lt1_v1,False,126,0.6666666666666666,720,False,248,0.0,0,12,0,260,12,12,dry=0.02|dry_vent=0.04|dew=0.00|canopy=0.10
0.12,18,0.14285714285714285,18,0.0,0.02,0.04,4,1.25,1.0,1.0,0,dew_before_canopy_lt1_v1,False,126,1.0,720,False,248,0.0,0,18,0,266,18,18,dry=0.02|dry_vent=0.04|dew=0.00|canopy=0.12
0.0,0,0.0,0,0.04,0.02,0.04,4,1.4,0.0,0.0,0,dew_before_canopy_lt1_v1,False,126,0.0,720,False,248,0.0,0,0,0,248,0,0,dry=0.02|dry_vent=0.04|dew=0.04|canopy=0.00
0.04,0,0.0,0,0.04,0.02,0.04,4,1.4,0.0,0.0,0,dew_before_canopy_lt1_v1,False,126,0.0,720,False,248,0.0,0,0,0,248,0,0,dry=0.02|dry_vent=0.04|dew=0.04|canopy=0.04
0.06,12,0.09523809523809523,12,0.04,0.02,0.04,3,1.0499999999999998,1.0,0.6666666666666666,0,dew_before_canopy_lt1_v1,False,126,0.6666666666666666,720,False,248,0.0,0,12,0,260,12,12,dry=0.02|dry_vent=0.04|dew=0.04|canopy=0.06
0.08,12,0.09523809523809523,12,0.04,0.02,0.04,3,1.0499999999999998,1.0,0.6666666666666666,0,dew_before_canopy_lt1_v1,False,126,0.6666666666666666,720,False,248,0.0,0,12,0,260,12,12,dry=0.02|dry_vent=0.04|dew=0.04|canopy=0.08
0.1,12,0.09523809523809523,12,0.04,0.02,0.04,3,1.0499999999999998,1.0,0.6666666666666666,0,dew_before_canopy_lt1_v1,False,126,0.6666666666666666,720,False,248,0.0,0,12,0,260,12,12,dry=0.02|dry_vent=0.04|dew=0.04|canopy=0.10
0.12,18,0.14285714285714285,18,0.04,0.02,0.04,4,1.25,1.0,1.0,0,dew_before_canopy_lt1_v1,False,126,1.0,720,False,248,0.0,0,18,0,266,18,18,dry=0.02|dry_vent=0.04|dew=0.04|canopy=0.12
0.0,7,0.05555555555555555,7,0.06,0.02,0.04,3,1.311392405063291,1.0,0.1794871794871795,0,dew_before_canopy_lt1_v1,False,126,0.08860759493670886,720,False,248,0.0,0,7,0,255,7,7,dry=0.02|dry_vent=0.04|dew=0.06|canopy=0.00
0.04,7,0.05555555555555555,7,0.06,0.02,0.04,3,1.311392405063291,1.0,0.1794871794871795,0,dew_before_canopy_lt1_v1,False,126,0.08860759493670886,720,False,248,0.0,0,7,0,255,7,7,dry=0.02|dry_vent=0.04|dew=0.06|canopy=0.04
0.06,19,0.15079365079365079,19,0.06,0.02,0.04,2,0.961392405063291,1.0,0.6666666666666666,0,dew_before_canopy_lt1_v1,False,126,0.6666666666666666,720,False,248,0.0,0,19,0,267,19,19,dry=0.02|dry_vent=0.04|dew=0.06|canopy=0.06
0.08,19,0.15079365079365079,19,0.06,0.02,0.04,2,0.961392405063291,1.0,0.6666666666666666,0,dew_before_canopy_lt1_v1,False,126,0.6666666666666666,720,False,248,0.0,0,19,0,267,19,19,dry=0.02|dry_vent=0.04|dew=0.06|canopy=0.08
0.1,19,0.15079365079365079,19,0.06,0.02,0.04,2,0.961392405063291,1.0,0.6666666666666666,0,dew_before_canopy_lt1_v1,False,126,0.6666666666666666,720,False,248,0.0,0,19,0,267,19,19,dry=0.02|dry_vent=0.04|dew=0.06|canopy=0.10
0.12,25,0.1984126984126984,25,0.06,0.02,0.04,3,1.1613924050632911,1.0,1.0,0,dew_before_canopy_lt1_v1,False,126,1.0,720,False,248,0.0,0,25,0,273,25,25,dry=0.02|dry_vent=0.04|dew=0.06|canopy=0.12
0.0,25,0.1984126984126984,25,0.08,0.02,0.04,3,1.0835443037974684,1.0,0.2564102564102564,0,dew_before_canopy_lt1_v1,False,126,0.31645569620253167,720,False,248,0.375,0,25,0,273,25,25,dry=0.02|dry_vent=0.04|dew=0.08|canopy=0.00
0.04,25,0.1984126984126984,25,0.08,0.02,0.04,3,1.0835443037974684,1.0,0.2564102564102564,0,dew_before_canopy_lt1_v1,False,126,0.31645569620253167,720,False,248,0.375,0,25,0,273,25,25,dry=0.02|dry_vent=0.04|dew=0.08|canopy=0.04
0.06,37,0.29365079365079366,37,0.08,0.02,0.04,2,0.7335443037974683,1.0,0.6666666666666666,0,dew_before_canopy_lt1_v1,False,126,0.6666666666666666,720,False,248,0.375,0,37,0,285,37,37,dry=0.02|dry_vent=0.04|dew=0.08|canopy=0.06
0.08,37,0.29365079365079366,37,0.08,0.02,0.04,2,0.7335443037974683,1.0,0.6666666666666666,0,dew_before_canopy_lt1_v1,False,126,0.6666666666666666,720,False,248,0.375,0,37,0,285,37,37,dry=0.02|dry_vent=0.04|dew=0.08|canopy=0.08
0.1,37,0.29365079365079366,37,0.08,0.02,0.04,2,0.7335443037974683,1.0,0.6666666666666666,0,dew_before_canopy_lt1_v1,False,126,0.6666666666666666,720,False,248,0.375,0,37,0,285,37,37,dry=0.02|dry_vent=0.04|dew=0.08|canopy=0.10
0.12,43,0.3412698412698413,43,0.08,0.02,0.04,3,0.9335443037974682,1.0,1.0,0,dew_before_canopy_lt1_v1,False,126,1.0,720,False,248,0.375,0,43,0,291,43,43,dry=0.02|dry_vent=0.04|dew=0.08|canopy=0.12
0.0,36,0.2857142857142857,36,0.1,0.02,0.04,3,1.0499999999999998,1.0,0.358974358974359,0,dew_before_canopy_lt1_v1,False,126,0.45569620253164556,720,False,248,0.55,0,36,0,284,36,36,dry=0.02|dry_vent=0.04|dew=0.10|canopy=0.00
0.04,36,0.2857142857142857,36,0.1,0.02,0.04,3,1.0499999999999998,1.0,0.358974358974359,0,dew_before_canopy_lt1_v1,False,126,0.45569620253164556,720,False,248,0.55,0,36,0,284,36,36,dry=0.02|dry_vent=0.04|dew=0.10|canopy=0.04
0.06,48,0.38095238095238093,48,0.1,0.02,0.04,2,0.7,1.0,0.6666666666666666,0,dew_before_canopy_lt1_v1,False,126,0.6666666666666666,720,False,248,0.55,0,48,0,296,48,48,dry=0.02|dry_vent=0.04|dew=0.10|canopy=0.06
0.08,48,0.38095238095238093,48,0.1,0.02,0.04,2,0.7,1.0,0.6666666666666666,0,dew_before_canopy_lt1_v1,False,126,0.6666666666666666,720,False,248,0.55,0,48,0,296,48,48,dry=0.02|dry_vent=0.04|dew=0.10|canopy=0.08
0.1,48,0.38095238095238093,48,0.1,0.02,0.04,2,0.7,1.0,0.6666666666666666,0,dew_before_canopy_lt1_v1,False,126,0.6666666666666666,720,False,248,0.55,0,48,0,296,48,48,dry=0.02|dry_vent=0.04|dew=0.10|canopy=0.10
0.12,54,0.42857142857142855,54,0.1,0.02,0.04,3,0.8999999999999999,1.0,1.0,0,dew_before_canopy_lt1_v1,False,126,1.0,720,False,248,0.55,0,54,0,302,54,54,dry=0.02|dry_vent=0.04|dew=0.10|canopy=0.12
0.0,79,0.626984126984127,79,0.12,0.02,0.04,4,1.25,1.0,1.0,0,dew_before_canopy_lt1_v1,False,126,1.0,720,False,248,1.0,0,79,0,327,79,79,dry=0.02|dry_vent=0.04|dew=0.12|canopy=0.00
0.04,79,0.626984126984127,79,0.12,0.02,0.04,4,1.25,1.0,1.0,0,dew_before_canopy_lt1_v1,False,126,1.0,720,False,248,1.0,0,79,0,327,79,79,dry=0.02|dry_vent=0.04|dew=0.12|canopy=0.04
0.06,91,0.7222222222222222,91,0.12,0.02,0.04,3,0.8999999999999999,1.0,1.0,0,dew_before_canopy_lt1_v1,False,126,1.0,720,False,248,1.0,0,91,0,339,91,91,dry=0.02|dry_vent=0.04|dew=0.12|canopy=0.06
0.08,91,0.7222222222222222,91,0.12,0.02,0.04,3,0.8999999999999999,1.0,1.0,0,dew_before_canopy_lt1_v1,False,126,1.0,720,False,248,1.0,0,91,0,339,91,91,dry=0.02|dry_vent=0.04|dew=0.12|canopy=0.08
0.1,91,0.7222222222222222,91,0.12,0.02,0.04,3,0.8999999999999999,1.0,1.0,0,dew_before_canopy_lt1_v1,False,126,1.0,720,False,248,1.0,0,91,0,339,91,91,dry=0.02|dry_vent=0.04|dew=0.12|canopy=0.10
0.12,97,0.7698412698412699,97,0.12,0.02,0.04,4,1.0999999999999999,1.0,1.0,0,dew_before_canopy_lt1_v1,False,126,1.0,720,False,248,1.0,0,97,0,345,97,97,dry=0.02|dry_vent=0.04|dew=0.12|canopy=0.12
0.0,21,0.16666666666666666,21,0.0,0.02,0.06,4,1.25,1.0,1.0,0,dew_before_canopy_lt1_v1,False,126,1.0,720,False,248,0.0,0,21,0,269,21,21,dry=0.02|dry_vent=0.06|dew=0.00|canopy=0.00
0.04,21,0.16666666666666666,21,0.0,0.02,0.06,4,1.25,1.0,1.0,0,dew_before_canopy_lt1_v1,False,126,1.0,720,False,248,0.0,0,21,0,269,21,21,dry=0.02|dry_vent=0.06|dew=0.00|canopy=0.04
0.06,33,0.2619047619047619,33,0.0,0.02,0.06,3,0.8999999999999999,1.0,1.0,0,dew_before_canopy_lt1_v1,False,126,1.0,720,False,248,0.0,0,33,0,281,33,33,dry=0.02|dry_vent=0.06|dew=0.00|canopy=0.06
0.08,33,0.2619047619047619,33,0.0,0.02,0.06,3,0.8999999999999999,1.0,1.0,0,dew_before_canopy_lt1_v1,False,126,1.0,720,False,248,0.0,0,33,0,281,33,33,dry=0.02|dry_vent=0.06|dew=0.00|canopy=0.08
0.1,33,0.2619047619047619,33,0.0,0.02,0.06,3,0.8999999999999999,1.0,1.0,0,dew_before_canopy_lt1_v1,False,126,1.0,720,False,248,0.0,0,33,0,281,33,33,dry=0.02|dry_vent=0.06|dew=0.00|canopy=0.10
0.12,39,0.30952380952380953,39,0.0,0.02,0.06,4,1.0999999999999999,1.0,1.0,0,dew_before_canopy_lt1_v1,False,126,1.0,720,False,248,0.0,0,39,0,287,39,39,dry=0.02|dry_vent=0.06|dew=0.00|canopy=0.12
0.0,21,0.16666666666666666,21,0.04,0.02,0.06,4,1.25,1.0,1.0,0,dew_before_canopy_lt1_v1,False,126,1.0,720,False,248,0.0,0,21,0,269,21,21,dry=0.02|dry_vent=0.06|dew=0.04|canopy=0.00
0.04,21,0.16666666666666666,21,0.04,0.02,0.06,4,1.25,1.0,1.0,0,dew_before_canopy_lt1_v1,False,126,1.0,720,False,248,0.0,0,21,0,269,21,21,dry=0.02|dry_vent=0.06|dew=0.04|canopy=0.04
0.06,33,0.2619047619047619,33,0.04,0.02,0.06,3,0.8999999999999999,1.0,1.0,0,dew_before_canopy_lt1_v1,False,126,1.0,720,False,248,0.0,0,33,0,281,33,33,dry=0.02|dry_vent=0.06|dew=0.04|canopy=0.06
0.08,33,0.2619047619047619,33,0.04,0.02,0.06,3,0.8999999999999999,1.0,1.0,0,dew_before_canopy_lt1_v1,False,126,1.0,720,False,248,0.0,0,33,0,281,33,33,dry=0.02|dry_vent=0.06|dew=0.04|canopy=0.08
0.1,33,0.2619047619047619,33,0.04,0.02,0.06,3,0.8999999999999999,1.0,1.0,0,dew_before_canopy_lt1_v1,False,126,1.0,720,False,248,0.0,0,33,0,281,33,33,dry=0.02|dry_vent=0.06|dew=0.04|canopy=0.10
0.12,39,0.30952380952380953,39,0.04,0.02,0.06,4,1.0999999999999999,1.0,1.0,0,dew_before_canopy_lt1_v1,False,126,1.0,720,False,248,0.0,0,39,0,287,39,39,dry=0.02|dry_vent=0.06|dew=0.04|canopy=0.12
0.0,28,0.2222222222222222,28,0.06,0.02,0.06,3,1.1613924050632911,1.0,1.0,0,dew_before_canopy_lt1_v1,False,126,1.0,720,False,248,0.0,0,28,0,276,28,28,dry=0.02|dry_vent=0.06|dew=0.06|canopy=0.00
0.04,28,0.2222222222222222,28,0.06,0.02,0.06,3,1.1613924050632911,1.0,1.0,0,dew_before_canopy_lt1_v1,False,126,1.0,720,False,248,0.0,0,28,0,276,28,28,dry=0.02|dry_vent=0.06|dew=0.06|canopy=0.04
0.06,40,0.31746031746031744,40,0.06,0.02,0.06,2,0.811392405063291,1.0,0.8205128205128205,0,dew_before_canopy_lt1_v1,False,126,1.0,720,False,248,0.0,0,40,0,288,40,40,dry=0.02|dry_vent=0.06|dew=0.06|canopy=0.06
0.08,40,0.31746031746031744,40,0.06,0.02,0.06,2,0.811392405063291,1.0,0.8205128205128205,0,dew_before_canopy_lt1_v1,False,126,1.0,720,False,248,0.0,0,40,0,288,40,40,dry=0.02|dry_vent=0.06|dew=0.06|canopy=0.08
0.1,40,0.31746031746031744,40,0.06,0.02,0.06,2,0.811392405063291,1.0,0.8205128205128205,0,dew_before_canopy_lt1_v1,False,126,1.0,720,False,248,0.0,0,40,0,288,40,40,dry=0.02|dry_vent=0.06|dew=0.06|canopy=0.10
0.12,46,0.36507936507936506,46,0.06,0.02,0.06,3,1.011392405063291,1.0,0.8205128205128205,0,dew_before_canopy_lt1_v1,False,126,1.0,720,False,248,0.0,0,46,0,294,46,46,dry=0.02|dry_vent=0.06|dew=0.06|canopy=0.12
0.0,46,0.36507936507936506,46,0.08,0.02,0.06,3,0.9335443037974682,1.0,1.0,0,dew_before_canopy_lt1_v1,False,126,1.0,720,False,248,0.375,0,46,0,294,46,46,dry=0.02|dry_vent=0.06|dew=0.08|canopy=0.00
0.04,46,0.36507936507936506,46,0.08,0.02,0.06,3,0.9335443037974682,1.0,1.0,0,dew_before_canopy_lt1_v1,False,126,1.0,720,False,248,0.375,0,46,0,294,46,46,dry=0.02|dry_vent=0.06|dew=0.08|canopy=0.04
0.06,58,0.4603174603174603,58,0.08,0.02,0.06,2,0.5835443037974682,1.0,0.7435897435897436,0,dew_before_canopy_lt1_v1,False,126,1.0,720,False,248,0.375,0,58,0,306,58,58,dry=0.02|dry_vent=0.06|dew=0.08|canopy=0.06
0.08,58,0.4603174603174603,58,0.08,0.02,0.06,2,0.5835443037974682,1.0,0.7435897435897436,0,dew_before_canopy_lt1_v1,False,126,1.0,720,False,248,0.375,0,58,0,306,58,58,dry=0.02|dry_vent=0.06|dew=0.08|canopy=0.08
0.1,58,0.4603174603174603,58,0.08,0.02,0.06,2,0.5835443037974682,1.0,0.7435897435897436,0,dew_before_canopy_lt1_v1,False,126,1.0,720,False,248,0.375,0,58,0,306,58,58,dry=0.02|dry_vent=0.06|dew=0.08|canopy=0.10
0.12,64,0.5079365079365079,64,0.08,0.02,0.06,3,0.7835443037974682,0.90625,0.7435897435897436,0,dew_before_canopy_lt1_v1,False,126,1.0,720,False,248,0.375,0,64,0,312,64,64,dry=0.02|dry_vent=0.06|dew=0.08|canopy=0.12
0.0,57,0.4523809523809524,57,0.1,0.02,0.06,3,0.8999999999999999,1.0,1.0,0,dew_before_canopy_lt1_v1,False,126,1.0,720,False,248,0.55,0,57,0,305,57,57,dry=0.02|dry_vent=0.06|dew=0.10|canopy=0.00
0.04,57,0.4523809523809524,57,0.1,0.02,0.06,3,0.8999999999999999,1.0,1.0,0,dew_before_canopy_lt1_v1,False,126,1.0,720,False,248,0.55,0,57,0,305,57,57,dry=0.02|dry_vent=0.06|dew=0.10|canopy=0.04
0.06,69,0.5476190476190477,69,0.1,0.02,0.06,2,0.5499999999999999,1.0,0.641025641025641,0,dew_before_canopy_lt1_v1,False,126,1.0,720,False,248,0.55,0,69,0,317,69,69,dry=0.02|dry_vent=0.06|dew=0.10|canopy=0.06
0.08,69,0.5476190476190477,69,0.1,0.02,0.06,2,0.5499999999999999,1.0,0.641025641025641,0,dew_before_canopy_lt1_v1,False,126,1.0,720,False,248,0.55,0,69,0,317,69,69,dry=0.02|dry_vent=0.06|dew=0.10|canopy=0.08
0.1,69,0.5476190476190477,69,0.1,0.02,0.06,2,0.5499999999999999,1.0,0.641025641025641,0,dew_before_canopy_lt1_v1,False,126,1.0,720,False,248,0.55,0,69,0,317,69,69,dry=0.02|dry_vent=0.06|dew=0.10|canopy=0.10
0.12,75,0.5952380952380952,75,0.1,0.02,0.06,3,0.7499999999999999,0.78125,0.641025641025641,0,dew_before_canopy_lt1_v1,False,126,1.0,720,False,248,0.55,0,75,0,323,75,75,dry=0.02|dry_vent=0.06|dew=0.10|canopy=0.12
0.0,100,0.7936507936507936,100,0.12,0.02,0.06,4,1.0999999999999999,1.0,1.0,0,dew_before_canopy_lt1_v1,False,126,1.0,720,False,248,1.0,0,100,0,348,100,100,dry=0.02|dry_vent=0.06|dew=0.12|canopy=0.00
0.04,100,0.7936507936507936,100,0.12,0.02,0.06,4,1.0999999999999999,1.0,1.0,0,dew_before_canopy_lt1_v1,False,126,1.0,720,False,248,1.0,0,100,0,348,100,100,dry=0.02|dry_vent=0.06|dew=0.12|canopy=0.04
0.06,112,0.8888888888888888,112,0.12,0.02,0.06,3,0.7499999999999999,1.0,0.33333333333333337,0,dew_before_canopy_lt1_v1,True,126,1.0,720,False,248,1.0,0,112,0,360,112,112,dry=0.02|dry_vent=0.06|dew=0.12|canopy=0.06
0.08,112,0.8888888888888888,112,0.12,0.02,0.06,3,0.7499999999999999,1.0,0.33333333333333337,0,dew_before_canopy_lt1_v1,True,126,1.0,720,False,248,1.0,0,112,0,360,112,112,dry=0.02|dry_vent=0.06|dew=0.12|canopy=0.08
0.1,112,0.8888888888888888,112,0.12,0.02,0.06,3,0.7499999999999999,1.0,0.33333333333333337,0,dew_before_canopy_lt1_v1,True,126,1.0,720,False,248,1.0,0,112,0,360,112,112,dry=0.02|dry_vent=0.06|dew=0.12|canopy=0.10
0.12,118,0.9365079365079365,118,0.12,0.02,0.06,4,0.9499999999999998,0.0,0.0,0,dew_before_canopy_lt1_v1,True,126,1.0,720,False,248,1.0,0,118,0,366,118,118,dry=0.02|dry_vent=0.06|dew=0.12|canopy=0.12
0.0,0,0.0,0,0.0,0.04,0.0,4,1.4,0.0,0.0,0,dew_before_canopy_lt1_v1,False,126,0.0,720,False,248,0.0,0,0,0,248,0,0,dry=0.04|dry_vent=0.00|dew=0.00|canopy=0.00
0.04,0,0.0,0,0.0,0.04,0.0,4,1.4,0.0,0.0,0,dew_before_canopy_lt1_v1,False,126,0.0,720,False,248,0.0,0,0,0,248,0,0,dry=0.04|dry_vent=0.00|dew=0.00|canopy=0.04
0.06,12,0.09523809523809523,12,0.0,0.04,0.0,3,1.0499999999999998,1.0,0.6666666666666666,0,dew_before_canopy_lt1_v1,False,126,0.6666666666666666,720,False,248,0.0,0,12,0,260,12,12,dry=0.04|dry_vent=0.00|dew=0.00|canopy=0.06
0.08,12,0.09523809523809523,12,0.0,0.04,0.0,3,1.0499999999999998,1.0,0.6666666666666666,0,dew_before_canopy_lt1_v1,False,126,0.6666666666666666,720,False,248,0.0,0,12,0,260,12,12,dry=0.04|dry_vent=0.00|dew=0.00|canopy=0.08
0.1,12,0.09523809523809523,12,0.0,0.04,0.0,3,1.0499999999999998,1.0,0.6666666666666666,0,dew_before_canopy_lt1_v1,False,126,0.6666666666666666,720,False,248,0.0,0,12,0,260,12,12,dry=0.04|dry_vent=0.00|dew=0.00|canopy=0.10
0.12,18,0.14285714285714285,18,0.0,0.04,0.0,4,1.25,1.0,1.0,0,dew_before_canopy_lt1_v1,False,126,1.0,720,False,248,0.0,0,18,0,266,18,18,dry=0.04|dry_vent=0.00|dew=0.00|canopy=0.12
0.0,0,0.0,0,0.04,0.04,0.0,4,1.4,0.0,0.0,0,dew_before_canopy_lt1_v1,False,126,0.0,720,False,248,0.0,0,0,0,248,0,0,dry=0.04|dry_vent=0.00|dew=0.04|canopy=0.00
0.04,0,0.0,0,0.04,0.04,0.0,4,1.4,0.0,0.0,0,dew_before_canopy_lt1_v1,False,126,0.0,720,False,248,0.0,0,0,0,248,0,0,dry=0.04|dry_vent=0.00|dew=0.04|canopy=0.04
0.06,12,0.09523809523809523,12,0.04,0.04,0.0,3,1.0499999999999998,1.0,0.6666666666666666,0,dew_before_canopy_lt1_v1,False,126,0.6666666666666666,720,False,248,0.0,0,12,0,260,12,12,dry=0.04|dry_vent=0.00|dew=0.04|canopy=0.06
0.08,12,0.09523809523809523,12,0.04,0.04,0.0,3,1.0499999999999998,1.0,0.6666666666666666,0,dew_before_canopy_lt1_v1,False,126,0.6666666666666666,720,False,248,0.0,0,12,0,260,12,12,dry=0.04|dry_vent=0.00|dew=0.04|canopy=0.08
0.1,12,0.09523809523809523,12,0.04,0.04,0.0,3,1.0499999999999998,1.0,0.6666666666666666,0,dew_before_canopy_lt1_v1,False,126,0.6666666666666666,720,False,248,0.0,0,12,0,260,12,12,dry=0.04|dry_vent=0.00|dew=0.04|canopy=0.10
0.12,18,0.14285714285714285,18,0.04,0.04,0.0,4,1.25,1.0,1.0,0,dew_before_canopy_lt1_v1,False,126,1.0,720,False,248,0.0,0,18,0,266,18,18,dry=0.04|dry_vent=0.00|dew=0.04|canopy=0.12
0.0,7,0.05555555555555555,7,0.06,0.04,0.0,3,1.311392405063291,1.0,0.1794871794871795,0,dew_before_canopy_lt1_v1,False,126,0.08860759493670886,720,False,248,0.0,0,7,0,255,7,7,dry=0.04|dry_vent=0.00|dew=0.06|canopy=0.00
0.04,7,0.05555555555555555,7,0.06,0.04,0.0,3,1.311392405063291,1.0,0.1794871794871795,0,dew_before_canopy_lt1_v1,False,126,0.08860759493670886,720,False,248,0.0,0,7,0,255,7,7,dry=0.04|dry_vent=0.00|dew=0.06|canopy=0.04
0.06,19,0.15079365079365079,19,0.06,0.04,0.0,2,0.961392405063291,1.0,0.6666666666666666,0,dew_before_canopy_lt1_v1,False,126,0.6666666666666666,720,False,248,0.0,0,19,0,267,19,19,dry=0.04|dry_vent=0.00|dew=0.06|canopy=0.06
0.08,19,0.15079365079365079,19,0.06,0.04,0.0,2,0.961392405063291,1.0,0.6666666666666666,0,dew_before_canopy_lt1_v1,False,126,0.6666666666666666,720,False,248,0.0,0,19,0,267,19,19,dry=0.04|dry_vent=0.00|dew=0.06|canopy=0.08
0.1,19,0.15079365079365079,19,0.06,0.04,0.0,2,0.961392405063291,1.0,0.6666666666666666,0,dew_before_canopy_lt1_v1,False,126,0.6666666666666666,720,False,248,0.0,0,19,0,267,19,19,dry=0.04|dry_vent=0.00|dew=0.06|canopy=0.10
0.12,25,0.1984126984126984,25,0.06,0.04,0.0,3,1.1613924050632911,1.0,1.0,0,dew_before_canopy_lt1_v1,False,126,1.0,720,False,248,0.0,0,25,0,273,25,25,dry=0.04|dry_vent=0.00|dew=0.06|canopy=0.12
0.0,25,0.1984126984126984,25,0.08,0.04,0.0,3,1.0835443037974684,1.0,0.2564102564102564,0,dew_before_canopy_lt1_v1,False,126,0.31645569620253167,720,False,248,0.375,0,25,0,273,25,25,dry=0.04|dry_vent=0.00|dew=0.08|canopy=0.00
0.04,25,0.1984126984126984,25,0.08,0.04,0.0,3,1.0835443037974684,1.0,0.2564102564102564,0,dew_before_canopy_lt1_v1,False,126,0.31645569620253167,720,False,248,0.375,0,25,0,273,25,25,dry=0.04|dry_vent=0.00|dew=0.08|canopy=0.04
0.06,37,0.29365079365079366,37,0.08,0.04,0.0,2,0.7335443037974683,1.0,0.6666666666666666,0,dew_before_canopy_lt1_v1,False,126,0.6666666666666666,720,False,248,0.375,0,37,0,285,37,37,dry=0.04|dry_vent=0.00|dew=0.08|canopy=0.06
0.08,37,0.29365079365079366,37,0.08,0.04,0.0,2,0.7335443037974683,1.0,0.6666666666666666,0,dew_before_canopy_lt1_v1,False,126,0.6666666666666666,720,False,248,0.375,0,37,0,285,37,37,dry=0.04|dry_vent=0.00|dew=0.08|canopy=0.08
0.1,37,0.29365079365079366,37,0.08,0.04,0.0,2,0.7335443037974683,1.0,0.6666666666666666,0,dew_before_canopy_lt1_v1,False,126,0.6666666666666666,720,False,248,0.375,0,37,0,285,37,37,dry=0.04|dry_vent=0.00|dew=0.08|canopy=0.10
0.12,43,0.3412698412698413,43,0.08,0.04,0.0,3,0.9335443037974682,1.0,1.0,0,dew_before_canopy_lt1_v1,False,126,1.0,720,False,248,0.375,0,43,0,291,43,43,dry=0.04|dry_vent=0.00|dew=0.08|canopy=0.12
0.0,36,0.2857142857142857,36,0.1,0.04,0.0,3,1.0499999999999998,1.0,0.358974358974359,0,dew_before_canopy_lt1_v1,False,126,0.45569620253164556,720,False,248,0.55,0,36,0,284,36,36,dry=0.04|dry_vent=0.00|dew=0.10|canopy=0.00
0.04,36,0.2857142857142857,36,0.1,0.04,0.0,3,1.0499999999999998,1.0,0.358974358974359,0,dew_before_canopy_lt1_v1,False,126,0.45569620253164556,720,False,248,0.55,0,36,0,284,36,36,dry=0.04|dry_vent=0.00|dew=0.10|canopy=0.04
0.06,48,0.38095238095238093,48,0.1,0.04,0.0,2,0.7,1.0,0.6666666666666666,0,dew_before_canopy_lt1_v1,False,126,0.6666666666666666,720,False,248,0.55,0,48,0,296,48,48,dry=0.04|dry_vent=0.00|dew=0.10|canopy=0.06
0.08,48,0.38095238095238093,48,0.1,0.04,0.0,2,0.7,1.0,0.6666666666666666,0,dew_before_canopy_lt1_v1,False,126,0.6666666666666666,720,False,248,0.55,0,48,0,296,48,48,dry=0.04|dry_vent=0.00|dew=0.10|canopy=0.08
0.1,48,0.38095238095238093,48,0.1,0.04,0.0,2,0.7,1.0,0.6666666666666666,0,dew_before_canopy_lt1_v1,False,126,0.6666666666666666,720,False,248,0.55,0,48,0,296,48,48,dry=0.04|dry_vent=0.00|dew=0.10|canopy=0.10
0.12,54,0.42857142857142855,54,0.1,0.04,0.0,3,0.8999999999999999,1.0,1.0,0,dew_before_canopy_lt1_v1,False,126,1.0,720,False,248,0.55,0,54,0,302,54,54,dry=0.04|dry_vent=0.00|dew=0.10|canopy=0.12
0.0,79,0.626984126984127,79,0.12,0.04,0.0,4,1.25,1.0,1.0,0,dew_before_canopy_lt1_v1,False,126,1.0,720,False,248,1.0,0,79,0,327,79,79,dry=0.04|dry_vent=0.00|dew=0.12|canopy=0.00
0.04,79,0.626984126984127,79,0.12,0.04,0.0,4,1.25,1.0,1.0,0,dew_before_canopy_lt1_v1,False,126,1.0,720,False,248,1.0,0,79,0,327,79,79,dry=0.04|dry_vent=0.00|dew=0.12|canopy=0.04
0.06,91,0.7222222222222222,91,0.12,0.04,0.0,3,0.8999999999999999,1.0,1.0,0,dew_before_canopy_lt1_v1,False,126,1.0,720,False,248,1.0,0,91,0,339,91,91,dry=0.04|dry_vent=0.00|dew=0.12|canopy=0.06
0.08,91,0.7222222222222222,91,0.12,0.04,0.0,3,0.8999999999999999,1.0,1.0,0,dew_before_canopy_lt1_v1,False,126,1.0,720,False,248,1.0,0,91,0,339,91,91,dry=0.04|dry_vent=0.00|dew=0.12|canopy=0.08
0.1,91,0.7222222222222222,91,0.12,0.04,0.0,3,0.8999999999999999,1.0,1.0,0,dew_before_canopy_lt1_v1,False,126,1.0,720,False,248,1.0,0,91,0,339,91,91,dry=0.04|dry_vent=0.00|dew=0.12|canopy=0.10
0.12,97,0.7698412698412699,97,0.12,0.04,0.0,4,1.0999999999999999,1.0,1.0,0,dew_before_canopy_lt1_v1,False,126,1.0,720,False,248,1.0,0,97,0,345,97,97,dry=0.04|dry_vent=0.00|dew=0.12|canopy=0.12
0.0,0,0.0,0,0.0,0.04,0.02,4,1.4,0.0,0.0,0,dew_before_canopy_lt1_v1,False,126,0.0,720,False,248,0.0,0,0,0,248,0,0,dry=0.04|dry_vent=0.02|dew=0.00|canopy=0.00
0.04,0,0.0,0,0.0,0.04,0.02,4,1.4,0.0,0.0,0,dew_before_canopy_lt1_v1,False,126,0.0,720,False,248,0.0,0,0,0,248,0,0,dry=0.04|dry_vent=0.02|dew=0.00|canopy=0.04
0.06,12,0.09523809523809523,12,0.0,0.04,0.02,3,1.0499999999999998,1.0,0.6666666666666666,0,dew_before_canopy_lt1_v1,False,126,0.6666666666666666,720,False,248,0.0,0,12,0,260,12,12,dry=0.04|dry_vent=0.02|dew=0.00|canopy=0.06
0.08,12,0.09523809523809523,12,0.0,0.04,0.02,3,1.0499999999999998,1.0,0.6666666666666666,0,dew_before_canopy_lt1_v1,False,126,0.6666666666666666,720,False,248,0.0,0,12,0,260,12,12,dry=0.04|dry_vent=0.02|dew=0.00|canopy=0.08
0.1,12,0.09523809523809523,12,0.0,0.04,0.02,3,1.0499999999999998,1.0,0.6666666666666666,0,dew_before_canopy_lt1_v1,False,126,0.6666666666666666,720,False,248,0.0,0,12,0,260,12,12,dry=0.04|dry_vent=0.02|dew=0.00|canopy=0.10
0.12,18,0.14285714285714285,18,0.0,0.04,0.02,4,1.25,1.0,1.0,0,dew_before_canopy_lt1_v1,False,126,1.0,720,False,248,0.0,0,18,0,266,18,18,dry=0.04|dry_vent=0.02|dew=0.00|canopy=0.12
0.0,0,0.0,0,0.04,0.04,0.02,4,1.4,0.0,0.0,0,dew_before_canopy_lt1_v1,False,126,0.0,720,False,248,0.0,0,0,0,248,0,0,dry=0.04|dry_vent=0.02|dew=0.04|canopy=0.00
0.04,0,0.0,0,0.04,0.04,0.02,4,1.4,0.0,0.0,0,dew_before_canopy_lt1_v1,False,126,0.0,720,False,248,0.0,0,0,0,248,0,0,dry=0.04|dry_vent=0.02|dew=0.04|canopy=0.04
0.06,12,0.09523809523809523,12,0.04,0.04,0.02,3,1.0499999999999998,1.0,0.6666666666666666,0,dew_before_canopy_lt1_v1,False,126,0.6666666666666666,720,False,248,0.0,0,12,0,260,12,12,dry=0.04|dry_vent=0.02|dew=0.04|canopy=0.06
0.08,12,0.09523809523809523,12,0.04,0.04,0.02,3,1.0499999999999998,1.0,0.6666666666666666,0,dew_before_canopy_lt1_v1,False,126,0.6666666666666666,720,False,248,0.0,0,12,0,260,12,12,dry=0.04|dry_vent=0.02|dew=0.04|canopy=0.08
0.1,12,0.09523809523809523,12,0.04,0.04,0.02,3,1.0499999999999998,1.0,0.6666666666666666,0,dew_before_canopy_lt1_v1,False,126,0.6666666666666666,720,False,248,0.0,0,12,0,260,12,12,dry=0.04|dry_vent=0.02|dew=0.04|canopy=0.10
0.12,18,0.14285714285714285,18,0.04,0.04,0.02,4,1.25,1.0,1.0,0,dew_before_canopy_lt1_v1,False,126,1.0,720,False,248,0.0,0,18,0,266,18,18,dry=0.04|dry_vent=0.02|dew=0.04|canopy=0.12
0.0,7,0.05555555555555555,7,0.06,0.04,0.02,3,1.311392405063291,1.0,0.1794871794871795,0,dew_before_canopy_lt1_v1,False,126,0.08860759493670886,720,False,248,0.0,0,7,0,255,7,7,dry=0.04|dry_vent=0.02|dew=0.06|canopy=0.00
0.04,7,0.05555555555555555,7,0.06,0.04,0.02,3,1.311392405063291,1.0,0.1794871794871795,0,dew_before_canopy_lt1_v1,False,126,0.08860759493670886,720,False,248,0.0,0,7,0,255,7,7,dry=0.04|dry_vent=0.02|dew=0.06|canopy=0.04
0.06,19,0.15079365079365079,19,0.06,0.04,0.02,2,0.961392405063291,1.0,0.6666666666666666,0,dew_before_canopy_lt1_v1,False,126,0.6666666666666666,720,False,248,0.0,0,19,0,267,19,19,dry=0.04|dry_vent=0.02|dew=0.06|canopy=0.06
0.08,19,0.15079365079365079,19,0.06,0.04,0.02,2,0.961392405063291,1.0,0.6666666666666666,0,dew_before_canopy_lt1_v1,False,126,0.6666666666666666,720,False,248,0.0,0,19,0,267,19,19,dry=0.04|dry_vent=0.02|dew=0.06|canopy=0.08
0.1,19,0.15079365079365079,19,0.06,0.04,0.02,2,0.961392405063291,1.0,0.6666666666666666,0,dew_before_canopy_lt1_v1,False,126,0.6666666666666666,720,False,248,0.0,0,19,0,267,19,19,dry=0.04|dry_vent=0.02|dew=0.06|canopy=0.10
0.12,25,0.1984126984126984,25,0.06,0.04,0.02,3,1.1613924050632911,1.0,1.0,0,dew_before_canopy_lt1_v1,False,126,1.0,720,False,248,0.0,0,25,0,273,25,25,dry=0.04|dry_vent=0.02|dew=0.06|canopy=0.12
0.0,25,0.1984126984126984,25,0.08,0.04,0.02,3,1.0835443037974684,1.0,0.2564102564102564,0,dew_before_canopy_lt1_v1,False,126,0.31645569620253167,720,False,248,0.375,0,25,0,273,25,25,dry=0.04|dry_vent=0.02|dew=0.08|canopy=0.00
0.04,25,0.1984126984126984,25,0.08,0.04,0.02,3,1.0835443037974684,1.0,0.2564102564102564,0,dew_before_canopy_lt1_v1,False,126,0.31645569620253167,720,False,248,0.375,0,25,0,273,25,25,dry=0.04|dry_vent=0.02|dew=0.08|canopy=0.04
0.06,37,0.29365079365079366,37,0.08,0.04,0.02,2,0.7335443037974683,1.0,0.6666666666666666,0,dew_before_canopy_lt1_v1,False,126,0.6666666666666666,720,False,248,0.375,0,37,0,285,37,37,dry=0.04|dry_vent=0.02|dew=0.08|canopy=0.06
0.08,37,0.29365079365079366,37,0.08,0.04,0.02,2,0.7335443037974683,1.0,0.6666666666666666,0,dew_before_canopy_lt1_v1,False,126,0.6666666666666666,720,False,248,0.375,0,37,0,285,37,37,dry=0.04|dry_vent=0.02|dew=0.08|canopy=0.08
0.1,37,0.29365079365079366,37,0.08,0.04,0.02,2,0.7335443037974683,1.0,0.6666666666666666,0,dew_before_canopy_lt1_v1,False,126,0.6666666666666666,720,False,248,0.375,0,37,0,285,37,37,dry=0.04|dry_vent=0.02|dew=0.08|canopy=0.10
0.12,43,0.3412698412698413,43,0.08,0.04,0.02,3,0.9335443037974682,1.0,1.0,0,dew_before_canopy_lt1_v1,False,126,1.0,720,False,248,0.375,0,43,0,291,43,43,dry=0.04|dry_vent=0.02|dew=0.08|canopy=0.12
0.0,36,0.2857142857142857,36,0.1,0.04,0.02,3,1.0499999999999998,1.0,0.358974358974359,0,dew_before_canopy_lt1_v1,False,126,0.45569620253164556,720,False,248,0.55,0,36,0,284,36,36,dry=0.04|dry_vent=0.02|dew=0.10|canopy=0.00
0.04,36,0.2857142857142857,36,0.1,0.04,0.02,3,1.0499999999999998,1.0,0.358974358974359,0,dew_before_canopy_lt1_v1,False,126,0.45569620253164556,720,False,248,0.55,0,36,0,284,36,36,dry=0.04|dry_vent=0.02|dew=0.10|canopy=0.04
0.06,48,0.38095238095238093,48,0.1,0.04,0.02,2,0.7,1.0,0.6666666666666666,0,dew_before_canopy_lt1_v1,False,126,0.6666666666666666,720,False,248,0.55,0,48,0,296,48,48,dry=0.04|dry_vent=0.02|dew=0.10|canopy=0.06
0.08,48,0.38095238095238093,48,0.1,0.04,0.02,2,0.7,1.0,0.6666666666666666,0,dew_before_canopy_lt1_v1,False,126,0.6666666666666666,720,False,248,0.55,0,48,0,296,48,48,dry=0.04|dry_vent=0.02|dew=0.10|canopy=0.08
0.1,48,0.38095238095238093,48,0.1,0.04,0.02,2,0.7,1.0,0.6666666666666666,0,dew_before_canopy_lt1_v1,False,126,0.6666666666666666,720,False,248,0.55,0,48,0,296,48,48,dry=0.04|dry_vent=0.02|dew=0.10|canopy=0.10
0.12,54,0.42857142857142855,54,0.1,0.04,0.02,3,0.8999999999999999,1.0,1.0,0,dew_before_canopy_lt1_v1,False,126,1.0,720,False,248,0.55,0,54,0,302,54,54,dry=0.04|dry_vent=0.02|dew=0.10|canopy=0.12
0.0,79,0.626984126984127,79,0.12,0.04,0.02,4,1.25,1.0,1.0,0,dew_before_canopy_lt1_v1,False,126,1.0,720,False,248,1.0,0,79,0,327,79,79,dry=0.04|dry_vent=0.02|dew=0.12|canopy=0.00
0.04,79,0.626984126984127,79,0.12,0.04,0.02,4,1.25,1.0,1.0,0,dew_before_canopy_lt1_v1,False,126,1.0,720,False,248,1.0,0,79,0,327,79,79,dry=0.04|dry_vent=0.02|dew=0.12|canopy=0.04
0.06,91,0.7222222222222222,91,0.12,0.04,0.02,3,0.8999999999999999,1.0,1.0,0,dew_before_canopy_lt1_v1,False,126,1.0,720,False,248,1.0,0,91,0,339,91,91,dry=0.04|dry_vent=0.02|dew=0.12|canopy=0.06
0.08,91,0.7222222222222222,91,0.12,0.04,0.02,3,0.8999999999999999,1.0,1.0,0,dew_before_canopy_lt1_v1,False,126,1.0,720,False,248,1.0,0,91,0,339,91,91,dry=0.04|dry_vent=0.02|dew=0.12|canopy=0.08
0.1,91,0.7222222222222222,91,0.12,0.04,0.02,3,0.8999999999999999,1.0,1.0,0,dew_before_canopy_lt1_v1,False,126,1.0,720,False,248,1.0,0,91,0,339,91,91,dry=0.04|dry_vent=0.02|dew=0.12|canopy=0.10
0.12,97,0.7698412698412699,97,0.12,0.04,0.02,4,1.0999999999999999,1.0,1.0,0,dew_before_canopy_lt1_v1,False,126,1.0,720,False,248,1.0,0,97,0,345,97,97,dry=0.04|dry_vent=0.02|dew=0.12|canopy=0.12
0.0,0,0.0,0,0.0,0.04,0.04,4,1.4,0.0,0.0,0,dew_before_canopy_lt1_v1,False,126,0.0,720,False,248,0.0,0,0,0,248,0,0,dry=0.04|dry_vent=0.04|dew=0.00|canopy=0.00
0.04,0,0.0,0,0.0,0.04,0.04,4,1.4,0.0,0.0,0,dew_before_canopy_lt1_v1,False,126,0.0,720,False,248,0.0,0,0,0,248,0,0,dry=0.04|dry_vent=0.04|dew=0.00|canopy=0.04
0.06,12,0.09523809523809523,12,0.0,0.04,0.04,3,1.0499999999999998,1.0,0.6666666666666666,0,dew_before_canopy_lt1_v1,False,126,0.6666666666666666,720,False,248,0.0,0,12,0,260,12,12,dry=0.04|dry_vent=0.04|dew=0.00|canopy=0.06
0.08,12,0.09523809523809523,12,0.0,0.04,0.04,3,1.0499999999999998,1.0,0.6666666666666666,0,dew_before_canopy_lt1_v1,False,126,0.6666666666666666,720,False,248,0.0,0,12,0,260,12,12,dry=0.04|dry_vent=0.04|dew=0.00|canopy=0.08
0.1,12,0.09523809523809523,12,0.0,0.04,0.04,3,1.0499999999999998,1.0,0.6666666666666666,0,dew_before_canopy_lt1_v1,False,126,0.6666666666666666,720,False,248,0.0,0,12,0,260,12,12,dry=0.04|dry_vent=0.04|dew=0.00|canopy=0.10
0.12,18,0.14285714285714285,18,0.0,0.04,0.04,4,1.25,1.0,1.0,0,dew_before_canopy_lt1_v1,False,126,1.0,720,False,248,0.0,0,18,0,266,18,18,dry=0.04|dry_vent=0.04|dew=0.00|canopy=0.12
0.0,0,0.0,0,0.04,0.04,0.04,4,1.4,0.0,0.0,0,dew_before_canopy_lt1_v1,False,126,0.0,720,False,248,0.0,0,0,0,248,0,0,dry=0.04|dry_vent=0.04|dew=0.04|canopy=0.00
0.04,0,0.0,0,0.04,0.04,0.04,4,1.4,0.0,0.0,0,dew_before_canopy_lt1_v1,False,126,0.0,720,False,248,0.0,0,0,0,248,0,0,dry=0.04|dry_vent=0.04|dew=0.04|canopy=0.04
0.06,12,0.09523809523809523,12,0.04,0.04,0.04,3,1.0499999999999998,1.0,0.6666666666666666,0,dew_before_canopy_lt1_v1,False,126,0.6666666666666666,720,False,248,0.0,0,12,0,260,12,12,dry=0.04|dry_vent=0.04|dew=0.04|canopy=0.06
0.08,12,0.09523809523809523,12,0.04,0.04,0.04,3,1.0499999999999998,1.0,0.6666666666666666,0,dew_before_canopy_lt1_v1,False,126,0.6666666666666666,720,False,248,0.0,0,12,0,260,12,12,dry=0.04|dry_vent=0.04|dew=0.04|canopy=0.08
0.1,12,0.09523809523809523,12,0.04,0.04,0.04,3,1.0499999999999998,1.0,0.6666666666666666,0,dew_before_canopy_lt1_v1,False,126,0.6666666666666666,720,False,248,0.0,0,12,0,260,12,12,dry=0.04|dry_vent=0.04|dew=0.04|canopy=0.10
0.12,18,0.14285714285714285,18,0.04,0.04,0.04,4,1.25,1.0,1.0,0,dew_before_canopy_lt1_v1,False,126,1.0,720,False,248,0.0,0,18,0,266,18,18,dry=0.04|dry_vent=0.04|dew=0.04|canopy=0.12
0.0,7,0.05555555555555555,7,0.06,0.04,0.04,3,1.311392405063291,1.0,0.1794871794871795,0,dew_before_canopy_lt1_v1,False,126,0.08860759493670886,720,False,248,0.0,0,7,0,255,7,7,dry=0.04|dry_vent=0.04|dew=0.06|canopy=0.00
0.04,7,0.05555555555555555,7,0.06,0.04,0.04,3,1.311392405063291,1.0,0.1794871794871795,0,dew_before_canopy_lt1_v1,False,126,0.08860759493670886,720,False,248,0.0,0,7,0,255,7,7,dry=0.04|dry_vent=0.04|dew=0.06|canopy=0.04
0.06,19,0.15079365079365079,19,0.06,0.04,0.04,2,0.961392405063291,1.0,0.6666666666666666,0,dew_before_canopy_lt1_v1,False,126,0.6666666666666666,720,False,248,0.0,0,19,0,267,19,19,dry=0.04|dry_vent=0.04|dew=0.06|canopy=0.06
0.08,19,0.15079365079365079,19,0.06,0.04,0.04,2,0.961392405063291,1.0,0.6666666666666666,0,dew_before_canopy_lt1_v1,False,126,0.6666666666666666,720,False,248,0.0,0,19,0,267,19,19,dry=0.04|dry_vent=0.04|dew=0.06|canopy=0.08
0.1,19,0.15079365079365079,19,0.06,0.04,0.04,2,0.961392405063291,1.0,0.6666666666666666,0,dew_before_canopy_lt1_v1,False,126,0.6666666666666666,720,False,248,0.0,0,19,0,267,19,19,dry=0.04|dry_vent=0.04|dew=0.06|canopy=0.10
0.12,25,0.1984126984126984,25,0.06,0.04,0.04,3,1.1613924050632911,1.0,1.0,0,dew_before_canopy_lt1_v1,False,126,1.0,720,False,248,0.0,0,25,0,273,25,25,dry=0.04|dry_vent=0.04|dew=0.06|canopy=0.12
0.0,25,0.1984126984126984,25,0.08,0.04,0.04,3,1.0835443037974684,1.0,0.2564102564102564,0,dew_before_canopy_lt1_v1,False,126,0.31645569620253167,720,False,248,0.375,0,25,0,273,25,25,dry=0.04|dry_vent=0.04|dew=0.08|canopy=0.00
0.04,25,0.1984126984126984,25,0.08,0.04,0.04,3,1.0835443037974684,1.0,0.2564102564102564,0,dew_before_canopy_lt1_v1,False,126,0.31645569620253167,720,False,248,0.375,0,25,0,273,25,25,dry=0.04|dry_vent=0.04|dew=0.08|canopy=0.04
0.06,37,0.29365079365079366,37,0.08,0.04,0.04,2,0.7335443037974683,1.0,0.6666666666666666,0,dew_before_canopy_lt1_v1,False,126,0.6666666666666666,720,False,248,0.375,0,37,0,285,37,37,dry=0.04|dry_vent=0.04|dew=0.08|canopy=0.06
0.08,37,0.29365079365079366,37,0.08,0.04,0.04,2,0.7335443037974683,1.0,0.6666666666666666,0,dew_before_canopy_lt1_v1,False,126,0.6666666666666666,720,False,248,0.375,0,37,0,285,37,37,dry=0.04|dry_vent=0.04|dew=0.08|canopy=0.08
0.1,37,0.29365079365079366,37,0.08,0.04,0.04,2,0.7335443037974683,1.0,0.6666666666666666,0,dew_before_canopy_lt1_v1,False,126,0.6666666666666666,720,False,248,0.375,0,37,0,285,37,37,dry=0.04|dry_vent=0.04|dew=0.08|canopy=0.10
0.12,43,0.3412698412698413,43,0.08,0.04,0.04,3,0.9335443037974682,1.0,1.0,0,dew_before_canopy_lt1_v1,False,126,1.0,720,False,248,0.375,0,43,0,291,43,43,dry=0.04|dry_vent=0.04|dew=0.08|canopy=0.12
0.0,36,0.2857142857142857,36,0.1,0.04,0.04,3,1.0499999999999998,1.0,0.358974358974359,0,dew_before_canopy_lt1_v1,False,126,0.45569620253164556,720,False,248,0.55,0,36,0,284,36,36,dry=0.04|dry_vent=0.04|dew=0.10|canopy=0.00
0.04,36,0.2857142857142857,36,0.1,0.04,0.04,3,1.0499999999999998,1.0,0.358974358974359,0,dew_before_canopy_lt1_v1,False,126,0.45569620253164556,720,False,248,0.55,0,36,0,284,36,36,dry=0.04|dry_vent=0.04|dew=0.10|canopy=0.04
0.06,48,0.38095238095238093,48,0.1,0.04,0.04,2,0.7,1.0,0.6666666666666666,0,dew_before_canopy_lt1_v1,False,126,0.6666666666666666,720,False,248,0.55,0,48,0,296,48,48,dry=0.04|dry_vent=0.04|dew=0.10|canopy=0.06
0.08,48,0.38095238095238093,48,0.1,0.04,0.04,2,0.7,1.0,0.6666666666666666,0,dew_before_canopy_lt1_v1,False,126,0.6666666666666666,720,False,248,0.55,0,48,0,296,48,48,dry=0.04|dry_vent=0.04|dew=0.10|canopy=0.08
0.1,48,0.38095238095238093,48,0.1,0.04,0.04,2,0.7,1.0,0.6666666666666666,0,dew_before_canopy_lt1_v1,False,126,0.6666666666666666,720,False,248,0.55,0,48,0,296,48,48,dry=0.04|dry_vent=0.04|dew=0.10|canopy=0.10
0.12,54,0.42857142857142855,54,0.1,0.04,0.04,3,0.8999999999999999,1.0,1.0,0,dew_before_canopy_lt1_v1,False,126,1.0,720,False,248,0.55,0,54,0,302,54,54,dry=0.04|dry_vent=0.04|dew=0.10|canopy=0.12
0.0,79,0.626984126984127,79,0.12,0.04,0.04,4,1.25,1.0,1.0,0,dew_before_canopy_lt1_v1,False,126,1.0,720,False,248,1.0,0,79,0,327,79,79,dry=0.04|dry_vent=0.04|dew=0.12|canopy=0.00
0.04,79,0.626984126984127,79,0.12,0.04,0.04,4,1.25,1.0,1.0,0,dew_before_canopy_lt1_v1,False,126,1.0,720,False,248,1.0,0,79,0,327,79,79,dry=0.04|dry_vent=0.04|dew=0.12|canopy=0.04
0.06,91,0.7222222222222222,91,0.12,0.04,0.04,3,0.8999999999999999,1.0,1.0,0,dew_before_canopy_lt1_v1,False,126,1.0,720,False,248,1.0,0,91,0,339,91,91,dry=0.04|dry_vent=0.04|dew=0.12|canopy=0.06
0.08,91,0.7222222222222222,91,0.12,0.04,0.04,3,0.8999999999999999,1.0,1.0,0,dew_before_canopy_lt1_v1,False,126,1.0,720,False,248,1.0,0,91,0,339,91,91,dry=0.04|dry_vent=0.04|dew=0.12|canopy=0.08
0.1,91,0.7222222222222222,91,0.12,0.04,0.04,3,0.8999999999999999,1.0,1.0,0,dew_before_canopy_lt1_v1,False,126,1.0,720,False,248,1.0,0,91,0,339,91,91,dry=0.04|dry_vent=0.04|dew=0.12|canopy=0.10
0.12,97,0.7698412698412699,97,0.12,0.04,0.04,4,1.0999999999999999,1.0,1.0,0,dew_before_canopy_lt1_v1,False,126,1.0,720,False,248,1.0,0,97,0,345,97,97,dry=0.04|dry_vent=0.04|dew=0.12|canopy=0.12
0.0,21,0.16666666666666666,21,0.0,0.04,0.06,4,1.25,1.0,1.0,0,dew_before_canopy_lt1_v1,False,126,1.0,720,False,248,0.0,0,21,0,269,21,21,dry=0.04|dry_vent=0.06|dew=0.00|canopy=0.00
0.04,21,0.16666666666666666,21,0.0,0.04,0.06,4,1.25,1.0,1.0,0,dew_before_canopy_lt1_v1,False,126,1.0,720,False,248,0.0,0,21,0,269,21,21,dry=0.04|dry_vent=0.06|dew=0.00|canopy=0.04
0.06,33,0.2619047619047619,33,0.0,0.04,0.06,3,0.8999999999999999,1.0,1.0,0,dew_before_canopy_lt1_v1,False,126,1.0,720,False,248,0.0,0,33,0,281,33,33,dry=0.04|dry_vent=0.06|dew=0.00|canopy=0.06
0.08,33,0.2619047619047619,33,0.0,0.04,0.06,3,0.8999999999999999,1.0,1.0,0,dew_before_canopy_lt1_v1,False,126,1.0,720,False,248,0.0,0,33,0,281,33,33,dry=0.04|dry_vent=0.06|dew=0.00|canopy=0.08
0.1,33,0.2619047619047619,33,0.0,0.04,0.06,3,0.8999999999999999,1.0,1.0,0,dew_before_canopy_lt1_v1,False,126,1.0,720,False,248,0.0,0,33,0,281,33,33,dry=0.04|dry_vent=0.06|dew=0.00|canopy=0.10
0.12,39,0.30952380952380953,39,0.0,0.04,0.06,4,1.0999999999999999,1.0,1.0,0,dew_before_canopy_lt1_v1,False,126,1.0,720,False,248,0.0,0,39,0,287,39,39,dry=0.04|dry_vent=0.06|dew=0.00|canopy=0.12
0.0,21,0.16666666666666666,21,0.04,0.04,0.06,4,1.25,1.0,1.0,0,dew_before_canopy_lt1_v1,False,126,1.0,720,False,248,0.0,0,21,0,269,21,21,dry=0.04|dry_vent=0.06|dew=0.04|canopy=0.00
0.04,21,0.16666666666666666,21,0.04,0.04,0.06,4,1.25,1.0,1.0,0,dew_before_canopy_lt1_v1,False,126,1.0,720,False,248,0.0,0,21,0,269,21,21,dry=0.04|dry_vent=0.06|dew=0.04|canopy=0.04
0.06,33,0.2619047619047619,33,0.04,0.04,0.06,3,0.8999999999999999,1.0,1.0,0,dew_before_canopy_lt1_v1,False,126,1.0,720,False,248,0.0,0,33,0,281,33,33,dry=0.04|dry_vent=0.06|dew=0.04|canopy=0.06
0.08,33,0.2619047619047619,33,0.04,0.04,0.06,3,0.8999999999999999,1.0,1.0,0,dew_before_canopy_lt1_v1,False,126,1.0,720,False,248,0.0,0,33,0,281,33,33,dry=0.04|dry_vent=0.06|dew=0.04|canopy=0.08
0.1,33,0.2619047619047619,33,0.04,0.04,0.06,3,0.8999999999999999,1.0,1.0,0,dew_before_canopy_lt1_v1,False,126,1.0,720,False,248,0.0,0,33,0,281,33,33,dry=0.04|dry_vent=0.06|dew=0.04|canopy=0.10
0.12,39,0.30952380952380953,39,0.04,0.04,0.06,4,1.0999999999999999,1.0,1.0,0,dew_before_canopy_lt1_v1,False,126,1.0,720,False,248,0.0,0,39,0,287,39,39,dry=0.04|dry_vent=0.06|dew=0.04|canopy=0.12
0.0,28,0.2222222222222222,28,0.06,0.04,0.06,3,1.1613924050632911,1.0,1.0,0,dew_before_canopy_lt1_v1,False,126,1.0,720,False,248,0.0,0,28,0,276,28,28,dry=0.04|dry_vent=0.06|dew=0.06|canopy=0.00
0.04,28,0.2222222222222222,28,0.06,0.04,0.06,3,1.1613924050632911,1.0,1.0,0,dew_before_canopy_lt1_v1,False,126,1.0,720,False,248,0.0,0,28,0,276,28,28,dry=0.04|dry_vent=0.06|dew=0.06|canopy=0.04
0.06,40,0.31746031746031744,40,0.06,0.04,0.06,2,0.811392405063291,1.0,0.8205128205128205,0,dew_before_canopy_lt1_v1,False,126,1.0,720,False,248,0.0,0,40,0,288,40,40,dry=0.04|dry_vent=0.06|dew=0.06|canopy=0.06
0.08,40,0.31746031746031744,40,0.06,0.04,0.06,2,0.811392405063291,1.0,0.8205128205128205,0,dew_before_canopy_lt1_v1,False,126,1.0,720,False,248,0.0,0,40,0,288,40,40,dry=0.04|dry_vent=0.06|dew=0.06|canopy=0.08
0.1,40,0.31746031746031744,40,0.06,0.04,0.06,2,0.811392405063291,1.0,0.8205128205128205,0,dew_before_canopy_lt1_v1,False,126,1.0,720,False,248,0.0,0,40,0,288,40,40,dry=0.04|dry_vent=0.06|dew=0.06|canopy=0.10
0.12,46,0.36507936507936506,46,0.06,0.04,0.06,3,1.011392405063291,1.0,0.8205128205128205,0,dew_before_canopy_lt1_v1,False,126,1.0,720,False,248,0.0,0,46,0,294,46,46,dry=0.04|dry_vent=0.06|dew=0.06|canopy=0.12
0.0,46,0.36507936507936506,46,0.08,0.04,0.06,3,0.9335443037974682,1.0,1.0,0,dew_before_canopy_lt1_v1,False,126,1.0,720,False,248,0.375,0,46,0,294,46,46,dry=0.04|dry_vent=0.06|dew=0.08|canopy=0.00
0.04,46,0.36507936507936506,46,0.08,0.04,0.06,3,0.9335443037974682,1.0,1.0,0,dew_before_canopy_lt1_v1,False,126,1.0,720,False,248,0.375,0,46,0,294,46,46,dry=0.04|dry_vent=0.06|dew=0.08|canopy=0.04
0.06,58,0.4603174603174603,58,0.08,0.04,0.06,2,0.5835443037974682,1.0,0.7435897435897436,0,dew_before_canopy_lt1_v1,False,126,1.0,720,False,248,0.375,0,58,0,306,58,58,dry=0.04|dry_vent=0.06|dew=0.08|canopy=0.06
0.08,58,0.4603174603174603,58,0.08,0.04,0.06,2,0.5835443037974682,1.0,0.7435897435897436,0,dew_before_canopy_lt1_v1,False,126,1.0,720,False,248,0.375,0,58,0,306,58,58,dry=0.04|dry_vent=0.06|dew=0.08|canopy=0.08
0.1,58,0.4603174603174603,58,0.08,0.04,0.06,2,0.5835443037974682,1.0,0.7435897435897436,0,dew_before_canopy_lt1_v1,False,126,1.0,720,False,248,0.375,0,58,0,306,58,58,dry=0.04|dry_vent=0.06|dew=0.08|canopy=0.10
0.12,64,0.5079365079365079,64,0.08,0.04,0.06,3,0.7835443037974682,0.90625,0.7435897435897436,0,dew_before_canopy_lt1_v1,False,126,1.0,720,False,248,0.375,0,64,0,312,64,64,dry=0.04|dry_vent=0.06|dew=0.08|canopy=0.12
0.0,57,0.4523809523809524,57,0.1,0.04,0.06,3,0.8999999999999999,1.0,1.0,0,dew_before_canopy_lt1_v1,False,126,1.0,720,False,248,0.55,0,57,0,305,57,57,dry=0.04|dry_vent=0.06|dew=0.10|canopy=0.00
0.04,57,0.4523809523809524,57,0.1,0.04,0.06,3,0.8999999999999999,1.0,1.0,0,dew_before_canopy_lt1_v1,False,126,1.0,720,False,248,0.55,0,57,0,305,57,57,dry=0.04|dry_vent=0.06|dew=0.10|canopy=0.04
0.06,69,0.5476190476190477,69,0.1,0.04,0.06,2,0.5499999999999999,1.0,0.641025641025641,0,dew_before_canopy_lt1_v1,False,126,1.0,720,False,248,0.55,0,69,0,317,69,69,dry=0.04|dry_vent=0.06|dew=0.10|canopy=0.06
0.08,69,0.5476190476190477,69,0.1,0.04,0.06,2,0.5499999999999999,1.0,0.641025641025641,0,dew_before_canopy_lt1_v1,False,126,1.0,720,False,248,0.55,0,69,0,317,69,69,dry=0.04|dry_vent=0.06|dew=0.10|canopy=0.08
0.1,69,0.5476190476190477,69,0.1,0.04,0.06,2,0.5499999999999999,1.0,0.641025641025641,0,dew_before_canopy_lt1_v1,False,126,1.0,720,False,248,0.55,0,69,0,317,69,69,dry=0.04|dry_vent=0.06|dew=0.10|canopy=0.10
0.12,75,0.5952380952380952,75,0.1,0.04,0.06,3,0.7499999999999999,0.78125,0.641025641025641,0,dew_before_canopy_lt1_v1,False,126,1.0,720,False,248,0.55,0,75,0,323,75,75,dry=0.04|dry_vent=0.06|dew=0.10|canopy=0.12
0.0,100,0.7936507936507936,100,0.12,0.04,0.06,4,1.0999999999999999,1.0,1.0,0,dew_before_canopy_lt1_v1,False,126,1.0,720,False,248,1.0,0,100,0,348,100,100,dry=0.04|dry_vent=0.06|dew=0.12|canopy=0.00
0.04,100,0.7936507936507936,100,0.12,0.04,0.06,4,1.0999999999999999,1.0,1.0,0,dew_before_canopy_lt1_v1,False,126,1.0,720,False,248,1.0,0,100,0,348,100,100,dry=0.04|dry_vent=0.06|dew=0.12|canopy=0.04
0.06,112,0.8888888888888888,112,0.12,0.04,0.06,3,0.7499999999999999,1.0,0.33333333333333337,0,dew_before_canopy_lt1_v1,True,126,1.0,720,False,248,1.0,0,112,0,360,112,112,dry=0.04|dry_vent=0.06|dew=0.12|canopy=0.06
0.08,112,0.8888888888888888,112,0.12,0.04,0.06,3,0.7499999999999999,1.0,0.33333333333333337,0,dew_before_canopy_lt1_v1,True,126,1.0,720,False,248,1.0,0,112,0,360,112,112,dry=0.04|dry_vent=0.06|dew=0.12|canopy=0.08
0.1,112,0.8888888888888888,112,0.12,0.04,0.06,3,0.7499999999999999,1.0,0.33333333333333337,0,dew_before_canopy_lt1_v1,True,126,1.0,720,False,248,1.0,0,112,0,360,112,112,dry=0.04|dry_vent=0.06|dew=0.12|canopy=0.10
0.12,118,0.9365079365079365,118,0.12,0.04,0.06,4,0.9499999999999998,0.0,0.0,0,dew_before_canopy_lt1_v1,True,126,1.0,720,False,248,1.0,0,118,0,366,118,118,dry=0.04|dry_vent=0.06|dew=0.12|canopy=0.12
0.0,6,0.047619047619047616,6,0.0,0.06,0.0,3,1.0499999999999998,0.0,0.0,0,dew_before_canopy_lt1_v1,False,126,0.75,720,False,248,0.75,0,6,0,254,6,6,dry=0.06|dry_vent=0.00|dew=0.00|canopy=0.00
0.04,6,0.047619047619047616,6,0.0,0.06,0.0,3,1.0499999999999998,0.0,0.0,0,dew_before_canopy_lt1_v1,False,126,0.75,720,False,248,0.75,0,6,0,254,6,6,dry=0.06|dry_vent=0.00|dew=0.00|canopy=0.04
0.06,18,0.14285714285714285,18,0.0,0.06,0.0,2,0.7,1.0,0.6666666666666666,0,dew_before_canopy_lt1_v1,False,126,0.75,720,False,248,0.75,0,18,0,266,18,18,dry=0.06|dry_vent=0.00|dew=0.00|canopy=0.06
0.08,18,0.14285714285714285,18,0.0,0.06,0.0,2,0.7,1.0,0.6666666666666666,0,dew_before_canopy_lt1_v1,False,126,0.75,720,False,248,0.75,0,18,0,266,18,18,dry=0.06|dry_vent=0.00|dew=0.00|canopy=0.08
0.1,18,0.14285714285714285,18,0.0,0.06,0.0,2,0.7,1.0,0.6666666666666666,0,dew_before_canopy_lt1_v1,False,126,0.75,720,False,248,0.75,0,18,0,266,18,18,dry=0.06|dry_vent=0.00|dew=0.00|canopy=0.10
0.12,24,0.19047619047619047,24,0.0,0.06,0.0,3,0.8999999999999999,1.0,1.0,0,dew_before_canopy_lt1_v1,False,126,1.0,720,False,248,0.75,0,24,0,272,24,24,dry=0.06|dry_vent=0.00|dew=0.00|canopy=0.12
0.0,6,0.047619047619047616,6,0.04,0.06,0.0,3,1.0499999999999998,0.0,0.0,0,dew_before_canopy_lt1_v1,False,126,0.75,720,False,248,0.75,0,6,0,254,6,6,dry=0.06|dry_vent=0.00|dew=0.04|canopy=0.00
0.04,6,0.047619047619047616,6,0.04,0.06,0.0,3,1.0499999999999998,0.0,0.0,0,dew_before_canopy_lt1_v1,False,126,0.75,720,False,248,0.75,0,6,0,254,6,6,dry=0.06|dry_vent=0.00|dew=0.04|canopy=0.04
0.06,18,0.14285714285714285,18,0.04,0.06,0.0,2,0.7,1.0,0.6666666666666666,0,dew_before_canopy_lt1_v1,False,126,0.75,720,False,248,0.75,0,18,0,266,18,18,dry=0.06|dry_vent=0.00|dew=0.04|canopy=0.06
0.08,18,0.14285714285714285,18,0.04,0.06,0.0,2,0.7,1.0,0.6666666666666666,0,dew_before_canopy_lt1_v1,False,126,0.75,720,False,248,0.75,0,18,0,266,18,18,dry=0.06|dry_vent=0.00|dew=0.04|canopy=0.08
0.1,18,0.14285714285714285,18,0.04,0.06,0.0,2,0.7,1.0,0.6666666666666666,0,dew_before_canopy_lt1_v1,False,126,0.75,720,False,248,0.75,0,18,0,266,18,18,dry=0.06|dry_vent=0.00|dew=0.04|canopy=0.10
0.12,24,0.19047619047619047,24,0.04,0.06,0.0,3,0.8999999999999999,1.0,1.0,0,dew_before_canopy_lt1_v1,False,126,1.0,720,False,248,0.75,0,24,0,272,24,24,dry=0.06|dry_vent=0.00|dew=0.04|canopy=0.12
0.0,13,0.10317460317460317,13,0.06,0.06,0.0,2,0.961392405063291,1.0,0.1794871794871795,0,dew_before_canopy_lt1_v1,False,126,0.75,720,False,248,0.75,0,13,0,261,13,13,dry=0.06|dry_vent=0.00|dew=0.06|canopy=0.00
0.04,13,0.10317460317460317,13,0.06,0.06,0.0,2,0.961392405063291,1.0,0.1794871794871795,0,dew_before_canopy_lt1_v1,False,126,0.75,720,False,248,0.75,0,13,0,261,13,13,dry=0.06|dry_vent=0.00|dew=0.06|canopy=0.04
0.06,25,0.1984126984126984,25,0.06,0.06,0.0,1,0.6113924050632911,1.0,0.6666666666666666,0,dew_before_canopy_lt1_v1,False,126,0.75,720,False,248,0.75,0,25,0,273,25,25,dry=0.06|dry_vent=0.00|dew=0.06|canopy=0.06
0.08,25,0.1984126984126984,25,0.06,0.06,0.0,1,0.6113924050632911,1.0,0.6666666666666666,0,dew_before_canopy_lt1_v1,False,126,0.75,720,False,248,0.75,0,25,0,273,25,25,dry=0.06|dry_vent=0.00|dew=0.06|canopy=0.08
0.1,25,0.1984126984126984,25,0.06,0.06,0.0,1,0.6113924050632911,1.0,0.6666666666666666,0,dew_before_canopy_lt1_v1,False,126,0.75,720,False,248,0.75,0,25,0,273,25,25,dry=0.06|dry_vent=0.00|dew=0.06|canopy=0.10
0.12,31,0.24603174603174602,31,0.06,0.06,0.0,2,0.811392405063291,1.0,1.0,0,dew_before_canopy_lt1_v1,False,126,1.0,720,False,248,0.75,0,31,0,279,31,31,dry=0.06|dry_vent=0.00|dew=0.06|canopy=0.12
0.0,31,0.24603174603174602,31,0.08,0.06,0.0,2,0.7335443037974683,1.0,0.2564102564102564,0,dew_before_canopy_lt1_v1,False,126,0.75,720,False,248,0.375,0,31,0,279,31,31,dry=0.06|dry_vent=0.00|dew=0.08|canopy=0.00
0.04,31,0.24603174603174602,31,0.08,0.06,0.0,2,0.7335443037974683,1.0,0.2564102564102564,0,dew_before_canopy_lt1_v1,False,126,0.75,720,False,248,0.375,0,31,0,279,31,31,dry=0.06|dry_vent=0.00|dew=0.08|canopy=0.04
0.06,43,0.3412698412698413,43,0.08,0.06,0.0,1,0.3835443037974683,1.0,0.6666666666666666,0,dew_before_canopy_lt1_v1,False,126,0.75,720,False,248,0.375,0,43,0,291,43,43,dry=0.06|dry_vent=0.00|dew=0.08|canopy=0.06
0.08,43,0.3412698412698413,43,0.08,0.06,0.0,1,0.3835443037974683,1.0,0.6666666666666666,0,dew_before_canopy_lt1_v1,False,126,0.75,720,False,248,0.375,0,43,0,291,43,43,dry=0.06|dry_vent=0.00|dew=0.08|canopy=0.08
0.1,43,0.3412698412698413,43,0.08,0.06,0.0,1,0.3835443037974683,1.0,0.6666666666666666,0,dew_before_canopy_lt1_v1,False,126,0.75,720,False,248,0.375,0,43,0,291,43,43,dry=0.06|dry_vent=0.00|dew=0.08|canopy=0.10
0.12,49,0.3888888888888889,49,0.08,0.06,0.0,2,0.5835443037974682,1.0,1.0,0,dew_before_canopy_lt1_v1,False,126,1.0,720,False,248,0.375,0,49,0,297,49,49,dry=0.06|dry_vent=0.00|dew=0.08|canopy=0.12
0.0,42,0.3333333333333333,42,0.1,0.06,0.0,2,0.7,1.0,0.358974358974359,0,dew_before_canopy_lt1_v1,False,126,0.75,720,False,248,0.19999999999999996,0,42,0,290,42,42,dry=0.06|dry_vent=0.00|dew=0.10|canopy=0.00
0.04,42,0.3333333333333333,42,0.1,0.06,0.0,2,0.7,1.0,0.358974358974359,0,dew_before_canopy_lt1_v1,False,126,0.75,720,False,248,0.19999999999999996,0,42,0,290,42,42,dry=0.06|dry_vent=0.00|dew=0.10|canopy=0.04
0.06,54,0.42857142857142855,54,0.1,0.06,0.0,1,0.35,1.0,0.6666666666666666,0,dew_before_canopy_lt1_v1,False,126,0.75,720,False,248,0.19999999999999996,0,54,0,302,54,54,dry=0.06|dry_vent=0.00|dew=0.10|canopy=0.06
0.08,54,0.42857142857142855,54,0.1,0.06,0.0,1,0.35,1.0,0.6666666666666666,0,dew_before_canopy_lt1_v1,False,126,0.75,720,False,248,0.19999999999999996,0,54,0,302,54,54,dry=0.06|dry_vent=0.00|dew=0.10|canopy=0.08
0.1,54,0.42857142857142855,54,0.1,0.06,0.0,1,0.35,1.0,0.6666666666666666,0,dew_before_canopy_lt1_v1,False,126,0.75,720,False,248,0.19999999999999996,0,54,0,302,54,54,dry=0.06|dry_vent=0.00|dew=0.10|canopy=0.10
0.12,60,0.47619047619047616,60,0.1,0.06,0.0,2,0.5499999999999999,1.0,1.0,0,dew_before_canopy_lt1_v1,False,126,1.0,720,False,248,0.19999999999999996,0,60,0,308,60,60,dry=0.06|dry_vent=0.00|dew=0.10|canopy=0.12
0.0,85,0.6746031746031746,85,0.12,0.06,0.0,3,0.8999999999999999,1.0,1.0,0,dew_before_canopy_lt1_v1,False,126,1.0,720,False,248,0.25,0,85,0,333,85,85,dry=0.06|dry_vent=0.00|dew=0.12|canopy=0.00
0.04,85,0.6746031746031746,85,0.12,0.06,0.0,3,0.8999999999999999,1.0,1.0,0,dew_before_canopy_lt1_v1,False,126,1.0,720,False,248,0.25,0,85,0,333,85,85,dry=0.06|dry_vent=0.00|dew=0.12|canopy=0.04
0.06,97,0.7698412698412699,97,0.12,0.06,0.0,2,0.5499999999999999,1.0,1.0,0,dew_before_canopy_lt1_v1,False,126,1.0,720,False,248,0.25,0,97,0,345,97,97,dry=0.06|dry_vent=0.00|dew=0.12|canopy=0.06
0.08,97,0.7698412698412699,97,0.12,0.06,0.0,2,0.5499999999999999,1.0,1.0,0,dew_before_canopy_lt1_v1,False,126,1.0,720,False,248,0.25,0,97,0,345,97,97,dry=0.06|dry_vent=0.00|dew=0.12|canopy=0.08
0.1,97,0.7698412698412699,97,0.12,0.06,0.0,2,0.5499999999999999,1.0,1.0,0,dew_before_canopy_lt1_v1,False,126,1.0,720,False,248,0.25,0,97,0,345,97,97,dry=0.06|dry_vent=0.00|dew=0.12|canopy=0.10
0.12,103,0.8174603174603174,103,0.12,0.06,0.0,3,0.7499999999999999,1.0,1.0,0,dew_before_canopy_lt1_v1,False,126,1.0,720,False,248,0.25,0,103,0,351,103,103,dry=0.06|dry_vent=0.00|dew=0.12|canopy=0.12
0.0,6,0.047619047619047616,6,0.0,0.06,0.02,3,1.0499999999999998,0.0,0.0,0,dew_before_canopy_lt1_v1,False,126,0.75,720,False,248,0.75,0,6,0,254,6,6,dry=0.06|dry_vent=0.02|dew=0.00|canopy=0.00
0.04,6,0.047619047619047616,6,0.0,0.06,0.02,3,1.0499999999999998,0.0,0.0,0,dew_before_canopy_lt1_v1,False,126,0.75,720,False,248,0.75,0,6,0,254,6,6,dry=0.06|dry_vent=0.02|dew=0.00|canopy=0.04
0.06,18,0.14285714285714285,18,0.0,0.06,0.02,2,0.7,1.0,0.6666666666666666,0,dew_before_canopy_lt1_v1,False,126,0.75,720,False,248,0.75,0,18,0,266,18,18,dry=0.06|dry_vent=0.02|dew=0.00|canopy=0.06
0.08,18,0.14285714285714285,18,0.0,0.06,0.02,2,0.7,1.0,0.6666666666666666,0,dew_before_canopy_lt1_v1,False,126,0.75,720,False,248,0.75,0,18,0,266,18,18,dry=0.06|dry_vent=0.02|dew=0.00|canopy=0.08
0.1,18,0.14285714285714285,18,0.0,0.06,0.02,2,0.7,1.0,0.6666666666666666,0,dew_before_canopy_lt1_v1,False,126,0.75,720,False,248,0.75,0,18,0,266,18,18,dry=0.06|dry_vent=0.02|dew=0.00|canopy=0.10
0.12,24,0.19047619047619047,24,0.0,0.06,0.02,3,0.8999999999999999,1.0,1.0,0,dew_before_canopy_lt1_v1,False,126,1.0,720,False,248,0.75,0,24,0,272,24,24,dry=0.06|dry_vent=0.02|dew=0.00|canopy=0.12
0.0,6,0.047619047619047616,6,0.04,0.06,0.02,3,1.0499999999999998,0.0,0.0,0,dew_before_canopy_lt1_v1,False,126,0.75,720,False,248,0.75,0,6,0,254,6,6,dry=0.06|dry_vent=0.02|dew=0.04|canopy=0.00
0.04,6,0.047619047619047616,6,0.04,0.06,0.02,3,1.0499999999999998,0.0,0.0,0,dew_before_canopy_lt1_v1,False,126,0.75,720,False,248,0.75,0,6,0,254,6,6,dry=0.06|dry_vent=0.02|dew=0.04|canopy=0.04
0.06,18,0.14285714285714285,18,0.04,0.06,0.02,2,0.7,1.0,0.6666666666666666,0,dew_before_canopy_lt1_v1,False,126,0.75,720,False,248,0.75,0,18,0,266,18,18,dry=0.06|dry_vent=0.02|dew=0.04|canopy=0.06
0.08,18,0.14285714285714285,18,0.04,0.06,0.02,2,0.7,1.0,0.6666666666666666,0,dew_before_canopy_lt1_v1,False,126,0.75,720,False,248,0.75,0,18,0,266,18,18,dry=0.06|dry_vent=0.02|dew=0.04|canopy=0.08
0.1,18,0.14285714285714285,18,0.04,0.06,0.02,2,0.7,1.0,0.6666666666666666,0,dew_before_canopy_lt1_v1,False,126,0.75,720,False,248,0.75,0,18,0,266,18,18,dry=0.06|dry_vent=0.02|dew=0.04|canopy=0.10
0.12,24,0.19047619047619047,24,0.04,0.06,0.02,3,0.8999999999999999,1.0,1.0,0,dew_before_canopy_lt1_v1,False,126,1.0,720,False,248,0.75,0,24,0,272,24,24,dry=0.06|dry_vent=0.02|dew=0.04|canopy=0.12
0.0,13,0.10317460317460317,13,0.06,0.06,0.02,2,0.961392405063291,1.0,0.1794871794871795,0,dew_before_canopy_lt1_v1,False,126,0.75,720,False,248,0.75,0,13,0,261,13,13,dry=0.06|dry_vent=0.02|dew=0.06|canopy=0.00
0.04,13,0.10317460317460317,13,0.06,0.06,0.02,2,0.961392405063291,1.0,0.1794871794871795,0,dew_before_canopy_lt1_v1,False,126,0.75,720,False,248,0.75,0,13,0,261,13,13,dry=0.06|dry_vent=0.02|dew=0.06|canopy=0.04
0.06,25,0.1984126984126984,25,0.06,0.06,0.02,1,0.6113924050632911,1.0,0.6666666666666666,0,dew_before_canopy_lt1_v1,False,126,0.75,720,False,248,0.75,0,25,0,273,25,25,dry=0.06|dry_vent=0.02|dew=0.06|canopy=0.06
0.08,25,0.1984126984126984,25,0.06,0.06,0.02,1,0.6113924050632911,1.0,0.6666666666666666,0,dew_before_canopy_lt1_v1,False,126,0.75,720,False,248,0.75,0,25,0,273,25,25,dry=0.06|dry_vent=0.02|dew=0.06|canopy=0.08
0.1,25,0.1984126984126984,25,0.06,0.06,0.02,1,0.6113924050632911,1.0,0.6666666666666666,0,dew_before_canopy_lt1_v1,False,126,0.75,720,False,248,0.75,0,25,0,273,25,25,dry=0.06|dry_vent=0.02|dew=0.06|canopy=0.10
0.12,31,0.24603174603174602,31,0.06,0.06,0.02,2,0.811392405063291,1.0,1.0,0,dew_before_canopy_lt1_v1,False,126,1.0,720,False,248,0.75,0,31,0,279,31,31,dry=0.06|dry_vent=0.02|dew=0.06|canopy=0.12
0.0,31,0.24603174603174602,31,0.08,0.06,0.02,2,0.7335443037974683,1.0,0.2564102564102564,0,dew_before_canopy_lt1_v1,False,126,0.75,720,False,248,0.375,0,31,0,279,31,31,dry=0.06|dry_vent=0.02|dew=0.08|canopy=0.00
0.04,31,0.24603174603174602,31,0.08,0.06,0.02,2,0.7335443037974683,1.0,0.2564102564102564,0,dew_before_canopy_lt1_v1,False,126,0.75,720,False,248,0.375,0,31,0,279,31,31,dry=0.06|dry_vent=0.02|dew=0.08|canopy=0.04
0.06,43,0.3412698412698413,43,0.08,0.06,0.02,1,0.3835443037974683,1.0,0.6666666666666666,0,dew_before_canopy_lt1_v1,False,126,0.75,720,False,248,0.375,0,43,0,291,43,43,dry=0.06|dry_vent=0.02|dew=0.08|canopy=0.06
0.08,43,0.3412698412698413,43,0.08,0.06,0.02,1,0.3835443037974683,1.0,0.6666666666666666,0,dew_before_canopy_lt1_v1,False,126,0.75,720,False,248,0.375,0,43,0,291,43,43,dry=0.06|dry_vent=0.02|dew=0.08|canopy=0.08
0.1,43,0.3412698412698413,43,0.08,0.06,0.02,1,0.3835443037974683,1.0,0.6666666666666666,0,dew_before_canopy_lt1_v1,False,126,0.75,720,False,248,0.375,0,43,0,291,43,43,dry=0.06|dry_vent=0.02|dew=0.08|canopy=0.10
0.12,49,0.3888888888888889,49,0.08,0.06,0.02,2,0.5835443037974682,1.0,1.0,0,dew_before_canopy_lt1_v1,False,126,1.0,720,False,248,0.375,0,49,0,297,49,49,dry=0.06|dry_vent=0.02|dew=0.08|canopy=0.12
0.0,42,0.3333333333333333,42,0.1,0.06,0.02,2,0.7,1.0,0.358974358974359,0,dew_before_canopy_lt1_v1,False,126,0.75,720,False,248,0.19999999999999996,0,42,0,290,42,42,dry=0.06|dry_vent=0.02|dew=0.10|canopy=0.00
0.04,42,0.3333333333333333,42,0.1,0.06,0.02,2,0.7,1.0,0.358974358974359,0,dew_before_canopy_lt1_v1,False,126,0.75,720,False,248,0.19999999999999996,0,42,0,290,42,42,dry=0.06|dry_vent=0.02|dew=0.10|canopy=0.04
0.06,54,0.42857142857142855,54,0.1,0.06,0.02,1,0.35,1.0,0.6666666666666666,0,dew_before_canopy_lt1_v1,False,126,0.75,720,False,248,0.19999999999999996,0,54,0,302,54,54,dry=0.06|dry_vent=0.02|dew=0.10|canopy=0.06
0.08,54,0.42857142857142855,54,0.1,0.06,0.02,1,0.35,1.0,0.6666666666666666,0,dew_before_canopy_lt1_v1,False,126,0.75,720,False,248,0.19999999999999996,0,54,0,302,54,54,dry=0.06|dry_vent=0.02|dew=0.10|canopy=0.08
0.1,54,0.42857142857142855,54,0.1,0.06,0.02,1,0.35,1.0,0.6666666666666666,0,dew_before_canopy_lt1_v1,False,126,0.75,720,False,248,0.19999999999999996,0,54,0,302,54,54,dry=0.06|dry_vent=0.02|dew=0.10|canopy=0.10
0.12,60,0.47619047619047616,60,0.1,0.06,0.02,2,0.5499999999999999,1.0,1.0,0,dew_before_canopy_lt1_v1,False,126,1.0,720,False,248,0.19999999999999996,0,60,0,308,60,60,dry=0.06|dry_vent=0.02|dew=0.10|canopy=0.12
0.0,85,0.6746031746031746,85,0.12,0.06,0.02,3,0.8999999999999999,1.0,1.0,0,dew_before_canopy_lt1_v1,False,126,1.0,720,False,248,0.25,0,85,0,333,85,85,dry=0.06|dry_vent=0.02|dew=0.12|canopy=0.00
0.04,85,0.6746031746031746,85,0.12,0.06,0.02,3,0.8999999999999999,1.0,1.0,0,dew_before_canopy_lt1_v1,False,126,1.0,720,False,248,0.25,0,85,0,333,85,85,dry=0.06|dry_vent=0.02|dew=0.12|canopy=0.04
0.06,97,0.7698412698412699,97,0.12,0.06,0.02,2,0.5499999999999999,1.0,1.0,0,dew_before_canopy_lt1_v1,False,126,1.0,720,False,248,0.25,0,97,0,345,97,97,dry=0.06|dry_vent=0.02|dew=0.12|canopy=0.06
0.08,97,0.7698412698412699,97,0.12,0.06,0.02,2,0.5499999999999999,1.0,1.0,0,dew_before_canopy_lt1_v1,False,126,1.0,720,False,248,0.25,0,97,0,345,97,97,dry=0.06|dry_vent=0.02|dew=0.12|canopy=0.08
0.1,97,0.7698412698412699,97,0.12,0.06,0.02,2,0.5499999999999999,1.0,1.0,0,dew_before_canopy_lt1_v1,False,126,1.0,720,False,248,0.25,0,97,0,345,97,97,dry=0.06|dry_vent=0.02|dew=0.12|canopy=0.10
0.12,103,0.8174603174603174,103,0.12,0.06,0.02,3,0.7499999999999999,1.0,1.0,0,dew_before_canopy_lt1_v1,False,126,1.0,720,False,248,0.25,0,103,0,351,103,103,dry=0.06|dry_vent=0.02|dew=0.12|canopy=0.12
0.0,6,0.047619047619047616,6,0.0,0.06,0.04,3,1.0499999999999998,0.0,0.0,0,dew_before_canopy_lt1_v1,False,126,0.75,720,False,248,0.75,0,6,0,254,6,6,dry=0.06|dry_vent=0.04|dew=0.00|canopy=0.00
0.04,6,0.047619047619047616,6,0.0,0.06,0.04,3,1.0499999999999998,0.0,0.0,0,dew_before_canopy_lt1_v1,False,126,0.75,720,False,248,0.75,0,6,0,254,6,6,dry=0.06|dry_vent=0.04|dew=0.00|canopy=0.04
0.06,18,0.14285714285714285,18,0.0,0.06,0.04,2,0.7,1.0,0.6666666666666666,0,dew_before_canopy_lt1_v1,False,126,0.75,720,False,248,0.75,0,18,0,266,18,18,dry=0.06|dry_vent=0.04|dew=0.00|canopy=0.06
0.08,18,0.14285714285714285,18,0.0,0.06,0.04,2,0.7,1.0,0.6666666666666666,0,dew_before_canopy_lt1_v1,False,126,0.75,720,False,248,0.75,0,18,0,266,18,18,dry=0.06|dry_vent=0.04|dew=0.00|canopy=0.08
0.1,18,0.14285714285714285,18,0.0,0.06,0.04,2,0.7,1.0,0.6666666666666666,0,dew_before_canopy_lt1_v1,False,126,0.75,720,False,248,0.75,0,18,0,266,18,18,dry=0.06|dry_vent=0.04|dew=0.00|canopy=0.10
0.12,24,0.19047619047619047,24,0.0,0.06,0.04,3,0.8999999999999999,1.0,1.0,0,dew_before_canopy_lt1_v1,False,126,1.0,720,False,248,0.75,0,24,0,272,24,24,dry=0.06|dry_vent=0.04|dew=0.00|canopy=0.12
0.0,6,0.047619047619047616,6,0.04,0.06,0.04,3,1.0499999999999998,0.0,0.0,0,dew_before_canopy_lt1_v1,False,126,0.75,720,False,248,0.75,0,6,0,254,6,6,dry=0.06|dry_vent=0.04|dew=0.04|canopy=0.00
0.04,6,0.047619047619047616,6,0.04,0.06,0.04,3,1.0499999999999998,0.0,0.0,0,dew_before_canopy_lt1_v1,False,126,0.75,720,False,248,0.75,0,6,0,254,6,6,dry=0.06|dry_vent=0.04|dew=0.04|canopy=0.04
0.06,18,0.14285714285714285,18,0.04,0.06,0.04,2,0.7,1.0,0.6666666666666666,0,dew_before_canopy_lt1_v1,False,126,0.75,720,False,248,0.75,0,18,0,266,18,18,dry=0.06|dry_vent=0.04|dew=0.04|canopy=0.06
0.08,18,0.14285714285714285,18,0.04,0.06,0.04,2,0.7,1.0,0.6666666666666666,0,dew_before_canopy_lt1_v1,False,126,0.75,720,False,248,0.75,0,18,0,266,18,18,dry=0.06|dry_vent=0.04|dew=0.04|canopy=0.08
0.1,18,0.14285714285714285,18,0.04,0.06,0.04,2,0.7,1.0,0.6666666666666666,0,dew_before_canopy_lt1_v1,False,126,0.75,720,False,248,0.75,0,18,0,266,18,18,dry=0.06|dry_vent=0.04|dew=0.04|canopy=0.10
0.12,24,0.19047619047619047,24,0.04,0.06,0.04,3,0.8999999999999999,1.0,1.0,0,dew_before_canopy_lt1_v1,False,126,1.0,720,False,248,0.75,0,24,0,272,24,24,dry=0.06|dry_vent=0.04|dew=0.04|canopy=0.12
0.0,13,0.10317460317460317,13,0.06,0.06,0.04,2,0.961392405063291,1.0,0.1794871794871795,0,dew_before_canopy_lt1_v1,False,126,0.75,720,False,248,0.75,0,13,0,261,13,13,dry=0.06|dry_vent=0.04|dew=0.06|canopy=0.00
0.04,13,0.10317460317460317,13,0.06,0.06,0.04,2,0.961392405063291,1.0,0.1794871794871795,0,dew_before_canopy_lt1_v1,False,126,0.75,720,False,248,0.75,0,13,0,261,13,13,dry=0.06|dry_vent=0.04|dew=0.06|canopy=0.04
0.06,25,0.1984126984126984,25,0.06,0.06,0.04,1,0.6113924050632911,1.0,0.6666666666666666,0,dew_before_canopy_lt1_v1,False,126,0.75,720,False,248,0.75,0,25,0,273,25,25,dry=0.06|dry_vent=0.04|dew=0.06|canopy=0.06
0.08,25,0.1984126984126984,25,0.06,0.06,0.04,1,0.6113924050632911,1.0,0.6666666666666666,0,dew_before_canopy_lt1_v1,False,126,0.75,720,False,248,0.75,0,25,0,273,25,25,dry=0.06|dry_vent=0.04|dew=0.06|canopy=0.08
0.1,25,0.1984126984126984,25,0.06,0.06,0.04,1,0.6113924050632911,1.0,0.6666666666666666,0,dew_before_canopy_lt1_v1,False,126,0.75,720,False,248,0.75,0,25,0,273,25,25,dry=0.06|dry_vent=0.04|dew=0.06|canopy=0.10
0.12,31,0.24603174603174602,31,0.06,0.06,0.04,2,0.811392405063291,1.0,1.0,0,dew_before_canopy_lt1_v1,False,126,1.0,720,False,248,0.75,0,31,0,279,31,31,dry=0.06|dry_vent=0.04|dew=0.06|canopy=0.12
0.0,31,0.24603174603174602,31,0.08,0.06,0.04,2,0.7335443037974683,1.0,0.2564102564102564,0,dew_before_canopy_lt1_v1,False,126,0.75,720,False,248,0.375,0,31,0,279,31,31,dry=0.06|dry_vent=0.04|dew=0.08|canopy=0.00
0.04,31,0.24603174603174602,31,0.08,0.06,0.04,2,0.7335443037974683,1.0,0.2564102564102564,0,dew_before_canopy_lt1_v1,False,126,0.75,720,False,248,0.375,0,31,0,279,31,31,dry=0.06|dry_vent=0.04|dew=0.08|canopy=0.04
0.06,43,0.3412698412698413,43,0.08,0.06,0.04,1,0.3835443037974683,1.0,0.6666666666666666,0,dew_before_canopy_lt1_v1,False,126,0.75,720,False,248,0.375,0,43,0,291,43,43,dry=0.06|dry_vent=0.04|dew=0.08|canopy=0.06
0.08,43,0.3412698412698413,43,0.08,0.06,0.04,1,0.3835443037974683,1.0,0.6666666666666666,0,dew_before_canopy_lt1_v1,False,126,0.75,720,False,248,0.375,0,43,0,291,43,43,dry=0.06|dry_vent=0.04|dew=0.08|canopy=0.08
0.1,43,0.3412698412698413,43,0.08,0.06,0.04,1,0.3835443037974683,1.0,0.6666666666666666,0,dew_before_canopy_lt1_v1,False,126,0.75,720,False,248,0.375,0,43,0,291,43,43,dry=0.06|dry_vent=0.04|dew=0.08|canopy=0.10
0.12,49,0.3888888888888889,49,0.08,0.06,0.04,2,0.5835443037974682,1.0,1.0,0,dew_before_canopy_lt1_v1,False,126,1.0,720,False,248,0.375,0,49,0,297,49,49,dry=0.06|dry_vent=0.04|dew=0.08|canopy=0.12
0.0,42,0.3333333333333333,42,0.1,0.06,0.04,2,0.7,1.0,0.358974358974359,0,dew_before_canopy_lt1_v1,False,126,0.75,720,False,248,0.19999999999999996,0,42,0,290,42,42,dry=0.06|dry_vent=0.04|dew=0.10|canopy=0.00
0.04,42,0.3333333333333333,42,0.1,0.06,0.04,2,0.7,1.0,0.358974358974359,0,dew_before_canopy_lt1_v1,False,126,0.75,720,False,248,0.19999999999999996,0,42,0,290,42,42,dry=0.06|dry_vent=0.04|dew=0.10|canopy=0.04
0.06,54,0.42857142857142855,54,0.1,0.06,0.04,1,0.35,1.0,0.6666666666666666,0,dew_before_canopy_lt1_v1,False,126,0.75,720,False,248,0.19999999999999996,0,54,0,302,54,54,dry=0.06|dry_vent=0.04|dew=0.10|canopy=0.06
0.08,54,0.42857142857142855,54,0.1,0.06,0.04,1,0.35,1.0,0.6666666666666666,0,dew_before_canopy_lt1_v1,False,126,0.75,720,False,248,0.19999999999999996,0,54,0,302,54,54,dry=0.06|dry_vent=0.04|dew=0.10|canopy=0.08
0.1,54,0.42857142857142855,54,0.1,0.06,0.04,1,0.35,1.0,0.6666666666666666,0,dew_before_canopy_lt1_v1,False,126,0.75,720,False,248,0.19999999999999996,0,54,0,302,54,54,dry=0.06|dry_vent=0.04|dew=0.10|canopy=0.10
0.12,60,0.47619047619047616,60,0.1,0.06,0.04,2,0.5499999999999999,1.0,1.0,0,dew_before_canopy_lt1_v1,False,126,1.0,720,False,248,0.19999999999999996,0,60,0,308,60,60,dry=0.06|dry_vent=0.04|dew=0.10|canopy=0.12
0.0,85,0.6746031746031746,85,0.12,0.06,0.04,3,0.8999999999999999,1.0,1.0,0,dew_before_canopy_lt1_v1,False,126,1.0,720,False,248,0.25,0,85,0,333,85,85,dry=0.06|dry_vent=0.04|dew=0.12|canopy=0.00
0.04,85,0.6746031746031746,85,0.12,0.06,0.04,3,0.8999999999999999,1.0,1.0,0,dew_before_canopy_lt1_v1,False,126,1.0,720,False,248,0.25,0,85,0,333,85,85,dry=0.06|dry_vent=0.04|dew=0.12|canopy=0.04
0.06,97,0.7698412698412699,97,0.12,0.06,0.04,2,0.5499999999999999,1.0,1.0,0,dew_before_canopy_lt1_v1,False,126,1.0,720,False,248,0.25,0,97,0,345,97,97,dry=0.06|dry_vent=0.04|dew=0.12|canopy=0.06
0.08,97,0.7698412698412699,97,0.12,0.06,0.04,2,0.5499999999999999,1.0,1.0,0,dew_before_canopy_lt1_v1,False,126,1.0,720,False,248,0.25,0,97,0,345,97,97,dry=0.06|dry_vent=0.04|dew=0.12|canopy=0.08
0.1,97,0.7698412698412699,97,0.12,0.06,0.04,2,0.5499999999999999,1.0,1.0,0,dew_before_canopy_lt1_v1,False,126,1.0,720,False,248,0.25,0,97,0,345,97,97,dry=0.06|dry_vent=0.04|dew=0.12|canopy=0.10
0.12,103,0.8174603174603174,103,0.12,0.06,0.04,3,0.7499999999999999,1.0,1.0,0,dew_before_canopy_lt1_v1,False,126,1.0,720,False,248,0.25,0,103,0,351,103,103,dry=0.06|dry_vent=0.04|dew=0.12|canopy=0.12
0.0,27,0.21428571428571427,27,0.0,0.06,0.06,3,0.8999999999999999,1.0,1.0,0,dew_before_canopy_lt1_v1,False,126,1.0,720,False,248,0.75,0,27,0,275,27,27,dry=0.06|dry_vent=0.06|dew=0.00|canopy=0.00
0.04,27,0.21428571428571427,27,0.0,0.06,0.06,3,0.8999999999999999,1.0,1.0,0,dew_before_canopy_lt1_v1,False,126,1.0,720,False,248,0.75,0,27,0,275,27,27,dry=0.06|dry_vent=0.06|dew=0.00|canopy=0.04
0.06,39,0.30952380952380953,39,0.0,0.06,0.06,2,0.5499999999999999,1.0,1.0,0,dew_before_canopy_lt1_v1,False,126,1.0,720,False,248,0.75,0,39,0,287,39,39,dry=0.06|dry_vent=0.06|dew=0.00|canopy=0.06
0.08,39,0.30952380952380953,39,0.0,0.06,0.06,2,0.5499999999999999,1.0,1.0,0,dew_before_canopy_lt1_v1,False,126,1.0,720,False,248,0.75,0,39,0,287,39,39,dry=0.06|dry_vent=0.06|dew=0.00|canopy=0.08
0.1,39,0.30952380952380953,39,0.0,0.06,0.06,2,0.5499999999999999,1.0,1.0,0,dew_before_canopy_lt1_v1,False,126,1.0,720,False,248,0.75,0,39,0,287,39,39,dry=0.06|dry_vent=0.06|dew=0.00|canopy=0.10
0.12,45,0.35714285714285715,45,0.0,0.06,0.06,3,0.7499999999999999,1.0,1.0,0,dew_before_canopy_lt1_v1,False,126,1.0,720,False,248,0.75,0,45,0,293,45,45,dry=0.06|dry_vent=0.06|dew=0.00|canopy=0.12
0.0,27,0.21428571428571427,27,0.04,0.06,0.06,3,0.8999999999999999,1.0,1.0,0,dew_before_canopy_lt1_v1,False,126,1.0,720,False,248,0.75,0,27,0,275,27,27,dry=0.06|dry_vent=0.06|dew=0.04|canopy=0.00
0.04,27,0.21428571428571427,27,0.04,0.06,0.06,3,0.8999999999999999,1.0,1.0,0,dew_before_canopy_lt1_v1,False,126,1.0,720,False,248,0.75,0,27,0,275,27,27,dry=0.06|dry_vent=0.06|dew=0.04|canopy=0.04
0.06,39,0.30952380952380953,39,0.04,0.06,0.06,2,0.5499999999999999,1.0,1.0,0,dew_before_canopy_lt1_v1,False,126,1.0,720,False,248,0.75,0,39,0,287,39,39,dry=0.06|dry_vent=0.06|dew=0.04|canopy=0.06
0.08,39,0.30952380952380953,39,0.04,0.06,0.06,2,0.5499999999999999,1.0,1.0,0,dew_before_canopy_lt1_v1,False,126,1.0,720,False,248,0.75,0,39,0,287,39,39,dry=0.06|dry_vent=0.06|dew=0.04|canopy=0.08
0.1,39,0.30952380952380953,39,0.04,0.06,0.06,2,0.5499999999999999,1.0,1.0,0,dew_before_canopy_lt1_v1,False,126,1.0,720,False,248,0.75,0,39,0,287,39,39,dry=0.06|dry_vent=0.06|dew=0.04|canopy=0.10
0.12,45,0.35714285714285715,45,0.04,0.06,0.06,3,0.7499999999999999,1.0,1.0,0,dew_before_canopy_lt1_v1,False,126,1.0,720,False,248,0.75,0,45,0,293,45,45,dry=0.06|dry_vent=0.06|dew=0.04|canopy=0.12
0.0,34,0.2698412698412698,34,0.06,0.06,0.06,2,0.811392405063291,1.0,1.0,0,dew_before_canopy_lt1_v1,False,126,1.0,720,False,248,0.75,0,34,0,282,34,34,dry=0.06|dry_vent=0.06|dew=0.06|canopy=0.00
0.04,34,0.2698412698412698,34,0.06,0.06,0.06,2,0.811392405063291,1.0,1.0,0,dew_before_canopy_lt1_v1,False,126,1.0,720,False,248,0.75,0,34,0,282,34,34,dry=0.06|dry_vent=0.06|dew=0.06|canopy=0.04
0.06,46,0.36507936507936506,46,0.06,0.06,0.06,1,0.46139240506329104,1.0,0.8205128205128205,0,dew_before_canopy_lt1_v1,False,126,0.9113924050632911,720,False,248,0.75,0,46,0,294,46,46,dry=0.06|dry_vent=0.06|dew=0.06|canopy=0.06
0.08,46,0.36507936507936506,46,0.06,0.06,0.06,1,0.46139240506329104,1.0,0.8205128205128205,0,dew_before_canopy_lt1_v1,False,126,0.9113924050632911,720,False,248,0.75,0,46,0,294,46,46,dry=0.06|dry_vent=0.06|dew=0.06|canopy=0.08
0.1,46,0.36507936507936506,46,0.06,0.06,0.06,1,0.46139240506329104,1.0,0.8205128205128205,0,dew_before_canopy_lt1_v1,False,126,0.9113924050632911,720,False,248,0.75,0,46,0,294,46,46,dry=0.06|dry_vent=0.06|dew=0.06|canopy=0.10
0.12,52,0.4126984126984127,52,0.06,0.06,0.06,2,0.661392405063291,1.0,0.8205128205128205,0,dew_before_canopy_lt1_v1,False,126,0.9113924050632911,720,False,248,0.75,0,52,0,300,52,52,dry=0.06|dry_vent=0.06|dew=0.06|canopy=0.12
0.0,52,0.4126984126984127,52,0.08,0.06,0.06,2,0.5835443037974682,1.0,1.0,0,dew_before_canopy_lt1_v1,False,126,1.0,720,False,248,0.375,0,52,0,300,52,52,dry=0.06|dry_vent=0.06|dew=0.08|canopy=0.00
0.04,52,0.4126984126984127,52,0.08,0.06,0.06,2,0.5835443037974682,1.0,1.0,0,dew_before_canopy_lt1_v1,False,126,1.0,720,False,248,0.375,0,52,0,300,52,52,dry=0.06|dry_vent=0.06|dew=0.08|canopy=0.04
0.06,64,0.5079365079365079,64,0.08,0.06,0.06,1,0.23354430379746827,1.0,0.7435897435897436,0,dew_before_canopy_lt1_v1,False,126,0.6835443037974683,720,False,248,0.375,0,64,0,312,64,64,dry=0.06|dry_vent=0.06|dew=0.08|canopy=0.06
0.08,64,0.5079365079365079,64,0.08,0.06,0.06,1,0.23354430379746827,1.0,0.7435897435897436,0,dew_before_canopy_lt1_v1,False,126,0.6835443037974683,720,False,248,0.375,0,64,0,312,64,64,dry=0.06|dry_vent=0.06|dew=0.08|canopy=0.08
0.1,64,0.5079365079365079,64,0.08,0.06,0.06,1,0.23354430379746827,1.0,0.7435897435897436,0,dew_before_canopy_lt1_v1,False,126,0.6835443037974683,720,False,248,0.375,0,64,0,312,64,64,dry=0.06|dry_vent=0.06|dew=0.08|canopy=0.10
0.12,70,0.5555555555555556,70,0.08,0.06,0.06,2,0.4335443037974682,0.90625,0.7435897435897436,0,dew_before_canopy_lt1_v1,False,126,0.6835443037974683,720,False,248,0.375,0,70,0,318,70,70,dry=0.06|dry_vent=0.06|dew=0.08|canopy=0.12
0.0,63,0.5,63,0.1,0.06,0.06,2,0.5499999999999999,1.0,1.0,0,dew_before_canopy_lt1_v1,False,126,1.0,720,False,248,0.19999999999999996,0,63,0,311,63,63,dry=0.06|dry_vent=0.06|dew=0.10|canopy=0.00
0.04,63,0.5,63,0.1,0.06,0.06,2,0.5499999999999999,1.0,1.0,0,dew_before_canopy_lt1_v1,False,126,1.0,720,False,248,0.19999999999999996,0,63,0,311,63,63,dry=0.06|dry_vent=0.06|dew=0.10|canopy=0.04
0.06,75,0.5952380952380952,75,0.1,0.06,0.06,1,0.19999999999999996,1.0,0.641025641025641,0,dew_before_canopy_lt1_v1,False,126,0.5443037974683544,720,False,248,0.19999999999999996,0,75,0,323,75,75,dry=0.06|dry_vent=0.06|dew=0.10|canopy=0.06
0.08,75,0.5952380952380952,75,0.1,0.06,0.06,1,0.19999999999999996,1.0,0.641025641025641,0,dew_before_canopy_lt1_v1,False,126,0.5443037974683544,720,False,248,0.19999999999999996,0,75,0,323,75,75,dry=0.06|dry_vent=0.06|dew=0.10|canopy=0.08
0.1,75,0.5952380952380952,75,0.1,0.06,0.06,1,0.19999999999999996,1.0,0.641025641025641,0,dew_before_canopy_lt1_v1,False,126,0.5443037974683544,720,False,248,0.19999999999999996,0,75,0,323,75,75,dry=0.06|dry_vent=0.06|dew=0.10|canopy=0.10
0.12,81,0.6428571428571429,81,0.1,0.06,0.06,2,0.3999999999999999,0.78125,0.641025641025641,0,dew_before_canopy_lt1_v1,False,126,0.5443037974683544,720,False,248,0.19999999999999996,0,81,0,329,81,81,dry=0.06|dry_vent=0.06|dew=0.10|canopy=0.12
0.0,106,0.8412698412698413,106,0.12,0.06,0.06,3,0.7499999999999999,1.0,1.0,0,dew_before_canopy_lt1_v1,False,126,1.0,720,False,248,0.25,0,106,0,354,106,106,dry=0.06|dry_vent=0.06|dew=0.12|canopy=0.00
0.04,106,0.8412698412698413,106,0.12,0.06,0.06,3,0.7499999999999999,1.0,1.0,0,dew_before_canopy_lt1_v1,False,126,1.0,720,False,248,0.25,0,106,0,354,106,106,dry=0.06|dry_vent=0.06|dew=0.12|canopy=0.04
0.06,118,0.9365079365079365,118,0.12,0.06,0.06,2,0.3999999999999999,1.0,0.33333333333333337,0,dew_before_canopy_lt1_v1,True,126,0.33333333333333337,720,False,248,0.25,0,118,0,366,118,118,dry=0.06|dry_vent=0.06|dew=0.12|canopy=0.06
0.08,118,0.9365079365079365,118,0.12,0.06,0.06,2,0.3999999999999999,1.0,0.33333333333333337,0,dew_before_canopy_lt1_v1,True,126,0.33333333333333337,720,False,248,0.25,0,118,0,366,118,118,dry=0.06|dry_vent=0.06|dew=0.12|canopy=0.08
0.1,118,0.9365079365079365,118,0.12,0.06,0.06,2,0.3999999999999999,1.0,0.33333333333333337,0,dew_before_canopy_lt1_v1,True,126,0.33333333333333337,720,False,248,0.25,0,118,0,366,118,118,dry=0.06|dry_vent=0.06|dew=0.12|canopy=0.10
0.12,124,0.9841269841269841,124,0.12,0.06,0.06,3,0.5999999999999999,0.0,0.0,0,dew_before_canopy_lt1_v1,True,126,0.25,720,False,248,0.25,0,124,0,372,124,124,dry=0.06|dry_vent=0.06|dew=0.12|canopy=0.12
0.0,0,0.0,0,0.0,0.0,0.0,5,1.75,0.0,0.0,0,dry_vent_strong_only_v1,False,126,0.0,720,False,248,0.0,0,0,0,248,0,0,dry=0.00|dry_vent=0.00|dew=0.00|canopy=0.00
0.04,0,0.0,0,0.0,0.0,0.0,5,1.75,0.0,0.0,0,dry_vent_strong_only_v1,False,126,0.0,720,False,248,0.0,0,0,0,248,0,0,dry=0.00|dry_vent=0.00|dew=0.00|canopy=0.04
0.06,15,0.11904761904761904,15,0.0,0.0,0.0,3,1.314285714285714,1.0,0.6666666666666666,0,dry_vent_strong_only_v1,False,126,0.6666666666666666,720,False,248,0.0,0,15,0,263,15,15,dry=0.00|dry_vent=0.00|dew=0.00|canopy=0.06
0.08,18,0.14285714285714285,18,0.0,0.0,0.0,3,1.2285714285714284,1.0,0.6666666666666666,0,dry_vent_strong_only_v1,False,126,0.6666666666666666,720,False,248,0.0,0,18,0,266,18,18,dry=0.00|dry_vent=0.00|dew=0.00|canopy=0.08
0.1,22,0.1746031746031746,22,0.0,0.0,0.0,3,1.1142857142857143,1.0,0.6666666666666666,0,dry_vent_strong_only_v1,False,126,0.6666666666666666,720,False,248,0.0,0,22,0,270,22,22,dry=0.00|dry_vent=0.00|dew=0.00|canopy=0.10
0.12,53,0.42063492063492064,53,0.0,0.0,0.0,5,1.4499999999999997,1.0,1.0,0,dry_vent_strong_only_v1,False,126,1.0,720,False,248,0.0,0,53,0,301,53,53,dry=0.00|dry_vent=0.00|dew=0.00|canopy=0.12
0.0,0,0.0,0,0.04,0.0,0.0,5,1.75,0.0,0.0,0,dry_vent_strong_only_v1,False,126,0.0,720,False,248,0.0,0,0,0,248,0,0,dry=0.00|dry_vent=0.00|dew=0.04|canopy=0.00
0.04,0,0.0,0,0.04,0.0,0.0,5,1.75,0.0,0.0,0,dry_vent_strong_only_v1,False,126,0.0,720,False,248,0.0,0,0,0,248,0,0,dry=0.00|dry_vent=0.00|dew=0.04|canopy=0.04
0.06,15,0.11904761904761904,15,0.04,0.0,0.0,3,1.314285714285714,1.0,0.6666666666666666,0,dry_vent_strong_only_v1,False,126,0.6666666666666666,720,False,248,0.0,0,15,0,263,15,15,dry=0.00|dry_vent=0.00|dew=0.04|canopy=0.06
0.08,18,0.14285714285714285,18,0.04,0.0,0.0,3,1.2285714285714284,1.0,0.6666666666666666,0,dry_vent_strong_only_v1,False,126,0.6666666666666666,720,False,248,0.0,0,18,0,266,18,18,dry=0.00|dry_vent=0.00|dew=0.04|canopy=0.08
0.1,22,0.1746031746031746,22,0.04,0.0,0.0,3,1.1142857142857143,1.0,0.6666666666666666,0,dry_vent_strong_only_v1,False,126,0.6666666666666666,720,False,248,0.0,0,22,0,270,22,22,dry=0.00|dry_vent=0.00|dew=0.04|canopy=0.10
0.12,53,0.42063492063492064,53,0.04,0.0,0.0,5,1.4499999999999997,1.0,1.0,0,dry_vent_strong_only_v1,False,126,1.0,720,False,248,0.0,0,53,0,301,53,53,dry=0.00|dry_vent=0.00|dew=0.04|canopy=0.12
0.0,0,0.0,0,0.06,0.0,0.0,5,1.75,0.0,0.0,0,dry_vent_strong_only_v1,False,126,0.0,720,False,248,0.0,0,0,0,248,0,0,dry=0.00|dry_vent=0.00|dew=0.06|canopy=0.00
0.04,0,0.0,0,0.06,0.0,0.0,5,1.75,0.0,0.0,0,dry_vent_strong_only_v1,False,126,0.0,720,False,248,0.0,0,0,0,248,0,0,dry=0.00|dry_vent=0.00|dew=0.06|canopy=0.04
0.06,15,0.11904761904761904,15,0.06,0.0,0.0,3,1.314285714285714,1.0,0.6666666666666666,0,dry_vent_strong_only_v1,False,126,0.6666666666666666,720,False,248,0.0,0,15,0,263,15,15,dry=0.00|dry_vent=0.00|dew=0.06|canopy=0.06
0.08,18,0.14285714285714285,18,0.06,0.0,0.0,3,1.2285714285714284,1.0,0.6666666666666666,0,dry_vent_strong_only_v1,False,126,0.6666666666666666,720,False,248,0.0,0,18,0,266,18,18,dry=0.00|dry_vent=0.00|dew=0.06|canopy=0.08
0.1,22,0.1746031746031746,22,0.06,0.0,0.0,3,1.1142857142857143,1.0,0.6666666666666666,0,dry_vent_strong_only_v1,False,126,0.6666666666666666,720,False,248,0.0,0,22,0,270,22,22,dry=0.00|dry_vent=0.00|dew=0.06|canopy=0.10
0.12,53,0.42063492063492064,53,0.06,0.0,0.0,5,1.4499999999999997,1.0,1.0,0,dry_vent_strong_only_v1,False,126,1.0,720,False,248,0.0,0,53,0,301,53,53,dry=0.00|dry_vent=0.00|dew=0.06|canopy=0.12
0.0,15,0.11904761904761904,15,0.08,0.0,0.0,4,1.4,0.0,0.0,0,dry_vent_strong_only_v1,False,126,0.375,720,False,248,0.375,0,15,0,263,15,15,dry=0.00|dry_vent=0.00|dew=0.08|canopy=0.00
0.04,15,0.11904761904761904,15,0.08,0.0,0.0,4,1.4,0.0,0.0,0,dry_vent_strong_only_v1,False,126,0.375,720,False,248,0.375,0,15,0,263,15,15,dry=0.00|dry_vent=0.00|dew=0.08|canopy=0.04
0.06,30,0.23809523809523808,30,0.08,0.0,0.0,2,0.9642857142857142,1.0,0.6666666666666666,0,dry_vent_strong_only_v1,False,126,0.6666666666666666,720,False,248,0.375,0,30,0,278,30,30,dry=0.00|dry_vent=0.00|dew=0.08|canopy=0.06
0.08,33,0.2619047619047619,33,0.08,0.0,0.0,2,0.8785714285714286,1.0,0.6666666666666666,0,dry_vent_strong_only_v1,False,126,0.6666666666666666,720,False,248,0.375,0,33,0,281,33,33,dry=0.00|dry_vent=0.00|dew=0.08|canopy=0.08
0.1,37,0.29365079365079366,37,0.08,0.0,0.0,2,0.7642857142857142,1.0,0.6666666666666666,0,dry_vent_strong_only_v1,False,126,0.6666666666666666,720,False,248,0.375,0,37,0,285,37,37,dry=0.00|dry_vent=0.00|dew=0.08|canopy=0.10
0.12,68,0.5396825396825397,68,0.08,0.0,0.0,4,1.0999999999999999,1.0,1.0,0,dry_vent_strong_only_v1,False,126,1.0,720,False,248,0.375,0,68,0,316,68,68,dry=0.00|dry_vent=0.00|dew=0.08|canopy=0.12
0.0,22,0.1746031746031746,22,0.1,0.0,0.0,4,1.4,0.0,0.0,0,dry_vent_strong_only_v1,False,126,0.55,720,False,248,0.55,0,22,0,270,22,22,dry=0.00|dry_vent=0.00|dew=0.10|canopy=0.00
0.04,22,0.1746031746031746,22,0.1,0.0,0.0,4,1.4,0.0,0.0,0,dry_vent_strong_only_v1,False,126,0.55,720,False,248,0.55,0,22,0,270,22,22,dry=0.00|dry_vent=0.00|dew=0.10|canopy=0.04
0.06,37,0.29365079365079366,37,0.1,0.0,0.0,2,0.9642857142857142,1.0,0.6666666666666666,0,dry_vent_strong_only_v1,False,126,0.6666666666666666,720,False,248,0.55,0,37,0,285,37,37,dry=0.00|dry_vent=0.00|dew=0.10|canopy=0.06
0.08,40,0.31746031746031744,40,0.1,0.0,0.0,2,0.8785714285714286,1.0,0.6666666666666666,0,dry_vent_strong_only_v1,False,126,0.6666666666666666,720,False,248,0.55,0,40,0,288,40,40,dry=0.00|dry_vent=0.00|dew=0.10|canopy=0.08
0.1,44,0.3492063492063492,44,0.1,0.0,0.0,2,0.7642857142857142,1.0,0.6666666666666666,0,dry_vent_strong_only_v1,False,126,0.6666666666666666,720,False,248,0.55,0,44,0,292,44,44,dry=0.00|dry_vent=0.00|dew=0.10|canopy=0.10
0.12,75,0.5952380952380952,75,0.1,0.0,0.0,4,1.0999999999999999,1.0,1.0,0,dry_vent_strong_only_v1,False,126,1.0,720,False,248,0.55,0,75,0,323,75,75,dry=0.00|dry_vent=0.00|dew=0.10|canopy=0.12
0.0,40,0.31746031746031744,40,0.12,0.0,0.0,5,1.5999999999999999,0.0,0.0,0,dry_vent_strong_only_v1,False,126,1.0,720,False,248,1.0,0,40,0,288,40,40,dry=0.00|dry_vent=0.00|dew=0.12|canopy=0.00
0.04,40,0.31746031746031744,40,0.12,0.0,0.0,5,1.5999999999999999,0.0,0.0,0,dry_vent_strong_only_v1,False,126,1.0,720,False,248,1.0,0,40,0,288,40,40,dry=0.00|dry_vent=0.00|dew=0.12|canopy=0.04
0.06,55,0.4365079365079365,55,0.12,0.0,0.0,3,1.1642857142857141,1.0,0.6666666666666666,0,dry_vent_strong_only_v1,False,126,1.0,720,False,248,1.0,0,55,0,303,55,55,dry=0.00|dry_vent=0.00|dew=0.12|canopy=0.06
0.08,58,0.4603174603174603,58,0.12,0.0,0.0,3,1.0785714285714285,1.0,0.6666666666666666,0,dry_vent_strong_only_v1,False,126,1.0,720,False,248,1.0,0,58,0,306,58,58,dry=0.00|dry_vent=0.00|dew=0.12|canopy=0.08
0.1,62,0.49206349206349204,62,0.12,0.0,0.0,3,0.9642857142857142,1.0,0.6666666666666666,0,dry_vent_strong_only_v1,False,126,1.0,720,False,248,1.0,0,62,0,310,62,62,dry=0.00|dry_vent=0.00|dew=0.12|canopy=0.10
0.12,93,0.7380952380952381,93,0.12,0.0,0.0,5,1.2999999999999998,1.0,1.0,0,dry_vent_strong_only_v1,False,126,1.0,720,False,248,1.0,0,93,0,341,93,93,dry=0.00|dry_vent=0.00|dew=0.12|canopy=0.12
0.0,0,0.0,0,0.0,0.0,0.02,5,1.75,0.0,0.0,0,dry_vent_strong_only_v1,False,126,0.0,720,False,248,0.0,0,0,0,248,0,0,dry=0.00|dry_vent=0.02|dew=0.00|canopy=0.00
0.04,0,0.0,0,0.0,0.0,0.02,5,1.75,0.0,0.0,0,dry_vent_strong_only_v1,False,126,0.0,720,False,248,0.0,0,0,0,248,0,0,dry=0.00|dry_vent=0.02|dew=0.00|canopy=0.04
0.06,15,0.11904761904761904,15,0.0,0.0,0.02,3,1.314285714285714,1.0,0.6666666666666666,0,dry_vent_strong_only_v1,False,126,0.6666666666666666,720,False,248,0.0,0,15,0,263,15,15,dry=0.00|dry_vent=0.02|dew=0.00|canopy=0.06
0.08,18,0.14285714285714285,18,0.0,0.0,0.02,3,1.2285714285714284,1.0,0.6666666666666666,0,dry_vent_strong_only_v1,False,126,0.6666666666666666,720,False,248,0.0,0,18,0,266,18,18,dry=0.00|dry_vent=0.02|dew=0.00|canopy=0.08
0.1,22,0.1746031746031746,22,0.0,0.0,0.02,3,1.1142857142857143,1.0,0.6666666666666666,0,dry_vent_strong_only_v1,False,126,0.6666666666666666,720,False,248,0.0,0,22,0,270,22,22,dry=0.00|dry_vent=0.02|dew=0.00|canopy=0.10
0.12,53,0.42063492063492064,53,0.0,0.0,0.02,5,1.4499999999999997,1.0,1.0,0,dry_vent_strong_only_v1,False,126,1.0,720,False,248,0.0,0,53,0,301,53,53,dry=0.00|dry_vent=0.02|dew=0.00|canopy=0.12
0.0,0,0.0,0,0.04,0.0,0.02,5,1.75,0.0,0.0,0,dry_vent_strong_only_v1,False,126,0.0,720,False,248,0.0,0,0,0,248,0,0,dry=0.00|dry_vent=0.02|dew=0.04|canopy=0.00
0.04,0,0.0,0,0.04,0.0,0.02,5,1.75,0.0,0.0,0,dry_vent_strong_only_v1,False,126,0.0,720,False,248,0.0,0,0,0,248,0,0,dry=0.00|dry_vent=0.02|dew=0.04|canopy=0.04
0.06,15,0.11904761904761904,15,0.04,0.0,0.02,3,1.314285714285714,1.0,0.6666666666666666,0,dry_vent_strong_only_v1,False,126,0.6666666666666666,720,False,248,0.0,0,15,0,263,15,15,dry=0.00|dry_vent=0.02|dew=0.04|canopy=0.06
0.08,18,0.14285714285714285,18,0.04,0.0,0.02,3,1.2285714285714284,1.0,0.6666666666666666,0,dry_vent_strong_only_v1,False,126,0.6666666666666666,720,False,248,0.0,0,18,0,266,18,18,dry=0.00|dry_vent=0.02|dew=0.04|canopy=0.08
0.1,22,0.1746031746031746,22,0.04,0.0,0.02,3,1.1142857142857143,1.0,0.6666666666666666,0,dry_vent_strong_only_v1,False,126,0.6666666666666666,720,False,248,0.0,0,22,0,270,22,22,dry=0.00|dry_vent=0.02|dew=0.04|canopy=0.10
0.12,53,0.42063492063492064,53,0.04,0.0,0.02,5,1.4499999999999997,1.0,1.0,0,dry_vent_strong_only_v1,False,126,1.0,720,False,248,0.0,0,53,0,301,53,53,dry=0.00|dry_vent=0.02|dew=0.04|canopy=0.12
0.0,0,0.0,0,0.06,0.0,0.02,5,1.75,0.0,0.0,0,dry_vent_strong_only_v1,False,126,0.0,720,False,248,0.0,0,0,0,248,0,0,dry=0.00|dry_vent=0.02|dew=0.06|canopy=0.00
0.04,0,0.0,0,0.06,0.0,0.02,5,1.75,0.0,0.0,0,dry_vent_strong_only_v1,False,126,0.0,720,False,248,0.0,0,0,0,248,0,0,dry=0.00|dry_vent=0.02|dew=0.06|canopy=0.04
0.06,15,0.11904761904761904,15,0.06,0.0,0.02,3,1.314285714285714,1.0,0.6666666666666666,0,dry_vent_strong_only_v1,False,126,0.6666666666666666,720,False,248,0.0,0,15,0,263,15,15,dry=0.00|dry_vent=0.02|dew=0.06|canopy=0.06
0.08,18,0.14285714285714285,18,0.06,0.0,0.02,3,1.2285714285714284,1.0,0.6666666666666666,0,dry_vent_strong_only_v1,False,126,0.6666666666666666,720,False,248,0.0,0,18,0,266,18,18,dry=0.00|dry_vent=0.02|dew=0.06|canopy=0.08
0.1,22,0.1746031746031746,22,0.06,0.0,0.02,3,1.1142857142857143,1.0,0.6666666666666666,0,dry_vent_strong_only_v1,False,126,0.6666666666666666,720,False,248,0.0,0,22,0,270,22,22,dry=0.00|dry_vent=0.02|dew=0.06|canopy=0.10
0.12,53,0.42063492063492064,53,0.06,0.0,0.02,5,1.4499999999999997,1.0,1.0,0,dry_vent_strong_only_v1,False,126,1.0,720,False,248,0.0,0,53,0,301,53,53,dry=0.00|dry_vent=0.02|dew=0.06|canopy=0.12
0.0,15,0.11904761904761904,15,0.08,0.0,0.02,4,1.4,0.0,0.0,0,dry_vent_strong_only_v1,False,126,0.375,720,False,248,0.375,0,15,0,263,15,15,dry=0.00|dry_vent=0.02|dew=0.08|canopy=0.00
0.04,15,0.11904761904761904,15,0.08,0.0,0.02,4,1.4,0.0,0.0,0,dry_vent_strong_only_v1,False,126,0.375,720,False,248,0.375,0,15,0,263,15,15,dry=0.00|dry_vent=0.02|dew=0.08|canopy=0.04
0.06,30,0.23809523809523808,30,0.08,0.0,0.02,2,0.9642857142857142,1.0,0.6666666666666666,0,dry_vent_strong_only_v1,False,126,0.6666666666666666,720,False,248,0.375,0,30,0,278,30,30,dry=0.00|dry_vent=0.02|dew=0.08|canopy=0.06
0.08,33,0.2619047619047619,33,0.08,0.0,0.02,2,0.8785714285714286,1.0,0.6666666666666666,0,dry_vent_strong_only_v1,False,126,0.6666666666666666,720,False,248,0.375,0,33,0,281,33,33,dry=0.00|dry_vent=0.02|dew=0.08|canopy=0.08
0.1,37,0.29365079365079366,37,0.08,0.0,0.02,2,0.7642857142857142,1.0,0.6666666666666666,0,dry_vent_strong_only_v1,False,126,0.6666666666666666,720,False,248,0.375,0,37,0,285,37,37,dry=0.00|dry_vent=0.02|dew=0.08|canopy=0.10
0.12,68,0.5396825396825397,68,0.08,0.0,0.02,4,1.0999999999999999,1.0,1.0,0,dry_vent_strong_only_v1,False,126,1.0,720,False,248,0.375,0,68,0,316,68,68,dry=0.00|dry_vent=0.02|dew=0.08|canopy=0.12
0.0,22,0.1746031746031746,22,0.1,0.0,0.02,4,1.4,0.0,0.0,0,dry_vent_strong_only_v1,False,126,0.55,720,False,248,0.55,0,22,0,270,22,22,dry=0.00|dry_vent=0.02|dew=0.10|canopy=0.00
0.04,22,0.1746031746031746,22,0.1,0.0,0.02,4,1.4,0.0,0.0,0,dry_vent_strong_only_v1,False,126,0.55,720,False,248,0.55,0,22,0,270,22,22,dry=0.00|dry_vent=0.02|dew=0.10|canopy=0.04
0.06,37,0.29365079365079366,37,0.1,0.0,0.02,2,0.9642857142857142,1.0,0.6666666666666666,0,dry_vent_strong_only_v1,False,126,0.6666666666666666,720,False,248,0.55,0,37,0,285,37,37,dry=0.00|dry_vent=0.02|dew=0.10|canopy=0.06
0.08,40,0.31746031746031744,40,0.1,0.0,0.02,2,0.8785714285714286,1.0,0.6666666666666666,0,dry_vent_strong_only_v1,False,126,0.6666666666666666,720,False,248,0.55,0,40,0,288,40,40,dry=0.00|dry_vent=0.02|dew=0.10|canopy=0.08
0.1,44,0.3492063492063492,44,0.1,0.0,0.02,2,0.7642857142857142,1.0,0.6666666666666666,0,dry_vent_strong_only_v1,False,126,0.6666666666666666,720,False,248,0.55,0,44,0,292,44,44,dry=0.00|dry_vent=0.02|dew=0.10|canopy=0.10
0.12,75,0.5952380952380952,75,0.1,0.0,0.02,4,1.0999999999999999,1.0,1.0,0,dry_vent_strong_only_v1,False,126,1.0,720,False,248,0.55,0,75,0,323,75,75,dry=0.00|dry_vent=0.02|dew=0.10|canopy=0.12
0.0,40,0.31746031746031744,40,0.12,0.0,0.02,5,1.5999999999999999,0.0,0.0,0,dry_vent_strong_only_v1,False,126,1.0,720,False,248,1.0,0,40,0,288,40,40,dry=0.00|dry_vent=0.02|dew=0.12|canopy=0.00
0.04,40,0.31746031746031744,40,0.12,0.0,0.02,5,1.5999999999999999,0.0,0.0,0,dry_vent_strong_only_v1,False,126,1.0,720,False,248,1.0,0,40,0,288,40,40,dry=0.00|dry_vent=0.02|dew=0.12|canopy=0.04
0.06,55,0.4365079365079365,55,0.12,0.0,0.02,3,1.1642857142857141,1.0,0.6666666666666666,0,dry_vent_strong_only_v1,False,126,1.0,720,False,248,1.0,0,55,0,303,55,55,dry=0.00|dry_vent=0.02|dew=0.12|canopy=0.06
0.08,58,0.4603174603174603,58,0.12,0.0,0.02,3,1.0785714285714285,1.0,0.6666666666666666,0,dry_vent_strong_only_v1,False,126,1.0,720,False,248,1.0,0,58,0,306,58,58,dry=0.00|dry_vent=0.02|dew=0.12|canopy=0.08
0.1,62,0.49206349206349204,62,0.12,0.0,0.02,3,0.9642857142857142,1.0,0.6666666666666666,0,dry_vent_strong_only_v1,False,126,1.0,720,False,248,1.0,0,62,0,310,62,62,dry=0.00|dry_vent=0.02|dew=0.12|canopy=0.10
0.12,93,0.7380952380952381,93,0.12,0.0,0.02,5,1.2999999999999998,1.0,1.0,0,dry_vent_strong_only_v1,False,126,1.0,720,False,248,1.0,0,93,0,341,93,93,dry=0.00|dry_vent=0.02|dew=0.12|canopy=0.12
0.0,0,0.0,0,0.0,0.0,0.04,5,1.75,0.0,0.0,0,dry_vent_strong_only_v1,False,126,0.0,720,False,248,0.0,0,0,0,248,0,0,dry=0.00|dry_vent=0.04|dew=0.00|canopy=0.00
0.04,0,0.0,0,0.0,0.0,0.04,5,1.75,0.0,0.0,0,dry_vent_strong_only_v1,False,126,0.0,720,False,248,0.0,0,0,0,248,0,0,dry=0.00|dry_vent=0.04|dew=0.00|canopy=0.04
0.06,15,0.11904761904761904,15,0.0,0.0,0.04,3,1.314285714285714,1.0,0.6666666666666666,0,dry_vent_strong_only_v1,False,126,0.6666666666666666,720,False,248,0.0,0,15,0,263,15,15,dry=0.00|dry_vent=0.04|dew=0.00|canopy=0.06
0.08,18,0.14285714285714285,18,0.0,0.0,0.04,3,1.2285714285714284,1.0,0.6666666666666666,0,dry_vent_strong_only_v1,False,126,0.6666666666666666,720,False,248,0.0,0,18,0,266,18,18,dry=0.00|dry_vent=0.04|dew=0.00|canopy=0.08
0.1,22,0.1746031746031746,22,0.0,0.0,0.04,3,1.1142857142857143,1.0,0.6666666666666666,0,dry_vent_strong_only_v1,False,126,0.6666666666666666,720,False,248,0.0,0,22,0,270,22,22,dry=0.00|dry_vent=0.04|dew=0.00|canopy=0.10
0.12,53,0.42063492063492064,53,0.0,0.0,0.04,5,1.4499999999999997,1.0,1.0,0,dry_vent_strong_only_v1,False,126,1.0,720,False,248,0.0,0,53,0,301,53,53,dry=0.00|dry_vent=0.04|dew=0.00|canopy=0.12
0.0,0,0.0,0,0.04,0.0,0.04,5,1.75,0.0,0.0,0,dry_vent_strong_only_v1,False,126,0.0,720,False,248,0.0,0,0,0,248,0,0,dry=0.00|dry_vent=0.04|dew=0.04|canopy=0.00
0.04,0,0.0,0,0.04,0.0,0.04,5,1.75,0.0,0.0,0,dry_vent_strong_only_v1,False,126,0.0,720,False,248,0.0,0,0,0,248,0,0,dry=0.00|dry_vent=0.04|dew=0.04|canopy=0.04
0.06,15,0.11904761904761904,15,0.04,0.0,0.04,3,1.314285714285714,1.0,0.6666666666666666,0,dry_vent_strong_only_v1,False,126,0.6666666666666666,720,False,248,0.0,0,15,0,263,15,15,dry=0.00|dry_vent=0.04|dew=0.04|canopy=0.06
0.08,18,0.14285714285714285,18,0.04,0.0,0.04,3,1.2285714285714284,1.0,0.6666666666666666,0,dry_vent_strong_only_v1,False,126,0.6666666666666666,720,False,248,0.0,0,18,0,266,18,18,dry=0.00|dry_vent=0.04|dew=0.04|canopy=0.08
0.1,22,0.1746031746031746,22,0.04,0.0,0.04,3,1.1142857142857143,1.0,0.6666666666666666,0,dry_vent_strong_only_v1,False,126,0.6666666666666666,720,False,248,0.0,0,22,0,270,22,22,dry=0.00|dry_vent=0.04|dew=0.04|canopy=0.10
0.12,53,0.42063492063492064,53,0.04,0.0,0.04,5,1.4499999999999997,1.0,1.0,0,dry_vent_strong_only_v1,False,126,1.0,720,False,248,0.0,0,53,0,301,53,53,dry=0.00|dry_vent=0.04|dew=0.04|canopy=0.12
0.0,0,0.0,0,0.06,0.0,0.04,5,1.75,0.0,0.0,0,dry_vent_strong_only_v1,False,126,0.0,720,False,248,0.0,0,0,0,248,0,0,dry=0.00|dry_vent=0.04|dew=0.06|canopy=0.00
0.04,0,0.0,0,0.06,0.0,0.04,5,1.75,0.0,0.0,0,dry_vent_strong_only_v1,False,126,0.0,720,False,248,0.0,0,0,0,248,0,0,dry=0.00|dry_vent=0.04|dew=0.06|canopy=0.04
0.06,15,0.11904761904761904,15,0.06,0.0,0.04,3,1.314285714285714,1.0,0.6666666666666666,0,dry_vent_strong_only_v1,False,126,0.6666666666666666,720,False,248,0.0,0,15,0,263,15,15,dry=0.00|dry_vent=0.04|dew=0.06|canopy=0.06
0.08,18,0.14285714285714285,18,0.06,0.0,0.04,3,1.2285714285714284,1.0,0.6666666666666666,0,dry_vent_strong_only_v1,False,126,0.6666666666666666,720,False,248,0.0,0,18,0,266,18,18,dry=0.00|dry_vent=0.04|dew=0.06|canopy=0.08
0.1,22,0.1746031746031746,22,0.06,0.0,0.04,3,1.1142857142857143,1.0,0.6666666666666666,0,dry_vent_strong_only_v1,False,126,0.6666666666666666,720,False,248,0.0,0,22,0,270,22,22,dry=0.00|dry_vent=0.04|dew=0.06|canopy=0.10
0.12,53,0.42063492063492064,53,0.06,0.0,0.04,5,1.4499999999999997,1.0,1.0,0,dry_vent_strong_only_v1,False,126,1.0,720,False,248,0.0,0,53,0,301,53,53,dry=0.00|dry_vent=0.04|dew=0.06|canopy=0.12
0.0,15,0.11904761904761904,15,0.08,0.0,0.04,4,1.4,0.0,0.0,0,dry_vent_strong_only_v1,False,126,0.375,720,False,248,0.375,0,15,0,263,15,15,dry=0.00|dry_vent=0.04|dew=0.08|canopy=0.00
0.04,15,0.11904761904761904,15,0.08,0.0,0.04,4,1.4,0.0,0.0,0,dry_vent_strong_only_v1,False,126,0.375,720,False,248,0.375,0,15,0,263,15,15,dry=0.00|dry_vent=0.04|dew=0.08|canopy=0.04
0.06,30,0.23809523809523808,30,0.08,0.0,0.04,2,0.9642857142857142,1.0,0.6666666666666666,0,dry_vent_strong_only_v1,False,126,0.6666666666666666,720,False,248,0.375,0,30,0,278,30,30,dry=0.00|dry_vent=0.04|dew=0.08|canopy=0.06
0.08,33,0.2619047619047619,33,0.08,0.0,0.04,2,0.8785714285714286,1.0,0.6666666666666666,0,dry_vent_strong_only_v1,False,126,0.6666666666666666,720,False,248,0.375,0,33,0,281,33,33,dry=0.00|dry_vent=0.04|dew=0.08|canopy=0.08
0.1,37,0.29365079365079366,37,0.08,0.0,0.04,2,0.7642857142857142,1.0,0.6666666666666666,0,dry_vent_strong_only_v1,False,126,0.6666666666666666,720,False,248,0.375,0,37,0,285,37,37,dry=0.00|dry_vent=0.04|dew=0.08|canopy=0.10
0.12,68,0.5396825396825397,68,0.08,0.0,0.04,4,1.0999999999999999,1.0,1.0,0,dry_vent_strong_only_v1,False,126,1.0,720,False,248,0.375,0,68,0,316,68,68,dry=0.00|dry_vent=0.04|dew=0.08|canopy=0.12
0.0,22,0.1746031746031746,22,0.1,0.0,0.04,4,1.4,0.0,0.0,0,dry_vent_strong_only_v1,False,126,0.55,720,False,248,0.55,0,22,0,270,22,22,dry=0.00|dry_vent=0.04|dew=0.10|canopy=0.00
0.04,22,0.1746031746031746,22,0.1,0.0,0.04,4,1.4,0.0,0.0,0,dry_vent_strong_only_v1,False,126,0.55,720,False,248,0.55,0,22,0,270,22,22,dry=0.00|dry_vent=0.04|dew=0.10|canopy=0.04
0.06,37,0.29365079365079366,37,0.1,0.0,0.04,2,0.9642857142857142,1.0,0.6666666666666666,0,dry_vent_strong_only_v1,False,126,0.6666666666666666,720,False,248,0.55,0,37,0,285,37,37,dry=0.00|dry_vent=0.04|dew=0.10|canopy=0.06
0.08,40,0.31746031746031744,40,0.1,0.0,0.04,2,0.8785714285714286,1.0,0.6666666666666666,0,dry_vent_strong_only_v1,False,126,0.6666666666666666,720,False,248,0.55,0,40,0,288,40,40,dry=0.00|dry_vent=0.04|dew=0.10|canopy=0.08
0.1,44,0.3492063492063492,44,0.1,0.0,0.04,2,0.7642857142857142,1.0,0.6666666666666666,0,dry_vent_strong_only_v1,False,126,0.6666666666666666,720,False,248,0.55,0,44,0,292,44,44,dry=0.00|dry_vent=0.04|dew=0.10|canopy=0.10
0.12,75,0.5952380952380952,75,0.1,0.0,0.04,4,1.0999999999999999,1.0,1.0,0,dry_vent_strong_only_v1,False,126,1.0,720,False,248,0.55,0,75,0,323,75,75,dry=0.00|dry_vent=0.04|dew=0.10|canopy=0.12
0.0,40,0.31746031746031744,40,0.12,0.0,0.04,5,1.5999999999999999,0.0,0.0,0,dry_vent_strong_only_v1,False,126,1.0,720,False,248,1.0,0,40,0,288,40,40,dry=0.00|dry_vent=0.04|dew=0.12|canopy=0.00
0.04,40,0.31746031746031744,40,0.12,0.0,0.04,5,1.5999999999999999,0.0,0.0,0,dry_vent_strong_only_v1,False,126,1.0,720,False,248,1.0,0,40,0,288,40,40,dry=0.00|dry_vent=0.04|dew=0.12|canopy=0.04
0.06,55,0.4365079365079365,55,0.12,0.0,0.04,3,1.1642857142857141,1.0,0.6666666666666666,0,dry_vent_strong_only_v1,False,126,1.0,720,False,248,1.0,0,55,0,303,55,55,dry=0.00|dry_vent=0.04|dew=0.12|canopy=0.06
0.08,58,0.4603174603174603,58,0.12,0.0,0.04,3,1.0785714285714285,1.0,0.6666666666666666,0,dry_vent_strong_only_v1,False,126,1.0,720,False,248,1.0,0,58,0,306,58,58,dry=0.00|dry_vent=0.04|dew=0.12|canopy=0.08
0.1,62,0.49206349206349204,62,0.12,0.0,0.04,3,0.9642857142857142,1.0,0.6666666666666666,0,dry_vent_strong_only_v1,False,126,1.0,720,False,248,1.0,0,62,0,310,62,62,dry=0.00|dry_vent=0.04|dew=0.12|canopy=0.10
0.12,93,0.7380952380952381,93,0.12,0.0,0.04,5,1.2999999999999998,1.0,1.0,0,dry_vent_strong_only_v1,False,126,1.0,720,False,248,1.0,0,93,0,341,93,93,dry=0.00|dry_vent=0.04|dew=0.12|canopy=0.12
0.0,25,0.1984126984126984,25,0.0,0.0,0.06,5,1.5999999999999999,1.0,1.0,0,dry_vent_strong_only_v1,False,126,1.0,720,False,248,0.0,0,25,0,273,25,25,dry=0.00|dry_vent=0.06|dew=0.00|canopy=0.00
0.04,25,0.1984126984126984,25,0.0,0.0,0.06,5,1.5999999999999999,1.0,1.0,0,dry_vent_strong_only_v1,False,126,1.0,720,False,248,0.0,0,25,0,273,25,25,dry=0.00|dry_vent=0.06|dew=0.00|canopy=0.04
0.06,40,0.31746031746031744,40,0.0,0.0,0.06,3,1.1642857142857141,1.0,0.9142857142857143,0,dry_vent_strong_only_v1,False,126,1.0,720,False,248,0.0,0,40,0,288,40,40,dry=0.00|dry_vent=0.06|dew=0.00|canopy=0.06
0.08,43,0.3412698412698413,43,0.0,0.0,0.06,3,1.0785714285714285,1.0,0.8285714285714285,0,dry_vent_strong_only_v1,False,126,1.0,720,False,248,0.0,0,43,0,291,43,43,dry=0.00|dry_vent=0.06|dew=0.00|canopy=0.08
0.1,47,0.373015873015873,47,0.0,0.0,0.06,3,0.9642857142857142,1.0,0.7142857142857143,0,dry_vent_strong_only_v1,False,126,1.0,720,False,248,0.0,0,47,0,295,47,47,dry=0.00|dry_vent=0.06|dew=0.00|canopy=0.10
0.12,78,0.6190476190476191,78,0.0,0.0,0.06,5,1.2999999999999998,0.0,0.0,0,dry_vent_strong_only_v1,False,126,1.0,720,False,248,0.0,0,78,0,326,78,78,dry=0.00|dry_vent=0.06|dew=0.00|canopy=0.12
0.0,25,0.1984126984126984,25,0.04,0.0,0.06,5,1.5999999999999999,1.0,1.0,0,dry_vent_strong_only_v1,False,126,1.0,720,False,248,0.0,0,25,0,273,25,25,dry=0.00|dry_vent=0.06|dew=0.04|canopy=0.00
0.04,25,0.1984126984126984,25,0.04,0.0,0.06,5,1.5999999999999999,1.0,1.0,0,dry_vent_strong_only_v1,False,126,1.0,720,False,248,0.0,0,25,0,273,25,25,dry=0.00|dry_vent=0.06|dew=0.04|canopy=0.04
0.06,40,0.31746031746031744,40,0.04,0.0,0.06,3,1.1642857142857141,1.0,0.9142857142857143,0,dry_vent_strong_only_v1,False,126,1.0,720,False,248,0.0,0,40,0,288,40,40,dry=0.00|dry_vent=0.06|dew=0.04|canopy=0.06
0.08,43,0.3412698412698413,43,0.04,0.0,0.06,3,1.0785714285714285,1.0,0.8285714285714285,0,dry_vent_strong_only_v1,False,126,1.0,720,False,248,0.0,0,43,0,291,43,43,dry=0.00|dry_vent=0.06|dew=0.04|canopy=0.08
0.1,47,0.373015873015873,47,0.04,0.0,0.06,3,0.9642857142857142,1.0,0.7142857142857143,0,dry_vent_strong_only_v1,False,126,1.0,720,False,248,0.0,0,47,0,295,47,47,dry=0.00|dry_vent=0.06|dew=0.04|canopy=0.10
0.12,78,0.6190476190476191,78,0.04,0.0,0.06,5,1.2999999999999998,0.0,0.0,0,dry_vent_strong_only_v1,False,126,1.0,720,False,248,0.0,0,78,0,326,78,78,dry=0.00|dry_vent=0.06|dew=0.04|canopy=0.12
0.0,25,0.1984126984126984,25,0.06,0.0,0.06,5,1.5999999999999999,1.0,1.0,0,dry_vent_strong_only_v1,False,126,1.0,720,False,248,0.0,0,25,0,273,25,25,dry=0.00|dry_vent=0.06|dew=0.06|canopy=0.00
0.04,25,0.1984126984126984,25,0.06,0.0,0.06,5,1.5999999999999999,1.0,1.0,0,dry_vent_strong_only_v1,False,126,1.0,720,False,248,0.0,0,25,0,273,25,25,dry=0.00|dry_vent=0.06|dew=0.06|canopy=0.04
0.06,40,0.31746031746031744,40,0.06,0.0,0.06,3,1.1642857142857141,1.0,0.9142857142857143,0,dry_vent_strong_only_v1,False,126,1.0,720,False,248,0.0,0,40,0,288,40,40,dry=0.00|dry_vent=0.06|dew=0.06|canopy=0.06
0.08,43,0.3412698412698413,43,0.06,0.0,0.06,3,1.0785714285714285,1.0,0.8285714285714285,0,dry_vent_strong_only_v1,False,126,1.0,720,False,248,0.0,0,43,0,291,43,43,dry=0.00|dry_vent=0.06|dew=0.06|canopy=0.08
0.1,47,0.373015873015873,47,0.06,0.0,0.06,3,0.9642857142857142,1.0,0.7142857142857143,0,dry_vent_strong_only_v1,False,126,1.0,720,False,248,0.0,0,47,0,295,47,47,dry=0.00|dry_vent=0.06|dew=0.06|canopy=0.10
0.12,78,0.6190476190476191,78,0.06,0.0,0.06,5,1.2999999999999998,0.0,0.0,0,dry_vent_strong_only_v1,False,126,1.0,720,False,248,0.0,0,78,0,326,78,78,dry=0.00|dry_vent=0.06|dew=0.06|canopy=0.12
0.0,40,0.31746031746031744,40,0.08,0.0,0.06,4,1.25,1.0,1.0,0,dry_vent_strong_only_v1,False,126,1.0,720,False,248,0.375,0,40,0,288,40,40,dry=0.00|dry_vent=0.06|dew=0.08|canopy=0.00
0.04,40,0.31746031746031744,40,0.08,0.0,0.06,4,1.25,1.0,1.0,0,dry_vent_strong_only_v1,False,126,1.0,720,False,248,0.375,0,40,0,288,40,40,dry=0.00|dry_vent=0.06|dew=0.08|canopy=0.04
0.06,55,0.4365079365079365,55,0.08,0.0,0.06,2,0.8142857142857142,1.0,0.9142857142857143,0,dry_vent_strong_only_v1,False,126,1.0,720,False,248,0.375,0,55,0,303,55,55,dry=0.00|dry_vent=0.06|dew=0.08|canopy=0.06
0.08,58,0.4603174603174603,58,0.08,0.0,0.06,2,0.7285714285714284,1.0,0.8285714285714285,0,dry_vent_strong_only_v1,False,126,1.0,720,False,248,0.375,0,58,0,306,58,58,dry=0.00|dry_vent=0.06|dew=0.08|canopy=0.08
0.1,62,0.49206349206349204,62,0.08,0.0,0.06,2,0.6142857142857142,1.0,0.7142857142857143,0,dry_vent_strong_only_v1,False,126,1.0,720,False,248,0.375,0,62,0,310,62,62,dry=0.00|dry_vent=0.06|dew=0.08|canopy=0.10
0.12,93,0.7380952380952381,93,0.08,0.0,0.06,4,0.9499999999999998,0.0,0.0,0,dry_vent_strong_only_v1,False,126,1.0,720,False,248,0.375,0,93,0,341,93,93,dry=0.00|dry_vent=0.06|dew=0.08|canopy=0.12
0.0,47,0.373015873015873,47,0.1,0.0,0.06,4,1.25,1.0,1.0,0,dry_vent_strong_only_v1,False,126,1.0,720,False,248,0.55,0,47,0,295,47,47,dry=0.00|dry_vent=0.06|dew=0.10|canopy=0.00
0.04,47,0.373015873015873,47,0.1,0.0,0.06,4,1.25,1.0,1.0,0,dry_vent_strong_only_v1,False,126,1.0,720,False,248,0.55,0,47,0,295,47,47,dry=0.00|dry_vent=0.06|dew=0.10|canopy=0.04
0.06,62,0.49206349206349204,62,0.1,0.0,0.06,2,0.8142857142857142,1.0,0.9142857142857143,0,dry_vent_strong_only_v1,False,126,1.0,720,False,248,0.55,0,62,0,310,62,62,dry=0.00|dry_vent=0.06|dew=0.10|canopy=0.06
0.08,65,0.5158730158730159,65,0.1,0.0,0.06,2,0.7285714285714284,1.0,0.8285714285714285,0,dry_vent_strong_only_v1,False,126,1.0,720,False,248,0.55,0,65,0,313,65,65,dry=0.00|dry_vent=0.06|dew=0.10|canopy=0.08
0.1,69,0.5476190476190477,69,0.1,0.0,0.06,2,0.6142857142857142,1.0,0.7142857142857143,0,dry_vent_strong_only_v1,False,126,1.0,720,False,248,0.55,0,69,0,317,69,69,dry=0.00|dry_vent=0.06|dew=0.10|canopy=0.10
0.12,100,0.7936507936507936,100,0.1,0.0,0.06,4,0.9499999999999998,0.0,0.0,0,dry_vent_strong_only_v1,False,126,1.0,720,False,248,0.55,0,100,0,348,100,100,dry=0.00|dry_vent=0.06|dew=0.10|canopy=0.12
0.0,65,0.5158730158730159,65,0.12,0.0,0.06,5,1.4499999999999997,1.0,1.0,0,dry_vent_strong_only_v1,False,126,1.0,720,False,248,1.0,0,65,0,313,65,65,dry=0.00|dry_vent=0.06|dew=0.12|canopy=0.00
0.04,65,0.5158730158730159,65,0.12,0.0,0.06,5,1.4499999999999997,1.0,1.0,0,dry_vent_strong_only_v1,False,126,1.0,720,False,248,1.0,0,65,0,313,65,65,dry=0.00|dry_vent=0.06|dew=0.12|canopy=0.04
0.06,80,0.6349206349206349,80,0.12,0.0,0.06,3,1.0142857142857142,1.0,0.9142857142857143,0,dry_vent_strong_only_v1,False,126,1.0,720,False,248,1.0,0,80,0,328,80,80,dry=0.00|dry_vent=0.06|dew=0.12|canopy=0.06
0.08,83,0.6587301587301587,83,0.12,0.0,0.06,3,0.9285714285714284,1.0,0.8285714285714285,0,dry_vent_strong_only_v1,False,126,1.0,720,False,248,1.0,0,83,0,331,83,83,dry=0.00|dry_vent=0.06|dew=0.12|canopy=0.08
0.1,87,0.6904761904761905,87,0.12,0.0,0.06,3,0.8142857142857142,1.0,0.7142857142857143,0,dry_vent_strong_only_v1,False,126,1.0,720,False,248,1.0,0,87,0,335,87,87,dry=0.00|dry_vent=0.06|dew=0.12|canopy=0.10
0.12,118,0.9365079365079365,118,0.12,0.0,0.06,5,1.15,0.0,0.0,0,dry_vent_strong_only_v1,True,126,1.0,720,False,248,1.0,0,118,0,366,118,118,dry=0.00|dry_vent=0.06|dew=0.12|canopy=0.12
0.0,0,0.0,0,0.0,0.02,0.0,5,1.75,0.0,0.0,0,dry_vent_strong_only_v1,False,126,0.0,720,False,248,0.0,0,0,0,248,0,0,dry=0.02|dry_vent=0.00|dew=0.00|canopy=0.00
0.04,0,0.0,0,0.0,0.02,0.0,5,1.75,0.0,0.0,0,dry_vent_strong_only_v1,False,126,0.0,720,False,248,0.0,0,0,0,248,0,0,dry=0.02|dry_vent=0.00|dew=0.00|canopy=0.04
0.06,15,0.11904761904761904,15,0.0,0.02,0.0,3,1.314285714285714,1.0,0.6666666666666666,0,dry_vent_strong_only_v1,False,126,0.6666666666666666,720,False,248,0.0,0,15,0,263,15,15,dry=0.02|dry_vent=0.00|dew=0.00|canopy=0.06
0.08,18,0.14285714285714285,18,0.0,0.02,0.0,3,1.2285714285714284,1.0,0.6666666666666666,0,dry_vent_strong_only_v1,False,126,0.6666666666666666,720,False,248,0.0,0,18,0,266,18,18,dry=0.02|dry_vent=0.00|dew=0.00|canopy=0.08
0.1,22,0.1746031746031746,22,0.0,0.02,0.0,3,1.1142857142857143,1.0,0.6666666666666666,0,dry_vent_strong_only_v1,False,126,0.6666666666666666,720,False,248,0.0,0,22,0,270,22,22,dry=0.02|dry_vent=0.00|dew=0.00|canopy=0.10
0.12,53,0.42063492063492064,53,0.0,0.02,0.0,5,1.4499999999999997,1.0,1.0,0,dry_vent_strong_only_v1,False,126,1.0,720,False,248,0.0,0,53,0,301,53,53,dry=0.02|dry_vent=0.00|dew=0.00|canopy=0.12
0.0,0,0.0,0,0.04,0.02,0.0,5,1.75,0.0,0.0,0,dry_vent_strong_only_v1,False,126,0.0,720,False,248,0.0,0,0,0,248,0,0,dry=0.02|dry_vent=0.00|dew=0.04|canopy=0.00
0.04,0,0.0,0,0.04,0.02,0.0,5,1.75,0.0,0.0,0,dry_vent_strong_only_v1,False,126,0.0,720,False,248,0.0,0,0,0,248,0,0,dry=0.02|dry_vent=0.00|dew=0.04|canopy=0.04
0.06,15,0.11904761904761904,15,0.04,0.02,0.0,3,1.314285714285714,1.0,0.6666666666666666,0,dry_vent_strong_only_v1,False,126,0.6666666666666666,720,False,248,0.0,0,15,0,263,15,15,dry=0.02|dry_vent=0.00|dew=0.04|canopy=0.06
0.08,18,0.14285714285714285,18,0.04,0.02,0.0,3,1.2285714285714284,1.0,0.6666666666666666,0,dry_vent_strong_only_v1,False,126,0.6666666666666666,720,False,248,0.0,0,18,0,266,18,18,dry=0.02|dry_vent=0.00|dew=0.04|canopy=0.08
0.1,22,0.1746031746031746,22,0.04,0.02,0.0,3,1.1142857142857143,1.0,0.6666666666666666,0,dry_vent_strong_only_v1,False,126,0.6666666666666666,720,False,248,0.0,0,22,0,270,22,22,dry=0.02|dry_vent=0.00|dew=0.04|canopy=0.10
0.12,53,0.42063492063492064,53,0.04,0.02,0.0,5,1.4499999999999997,1.0,1.0,0,dry_vent_strong_only_v1,False,126,1.0,720,False,248,0.0,0,53,0,301,53,53,dry=0.02|dry_vent=0.00|dew=0.04|canopy=0.12
0.0,0,0.0,0,0.06,0.02,0.0,5,1.75,0.0,0.0,0,dry_vent_strong_only_v1,False,126,0.0,720,False,248,0.0,0,0,0,248,0,0,dry=0.02|dry_vent=0.00|dew=0.06|canopy=0.00
0.04,0,0.0,0,0.06,0.02,0.0,5,1.75,0.0,0.0,0,dry_vent_strong_only_v1,False,126,0.0,720,False,248,0.0,0,0,0,248,0,0,dry=0.02|dry_vent=0.00|dew=0.06|canopy=0.04
0.06,15,0.11904761904761904,15,0.06,0.02,0.0,3,1.314285714285714,1.0,0.6666666666666666,0,dry_vent_strong_only_v1,False,126,0.6666666666666666,720,False,248,0.0,0,15,0,263,15,15,dry=0.02|dry_vent=0.00|dew=0.06|canopy=0.06
0.08,18,0.14285714285714285,18,0.06,0.02,0.0,3,1.2285714285714284,1.0,0.6666666666666666,0,dry_vent_strong_only_v1,False,126,0.6666666666666666,720,False,248,0.0,0,18,0,266,18,18,dry=0.02|dry_vent=0.00|dew=0.06|canopy=0.08
0.1,22,0.1746031746031746,22,0.06,0.02,0.0,3,1.1142857142857143,1.0,0.6666666666666666,0,dry_vent_strong_only_v1,False,126,0.6666666666666666,720,False,248,0.0,0,22,0,270,22,22,dry=0.02|dry_vent=0.00|dew=0.06|canopy=0.10
0.12,53,0.42063492063492064,53,0.06,0.02,0.0,5,1.4499999999999997,1.0,1.0,0,dry_vent_strong_only_v1,False,126,1.0,720,False,248,0.0,0,53,0,301,53,53,dry=0.02|dry_vent=0.00|dew=0.06|canopy=0.12
0.0,15,0.11904761904761904,15,0.08,0.02,0.0,4,1.4,0.0,0.0,0,dry_vent_strong_only_v1,False,126,0.375,720,False,248,0.375,0,15,0,263,15,15,dry=0.02|dry_vent=0.00|dew=0.08|canopy=0.00
0.04,15,0.11904761904761904,15,0.08,0.02,0.0,4,1.4,0.0,0.0,0,dry_vent_strong_only_v1,False,126,0.375,720,False,248,0.375,0,15,0,263,15,15,dry=0.02|dry_vent=0.00|dew=0.08|canopy=0.04
0.06,30,0.23809523809523808,30,0.08,0.02,0.0,2,0.9642857142857142,1.0,0.6666666666666666,0,dry_vent_strong_only_v1,False,126,0.6666666666666666,720,False,248,0.375,0,30,0,278,30,30,dry=0.02|dry_vent=0.00|dew=0.08|canopy=0.06
0.08,33,0.2619047619047619,33,0.08,0.02,0.0,2,0.8785714285714286,1.0,0.6666666666666666,0,dry_vent_strong_only_v1,False,126,0.6666666666666666,720,False,248,0.375,0,33,0,281,33,33,dry=0.02|dry_vent=0.00|dew=0.08|canopy=0.08
0.1,37,0.29365079365079366,37,0.08,0.02,0.0,2,0.7642857142857142,1.0,0.6666666666666666,0,dry_vent_strong_only_v1,False,126,0.6666666666666666,720,False,248,0.375,0,37,0,285,37,37,dry=0.02|dry_vent=0.00|dew=0.08|canopy=0.10
0.12,68,0.5396825396825397,68,0.08,0.02,0.0,4,1.0999999999999999,1.0,1.0,0,dry_vent_strong_only_v1,False,126,1.0,720,False,248,0.375,0,68,0,316,68,68,dry=0.02|dry_vent=0.00|dew=0.08|canopy=0.12
0.0,22,0.1746031746031746,22,0.1,0.02,0.0,4,1.4,0.0,0.0,0,dry_vent_strong_only_v1,False,126,0.55,720,False,248,0.55,0,22,0,270,22,22,dry=0.02|dry_vent=0.00|dew=0.10|canopy=0.00
0.04,22,0.1746031746031746,22,0.1,0.02,0.0,4,1.4,0.0,0.0,0,dry_vent_strong_only_v1,False,126,0.55,720,False,248,0.55,0,22,0,270,22,22,dry=0.02|dry_vent=0.00|dew=0.10|canopy=0.04
0.06,37,0.29365079365079366,37,0.1,0.02,0.0,2,0.9642857142857142,1.0,0.6666666666666666,0,dry_vent_strong_only_v1,False,126,0.6666666666666666,720,False,248,0.55,0,37,0,285,37,37,dry=0.02|dry_vent=0.00|dew=0.10|canopy=0.06
0.08,40,0.31746031746031744,40,0.1,0.02,0.0,2,0.8785714285714286,1.0,0.6666666666666666,0,dry_vent_strong_only_v1,False,126,0.6666666666666666,720,False,248,0.55,0,40,0,288,40,40,dry=0.02|dry_vent=0.00|dew=0.10|canopy=0.08
0.1,44,0.3492063492063492,44,0.1,0.02,0.0,2,0.7642857142857142,1.0,0.6666666666666666,0,dry_vent_strong_only_v1,False,126,0.6666666666666666,720,False,248,0.55,0,44,0,292,44,44,dry=0.02|dry_vent=0.00|dew=0.10|canopy=0.10
0.12,75,0.5952380952380952,75,0.1,0.02,0.0,4,1.0999999999999999,1.0,1.0,0,dry_vent_strong_only_v1,False,126,1.0,720,False,248,0.55,0,75,0,323,75,75,dry=0.02|dry_vent=0.00|dew=0.10|canopy=0.12
0.0,40,0.31746031746031744,40,0.12,0.02,0.0,5,1.5999999999999999,0.0,0.0,0,dry_vent_strong_only_v1,False,126,1.0,720,False,248,1.0,0,40,0,288,40,40,dry=0.02|dry_vent=0.00|dew=0.12|canopy=0.00
0.04,40,0.31746031746031744,40,0.12,0.02,0.0,5,1.5999999999999999,0.0,0.0,0,dry_vent_strong_only_v1,False,126,1.0,720,False,248,1.0,0,40,0,288,40,40,dry=0.02|dry_vent=0.00|dew=0.12|canopy=0.04
0.06,55,0.4365079365079365,55,0.12,0.02,0.0,3,1.1642857142857141,1.0,0.6666666666666666,0,dry_vent_strong_only_v1,False,126,1.0,720,False,248,1.0,0,55,0,303,55,55,dry=0.02|dry_vent=0.00|dew=0.12|canopy=0.06
0.08,58,0.4603174603174603,58,0.12,0.02,0.0,3,1.0785714285714285,1.0,0.6666666666666666,0,dry_vent_strong_only_v1,False,126,1.0,720,False,248,1.0,0,58,0,306,58,58,dry=0.02|dry_vent=0.00|dew=0.12|canopy=0.08
0.1,62,0.49206349206349204,62,0.12,0.02,0.0,3,0.9642857142857142,1.0,0.6666666666666666,0,dry_vent_strong_only_v1,False,126,1.0,720,False,248,1.0,0,62,0,310,62,62,dry=0.02|dry_vent=0.00|dew=0.12|canopy=0.10
0.12,93,0.7380952380952381,93,0.12,0.02,0.0,5,1.2999999999999998,1.0,1.0,0,dry_vent_strong_only_v1,False,126,1.0,720,False,248,1.0,0,93,0,341,93,93,dry=0.02|dry_vent=0.00|dew=0.12|canopy=0.12
0.0,0,0.0,0,0.0,0.02,0.02,5,1.75,0.0,0.0,0,dry_vent_strong_only_v1,False,126,0.0,720,False,248,0.0,0,0,0,248,0,0,dry=0.02|dry_vent=0.02|dew=0.00|canopy=0.00
0.04,0,0.0,0,0.0,0.02,0.02,5,1.75,0.0,0.0,0,dry_vent_strong_only_v1,False,126,0.0,720,False,248,0.0,0,0,0,248,0,0,dry=0.02|dry_vent=0.02|dew=0.00|canopy=0.04
0.06,15,0.11904761904761904,15,0.0,0.02,0.02,3,1.314285714285714,1.0,0.6666666666666666,0,dry_vent_strong_only_v1,False,126,0.6666666666666666,720,False,248,0.0,0,15,0,263,15,15,dry=0.02|dry_vent=0.02|dew=0.00|canopy=0.06
0.08,18,0.14285714285714285,18,0.0,0.02,0.02,3,1.2285714285714284,1.0,0.6666666666666666,0,dry_vent_strong_only_v1,False,126,0.6666666666666666,720,False,248,0.0,0,18,0,266,18,18,dry=0.02|dry_vent=0.02|dew=0.00|canopy=0.08
0.1,22,0.1746031746031746,22,0.0,0.02,0.02,3,1.1142857142857143,1.0,0.6666666666666666,0,dry_vent_strong_only_v1,False,126,0.6666666666666666,720,False,248,0.0,0,22,0,270,22,22,dry=0.02|dry_vent=0.02|dew=0.00|canopy=0.10
0.12,53,0.42063492063492064,53,0.0,0.02,0.02,5,1.4499999999999997,1.0,1.0,0,dry_vent_strong_only_v1,False,126,1.0,720,False,248,0.0,0,53,0,301,53,53,dry=0.02|dry_vent=0.02|dew=0.00|canopy=0.12
0.0,0,0.0,0,0.04,0.02,0.02,5,1.75,0.0,0.0,0,dry_vent_strong_only_v1,False,126,0.0,720,False,248,0.0,0,0,0,248,0,0,dry=0.02|dry_vent=0.02|dew=0.04|canopy=0.00
0.04,0,0.0,0,0.04,0.02,0.02,5,1.75,0.0,0.0,0,dry_vent_strong_only_v1,False,126,0.0,720,False,248,0.0,0,0,0,248,0,0,dry=0.02|dry_vent=0.02|dew=0.04|canopy=0.04
0.06,15,0.11904761904761904,15,0.04,0.02,0.02,3,1.314285714285714,1.0,0.6666666666666666,0,dry_vent_strong_only_v1,False,126,0.6666666666666666,720,False,248,0.0,0,15,0,263,15,15,dry=0.02|dry_vent=0.02|dew=0.04|canopy=0.06
0.08,18,0.14285714285714285,18,0.04,0.02,0.02,3,1.2285714285714284,1.0,0.6666666666666666,0,dry_vent_strong_only_v1,False,126,0.6666666666666666,720,False,248,0.0,0,18,0,266,18,18,dry=0.02|dry_vent=0.02|dew=0.04|canopy=0.08
0.1,22,0.1746031746031746,22,0.04,0.02,0.02,3,1.1142857142857143,1.0,0.6666666666666666,0,dry_vent_strong_only_v1,False,126,0.6666666666666666,720,False,248,0.0,0,22,0,270,22,22,dry=0.02|dry_vent=0.02|dew=0.04|canopy=0.10
0.12,53,0.42063492063492064,53,0.04,0.02,0.02,5,1.4499999999999997,1.0,1.0,0,dry_vent_strong_only_v1,False,126,1.0,720,False,248,0.0,0,53,0,301,53,53,dry=0.02|dry_vent=0.02|dew=0.04|canopy=0.12
0.0,0,0.0,0,0.06,0.02,0.02,5,1.75,0.0,0.0,0,dry_vent_strong_only_v1,False,126,0.0,720,False,248,0.0,0,0,0,248,0,0,dry=0.02|dry_vent=0.02|dew=0.06|canopy=0.00
0.04,0,0.0,0,0.06,0.02,0.02,5,1.75,0.0,0.0,0,dry_vent_strong_only_v1,False,126,0.0,720,False,248,0.0,0,0,0,248,0,0,dry=0.02|dry_vent=0.02|dew=0.06|canopy=0.04
0.06,15,0.11904761904761904,15,0.06,0.02,0.02,3,1.314285714285714,1.0,0.6666666666666666,0,dry_vent_strong_only_v1,False,126,0.6666666666666666,720,False,248,0.0,0,15,0,263,15,15,dry=0.02|dry_vent=0.02|dew=0.06|canopy=0.06
0.08,18,0.14285714285714285,18,0.06,0.02,0.02,3,1.2285714285714284,1.0,0.6666666666666666,0,dry_vent_strong_only_v1,False,126,0.6666666666666666,720,False,248,0.0,0,18,0,266,18,18,dry=0.02|dry_vent=0.02|dew=0.06|canopy=0.08
0.1,22,0.1746031746031746,22,0.06,0.02,0.02,3,1.1142857142857143,1.0,0.6666666666666666,0,dry_vent_strong_only_v1,False,126,0.6666666666666666,720,False,248,0.0,0,22,0,270,22,22,dry=0.02|dry_vent=0.02|dew=0.06|canopy=0.10
0.12,53,0.42063492063492064,53,0.06,0.02,0.02,5,1.4499999999999997,1.0,1.0,0,dry_vent_strong_only_v1,False,126,1.0,720,False,248,0.0,0,53,0,301,53,53,dry=0.02|dry_vent=0.02|dew=0.06|canopy=0.12
0.0,15,0.11904761904761904,15,0.08,0.02,0.02,4,1.4,0.0,0.0,0,dry_vent_strong_only_v1,False,126,0.375,720,False,248,0.375,0,15,0,263,15,15,dry=0.02|dry_vent=0.02|dew=0.08|canopy=0.00
0.04,15,0.11904761904761904,15,0.08,0.02,0.02,4,1.4,0.0,0.0,0,dry_vent_strong_only_v1,False,126,0.375,720,False,248,0.375,0,15,0,263,15,15,dry=0.02|dry_vent=0.02|dew=0.08|canopy=0.04
0.06,30,0.23809523809523808,30,0.08,0.02,0.02,2,0.9642857142857142,1.0,0.6666666666666666,0,dry_vent_strong_only_v1,False,126,0.6666666666666666,720,False,248,0.375,0,30,0,278,30,30,dry=0.02|dry_vent=0.02|dew=0.08|canopy=0.06
0.08,33,0.2619047619047619,33,0.08,0.02,0.02,2,0.8785714285714286,1.0,0.6666666666666666,0,dry_vent_strong_only_v1,False,126,0.6666666666666666,720,False,248,0.375,0,33,0,281,33,33,dry=0.02|dry_vent=0.02|dew=0.08|canopy=0.08
0.1,37,0.29365079365079366,37,0.08,0.02,0.02,2,0.7642857142857142,1.0,0.6666666666666666,0,dry_vent_strong_only_v1,False,126,0.6666666666666666,720,False,248,0.375,0,37,0,285,37,37,dry=0.02|dry_vent=0.02|dew=0.08|canopy=0.10
0.12,68,0.5396825396825397,68,0.08,0.02,0.02,4,1.0999999999999999,1.0,1.0,0,dry_vent_strong_only_v1,False,126,1.0,720,False,248,0.375,0,68,0,316,68,68,dry=0.02|dry_vent=0.02|dew=0.08|canopy=0.12
0.0,22,0.1746031746031746,22,0.1,0.02,0.02,4,1.4,0.0,0.0,0,dry_vent_strong_only_v1,False,126,0.55,720,False,248,0.55,0,22,0,270,22,22,dry=0.02|dry_vent=0.02|dew=0.10|canopy=0.00
0.04,22,0.1746031746031746,22,0.1,0.02,0.02,4,1.4,0.0,0.0,0,dry_vent_strong_only_v1,False,126,0.55,720,False,248,0.55,0,22,0,270,22,22,dry=0.02|dry_vent=0.02|dew=0.10|canopy=0.04
0.06,37,0.29365079365079366,37,0.1,0.02,0.02,2,0.9642857142857142,1.0,0.6666666666666666,0,dry_vent_strong_only_v1,False,126,0.6666666666666666,720,False,248,0.55,0,37,0,285,37,37,dry=0.02|dry_vent=0.02|dew=0.10|canopy=0.06
0.08,40,0.31746031746031744,40,0.1,0.02,0.02,2,0.8785714285714286,1.0,0.6666666666666666,0,dry_vent_strong_only_v1,False,126,0.6666666666666666,720,False,248,0.55,0,40,0,288,40,40,dry=0.02|dry_vent=0.02|dew=0.10|canopy=0.08
0.1,44,0.3492063492063492,44,0.1,0.02,0.02,2,0.7642857142857142,1.0,0.6666666666666666,0,dry_vent_strong_only_v1,False,126,0.6666666666666666,720,False,248,0.55,0,44,0,292,44,44,dry=0.02|dry_vent=0.02|dew=0.10|canopy=0.10
0.12,75,0.5952380952380952,75,0.1,0.02,0.02,4,1.0999999999999999,1.0,1.0,0,dry_vent_strong_only_v1,False,126,1.0,720,False,248,0.55,0,75,0,323,75,75,dry=0.02|dry_vent=0.02|dew=0.10|canopy=0.12
0.0,40,0.31746031746031744,40,0.12,0.02,0.02,5,1.5999999999999999,0.0,0.0,0,dry_vent_strong_only_v1,False,126,1.0,720,False,248,1.0,0,40,0,288,40,40,dry=0.02|dry_vent=0.02|dew=0.12|canopy=0.00
0.04,40,0.31746031746031744,40,0.12,0.02,0.02,5,1.5999999999999999,0.0,0.0,0,dry_vent_strong_only_v1,False,126,1.0,720,False,248,1.0,0,40,0,288,40,40,dry=0.02|dry_vent=0.02|dew=0.12|canopy=0.04
0.06,55,0.4365079365079365,55,0.12,0.02,0.02,3,1.1642857142857141,1.0,0.6666666666666666,0,dry_vent_strong_only_v1,False,126,1.0,720,False,248,1.0,0,55,0,303,55,55,dry=0.02|dry_vent=0.02|dew=0.12|canopy=0.06
0.08,58,0.4603174603174603,58,0.12,0.02,0.02,3,1.0785714285714285,1.0,0.6666666666666666,0,dry_vent_strong_only_v1,False,126,1.0,720,False,248,1.0,0,58,0,306,58,58,dry=0.02|dry_vent=0.02|dew=0.12|canopy=0.08
0.1,62,0.49206349206349204,62,0.12,0.02,0.02,3,0.9642857142857142,1.0,0.6666666666666666,0,dry_vent_strong_only_v1,False,126,1.0,720,False,248,1.0,0,62,0,310,62,62,dry=0.02|dry_vent=0.02|dew=0.12|canopy=0.10
0.12,93,0.7380952380952381,93,0.12,0.02,0.02,5,1.2999999999999998,1.0,1.0,0,dry_vent_strong_only_v1,False,126,1.0,720,False,248,1.0,0,93,0,341,93,93,dry=0.02|dry_vent=0.02|dew=0.12|canopy=0.12
0.0,0,0.0,0,0.0,0.02,0.04,5,1.75,0.0,0.0,0,dry_vent_strong_only_v1,False,126,0.0,720,False,248,0.0,0,0,0,248,0,0,dry=0.02|dry_vent=0.04|dew=0.00|canopy=0.00
0.04,0,0.0,0,0.0,0.02,0.04,5,1.75,0.0,0.0,0,dry_vent_strong_only_v1,False,126,0.0,720,False,248,0.0,0,0,0,248,0,0,dry=0.02|dry_vent=0.04|dew=0.00|canopy=0.04
0.06,15,0.11904761904761904,15,0.0,0.02,0.04,3,1.314285714285714,1.0,0.6666666666666666,0,dry_vent_strong_only_v1,False,126,0.6666666666666666,720,False,248,0.0,0,15,0,263,15,15,dry=0.02|dry_vent=0.04|dew=0.00|canopy=0.06
0.08,18,0.14285714285714285,18,0.0,0.02,0.04,3,1.2285714285714284,1.0,0.6666666666666666,0,dry_vent_strong_only_v1,False,126,0.6666666666666666,720,False,248,0.0,0,18,0,266,18,18,dry=0.02|dry_vent=0.04|dew=0.00|canopy=0.08
0.1,22,0.1746031746031746,22,0.0,0.02,0.04,3,1.1142857142857143,1.0,0.6666666666666666,0,dry_vent_strong_only_v1,False,126,0.6666666666666666,720,False,248,0.0,0,22,0,270,22,22,dry=0.02|dry_vent=0.04|dew=0.00|canopy=0.10
0.12,53,0.42063492063492064,53,0.0,0.02,0.04,5,1.4499999999999997,1.0,1.0,0,dry_vent_strong_only_v1,False,126,1.0,720,False,248,0.0,0,53,0,301,53,53,dry=0.02|dry_vent=0.04|dew=0.00|canopy=0.12
0.0,0,0.0,0,0.04,0.02,0.04,5,1.75,0.0,0.0,0,dry_vent_strong_only_v1,False,126,0.0,720,False,248,0.0,0,0,0,248,0,0,dry=0.02|dry_vent=0.04|dew=0.04|canopy=0.00
0.04,0,0.0,0,0.04,0.02,0.04,5,1.75,0.0,0.0,0,dry_vent_strong_only_v1,False,126,0.0,720,False,248,0.0,0,0,0,248,0,0,dry=0.02|dry_vent=0.04|dew=0.04|canopy=0.04
0.06,15,0.11904761904761904,15,0.04,0.02,0.04,3,1.314285714285714,1.0,0.6666666666666666,0,dry_vent_strong_only_v1,False,126,0.6666666666666666,720,False,248,0.0,0,15,0,263,15,15,dry=0.02|dry_vent=0.04|dew=0.04|canopy=0.06
0.08,18,0.14285714285714285,18,0.04,0.02,0.04,3,1.2285714285714284,1.0,0.6666666666666666,0,dry_vent_strong_only_v1,False,126,0.6666666666666666,720,False,248,0.0,0,18,0,266,18,18,dry=0.02|dry_vent=0.04|dew=0.04|canopy=0.08
0.1,22,0.1746031746031746,22,0.04,0.02,0.04,3,1.1142857142857143,1.0,0.6666666666666666,0,dry_vent_strong_only_v1,False,126,0.6666666666666666,720,False,248,0.0,0,22,0,270,22,22,dry=0.02|dry_vent=0.04|dew=0.04|canopy=0.10
0.12,53,0.42063492063492064,53,0.04,0.02,0.04,5,1.4499999999999997,1.0,1.0,0,dry_vent_strong_only_v1,False,126,1.0,720,False,248,0.0,0,53,0,301,53,53,dry=0.02|dry_vent=0.04|dew=0.04|canopy=0.12
0.0,0,0.0,0,0.06,0.02,0.04,5,1.75,0.0,0.0,0,dry_vent_strong_only_v1,False,126,0.0,720,False,248,0.0,0,0,0,248,0,0,dry=0.02|dry_vent=0.04|dew=0.06|canopy=0.00
0.04,0,0.0,0,0.06,0.02,0.04,5,1.75,0.0,0.0,0,dry_vent_strong_only_v1,False,126,0.0,720,False,248,0.0,0,0,0,248,0,0,dry=0.02|dry_vent=0.04|dew=0.06|canopy=0.04
0.06,15,0.11904761904761904,15,0.06,0.02,0.04,3,1.314285714285714,1.0,0.6666666666666666,0,dry_vent_strong_only_v1,False,126,0.6666666666666666,720,False,248,0.0,0,15,0,263,15,15,dry=0.02|dry_vent=0.04|dew=0.06|canopy=0.06
0.08,18,0.14285714285714285,18,0.06,0.02,0.04,3,1.2285714285714284,1.0,0.6666666666666666,0,dry_vent_strong_only_v1,False,126,0.6666666666666666,720,False,248,0.0,0,18,0,266,18,18,dry=0.02|dry_vent=0.04|dew=0.06|canopy=0.08
0.1,22,0.1746031746031746,22,0.06,0.02,0.04,3,1.1142857142857143,1.0,0.6666666666666666,0,dry_vent_strong_only_v1,False,126,0.6666666666666666,720,False,248,0.0,0,22,0,270,22,22,dry=0.02|dry_vent=0.04|dew=0.06|canopy=0.10
0.12,53,0.42063492063492064,53,0.06,0.02,0.04,5,1.4499999999999997,1.0,1.0,0,dry_vent_strong_only_v1,False,126,1.0,720,False,248,0.0,0,53,0,301,53,53,dry=0.02|dry_vent=0.04|dew=0.06|canopy=0.12
0.0,15,0.11904761904761904,15,0.08,0.02,0.04,4,1.4,0.0,0.0,0,dry_vent_strong_only_v1,False,126,0.375,720,False,248,0.375,0,15,0,263,15,15,dry=0.02|dry_vent=0.04|dew=0.08|canopy=0.00
0.04,15,0.11904761904761904,15,0.08,0.02,0.04,4,1.4,0.0,0.0,0,dry_vent_strong_only_v1,False,126,0.375,720,False,248,0.375,0,15,0,263,15,15,dry=0.02|dry_vent=0.04|dew=0.08|canopy=0.04
0.06,30,0.23809523809523808,30,0.08,0.02,0.04,2,0.9642857142857142,1.0,0.6666666666666666,0,dry_vent_strong_only_v1,False,126,0.6666666666666666,720,False,248,0.375,0,30,0,278,30,30,dry=0.02|dry_vent=0.04|dew=0.08|canopy=0.06
0.08,33,0.2619047619047619,33,0.08,0.02,0.04,2,0.8785714285714286,1.0,0.6666666666666666,0,dry_vent_strong_only_v1,False,126,0.6666666666666666,720,False,248,0.375,0,33,0,281,33,33,dry=0.02|dry_vent=0.04|dew=0.08|canopy=0.08
0.1,37,0.29365079365079366,37,0.08,0.02,0.04,2,0.7642857142857142,1.0,0.6666666666666666,0,dry_vent_strong_only_v1,False,126,0.6666666666666666,720,False,248,0.375,0,37,0,285,37,37,dry=0.02|dry_vent=0.04|dew=0.08|canopy=0.10
0.12,68,0.5396825396825397,68,0.08,0.02,0.04,4,1.0999999999999999,1.0,1.0,0,dry_vent_strong_only_v1,False,126,1.0,720,False,248,0.375,0,68,0,316,68,68,dry=0.02|dry_vent=0.04|dew=0.08|canopy=0.12
0.0,22,0.1746031746031746,22,0.1,0.02,0.04,4,1.4,0.0,0.0,0,dry_vent_strong_only_v1,False,126,0.55,720,False,248,0.55,0,22,0,270,22,22,dry=0.02|dry_vent=0.04|dew=0.10|canopy=0.00
0.04,22,0.1746031746031746,22,0.1,0.02,0.04,4,1.4,0.0,0.0,0,dry_vent_strong_only_v1,False,126,0.55,720,False,248,0.55,0,22,0,270,22,22,dry=0.02|dry_vent=0.04|dew=0.10|canopy=0.04
0.06,37,0.29365079365079366,37,0.1,0.02,0.04,2,0.9642857142857142,1.0,0.6666666666666666,0,dry_vent_strong_only_v1,False,126,0.6666666666666666,720,False,248,0.55,0,37,0,285,37,37,dry=0.02|dry_vent=0.04|dew=0.10|canopy=0.06
0.08,40,0.31746031746031744,40,0.1,0.02,0.04,2,0.8785714285714286,1.0,0.6666666666666666,0,dry_vent_strong_only_v1,False,126,0.6666666666666666,720,False,248,0.55,0,40,0,288,40,40,dry=0.02|dry_vent=0.04|dew=0.10|canopy=0.08
0.1,44,0.3492063492063492,44,0.1,0.02,0.04,2,0.7642857142857142,1.0,0.6666666666666666,0,dry_vent_strong_only_v1,False,126,0.6666666666666666,720,False,248,0.55,0,44,0,292,44,44,dry=0.02|dry_vent=0.04|dew=0.10|canopy=0.10
0.12,75,0.5952380952380952,75,0.1,0.02,0.04,4,1.0999999999999999,1.0,1.0,0,dry_vent_strong_only_v1,False,126,1.0,720,False,248,0.55,0,75,0,323,75,75,dry=0.02|dry_vent=0.04|dew=0.10|canopy=0.12
0.0,40,0.31746031746031744,40,0.12,0.02,0.04,5,1.5999999999999999,0.0,0.0,0,dry_vent_strong_only_v1,False,126,1.0,720,False,248,1.0,0,40,0,288,40,40,dry=0.02|dry_vent=0.04|dew=0.12|canopy=0.00
0.04,40,0.31746031746031744,40,0.12,0.02,0.04,5,1.5999999999999999,0.0,0.0,0,dry_vent_strong_only_v1,False,126,1.0,720,False,248,1.0,0,40,0,288,40,40,dry=0.02|dry_vent=0.04|dew=0.12|canopy=0.04
0.06,55,0.4365079365079365,55,0.12,0.02,0.04,3,1.1642857142857141,1.0,0.6666666666666666,0,dry_vent_strong_only_v1,False,126,1.0,720,False,248,1.0,0,55,0,303,55,55,dry=0.02|dry_vent=0.04|dew=0.12|canopy=0.06
0.08,58,0.4603174603174603,58,0.12,0.02,0.04,3,1.0785714285714285,1.0,0.6666666666666666,0,dry_vent_strong_only_v1,False,126,1.0,720,False,248,1.0,0,58,0,306,58,58,dry=0.02|dry_vent=0.04|dew=0.12|canopy=0.08
0.1,62,0.49206349206349204,62,0.12,0.02,0.04,3,0.9642857142857142,1.0,0.6666666666666666,0,dry_vent_strong_only_v1,False,126,1.0,720,False,248,1.0,0,62,0,310,62,62,dry=0.02|dry_vent=0.04|dew=0.12|canopy=0.10
0.12,93,0.7380952380952381,93,0.12,0.02,0.04,5,1.2999999999999998,1.0,1.0,0,dry_vent_strong_only_v1,False,126,1.0,720,False,248,1.0,0,93,0,341,93,93,dry=0.02|dry_vent=0.04|dew=0.12|canopy=0.12
0.0,25,0.1984126984126984,25,0.0,0.02,0.06,5,1.5999999999999999,1.0,1.0,0,dry_vent_strong_only_v1,False,126,1.0,720,False,248,0.0,0,25,0,273,25,25,dry=0.02|dry_vent=0.06|dew=0.00|canopy=0.00
0.04,25,0.1984126984126984,25,0.0,0.02,0.06,5,1.5999999999999999,1.0,1.0,0,dry_vent_strong_only_v1,False,126,1.0,720,False,248,0.0,0,25,0,273,25,25,dry=0.02|dry_vent=0.06|dew=0.00|canopy=0.04
0.06,40,0.31746031746031744,40,0.0,0.02,0.06,3,1.1642857142857141,1.0,0.9142857142857143,0,dry_vent_strong_only_v1,False,126,1.0,720,False,248,0.0,0,40,0,288,40,40,dry=0.02|dry_vent=0.06|dew=0.00|canopy=0.06
0.08,43,0.3412698412698413,43,0.0,0.02,0.06,3,1.0785714285714285,1.0,0.8285714285714285,0,dry_vent_strong_only_v1,False,126,1.0,720,False,248,0.0,0,43,0,291,43,43,dry=0.02|dry_vent=0.06|dew=0.00|canopy=0.08
0.1,47,0.373015873015873,47,0.0,0.02,0.06,3,0.9642857142857142,1.0,0.7142857142857143,0,dry_vent_strong_only_v1,False,126,1.0,720,False,248,0.0,0,47,0,295,47,47,dry=0.02|dry_vent=0.06|dew=0.00|canopy=0.10
0.12,78,0.6190476190476191,78,0.0,0.02,0.06,5,1.2999999999999998,0.0,0.0,0,dry_vent_strong_only_v1,False,126,1.0,720,False,248,0.0,0,78,0,326,78,78,dry=0.02|dry_vent=0.06|dew=0.00|canopy=0.12
0.0,25,0.1984126984126984,25,0.04,0.02,0.06,5,1.5999999999999999,1.0,1.0,0,dry_vent_strong_only_v1,False,126,1.0,720,False,248,0.0,0,25,0,273,25,25,dry=0.02|dry_vent=0.06|dew=0.04|canopy=0.00
0.04,25,0.1984126984126984,25,0.04,0.02,0.06,5,1.5999999999999999,1.0,1.0,0,dry_vent_strong_only_v1,False,126,1.0,720,False,248,0.0,0,25,0,273,25,25,dry=0.02|dry_vent=0.06|dew=0.04|canopy=0.04
0.06,40,0.31746031746031744,40,0.04,0.02,0.06,3,1.1642857142857141,1.0,0.9142857142857143,0,dry_vent_strong_only_v1,False,126,1.0,720,False,248,0.0,0,40,0,288,40,40,dry=0.02|dry_vent=0.06|dew=0.04|canopy=0.06
0.08,43,0.3412698412698413,43,0.04,0.02,0.06,3,1.0785714285714285,1.0,0.8285714285714285,0,dry_vent_strong_only_v1,False,126,1.0,720,False,248,0.0,0,43,0,291,43,43,dry=0.02|dry_vent=0.06|dew=0.04|canopy=0.08
0.1,47,0.373015873015873,47,0.04,0.02,0.06,3,0.9642857142857142,1.0,0.7142857142857143,0,dry_vent_strong_only_v1,False,126,1.0,720,False,248,0.0,0,47,0,295,47,47,dry=0.02|dry_vent=0.06|dew=0.04|canopy=0.10
0.12,78,0.6190476190476191,78,0.04,0.02,0.06,5,1.2999999999999998,0.0,0.0,0,dry_vent_strong_only_v1,False,126,1.0,720,False,248,0.0,0,78,0,326,78,78,dry=0.02|dry_vent=0.06|dew=0.04|canopy=0.12
0.0,25,0.1984126984126984,25,0.06,0.02,0.06,5,1.5999999999999999,1.0,1.0,0,dry_vent_strong_only_v1,False,126,1.0,720,False,248,0.0,0,25,0,273,25,25,dry=0.02|dry_vent=0.06|dew=0.06|canopy=0.00
0.04,25,0.1984126984126984,25,0.06,0.02,0.06,5,1.5999999999999999,1.0,1.0,0,dry_vent_strong_only_v1,False,126,1.0,720,False,248,0.0,0,25,0,273,25,25,dry=0.02|dry_vent=0.06|dew=0.06|canopy=0.04
0.06,40,0.31746031746031744,40,0.06,0.02,0.06,3,1.1642857142857141,1.0,0.9142857142857143,0,dry_vent_strong_only_v1,False,126,1.0,720,False,248,0.0,0,40,0,288,40,40,dry=0.02|dry_vent=0.06|dew=0.06|canopy=0.06
0.08,43,0.3412698412698413,43,0.06,0.02,0.06,3,1.0785714285714285,1.0,0.8285714285714285,0,dry_vent_strong_only_v1,False,126,1.0,720,False,248,0.0,0,43,0,291,43,43,dry=0.02|dry_vent=0.06|dew=0.06|canopy=0.08
0.1,47,0.373015873015873,47,0.06,0.02,0.06,3,0.9642857142857142,1.0,0.7142857142857143,0,dry_vent_strong_only_v1,False,126,1.0,720,False,248,0.0,0,47,0,295,47,47,dry=0.02|dry_vent=0.06|dew=0.06|canopy=0.10
0.12,78,0.6190476190476191,78,0.06,0.02,0.06,5,1.2999999999999998,0.0,0.0,0,dry_vent_strong_only_v1,False,126,1.0,720,False,248,0.0,0,78,0,326,78,78,dry=0.02|dry_vent=0.06|dew=0.06|canopy=0.12
0.0,40,0.31746031746031744,40,0.08,0.02,0.06,4,1.25,1.0,1.0,0,dry_vent_strong_only_v1,False,126,1.0,720,False,248,0.375,0,40,0,288,40,40,dry=0.02|dry_vent=0.06|dew=0.08|canopy=0.00
0.04,40,0.31746031746031744,40,0.08,0.02,0.06,4,1.25,1.0,1.0,0,dry_vent_strong_only_v1,False,126,1.0,720,False,248,0.375,0,40,0,288,40,40,dry=0.02|dry_vent=0.06|dew=0.08|canopy=0.04
0.06,55,0.4365079365079365,55,0.08,0.02,0.06,2,0.8142857142857142,1.0,0.9142857142857143,0,dry_vent_strong_only_v1,False,126,1.0,720,False,248,0.375,0,55,0,303,55,55,dry=0.02|dry_vent=0.06|dew=0.08|canopy=0.06
0.08,58,0.4603174603174603,58,0.08,0.02,0.06,2,0.7285714285714284,1.0,0.8285714285714285,0,dry_vent_strong_only_v1,False,126,1.0,720,False,248,0.375,0,58,0,306,58,58,dry=0.02|dry_vent=0.06|dew=0.08|canopy=0.08
0.1,62,0.49206349206349204,62,0.08,0.02,0.06,2,0.6142857142857142,1.0,0.7142857142857143,0,dry_vent_strong_only_v1,False,126,1.0,720,False,248,0.375,0,62,0,310,62,62,dry=0.02|dry_vent=0.06|dew=0.08|canopy=0.10
0.12,93,0.7380952380952381,93,0.08,0.02,0.06,4,0.9499999999999998,0.0,0.0,0,dry_vent_strong_only_v1,False,126,1.0,720,False,248,0.375,0,93,0,341,93,93,dry=0.02|dry_vent=0.06|dew=0.08|canopy=0.12
0.0,47,0.373015873015873,47,0.1,0.02,0.06,4,1.25,1.0,1.0,0,dry_vent_strong_only_v1,False,126,1.0,720,False,248,0.55,0,47,0,295,47,47,dry=0.02|dry_vent=0.06|dew=0.10|canopy=0.00
0.04,47,0.373015873015873,47,0.1,0.02,0.06,4,1.25,1.0,1.0,0,dry_vent_strong_only_v1,False,126,1.0,720,False,248,0.55,0,47,0,295,47,47,dry=0.02|dry_vent=0.06|dew=0.10|canopy=0.04
0.06,62,0.49206349206349204,62,0.1,0.02,0.06,2,0.8142857142857142,1.0,0.9142857142857143,0,dry_vent_strong_only_v1,False,126,1.0,720,False,248,0.55,0,62,0,310,62,62,dry=0.02|dry_vent=0.06|dew=0.10|canopy=0.06
0.08,65,0.5158730158730159,65,0.1,0.02,0.06,2,0.7285714285714284,1.0,0.8285714285714285,0,dry_vent_strong_only_v1,False,126,1.0,720,False,248,0.55,0,65,0,313,65,65,dry=0.02|dry_vent=0.06|dew=0.10|canopy=0.08
0.1,69,0.5476190476190477,69,0.1,0.02,0.06,2,0.6142857142857142,1.0,0.7142857142857143,0,dry_vent_strong_only_v1,False,126,1.0,720,False,248,0.55,0,69,0,317,69,69,dry=0.02|dry_vent=0.06|dew=0.10|canopy=0.10
0.12,100,0.7936507936507936,100,0.1,0.02,0.06,4,0.9499999999999998,0.0,0.0,0,dry_vent_strong_only_v1,False,126,1.0,720,False,248,0.55,0,100,0,348,100,100,dry=0.02|dry_vent=0.06|dew=0.10|canopy=0.12
0.0,65,0.5158730158730159,65,0.12,0.02,0.06,5,1.4499999999999997,1.0,1.0,0,dry_vent_strong_only_v1,False,126,1.0,720,False,248,1.0,0,65,0,313,65,65,dry=0.02|dry_vent=0.06|dew=0.12|canopy=0.00
0.04,65,0.5158730158730159,65,0.12,0.02,0.06,5,1.4499999999999997,1.0,1.0,0,dry_vent_strong_only_v1,False,126,1.0,720,False,248,1.0,0,65,0,313,65,65,dry=0.02|dry_vent=0.06|dew=0.12|canopy=0.04
0.06,80,0.6349206349206349,80,0.12,0.02,0.06,3,1.0142857142857142,1.0,0.9142857142857143,0,dry_vent_strong_only_v1,False,126,1.0,720,False,248,1.0,0,80,0,328,80,80,dry=0.02|dry_vent=0.06|dew=0.12|canopy=0.06
0.08,83,0.6587301587301587,83,0.12,0.02,0.06,3,0.9285714285714284,1.0,0.8285714285714285,0,dry_vent_strong_only_v1,False,126,1.0,720,False,248,1.0,0,83,0,331,83,83,dry=0.02|dry_vent=0.06|dew=0.12|canopy=0.08
0.1,87,0.6904761904761905,87,0.12,0.02,0.06,3,0.8142857142857142,1.0,0.7142857142857143,0,dry_vent_strong_only_v1,False,126,1.0,720,False,248,1.0,0,87,0,335,87,87,dry=0.02|dry_vent=0.06|dew=0.12|canopy=0.10
0.12,118,0.9365079365079365,118,0.12,0.02,0.06,5,1.15,0.0,0.0,0,dry_vent_strong_only_v1,True,126,1.0,720,False,248,1.0,0,118,0,366,118,118,dry=0.02|dry_vent=0.06|dew=0.12|canopy=0.12
0.0,0,0.0,0,0.0,0.04,0.0,5,1.75,0.0,0.0,0,dry_vent_strong_only_v1,False,126,0.0,720,False,248,0.0,0,0,0,248,0,0,dry=0.04|dry_vent=0.00|dew=0.00|canopy=0.00
0.04,0,0.0,0,0.0,0.04,0.0,5,1.75,0.0,0.0,0,dry_vent_strong_only_v1,False,126,0.0,720,False,248,0.0,0,0,0,248,0,0,dry=0.04|dry_vent=0.00|dew=0.00|canopy=0.04
0.06,15,0.11904761904761904,15,0.0,0.04,0.0,3,1.314285714285714,1.0,0.6666666666666666,0,dry_vent_strong_only_v1,False,126,0.6666666666666666,720,False,248,0.0,0,15,0,263,15,15,dry=0.04|dry_vent=0.00|dew=0.00|canopy=0.06
0.08,18,0.14285714285714285,18,0.0,0.04,0.0,3,1.2285714285714284,1.0,0.6666666666666666,0,dry_vent_strong_only_v1,False,126,0.6666666666666666,720,False,248,0.0,0,18,0,266,18,18,dry=0.04|dry_vent=0.00|dew=0.00|canopy=0.08
0.1,22,0.1746031746031746,22,0.0,0.04,0.0,3,1.1142857142857143,1.0,0.6666666666666666,0,dry_vent_strong_only_v1,False,126,0.6666666666666666,720,False,248,0.0,0,22,0,270,22,22,dry=0.04|dry_vent=0.00|dew=0.00|canopy=0.10
0.12,53,0.42063492063492064,53,0.0,0.04,0.0,5,1.4499999999999997,1.0,1.0,0,dry_vent_strong_only_v1,False,126,1.0,720,False,248,0.0,0,53,0,301,53,53,dry=0.04|dry_vent=0.00|dew=0.00|canopy=0.12
0.0,0,0.0,0,0.04,0.04,0.0,5,1.75,0.0,0.0,0,dry_vent_strong_only_v1,False,126,0.0,720,False,248,0.0,0,0,0,248,0,0,dry=0.04|dry_vent=0.00|dew=0.04|canopy=0.00
0.04,0,0.0,0,0.04,0.04,0.0,5,1.75,0.0,0.0,0,dry_vent_strong_only_v1,False,126,0.0,720,False,248,0.0,0,0,0,248,0,0,dry=0.04|dry_vent=0.00|dew=0.04|canopy=0.04
0.06,15,0.11904761904761904,15,0.04,0.04,0.0,3,1.314285714285714,1.0,0.6666666666666666,0,dry_vent_strong_only_v1,False,126,0.6666666666666666,720,False,248,0.0,0,15,0,263,15,15,dry=0.04|dry_vent=0.00|dew=0.04|canopy=0.06
0.08,18,0.14285714285714285,18,0.04,0.04,0.0,3,1.2285714285714284,1.0,0.6666666666666666,0,dry_vent_strong_only_v1,False,126,0.6666666666666666,720,False,248,0.0,0,18,0,266,18,18,dry=0.04|dry_vent=0.00|dew=0.04|canopy=0.08
0.1,22,0.1746031746031746,22,0.04,0.04,0.0,3,1.1142857142857143,1.0,0.6666666666666666,0,dry_vent_strong_only_v1,False,126,0.6666666666666666,720,False,248,0.0,0,22,0,270,22,22,dry=0.04|dry_vent=0.00|dew=0.04|canopy=0.10
0.12,53,0.42063492063492064,53,0.04,0.04,0.0,5,1.4499999999999997,1.0,1.0,0,dry_vent_strong_only_v1,False,126,1.0,720,False,248,0.0,0,53,0,301,53,53,dry=0.04|dry_vent=0.00|dew=0.04|canopy=0.12
0.0,0,0.0,0,0.06,0.04,0.0,5,1.75,0.0,0.0,0,dry_vent_strong_only_v1,False,126,0.0,720,False,248,0.0,0,0,0,248,0,0,dry=0.04|dry_vent=0.00|dew=0.06|canopy=0.00
0.04,0,0.0,0,0.06,0.04,0.0,5,1.75,0.0,0.0,0,dry_vent_strong_only_v1,False,126,0.0,720,False,248,0.0,0,0,0,248,0,0,dry=0.04|dry_vent=0.00|dew=0.06|canopy=0.04
0.06,15,0.11904761904761904,15,0.06,0.04,0.0,3,1.314285714285714,1.0,0.6666666666666666,0,dry_vent_strong_only_v1,False,126,0.6666666666666666,720,False,248,0.0,0,15,0,263,15,15,dry=0.04|dry_vent=0.00|dew=0.06|canopy=0.06
0.08,18,0.14285714285714285,18,0.06,0.04,0.0,3,1.2285714285714284,1.0,0.6666666666666666,0,dry_vent_strong_only_v1,False,126,0.6666666666666666,720,False,248,0.0,0,18,0,266,18,18,dry=0.04|dry_vent=0.00|dew=0.06|canopy=0.08
0.1,22,0.1746031746031746,22,0.06,0.04,0.0,3,1.1142857142857143,1.0,0.6666666666666666,0,dry_vent_strong_only_v1,False,126,0.6666666666666666,720,False,248,0.0,0,22,0,270,22,22,dry=0.04|dry_vent=0.00|dew=0.06|canopy=0.10
0.12,53,0.42063492063492064,53,0.06,0.04,0.0,5,1.4499999999999997,1.0,1.0,0,dry_vent_strong_only_v1,False,126,1.0,720,False,248,0.0,0,53,0,301,53,53,dry=0.04|dry_vent=0.00|dew=0.06|canopy=0.12
0.0,15,0.11904761904761904,15,0.08,0.04,0.0,4,1.4,0.0,0.0,0,dry_vent_strong_only_v1,False,126,0.375,720,False,248,0.375,0,15,0,263,15,15,dry=0.04|dry_vent=0.00|dew=0.08|canopy=0.00
0.04,15,0.11904761904761904,15,0.08,0.04,0.0,4,1.4,0.0,0.0,0,dry_vent_strong_only_v1,False,126,0.375,720,False,248,0.375,0,15,0,263,15,15,dry=0.04|dry_vent=0.00|dew=0.08|canopy=0.04
0.06,30,0.23809523809523808,30,0.08,0.04,0.0,2,0.9642857142857142,1.0,0.6666666666666666,0,dry_vent_strong_only_v1,False,126,0.6666666666666666,720,False,248,0.375,0,30,0,278,30,30,dry=0.04|dry_vent=0.00|dew=0.08|canopy=0.06
0.08,33,0.2619047619047619,33,0.08,0.04,0.0,2,0.8785714285714286,1.0,0.6666666666666666,0,dry_vent_strong_only_v1,False,126,0.6666666666666666,720,False,248,0.375,0,33,0,281,33,33,dry=0.04|dry_vent=0.00|dew=0.08|canopy=0.08
0.1,37,0.29365079365079366,37,0.08,0.04,0.0,2,0.7642857142857142,1.0,0.6666666666666666,0,dry_vent_strong_only_v1,False,126,0.6666666666666666,720,False,248,0.375,0,37,0,285,37,37,dry=0.04|dry_vent=0.00|dew=0.08|canopy=0.10
0.12,68,0.5396825396825397,68,0.08,0.04,0.0,4,1.0999999999999999,1.0,1.0,0,dry_vent_strong_only_v1,False,126,1.0,720,False,248,0.375,0,68,0,316,68,68,dry=0.04|dry_vent=0.00|dew=0.08|canopy=0.12
0.0,22,0.1746031746031746,22,0.1,0.04,0.0,4,1.4,0.0,0.0,0,dry_vent_strong_only_v1,False,126,0.55,720,False,248,0.55,0,22,0,270,22,22,dry=0.04|dry_vent=0.00|dew=0.10|canopy=0.00
0.04,22,0.1746031746031746,22,0.1,0.04,0.0,4,1.4,0.0,0.0,0,dry_vent_strong_only_v1,False,126,0.55,720,False,248,0.55,0,22,0,270,22,22,dry=0.04|dry_vent=0.00|dew=0.10|canopy=0.04
0.06,37,0.29365079365079366,37,0.1,0.04,0.0,2,0.9642857142857142,1.0,0.6666666666666666,0,dry_vent_strong_only_v1,False,126,0.6666666666666666,720,False,248,0.55,0,37,0,285,37,37,dry=0.04|dry_vent=0.00|dew=0.10|canopy=0.06
0.08,40,0.31746031746031744,40,0.1,0.04,0.0,2,0.8785714285714286,1.0,0.6666666666666666,0,dry_vent_strong_only_v1,False,126,0.6666666666666666,720,False,248,0.55,0,40,0,288,40,40,dry=0.04|dry_vent=0.00|dew=0.10|canopy=0.08
0.1,44,0.3492063492063492,44,0.1,0.04,0.0,2,0.7642857142857142,1.0,0.6666666666666666,0,dry_vent_strong_only_v1,False,126,0.6666666666666666,720,False,248,0.55,0,44,0,292,44,44,dry=0.04|dry_vent=0.00|dew=0.10|canopy=0.10
0.12,75,0.5952380952380952,75,0.1,0.04,0.0,4,1.0999999999999999,1.0,1.0,0,dry_vent_strong_only_v1,False,126,1.0,720,False,248,0.55,0,75,0,323,75,75,dry=0.04|dry_vent=0.00|dew=0.10|canopy=0.12
0.0,40,0.31746031746031744,40,0.12,0.04,0.0,5,1.5999999999999999,0.0,0.0,0,dry_vent_strong_only_v1,False,126,1.0,720,False,248,1.0,0,40,0,288,40,40,dry=0.04|dry_vent=0.00|dew=0.12|canopy=0.00
0.04,40,0.31746031746031744,40,0.12,0.04,0.0,5,1.5999999999999999,0.0,0.0,0,dry_vent_strong_only_v1,False,126,1.0,720,False,248,1.0,0,40,0,288,40,40,dry=0.04|dry_vent=0.00|dew=0.12|canopy=0.04
0.06,55,0.4365079365079365,55,0.12,0.04,0.0,3,1.1642857142857141,1.0,0.6666666666666666,0,dry_vent_strong_only_v1,False,126,1.0,720,False,248,1.0,0,55,0,303,55,55,dry=0.04|dry_vent=0.00|dew=0.12|canopy=0.06
0.08,58,0.4603174603174603,58,0.12,0.04,0.0,3,1.0785714285714285,1.0,0.6666666666666666,0,dry_vent_strong_only_v1,False,126,1.0,720,False,248,1.0,0,58,0,306,58,58,dry=0.04|dry_vent=0.00|dew=0.12|canopy=0.08
0.1,62,0.49206349206349204,62,0.12,0.04,0.0,3,0.9642857142857142,1.0,0.6666666666666666,0,dry_vent_strong_only_v1,False,126,1.0,720,False,248,1.0,0,62,0,310,62,62,dry=0.04|dry_vent=0.00|dew=0.12|canopy=0.10
0.12,93,0.7380952380952381,93,0.12,0.04,0.0,5,1.2999999999999998,1.0,1.0,0,dry_vent_strong_only_v1,False,126,1.0,720,False,248,1.0,0,93,0,341,93,93,dry=0.04|dry_vent=0.00|dew=0.12|canopy=0.12
0.0,0,0.0,0,0.0,0.04,0.02,5,1.75,0.0,0.0,0,dry_vent_strong_only_v1,False,126,0.0,720,False,248,0.0,0,0,0,248,0,0,dry=0.04|dry_vent=0.02|dew=0.00|canopy=0.00
0.04,0,0.0,0,0.0,0.04,0.02,5,1.75,0.0,0.0,0,dry_vent_strong_only_v1,False,126,0.0,720,False,248,0.0,0,0,0,248,0,0,dry=0.04|dry_vent=0.02|dew=0.00|canopy=0.04
0.06,15,0.11904761904761904,15,0.0,0.04,0.02,3,1.314285714285714,1.0,0.6666666666666666,0,dry_vent_strong_only_v1,False,126,0.6666666666666666,720,False,248,0.0,0,15,0,263,15,15,dry=0.04|dry_vent=0.02|dew=0.00|canopy=0.06
0.08,18,0.14285714285714285,18,0.0,0.04,0.02,3,1.2285714285714284,1.0,0.6666666666666666,0,dry_vent_strong_only_v1,False,126,0.6666666666666666,720,False,248,0.0,0,18,0,266,18,18,dry=0.04|dry_vent=0.02|dew=0.00|canopy=0.08
0.1,22,0.1746031746031746,22,0.0,0.04,0.02,3,1.1142857142857143,1.0,0.6666666666666666,0,dry_vent_strong_only_v1,False,126,0.6666666666666666,720,False,248,0.0,0,22,0,270,22,22,dry=0.04|dry_vent=0.02|dew=0.00|canopy=0.10
0.12,53,0.42063492063492064,53,0.0,0.04,0.02,5,1.4499999999999997,1.0,1.0,0,dry_vent_strong_only_v1,False,126,1.0,720,False,248,0.0,0,53,0,301,53,53,dry=0.04|dry_vent=0.02|dew=0.00|canopy=0.12
0.0,0,0.0,0,0.04,0.04,0.02,5,1.75,0.0,0.0,0,dry_vent_strong_only_v1,False,126,0.0,720,False,248,0.0,0,0,0,248,0,0,dry=0.04|dry_vent=0.02|dew=0.04|canopy=0.00
0.04,0,0.0,0,0.04,0.04,0.02,5,1.75,0.0,0.0,0,dry_vent_strong_only_v1,False,126,0.0,720,False,248,0.0,0,0,0,248,0,0,dry=0.04|dry_vent=0.02|dew=0.04|canopy=0.04
0.06,15,0.11904761904761904,15,0.04,0.04,0.02,3,1.314285714285714,1.0,0.6666666666666666,0,dry_vent_strong_only_v1,False,126,0.6666666666666666,720,False,248,0.0,0,15,0,263,15,15,dry=0.04|dry_vent=0.02|dew=0.04|canopy=0.06
0.08,18,0.14285714285714285,18,0.04,0.04,0.02,3,1.2285714285714284,1.0,0.6666666666666666,0,dry_vent_strong_only_v1,False,126,0.6666666666666666,720,False,248,0.0,0,18,0,266,18,18,dry=0.04|dry_vent=0.02|dew=0.04|canopy=0.08
0.1,22,0.1746031746031746,22,0.04,0.04,0.02,3,1.1142857142857143,1.0,0.6666666666666666,0,dry_vent_strong_only_v1,False,126,0.6666666666666666,720,False,248,0.0,0,22,0,270,22,22,dry=0.04|dry_vent=0.02|dew=0.04|canopy=0.10
0.12,53,0.42063492063492064,53,0.04,0.04,0.02,5,1.4499999999999997,1.0,1.0,0,dry_vent_strong_only_v1,False,126,1.0,720,False,248,0.0,0,53,0,301,53,53,dry=0.04|dry_vent=0.02|dew=0.04|canopy=0.12
0.0,0,0.0,0,0.06,0.04,0.02,5,1.75,0.0,0.0,0,dry_vent_strong_only_v1,False,126,0.0,720,False,248,0.0,0,0,0,248,0,0,dry=0.04|dry_vent=0.02|dew=0.06|canopy=0.00
0.04,0,0.0,0,0.06,0.04,0.02,5,1.75,0.0,0.0,0,dry_vent_strong_only_v1,False,126,0.0,720,False,248,0.0,0,0,0,248,0,0,dry=0.04|dry_vent=0.02|dew=0.06|canopy=0.04
0.06,15,0.11904761904761904,15,0.06,0.04,0.02,3,1.314285714285714,1.0,0.6666666666666666,0,dry_vent_strong_only_v1,False,126,0.6666666666666666,720,False,248,0.0,0,15,0,263,15,15,dry=0.04|dry_vent=0.02|dew=0.06|canopy=0.06
0.08,18,0.14285714285714285,18,0.06,0.04,0.02,3,1.2285714285714284,1.0,0.6666666666666666,0,dry_vent_strong_only_v1,False,126,0.6666666666666666,720,False,248,0.0,0,18,0,266,18,18,dry=0.04|dry_vent=0.02|dew=0.06|canopy=0.08
0.1,22,0.1746031746031746,22,0.06,0.04,0.02,3,1.1142857142857143,1.0,0.6666666666666666,0,dry_vent_strong_only_v1,False,126,0.6666666666666666,720,False,248,0.0,0,22,0,270,22,22,dry=0.04|dry_vent=0.02|dew=0.06|canopy=0.10
0.12,53,0.42063492063492064,53,0.06,0.04,0.02,5,1.4499999999999997,1.0,1.0,0,dry_vent_strong_only_v1,False,126,1.0,720,False,248,0.0,0,53,0,301,53,53,dry=0.04|dry_vent=0.02|dew=0.06|canopy=0.12
0.0,15,0.11904761904761904,15,0.08,0.04,0.02,4,1.4,0.0,0.0,0,dry_vent_strong_only_v1,False,126,0.375,720,False,248,0.375,0,15,0,263,15,15,dry=0.04|dry_vent=0.02|dew=0.08|canopy=0.00
0.04,15,0.11904761904761904,15,0.08,0.04,0.02,4,1.4,0.0,0.0,0,dry_vent_strong_only_v1,False,126,0.375,720,False,248,0.375,0,15,0,263,15,15,dry=0.04|dry_vent=0.02|dew=0.08|canopy=0.04
0.06,30,0.23809523809523808,30,0.08,0.04,0.02,2,0.9642857142857142,1.0,0.6666666666666666,0,dry_vent_strong_only_v1,False,126,0.6666666666666666,720,False,248,0.375,0,30,0,278,30,30,dry=0.04|dry_vent=0.02|dew=0.08|canopy=0.06
0.08,33,0.2619047619047619,33,0.08,0.04,0.02,2,0.8785714285714286,1.0,0.6666666666666666,0,dry_vent_strong_only_v1,False,126,0.6666666666666666,720,False,248,0.375,0,33,0,281,33,33,dry=0.04|dry_vent=0.02|dew=0.08|canopy=0.08
0.1,37,0.29365079365079366,37,0.08,0.04,0.02,2,0.7642857142857142,1.0,0.6666666666666666,0,dry_vent_strong_only_v1,False,126,0.6666666666666666,720,False,248,0.375,0,37,0,285,37,37,dry=0.04|dry_vent=0.02|dew=0.08|canopy=0.10
0.12,68,0.5396825396825397,68,0.08,0.04,0.02,4,1.0999999999999999,1.0,1.0,0,dry_vent_strong_only_v1,False,126,1.0,720,False,248,0.375,0,68,0,316,68,68,dry=0.04|dry_vent=0.02|dew=0.08|canopy=0.12
0.0,22,0.1746031746031746,22,0.1,0.04,0.02,4,1.4,0.0,0.0,0,dry_vent_strong_only_v1,False,126,0.55,720,False,248,0.55,0,22,0,270,22,22,dry=0.04|dry_vent=0.02|dew=0.10|canopy=0.00
0.04,22,0.1746031746031746,22,0.1,0.04,0.02,4,1.4,0.0,0.0,0,dry_vent_strong_only_v1,False,126,0.55,720,False,248,0.55,0,22,0,270,22,22,dry=0.04|dry_vent=0.02|dew=0.10|canopy=0.04
0.06,37,0.29365079365079366,37,0.1,0.04,0.02,2,0.9642857142857142,1.0,0.6666666666666666,0,dry_vent_strong_only_v1,False,126,0.6666666666666666,720,False,248,0.55,0,37,0,285,37,37,dry=0.04|dry_vent=0.02|dew=0.10|canopy=0.06
0.08,40,0.31746031746031744,40,0.1,0.04,0.02,2,0.8785714285714286,1.0,0.6666666666666666,0,dry_vent_strong_only_v1,False,126,0.6666666666666666,720,False,248,0.55,0,40,0,288,40,40,dry=0.04|dry_vent=0.02|dew=0.10|canopy=0.08
0.1,44,0.3492063492063492,44,0.1,0.04,0.02,2,0.7642857142857142,1.0,0.6666666666666666,0,dry_vent_strong_only_v1,False,126,0.6666666666666666,720,False,248,0.55,0,44,0,292,44,44,dry=0.04|dry_vent=0.02|dew=0.10|canopy=0.10
0.12,75,0.5952380952380952,75,0.1,0.04,0.02,4,1.0999999999999999,1.0,1.0,0,dry_vent_strong_only_v1,False,126,1.0,720,False,248,0.55,0,75,0,323,75,75,dry=0.04|dry_vent=0.02|dew=0.10|canopy=0.12
0.0,40,0.31746031746031744,40,0.12,0.04,0.02,5,1.5999999999999999,0.0,0.0,0,dry_vent_strong_only_v1,False,126,1.0,720,False,248,1.0,0,40,0,288,40,40,dry=0.04|dry_vent=0.02|dew=0.12|canopy=0.00
0.04,40,0.31746031746031744,40,0.12,0.04,0.02,5,1.5999999999999999,0.0,0.0,0,dry_vent_strong_only_v1,False,126,1.0,720,False,248,1.0,0,40,0,288,40,40,dry=0.04|dry_vent=0.02|dew=0.12|canopy=0.04
0.06,55,0.4365079365079365,55,0.12,0.04,0.02,3,1.1642857142857141,1.0,0.6666666666666666,0,dry_vent_strong_only_v1,False,126,1.0,720,False,248,1.0,0,55,0,303,55,55,dry=0.04|dry_vent=0.02|dew=0.12|canopy=0.06
0.08,58,0.4603174603174603,58,0.12,0.04,0.02,3,1.0785714285714285,1.0,0.6666666666666666,0,dry_vent_strong_only_v1,False,126,1.0,720,False,248,1.0,0,58,0,306,58,58,dry=0.04|dry_vent=0.02|dew=0.12|canopy=0.08
0.1,62,0.49206349206349204,62,0.12,0.04,0.02,3,0.9642857142857142,1.0,0.6666666666666666,0,dry_vent_strong_only_v1,False,126,1.0,720,False,248,1.0,0,62,0,310,62,62,dry=0.04|dry_vent=0.02|dew=0.12|canopy=0.10
0.12,93,0.7380952380952381,93,0.12,0.04,0.02,5,1.2999999999999998,1.0,1.0,0,dry_vent_strong_only_v1,False,126,1.0,720,False,248,1.0,0,93,0,341,93,93,dry=0.04|dry_vent=0.02|dew=0.12|canopy=0.12
0.0,0,0.0,0,0.0,0.04,0.04,5,1.75,0.0,0.0,0,dry_vent_strong_only_v1,False,126,0.0,720,False,248,0.0,0,0,0,248,0,0,dry=0.04|dry_vent=0.04|dew=0.00|canopy=0.00
0.04,0,0.0,0,0.0,0.04,0.04,5,1.75,0.0,0.0,0,dry_vent_strong_only_v1,False,126,0.0,720,False,248,0.0,0,0,0,248,0,0,dry=0.04|dry_vent=0.04|dew=0.00|canopy=0.04
0.06,15,0.11904761904761904,15,0.0,0.04,0.04,3,1.314285714285714,1.0,0.6666666666666666,0,dry_vent_strong_only_v1,False,126,0.6666666666666666,720,False,248,0.0,0,15,0,263,15,15,dry=0.04|dry_vent=0.04|dew=0.00|canopy=0.06
0.08,18,0.14285714285714285,18,0.0,0.04,0.04,3,1.2285714285714284,1.0,0.6666666666666666,0,dry_vent_strong_only_v1,False,126,0.6666666666666666,720,False,248,0.0,0,18,0,266,18,18,dry=0.04|dry_vent=0.04|dew=0.00|canopy=0.08
0.1,22,0.1746031746031746,22,0.0,0.04,0.04,3,1.1142857142857143,1.0,0.6666666666666666,0,dry_vent_strong_only_v1,False,126,0.6666666666666666,720,False,248,0.0,0,22,0,270,22,22,dry=0.04|dry_vent=0.04|dew=0.00|canopy=0.10
0.12,53,0.42063492063492064,53,0.0,0.04,0.04,5,1.4499999999999997,1.0,1.0,0,dry_vent_strong_only_v1,False,126,1.0,720,False,248,0.0,0,53,0,301,53,53,dry=0.04|dry_vent=0.04|dew=0.00|canopy=0.12
0.0,0,0.0,0,0.04,0.04,0.04,5,1.75,0.0,0.0,0,dry_vent_strong_only_v1,False,126,0.0,720,False,248,0.0,0,0,0,248,0,0,dry=0.04|dry_vent=0.04|dew=0.04|canopy=0.00
0.04,0,0.0,0,0.04,0.04,0.04,5,1.75,0.0,0.0,0,dry_vent_strong_only_v1,False,126,0.0,720,False,248,0.0,0,0,0,248,0,0,dry=0.04|dry_vent=0.04|dew=0.04|canopy=0.04
0.06,15,0.11904761904761904,15,0.04,0.04,0.04,3,1.314285714285714,1.0,0.6666666666666666,0,dry_vent_strong_only_v1,False,126,0.6666666666666666,720,False,248,0.0,0,15,0,263,15,15,dry=0.04|dry_vent=0.04|dew=0.04|canopy=0.06
0.08,18,0.14285714285714285,18,0.04,0.04,0.04,3,1.2285714285714284,1.0,0.6666666666666666,0,dry_vent_strong_only_v1,False,126,0.6666666666666666,720,False,248,0.0,0,18,0,266,18,18,dry=0.04|dry_vent=0.04|dew=0.04|canopy=0.08
0.1,22,0.1746031746031746,22,0.04,0.04,0.04,3,1.1142857142857143,1.0,0.6666666666666666,0,dry_vent_strong_only_v1,False,126,0.6666666666666666,720,False,248,0.0,0,22,0,270,22,22,dry=0.04|dry_vent=0.04|dew=0.04|canopy=0.10
0.12,53,0.42063492063492064,53,0.04,0.04,0.04,5,1.4499999999999997,1.0,1.0,0,dry_vent_strong_only_v1,False,126,1.0,720,False,248,0.0,0,53,0,301,53,53,dry=0.04|dry_vent=0.04|dew=0.04|canopy=0.12
0.0,0,0.0,0,0.06,0.04,0.04,5,1.75,0.0,0.0,0,dry_vent_strong_only_v1,False,126,0.0,720,False,248,0.0,0,0,0,248,0,0,dry=0.04|dry_vent=0.04|dew=0.06|canopy=0.00
0.04,0,0.0,0,0.06,0.04,0.04,5,1.75,0.0,0.0,0,dry_vent_strong_only_v1,False,126,0.0,720,False,248,0.0,0,0,0,248,0,0,dry=0.04|dry_vent=0.04|dew=0.06|canopy=0.04
0.06,15,0.11904761904761904,15,0.06,0.04,0.04,3,1.314285714285714,1.0,0.6666666666666666,0,dry_vent_strong_only_v1,False,126,0.6666666666666666,720,False,248,0.0,0,15,0,263,15,15,dry=0.04|dry_vent=0.04|dew=0.06|canopy=0.06
0.08,18,0.14285714285714285,18,0.06,0.04,0.04,3,1.2285714285714284,1.0,0.6666666666666666,0,dry_vent_strong_only_v1,False,126,0.6666666666666666,720,False,248,0.0,0,18,0,266,18,18,dry=0.04|dry_vent=0.04|dew=0.06|canopy=0.08
0.1,22,0.1746031746031746,22,0.06,0.04,0.04,3,1.1142857142857143,1.0,0.6666666666666666,0,dry_vent_strong_only_v1,False,126,0.6666666666666666,720,False,248,0.0,0,22,0,270,22,22,dry=0.04|dry_vent=0.04|dew=0.06|canopy=0.10
0.12,53,0.42063492063492064,53,0.06,0.04,0.04,5,1.4499999999999997,1.0,1.0,0,dry_vent_strong_only_v1,False,126,1.0,720,False,248,0.0,0,53,0,301,53,53,dry=0.04|dry_vent=0.04|dew=0.06|canopy=0.12
0.0,15,0.11904761904761904,15,0.08,0.04,0.04,4,1.4,0.0,0.0,0,dry_vent_strong_only_v1,False,126,0.375,720,False,248,0.375,0,15,0,263,15,15,dry=0.04|dry_vent=0.04|dew=0.08|canopy=0.00
0.04,15,0.11904761904761904,15,0.08,0.04,0.04,4,1.4,0.0,0.0,0,dry_vent_strong_only_v1,False,126,0.375,720,False,248,0.375,0,15,0,263,15,15,dry=0.04|dry_vent=0.04|dew=0.08|canopy=0.04
0.06,30,0.23809523809523808,30,0.08,0.04,0.04,2,0.9642857142857142,1.0,0.6666666666666666,0,dry_vent_strong_only_v1,False,126,0.6666666666666666,720,False,248,0.375,0,30,0,278,30,30,dry=0.04|dry_vent=0.04|dew=0.08|canopy=0.06
0.08,33,0.2619047619047619,33,0.08,0.04,0.04,2,0.8785714285714286,1.0,0.6666666666666666,0,dry_vent_strong_only_v1,False,126,0.6666666666666666,720,False,248,0.375,0,33,0,281,33,33,dry=0.04|dry_vent=0.04|dew=0.08|canopy=0.08
0.1,37,0.29365079365079366,37,0.08,0.04,0.04,2,0.7642857142857142,1.0,0.6666666666666666,0,dry_vent_strong_only_v1,False,126,0.6666666666666666,720,False,248,0.375,0,37,0,285,37,37,dry=0.04|dry_vent=0.04|dew=0.08|canopy=0.10
0.12,68,0.5396825396825397,68,0.08,0.04,0.04,4,1.0999999999999999,1.0,1.0,0,dry_vent_strong_only_v1,False,126,1.0,720,False,248,0.375,0,68,0,316,68,68,dry=0.04|dry_vent=0.04|dew=0.08|canopy=0.12
0.0,22,0.1746031746031746,22,0.1,0.04,0.04,4,1.4,0.0,0.0,0,dry_vent_strong_only_v1,False,126,0.55,720,False,248,0.55,0,22,0,270,22,22,dry=0.04|dry_vent=0.04|dew=0.10|canopy=0.00
0.04,22,0.1746031746031746,22,0.1,0.04,0.04,4,1.4,0.0,0.0,0,dry_vent_strong_only_v1,False,126,0.55,720,False,248,0.55,0,22,0,270,22,22,dry=0.04|dry_vent=0.04|dew=0.10|canopy=0.04
0.06,37,0.29365079365079366,37,0.1,0.04,0.04,2,0.9642857142857142,1.0,0.6666666666666666,0,dry_vent_strong_only_v1,False,126,0.6666666666666666,720,False,248,0.55,0,37,0,285,37,37,dry=0.04|dry_vent=0.04|dew=0.10|canopy=0.06
0.08,40,0.31746031746031744,40,0.1,0.04,0.04,2,0.8785714285714286,1.0,0.6666666666666666,0,dry_vent_strong_only_v1,False,126,0.6666666666666666,720,False,248,0.55,0,40,0,288,40,40,dry=0.04|dry_vent=0.04|dew=0.10|canopy=0.08
0.1,44,0.3492063492063492,44,0.1,0.04,0.04,2,0.7642857142857142,1.0,0.6666666666666666,0,dry_vent_strong_only_v1,False,126,0.6666666666666666,720,False,248,0.55,0,44,0,292,44,44,dry=0.04|dry_vent=0.04|dew=0.10|canopy=0.10
0.12,75,0.5952380952380952,75,0.1,0.04,0.04,4,1.0999999999999999,1.0,1.0,0,dry_vent_strong_only_v1,False,126,1.0,720,False,248,0.55,0,75,0,323,75,75,dry=0.04|dry_vent=0.04|dew=0.10|canopy=0.12
0.0,40,0.31746031746031744,40,0.12,0.04,0.04,5,1.5999999999999999,0.0,0.0,0,dry_vent_strong_only_v1,False,126,1.0,720,False,248,1.0,0,40,0,288,40,40,dry=0.04|dry_vent=0.04|dew=0.12|canopy=0.00
0.04,40,0.31746031746031744,40,0.12,0.04,0.04,5,1.5999999999999999,0.0,0.0,0,dry_vent_strong_only_v1,False,126,1.0,720,False,248,1.0,0,40,0,288,40,40,dry=0.04|dry_vent=0.04|dew=0.12|canopy=0.04
0.06,55,0.4365079365079365,55,0.12,0.04,0.04,3,1.1642857142857141,1.0,0.6666666666666666,0,dry_vent_strong_only_v1,False,126,1.0,720,False,248,1.0,0,55,0,303,55,55,dry=0.04|dry_vent=0.04|dew=0.12|canopy=0.06
0.08,58,0.4603174603174603,58,0.12,0.04,0.04,3,1.0785714285714285,1.0,0.6666666666666666,0,dry_vent_strong_only_v1,False,126,1.0,720,False,248,1.0,0,58,0,306,58,58,dry=0.04|dry_vent=0.04|dew=0.12|canopy=0.08
0.1,62,0.49206349206349204,62,0.12,0.04,0.04,3,0.9642857142857142,1.0,0.6666666666666666,0,dry_vent_strong_only_v1,False,126,1.0,720,False,248,1.0,0,62,0,310,62,62,dry=0.04|dry_vent=0.04|dew=0.12|canopy=0.10
0.12,93,0.7380952380952381,93,0.12,0.04,0.04,5,1.2999999999999998,1.0,1.0,0,dry_vent_strong_only_v1,False,126,1.0,720,False,248,1.0,0,93,0,341,93,93,dry=0.04|dry_vent=0.04|dew=0.12|canopy=0.12
0.0,25,0.1984126984126984,25,0.0,0.04,0.06,5,1.5999999999999999,1.0,1.0,0,dry_vent_strong_only_v1,False,126,1.0,720,False,248,0.0,0,25,0,273,25,25,dry=0.04|dry_vent=0.06|dew=0.00|canopy=0.00
0.04,25,0.1984126984126984,25,0.0,0.04,0.06,5,1.5999999999999999,1.0,1.0,0,dry_vent_strong_only_v1,False,126,1.0,720,False,248,0.0,0,25,0,273,25,25,dry=0.04|dry_vent=0.06|dew=0.00|canopy=0.04
0.06,40,0.31746031746031744,40,0.0,0.04,0.06,3,1.1642857142857141,1.0,0.9142857142857143,0,dry_vent_strong_only_v1,False,126,1.0,720,False,248,0.0,0,40,0,288,40,40,dry=0.04|dry_vent=0.06|dew=0.00|canopy=0.06
0.08,43,0.3412698412698413,43,0.0,0.04,0.06,3,1.0785714285714285,1.0,0.8285714285714285,0,dry_vent_strong_only_v1,False,126,1.0,720,False,248,0.0,0,43,0,291,43,43,dry=0.04|dry_vent=0.06|dew=0.00|canopy=0.08
0.1,47,0.373015873015873,47,0.0,0.04,0.06,3,0.9642857142857142,1.0,0.7142857142857143,0,dry_vent_strong_only_v1,False,126,1.0,720,False,248,0.0,0,47,0,295,47,47,dry=0.04|dry_vent=0.06|dew=0.00|canopy=0.10
0.12,78,0.6190476190476191,78,0.0,0.04,0.06,5,1.2999999999999998,0.0,0.0,0,dry_vent_strong_only_v1,False,126,1.0,720,False,248,0.0,0,78,0,326,78,78,dry=0.04|dry_vent=0.06|dew=0.00|canopy=0.12
0.0,25,0.1984126984126984,25,0.04,0.04,0.06,5,1.5999999999999999,1.0,1.0,0,dry_vent_strong_only_v1,False,126,1.0,720,False,248,0.0,0,25,0,273,25,25,dry=0.04|dry_vent=0.06|dew=0.04|canopy=0.00
0.04,25,0.1984126984126984,25,0.04,0.04,0.06,5,1.5999999999999999,1.0,1.0,0,dry_vent_strong_only_v1,False,126,1.0,720,False,248,0.0,0,25,0,273,25,25,dry=0.04|dry_vent=0.06|dew=0.04|canopy=0.04
0.06,40,0.31746031746031744,40,0.04,0.04,0.06,3,1.1642857142857141,1.0,0.9142857142857143,0,dry_vent_strong_only_v1,False,126,1.0,720,False,248,0.0,0,40,0,288,40,40,dry=0.04|dry_vent=0.06|dew=0.04|canopy=0.06
0.08,43,0.3412698412698413,43,0.04,0.04,0.06,3,1.0785714285714285,1.0,0.8285714285714285,0,dry_vent_strong_only_v1,False,126,1.0,720,False,248,0.0,0,43,0,291,43,43,dry=0.04|dry_vent=0.06|dew=0.04|canopy=0.08
0.1,47,0.373015873015873,47,0.04,0.04,0.06,3,0.9642857142857142,1.0,0.7142857142857143,0,dry_vent_strong_only_v1,False,126,1.0,720,False,248,0.0,0,47,0,295,47,47,dry=0.04|dry_vent=0.06|dew=0.04|canopy=0.10
0.12,78,0.6190476190476191,78,0.04,0.04,0.06,5,1.2999999999999998,0.0,0.0,0,dry_vent_strong_only_v1,False,126,1.0,720,False,248,0.0,0,78,0,326,78,78,dry=0.04|dry_vent=0.06|dew=0.04|canopy=0.12
0.0,25,0.1984126984126984,25,0.06,0.04,0.06,5,1.5999999999999999,1.0,1.0,0,dry_vent_strong_only_v1,False,126,1.0,720,False,248,0.0,0,25,0,273,25,25,dry=0.04|dry_vent=0.06|dew=0.06|canopy=0.00
0.04,25,0.1984126984126984,25,0.06,0.04,0.06,5,1.5999999999999999,1.0,1.0,0,dry_vent_strong_only_v1,False,126,1.0,720,False,248,0.0,0,25,0,273,25,25,dry=0.04|dry_vent=0.06|dew=0.06|canopy=0.04
0.06,40,0.31746031746031744,40,0.06,0.04,0.06,3,1.1642857142857141,1.0,0.9142857142857143,0,dry_vent_strong_only_v1,False,126,1.0,720,False,248,0.0,0,40,0,288,40,40,dry=0.04|dry_vent=0.06|dew=0.06|canopy=0.06
0.08,43,0.3412698412698413,43,0.06,0.04,0.06,3,1.0785714285714285,1.0,0.8285714285714285,0,dry_vent_strong_only_v1,False,126,1.0,720,False,248,0.0,0,43,0,291,43,43,dry=0.04|dry_vent=0.06|dew=0.06|canopy=0.08
0.1,47,0.373015873015873,47,0.06,0.04,0.06,3,0.9642857142857142,1.0,0.7142857142857143,0,dry_vent_strong_only_v1,False,126,1.0,720,False,248,0.0,0,47,0,295,47,47,dry=0.04|dry_vent=0.06|dew=0.06|canopy=0.10
0.12,78,0.6190476190476191,78,0.06,0.04,0.06,5,1.2999999999999998,0.0,0.0,0,dry_vent_strong_only_v1,False,126,1.0,720,False,248,0.0,0,78,0,326,78,78,dry=0.04|dry_vent=0.06|dew=0.06|canopy=0.12
0.0,40,0.31746031746031744,40,0.08,0.04,0.06,4,1.25,1.0,1.0,0,dry_vent_strong_only_v1,False,126,1.0,720,False,248,0.375,0,40,0,288,40,40,dry=0.04|dry_vent=0.06|dew=0.08|canopy=0.00
0.04,40,0.31746031746031744,40,0.08,0.04,0.06,4,1.25,1.0,1.0,0,dry_vent_strong_only_v1,False,126,1.0,720,False,248,0.375,0,40,0,288,40,40,dry=0.04|dry_vent=0.06|dew=0.08|canopy=0.04
0.06,55,0.4365079365079365,55,0.08,0.04,0.06,2,0.8142857142857142,1.0,0.9142857142857143,0,dry_vent_strong_only_v1,False,126,1.0,720,False,248,0.375,0,55,0,303,55,55,dry=0.04|dry_vent=0.06|dew=0.08|canopy=0.06
0.08,58,0.4603174603174603,58,0.08,0.04,0.06,2,0.7285714285714284,1.0,0.8285714285714285,0,dry_vent_strong_only_v1,False,126,1.0,720,False,248,0.375,0,58,0,306,58,58,dry=0.04|dry_vent=0.06|dew=0.08|canopy=0.08
0.1,62,0.49206349206349204,62,0.08,0.04,0.06,2,0.6142857142857142,1.0,0.7142857142857143,0,dry_vent_strong_only_v1,False,126,1.0,720,False,248,0.375,0,62,0,310,62,62,dry=0.04|dry_vent=0.06|dew=0.08|canopy=0.10
0.12,93,0.7380952380952381,93,0.08,0.04,0.06,4,0.9499999999999998,0.0,0.0,0,dry_vent_strong_only_v1,False,126,1.0,720,False,248,0.375,0,93,0,341,93,93,dry=0.04|dry_vent=0.06|dew=0.08|canopy=0.12
0.0,47,0.373015873015873,47,0.1,0.04,0.06,4,1.25,1.0,1.0,0,dry_vent_strong_only_v1,False,126,1.0,720,False,248,0.55,0,47,0,295,47,47,dry=0.04|dry_vent=0.06|dew=0.10|canopy=0.00
0.04,47,0.373015873015873,47,0.1,0.04,0.06,4,1.25,1.0,1.0,0,dry_vent_strong_only_v1,False,126,1.0,720,False,248,0.55,0,47,0,295,47,47,dry=0.04|dry_vent=0.06|dew=0.10|canopy=0.04
0.06,62,0.49206349206349204,62,0.1,0.04,0.06,2,0.8142857142857142,1.0,0.9142857142857143,0,dry_vent_strong_only_v1,False,126,1.0,720,False,248,0.55,0,62,0,310,62,62,dry=0.04|dry_vent=0.06|dew=0.10|canopy=0.06
0.08,65,0.5158730158730159,65,0.1,0.04,0.06,2,0.7285714285714284,1.0,0.8285714285714285,0,dry_vent_strong_only_v1,False,126,1.0,720,False,248,0.55,0,65,0,313,65,65,dry=0.04|dry_vent=0.06|dew=0.10|canopy=0.08
0.1,69,0.5476190476190477,69,0.1,0.04,0.06,2,0.6142857142857142,1.0,0.7142857142857143,0,dry_vent_strong_only_v1,False,126,1.0,720,False,248,0.55,0,69,0,317,69,69,dry=0.04|dry_vent=0.06|dew=0.10|canopy=0.10
0.12,100,0.7936507936507936,100,0.1,0.04,0.06,4,0.9499999999999998,0.0,0.0,0,dry_vent_strong_only_v1,False,126,1.0,720,False,248,0.55,0,100,0,348,100,100,dry=0.04|dry_vent=0.06|dew=0.10|canopy=0.12
0.0,65,0.5158730158730159,65,0.12,0.04,0.06,5,1.4499999999999997,1.0,1.0,0,dry_vent_strong_only_v1,False,126,1.0,720,False,248,1.0,0,65,0,313,65,65,dry=0.04|dry_vent=0.06|dew=0.12|canopy=0.00
0.04,65,0.5158730158730159,65,0.12,0.04,0.06,5,1.4499999999999997,1.0,1.0,0,dry_vent_strong_only_v1,False,126,1.0,720,False,248,1.0,0,65,0,313,65,65,dry=0.04|dry_vent=0.06|dew=0.12|canopy=0.04
0.06,80,0.6349206349206349,80,0.12,0.04,0.06,3,1.0142857142857142,1.0,0.9142857142857143,0,dry_vent_strong_only_v1,False,126,1.0,720,False,248,1.0,0,80,0,328,80,80,dry=0.04|dry_vent=0.06|dew=0.12|canopy=0.06
0.08,83,0.6587301587301587,83,0.12,0.04,0.06,3,0.9285714285714284,1.0,0.8285714285714285,0,dry_vent_strong_only_v1,False,126,1.0,720,False,248,1.0,0,83,0,331,83,83,dry=0.04|dry_vent=0.06|dew=0.12|canopy=0.08
0.1,87,0.6904761904761905,87,0.12,0.04,0.06,3,0.8142857142857142,1.0,0.7142857142857143,0,dry_vent_strong_only_v1,False,126,1.0,720,False,248,1.0,0,87,0,335,87,87,dry=0.04|dry_vent=0.06|dew=0.12|canopy=0.10
0.12,118,0.9365079365079365,118,0.12,0.04,0.06,5,1.15,0.0,0.0,0,dry_vent_strong_only_v1,True,126,1.0,720,False,248,1.0,0,118,0,366,118,118,dry=0.04|dry_vent=0.06|dew=0.12|canopy=0.12
0.0,6,0.047619047619047616,6,0.0,0.06,0.0,4,1.4,0.0,0.0,0,dry_vent_strong_only_v1,False,126,0.75,720,False,248,0.75,0,6,0,254,6,6,dry=0.06|dry_vent=0.00|dew=0.00|canopy=0.00
0.04,6,0.047619047619047616,6,0.0,0.06,0.0,4,1.4,0.0,0.0,0,dry_vent_strong_only_v1,False,126,0.75,720,False,248,0.75,0,6,0,254,6,6,dry=0.06|dry_vent=0.00|dew=0.00|canopy=0.04
0.06,21,0.16666666666666666,21,0.0,0.06,0.0,2,0.9642857142857142,1.0,0.6666666666666666,0,dry_vent_strong_only_v1,False,126,0.75,720,False,248,0.75,0,21,0,269,21,21,dry=0.06|dry_vent=0.00|dew=0.00|canopy=0.06
0.08,24,0.19047619047619047,24,0.0,0.06,0.0,2,0.8785714285714286,1.0,0.6666666666666666,0,dry_vent_strong_only_v1,False,126,0.75,720,False,248,0.75,0,24,0,272,24,24,dry=0.06|dry_vent=0.00|dew=0.00|canopy=0.08
0.1,28,0.2222222222222222,28,0.0,0.06,0.0,2,0.7642857142857142,1.0,0.6666666666666666,0,dry_vent_strong_only_v1,False,126,0.75,720,False,248,0.75,0,28,0,276,28,28,dry=0.06|dry_vent=0.00|dew=0.00|canopy=0.10
0.12,59,0.46825396825396826,59,0.0,0.06,0.0,4,1.0999999999999999,1.0,1.0,0,dry_vent_strong_only_v1,False,126,1.0,720,False,248,0.75,0,59,0,307,59,59,dry=0.06|dry_vent=0.00|dew=0.00|canopy=0.12
0.0,6,0.047619047619047616,6,0.04,0.06,0.0,4,1.4,0.0,0.0,0,dry_vent_strong_only_v1,False,126,0.75,720,False,248,0.75,0,6,0,254,6,6,dry=0.06|dry_vent=0.00|dew=0.04|canopy=0.00
0.04,6,0.047619047619047616,6,0.04,0.06,0.0,4,1.4,0.0,0.0,0,dry_vent_strong_only_v1,False,126,0.75,720,False,248,0.75,0,6,0,254,6,6,dry=0.06|dry_vent=0.00|dew=0.04|canopy=0.04
0.06,21,0.16666666666666666,21,0.04,0.06,0.0,2,0.9642857142857142,1.0,0.6666666666666666,0,dry_vent_strong_only_v1,False,126,0.75,720,False,248,0.75,0,21,0,269,21,21,dry=0.06|dry_vent=0.00|dew=0.04|canopy=0.06
0.08,24,0.19047619047619047,24,0.04,0.06,0.0,2,0.8785714285714286,1.0,0.6666666666666666,0,dry_vent_strong_only_v1,False,126,0.75,720,False,248,0.75,0,24,0,272,24,24,dry=0.06|dry_vent=0.00|dew=0.04|canopy=0.08
0.1,28,0.2222222222222222,28,0.04,0.06,0.0,2,0.7642857142857142,1.0,0.6666666666666666,0,dry_vent_strong_only_v1,False,126,0.75,720,False,248,0.75,0,28,0,276,28,28,dry=0.06|dry_vent=0.00|dew=0.04|canopy=0.10
0.12,59,0.46825396825396826,59,0.04,0.06,0.0,4,1.0999999999999999,1.0,1.0,0,dry_vent_strong_only_v1,False,126,1.0,720,False,248,0.75,0,59,0,307,59,59,dry=0.06|dry_vent=0.00|dew=0.04|canopy=0.12
0.0,6,0.047619047619047616,6,0.06,0.06,0.0,4,1.4,0.0,0.0,0,dry_vent_strong_only_v1,False,126,0.75,720,False,248,0.75,0,6,0,254,6,6,dry=0.06|dry_vent=0.00|dew=0.06|canopy=0.00
0.04,6,0.047619047619047616,6,0.06,0.06,0.0,4,1.4,0.0,0.0,0,dry_vent_strong_only_v1,False,126,0.75,720,False,248,0.75,0,6,0,254,6,6,dry=0.06|dry_vent=0.00|dew=0.06|canopy=0.04
0.06,21,0.16666666666666666,21,0.06,0.06,0.0,2,0.9642857142857142,1.0,0.6666666666666666,0,dry_vent_strong_only_v1,False,126,0.75,720,False,248,0.75,0,21,0,269,21,21,dry=0.06|dry_vent=0.00|dew=0.06|canopy=0.06
0.08,24,0.19047619047619047,24,0.06,0.06,0.0,2,0.8785714285714286,1.0,0.6666666666666666,0,dry_vent_strong_only_v1,False,126,0.75,720,False,248,0.75,0,24,0,272,24,24,dry=0.06|dry_vent=0.00|dew=0.06|canopy=0.08
0.1,28,0.2222222222222222,28,0.06,0.06,0.0,2,0.7642857142857142,1.0,0.6666666666666666,0,dry_vent_strong_only_v1,False,126,0.75,720,False,248,0.75,0,28,0,276,28,28,dry=0.06|dry_vent=0.00|dew=0.06|canopy=0.10
0.12,59,0.46825396825396826,59,0.06,0.06,0.0,4,1.0999999999999999,1.0,1.0,0,dry_vent_strong_only_v1,False,126,1.0,720,False,248,0.75,0,59,0,307,59,59,dry=0.06|dry_vent=0.00|dew=0.06|canopy=0.12
0.0,21,0.16666666666666666,21,0.08,0.06,0.0,3,1.0499999999999998,0.0,0.0,0,dry_vent_strong_only_v1,False,126,0.75,720,False,248,0.375,0,21,0,269,21,21,dry=0.06|dry_vent=0.00|dew=0.08|canopy=0.00
0.04,21,0.16666666666666666,21,0.08,0.06,0.0,3,1.0499999999999998,0.0,0.0,0,dry_vent_strong_only_v1,False,126,0.75,720,False,248,0.375,0,21,0,269,21,21,dry=0.06|dry_vent=0.00|dew=0.08|canopy=0.04
0.06,36,0.2857142857142857,36,0.08,0.06,0.0,1,0.6142857142857142,1.0,0.6666666666666666,0,dry_vent_strong_only_v1,False,126,0.75,720,False,248,0.375,0,36,0,284,36,36,dry=0.06|dry_vent=0.00|dew=0.08|canopy=0.06
0.08,39,0.30952380952380953,39,0.08,0.06,0.0,1,0.5285714285714285,1.0,0.6666666666666666,0,dry_vent_strong_only_v1,False,126,0.75,720,False,248,0.375,0,39,0,287,39,39,dry=0.06|dry_vent=0.00|dew=0.08|canopy=0.08
0.1,43,0.3412698412698413,43,0.08,0.06,0.0,1,0.41428571428571426,1.0,0.6666666666666666,0,dry_vent_strong_only_v1,False,126,0.75,720,False,248,0.375,0,43,0,291,43,43,dry=0.06|dry_vent=0.00|dew=0.08|canopy=0.10
0.12,74,0.5873015873015873,74,0.08,0.06,0.0,3,0.7499999999999999,1.0,1.0,0,dry_vent_strong_only_v1,False,126,1.0,720,False,248,0.375,0,74,0,322,74,74,dry=0.06|dry_vent=0.00|dew=0.08|canopy=0.12
0.0,28,0.2222222222222222,28,0.1,0.06,0.0,3,1.0499999999999998,0.0,0.0,0,dry_vent_strong_only_v1,False,126,0.75,720,False,248,0.19999999999999996,0,28,0,276,28,28,dry=0.06|dry_vent=0.00|dew=0.10|canopy=0.00
0.04,28,0.2222222222222222,28,0.1,0.06,0.0,3,1.0499999999999998,0.0,0.0,0,dry_vent_strong_only_v1,False,126,0.75,720,False,248,0.19999999999999996,0,28,0,276,28,28,dry=0.06|dry_vent=0.00|dew=0.10|canopy=0.04
0.06,43,0.3412698412698413,43,0.1,0.06,0.0,1,0.6142857142857142,1.0,0.6666666666666666,0,dry_vent_strong_only_v1,False,126,0.75,720,False,248,0.19999999999999996,0,43,0,291,43,43,dry=0.06|dry_vent=0.00|dew=0.10|canopy=0.06
0.08,46,0.36507936507936506,46,0.1,0.06,0.0,1,0.5285714285714285,1.0,0.6666666666666666,0,dry_vent_strong_only_v1,False,126,0.75,720,False,248,0.19999999999999996,0,46,0,294,46,46,dry=0.06|dry_vent=0.00|dew=0.10|canopy=0.08
0.1,50,0.3968253968253968,50,0.1,0.06,0.0,1,0.41428571428571426,1.0,0.6666666666666666,0,dry_vent_strong_only_v1,False,126,0.75,720,False,248,0.19999999999999996,0,50,0,298,50,50,dry=0.06|dry_vent=0.00|dew=0.10|canopy=0.10
0.12,81,0.6428571428571429,81,0.1,0.06,0.0,3,0.7499999999999999,1.0,1.0,0,dry_vent_strong_only_v1,False,126,1.0,720,False,248,0.19999999999999996,0,81,0,329,81,81,dry=0.06|dry_vent=0.00|dew=0.10|canopy=0.12
0.0,46,0.36507936507936506,46,0.12,0.06,0.0,4,1.25,0.0,0.0,0,dry_vent_strong_only_v1,False,126,1.0,720,False,248,0.25,0,46,0,294,46,46,dry=0.06|dry_vent=0.00|dew=0.12|canopy=0.00
0.04,46,0.36507936507936506,46,0.12,0.06,0.0,4,1.25,0.0,0.0,0,dry_vent_strong_only_v1,False,126,1.0,720,False,248,0.25,0,46,0,294,46,46,dry=0.06|dry_vent=0.00|dew=0.12|canopy=0.04
0.06,61,0.48412698412698413,61,0.12,0.06,0.0,2,0.8142857142857142,1.0,0.6666666666666666,0,dry_vent_strong_only_v1,False,126,1.0,720,False,248,0.25,0,61,0,309,61,61,dry=0.06|dry_vent=0.00|dew=0.12|canopy=0.06
0.08,64,0.5079365079365079,64,0.12,0.06,0.0,2,0.7285714285714284,1.0,0.6666666666666666,0,dry_vent_strong_only_v1,False,126,1.0,720,False,248,0.25,0,64,0,312,64,64,dry=0.06|dry_vent=0.00|dew=0.12|canopy=0.08
0.1,68,0.5396825396825397,68,0.12,0.06,0.0,2,0.6142857142857142,1.0,0.6666666666666666,0,dry_vent_strong_only_v1,False,126,1.0,720,False,248,0.25,0,68,0,316,68,68,dry=0.06|dry_vent=0.00|dew=0.12|canopy=0.10
0.12,99,0.7857142857142857,99,0.12,0.06,0.0,4,0.9499999999999998,1.0,1.0,0,dry_vent_strong_only_v1,False,126,1.0,720,False,248,0.25,0,99,0,347,99,99,dry=0.06|dry_vent=0.00|dew=0.12|canopy=0.12
0.0,6,0.047619047619047616,6,0.0,0.06,0.02,4,1.4,0.0,0.0,0,dry_vent_strong_only_v1,False,126,0.75,720,False,248,0.75,0,6,0,254,6,6,dry=0.06|dry_vent=0.02|dew=0.00|canopy=0.00
0.04,6,0.047619047619047616,6,0.0,0.06,0.02,4,1.4,0.0,0.0,0,dry_vent_strong_only_v1,False,126,0.75,720,False,248,0.75,0,6,0,254,6,6,dry=0.06|dry_vent=0.02|dew=0.00|canopy=0.04
0.06,21,0.16666666666666666,21,0.0,0.06,0.02,2,0.9642857142857142,1.0,0.6666666666666666,0,dry_vent_strong_only_v1,False,126,0.75,720,False,248,0.75,0,21,0,269,21,21,dry=0.06|dry_vent=0.02|dew=0.00|canopy=0.06
0.08,24,0.19047619047619047,24,0.0,0.06,0.02,2,0.8785714285714286,1.0,0.6666666666666666,0,dry_vent_strong_only_v1,False,126,0.75,720,False,248,0.75,0,24,0,272,24,24,dry=0.06|dry_vent=0.02|dew=0.00|canopy=0.08
0.1,28,0.2222222222222222,28,0.0,0.06,0.02,2,0.7642857142857142,1.0,0.6666666666666666,0,dry_vent_strong_only_v1,False,126,0.75,720,False,248,0.75,0,28,0,276,28,28,dry=0.06|dry_vent=0.02|dew=0.00|canopy=0.10
0.12,59,0.46825396825396826,59,0.0,0.06,0.02,4,1.0999999999999999,1.0,1.0,0,dry_vent_strong_only_v1,False,126,1.0,720,False,248,0.75,0,59,0,307,59,59,dry=0.06|dry_vent=0.02|dew=0.00|canopy=0.12
0.0,6,0.047619047619047616,6,0.04,0.06,0.02,4,1.4,0.0,0.0,0,dry_vent_strong_only_v1,False,126,0.75,720,False,248,0.75,0,6,0,254,6,6,dry=0.06|dry_vent=0.02|dew=0.04|canopy=0.00
0.04,6,0.047619047619047616,6,0.04,0.06,0.02,4,1.4,0.0,0.0,0,dry_vent_strong_only_v1,False,126,0.75,720,False,248,0.75,0,6,0,254,6,6,dry=0.06|dry_vent=0.02|dew=0.04|canopy=0.04
0.06,21,0.16666666666666666,21,0.04,0.06,0.02,2,0.9642857142857142,1.0,0.6666666666666666,0,dry_vent_strong_only_v1,False,126,0.75,720,False,248,0.75,0,21,0,269,21,21,dry=0.06|dry_vent=0.02|dew=0.04|canopy=0.06
0.08,24,0.19047619047619047,24,0.04,0.06,0.02,2,0.8785714285714286,1.0,0.6666666666666666,0,dry_vent_strong_only_v1,False,126,0.75,720,False,248,0.75,0,24,0,272,24,24,dry=0.06|dry_vent=0.02|dew=0.04|canopy=0.08
0.1,28,0.2222222222222222,28,0.04,0.06,0.02,2,0.7642857142857142,1.0,0.6666666666666666,0,dry_vent_strong_only_v1,False,126,0.75,720,False,248,0.75,0,28,0,276,28,28,dry=0.06|dry_vent=0.02|dew=0.04|canopy=0.10
0.12,59,0.46825396825396826,59,0.04,0.06,0.02,4,1.0999999999999999,1.0,1.0,0,dry_vent_strong_only_v1,False,126,1.0,720,False,248,0.75,0,59,0,307,59,59,dry=0.06|dry_vent=0.02|dew=0.04|canopy=0.12
0.0,6,0.047619047619047616,6,0.06,0.06,0.02,4,1.4,0.0,0.0,0,dry_vent_strong_only_v1,False,126,0.75,720,False,248,0.75,0,6,0,254,6,6,dry=0.06|dry_vent=0.02|dew=0.06|canopy=0.00
0.04,6,0.047619047619047616,6,0.06,0.06,0.02,4,1.4,0.0,0.0,0,dry_vent_strong_only_v1,False,126,0.75,720,False,248,0.75,0,6,0,254,6,6,dry=0.06|dry_vent=0.02|dew=0.06|canopy=0.04
0.06,21,0.16666666666666666,21,0.06,0.06,0.02,2,0.9642857142857142,1.0,0.6666666666666666,0,dry_vent_strong_only_v1,False,126,0.75,720,False,248,0.75,0,21,0,269,21,21,dry=0.06|dry_vent=0.02|dew=0.06|canopy=0.06
0.08,24,0.19047619047619047,24,0.06,0.06,0.02,2,0.8785714285714286,1.0,0.6666666666666666,0,dry_vent_strong_only_v1,False,126,0.75,720,False,248,0.75,0,24,0,272,24,24,dry=0.06|dry_vent=0.02|dew=0.06|canopy=0.08
0.1,28,0.2222222222222222,28,0.06,0.06,0.02,2,0.7642857142857142,1.0,0.6666666666666666,0,dry_vent_strong_only_v1,False,126,0.75,720,False,248,0.75,0,28,0,276,28,28,dry=0.06|dry_vent=0.02|dew=0.06|canopy=0.10
0.12,59,0.46825396825396826,59,0.06,0.06,0.02,4,1.0999999999999999,1.0,1.0,0,dry_vent_strong_only_v1,False,126,1.0,720,False,248,0.75,0,59,0,307,59,59,dry=0.06|dry_vent=0.02|dew=0.06|canopy=0.12
0.0,21,0.16666666666666666,21,0.08,0.06,0.02,3,1.0499999999999998,0.0,0.0,0,dry_vent_strong_only_v1,False,126,0.75,720,False,248,0.375,0,21,0,269,21,21,dry=0.06|dry_vent=0.02|dew=0.08|canopy=0.00
0.04,21,0.16666666666666666,21,0.08,0.06,0.02,3,1.0499999999999998,0.0,0.0,0,dry_vent_strong_only_v1,False,126,0.75,720,False,248,0.375,0,21,0,269,21,21,dry=0.06|dry_vent=0.02|dew=0.08|canopy=0.04
0.06,36,0.2857142857142857,36,0.08,0.06,0.02,1,0.6142857142857142,1.0,0.6666666666666666,0,dry_vent_strong_only_v1,False,126,0.75,720,False,248,0.375,0,36,0,284,36,36,dry=0.06|dry_vent=0.02|dew=0.08|canopy=0.06
0.08,39,0.30952380952380953,39,0.08,0.06,0.02,1,0.5285714285714285,1.0,0.6666666666666666,0,dry_vent_strong_only_v1,False,126,0.75,720,False,248,0.375,0,39,0,287,39,39,dry=0.06|dry_vent=0.02|dew=0.08|canopy=0.08
0.1,43,0.3412698412698413,43,0.08,0.06,0.02,1,0.41428571428571426,1.0,0.6666666666666666,0,dry_vent_strong_only_v1,False,126,0.75,720,False,248,0.375,0,43,0,291,43,43,dry=0.06|dry_vent=0.02|dew=0.08|canopy=0.10
0.12,74,0.5873015873015873,74,0.08,0.06,0.02,3,0.7499999999999999,1.0,1.0,0,dry_vent_strong_only_v1,False,126,1.0,720,False,248,0.375,0,74,0,322,74,74,dry=0.06|dry_vent=0.02|dew=0.08|canopy=0.12
0.0,28,0.2222222222222222,28,0.1,0.06,0.02,3,1.0499999999999998,0.0,0.0,0,dry_vent_strong_only_v1,False,126,0.75,720,False,248,0.19999999999999996,0,28,0,276,28,28,dry=0.06|dry_vent=0.02|dew=0.10|canopy=0.00
0.04,28,0.2222222222222222,28,0.1,0.06,0.02,3,1.0499999999999998,0.0,0.0,0,dry_vent_strong_only_v1,False,126,0.75,720,False,248,0.19999999999999996,0,28,0,276,28,28,dry=0.06|dry_vent=0.02|dew=0.10|canopy=0.04
0.06,43,0.3412698412698413,43,0.1,0.06,0.02,1,0.6142857142857142,1.0,0.6666666666666666,0,dry_vent_strong_only_v1,False,126,0.75,720,False,248,0.19999999999999996,0,43,0,291,43,43,dry=0.06|dry_vent=0.02|dew=0.10|canopy=0.06
0.08,46,0.36507936507936506,46,0.1,0.06,0.02,1,0.5285714285714285,1.0,0.6666666666666666,0,dry_vent_strong_only_v1,False,126,0.75,720,False,248,0.19999999999999996,0,46,0,294,46,46,dry=0.06|dry_vent=0.02|dew=0.10|canopy=0.08
0.1,50,0.3968253968253968,50,0.1,0.06,0.02,1,0.41428571428571426,1.0,0.6666666666666666,0,dry_vent_strong_only_v1,False,126,0.75,720,False,248,0.19999999999999996,0,50,0,298,50,50,dry=0.06|dry_vent=0.02|dew=0.10|canopy=0.10
0.12,81,0.6428571428571429,81,0.1,0.06,0.02,3,0.7499999999999999,1.0,1.0,0,dry_vent_strong_only_v1,False,126,1.0,720,False,248,0.19999999999999996,0,81,0,329,81,81,dry=0.06|dry_vent=0.02|dew=0.10|canopy=0.12
0.0,46,0.36507936507936506,46,0.12,0.06,0.02,4,1.25,0.0,0.0,0,dry_vent_strong_only_v1,False,126,1.0,720,False,248,0.25,0,46,0,294,46,46,dry=0.06|dry_vent=0.02|dew=0.12|canopy=0.00
0.04,46,0.36507936507936506,46,0.12,0.06,0.02,4,1.25,0.0,0.0,0,dry_vent_strong_only_v1,False,126,1.0,720,False,248,0.25,0,46,0,294,46,46,dry=0.06|dry_vent=0.02|dew=0.12|canopy=0.04
0.06,61,0.48412698412698413,61,0.12,0.06,0.02,2,0.8142857142857142,1.0,0.6666666666666666,0,dry_vent_strong_only_v1,False,126,1.0,720,False,248,0.25,0,61,0,309,61,61,dry=0.06|dry_vent=0.02|dew=0.12|canopy=0.06
0.08,64,0.5079365079365079,64,0.12,0.06,0.02,2,0.7285714285714284,1.0,0.6666666666666666,0,dry_vent_strong_only_v1,False,126,1.0,720,False,248,0.25,0,64,0,312,64,64,dry=0.06|dry_vent=0.02|dew=0.12|canopy=0.08
0.1,68,0.5396825396825397,68,0.12,0.06,0.02,2,0.6142857142857142,1.0,0.6666666666666666,0,dry_vent_strong_only_v1,False,126,1.0,720,False,248,0.25,0,68,0,316,68,68,dry=0.06|dry_vent=0.02|dew=0.12|canopy=0.10
0.12,99,0.7857142857142857,99,0.12,0.06,0.02,4,0.9499999999999998,1.0,1.0,0,dry_vent_strong_only_v1,False,126,1.0,720,False,248,0.25,0,99,0,347,99,99,dry=0.06|dry_vent=0.02|dew=0.12|canopy=0.12
0.0,6,0.047619047619047616,6,0.0,0.06,0.04,4,1.4,0.0,0.0,0,dry_vent_strong_only_v1,False,126,0.75,720,False,248,0.75,0,6,0,254,6,6,dry=0.06|dry_vent=0.04|dew=0.00|canopy=0.00
0.04,6,0.047619047619047616,6,0.0,0.06,0.04,4,1.4,0.0,0.0,0,dry_vent_strong_only_v1,False,126,0.75,720,False,248,0.75,0,6,0,254,6,6,dry=0.06|dry_vent=0.04|dew=0.00|canopy=0.04
0.06,21,0.16666666666666666,21,0.0,0.06,0.04,2,0.9642857142857142,1.0,0.6666666666666666,0,dry_vent_strong_only_v1,False,126,0.75,720,False,248,0.75,0,21,0,269,21,21,dry=0.06|dry_vent=0.04|dew=0.00|canopy=0.06
0.08,24,0.19047619047619047,24,0.0,0.06,0.04,2,0.8785714285714286,1.0,0.6666666666666666,0,dry_vent_strong_only_v1,False,126,0.75,720,False,248,0.75,0,24,0,272,24,24,dry=0.06|dry_vent=0.04|dew=0.00|canopy=0.08
0.1,28,0.2222222222222222,28,0.0,0.06,0.04,2,0.7642857142857142,1.0,0.6666666666666666,0,dry_vent_strong_only_v1,False,126,0.75,720,False,248,0.75,0,28,0,276,28,28,dry=0.06|dry_vent=0.04|dew=0.00|canopy=0.10
0.12,59,0.46825396825396826,59,0.0,0.06,0.04,4,1.0999999999999999,1.0,1.0,0,dry_vent_strong_only_v1,False,126,1.0,720,False,248,0.75,0,59,0,307,59,59,dry=0.06|dry_vent=0.04|dew=0.00|canopy=0.12
0.0,6,0.047619047619047616,6,0.04,0.06,0.04,4,1.4,0.0,0.0,0,dry_vent_strong_only_v1,False,126,0.75,720,False,248,0.75,0,6,0,254,6,6,dry=0.06|dry_vent=0.04|dew=0.04|canopy=0.00
0.04,6,0.047619047619047616,6,0.04,0.06,0.04,4,1.4,0.0,0.0,0,dry_vent_strong_only_v1,False,126,0.75,720,False,248,0.75,0,6,0,254,6,6,dry=0.06|dry_vent=0.04|dew=0.04|canopy=0.04
0.06,21,0.16666666666666666,21,0.04,0.06,0.04,2,0.9642857142857142,1.0,0.6666666666666666,0,dry_vent_strong_only_v1,False,126,0.75,720,False,248,0.75,0,21,0,269,21,21,dry=0.06|dry_vent=0.04|dew=0.04|canopy=0.06
0.08,24,0.19047619047619047,24,0.04,0.06,0.04,2,0.8785714285714286,1.0,0.6666666666666666,0,dry_vent_strong_only_v1,False,126,0.75,720,False,248,0.75,0,24,0,272,24,24,dry=0.06|dry_vent=0.04|dew=0.04|canopy=0.08
0.1,28,0.2222222222222222,28,0.04,0.06,0.04,2,0.7642857142857142,1.0,0.6666666666666666,0,dry_vent_strong_only_v1,False,126,0.75,720,False,248,0.75,0,28,0,276,28,28,dry=0.06|dry_vent=0.04|dew=0.04|canopy=0.10
0.12,59,0.46825396825396826,59,0.04,0.06,0.04,4,1.0999999999999999,1.0,1.0,0,dry_vent_strong_only_v1,False,126,1.0,720,False,248,0.75,0,59,0,307,59,59,dry=0.06|dry_vent=0.04|dew=0.04|canopy=0.12
0.0,6,0.047619047619047616,6,0.06,0.06,0.04,4,1.4,0.0,0.0,0,dry_vent_strong_only_v1,False,126,0.75,720,False,248,0.75,0,6,0,254,6,6,dry=0.06|dry_vent=0.04|dew=0.06|canopy=0.00
0.04,6,0.047619047619047616,6,0.06,0.06,0.04,4,1.4,0.0,0.0,0,dry_vent_strong_only_v1,False,126,0.75,720,False,248,0.75,0,6,0,254,6,6,dry=0.06|dry_vent=0.04|dew=0.06|canopy=0.04
0.06,21,0.16666666666666666,21,0.06,0.06,0.04,2,0.9642857142857142,1.0,0.6666666666666666,0,dry_vent_strong_only_v1,False,126,0.75,720,False,248,0.75,0,21,0,269,21,21,dry=0.06|dry_vent=0.04|dew=0.06|canopy=0.06
0.08,24,0.19047619047619047,24,0.06,0.06,0.04,2,0.8785714285714286,1.0,0.6666666666666666,0,dry_vent_strong_only_v1,False,126,0.75,720,False,248,0.75,0,24,0,272,24,24,dry=0.06|dry_vent=0.04|dew=0.06|canopy=0.08
0.1,28,0.2222222222222222,28,0.06,0.06,0.04,2,0.7642857142857142,1.0,0.6666666666666666,0,dry_vent_strong_only_v1,False,126,0.75,720,False,248,0.75,0,28,0,276,28,28,dry=0.06|dry_vent=0.04|dew=0.06|canopy=0.10
0.12,59,0.46825396825396826,59,0.06,0.06,0.04,4,1.0999999999999999,1.0,1.0,0,dry_vent_strong_only_v1,False,126,1.0,720,False,248,0.75,0,59,0,307,59,59,dry=0.06|dry_vent=0.04|dew=0.06|canopy=0.12
0.0,21,0.16666666666666666,21,0.08,0.06,0.04,3,1.0499999999999998,0.0,0.0,0,dry_vent_strong_only_v1,False,126,0.75,720,False,248,0.375,0,21,0,269,21,21,dry=0.06|dry_vent=0.04|dew=0.08|canopy=0.00
0.04,21,0.16666666666666666,21,0.08,0.06,0.04,3,1.0499999999999998,0.0,0.0,0,dry_vent_strong_only_v1,False,126,0.75,720,False,248,0.375,0,21,0,269,21,21,dry=0.06|dry_vent=0.04|dew=0.08|canopy=0.04
0.06,36,0.2857142857142857,36,0.08,0.06,0.04,1,0.6142857142857142,1.0,0.6666666666666666,0,dry_vent_strong_only_v1,False,126,0.75,720,False,248,0.375,0,36,0,284,36,36,dry=0.06|dry_vent=0.04|dew=0.08|canopy=0.06
0.08,39,0.30952380952380953,39,0.08,0.06,0.04,1,0.5285714285714285,1.0,0.6666666666666666,0,dry_vent_strong_only_v1,False,126,0.75,720,False,248,0.375,0,39,0,287,39,39,dry=0.06|dry_vent=0.04|dew=0.08|canopy=0.08
0.1,43,0.3412698412698413,43,0.08,0.06,0.04,1,0.41428571428571426,1.0,0.6666666666666666,0,dry_vent_strong_only_v1,False,126,0.75,720,False,248,0.375,0,43,0,291,43,43,dry=0.06|dry_vent=0.04|dew=0.08|canopy=0.10
0.12,74,0.5873015873015873,74,0.08,0.06,0.04,3,0.7499999999999999,1.0,1.0,0,dry_vent_strong_only_v1,False,126,1.0,720,False,248,0.375,0,74,0,322,74,74,dry=0.06|dry_vent=0.04|dew=0.08|canopy=0.12
0.0,28,0.2222222222222222,28,0.1,0.06,0.04,3,1.0499999999999998,0.0,0.0,0,dry_vent_strong_only_v1,False,126,0.75,720,False,248,0.19999999999999996,0,28,0,276,28,28,dry=0.06|dry_vent=0.04|dew=0.10|canopy=0.00
0.04,28,0.2222222222222222,28,0.1,0.06,0.04,3,1.0499999999999998,0.0,0.0,0,dry_vent_strong_only_v1,False,126,0.75,720,False,248,0.19999999999999996,0,28,0,276,28,28,dry=0.06|dry_vent=0.04|dew=0.10|canopy=0.04
0.06,43,0.3412698412698413,43,0.1,0.06,0.04,1,0.6142857142857142,1.0,0.6666666666666666,0,dry_vent_strong_only_v1,False,126,0.75,720,False,248,0.19999999999999996,0,43,0,291,43,43,dry=0.06|dry_vent=0.04|dew=0.10|canopy=0.06
0.08,46,0.36507936507936506,46,0.1,0.06,0.04,1,0.5285714285714285,1.0,0.6666666666666666,0,dry_vent_strong_only_v1,False,126,0.75,720,False,248,0.19999999999999996,0,46,0,294,46,46,dry=0.06|dry_vent=0.04|dew=0.10|canopy=0.08
0.1,50,0.3968253968253968,50,0.1,0.06,0.04,1,0.41428571428571426,1.0,0.6666666666666666,0,dry_vent_strong_only_v1,False,126,0.75,720,False,248,0.19999999999999996,0,50,0,298,50,50,dry=0.06|dry_vent=0.04|dew=0.10|canopy=0.10
0.12,81,0.6428571428571429,81,0.1,0.06,0.04,3,0.7499999999999999,1.0,1.0,0,dry_vent_strong_only_v1,False,126,1.0,720,False,248,0.19999999999999996,0,81,0,329,81,81,dry=0.06|dry_vent=0.04|dew=0.10|canopy=0.12
0.0,46,0.36507936507936506,46,0.12,0.06,0.04,4,1.25,0.0,0.0,0,dry_vent_strong_only_v1,False,126,1.0,720,False,248,0.25,0,46,0,294,46,46,dry=0.06|dry_vent=0.04|dew=0.12|canopy=0.00
0.04,46,0.36507936507936506,46,0.12,0.06,0.04,4,1.25,0.0,0.0,0,dry_vent_strong_only_v1,False,126,1.0,720,False,248,0.25,0,46,0,294,46,46,dry=0.06|dry_vent=0.04|dew=0.12|canopy=0.04
0.06,61,0.48412698412698413,61,0.12,0.06,0.04,2,0.8142857142857142,1.0,0.6666666666666666,0,dry_vent_strong_only_v1,False,126,1.0,720,False,248,0.25,0,61,0,309,61,61,dry=0.06|dry_vent=0.04|dew=0.12|canopy=0.06
0.08,64,0.5079365079365079,64,0.12,0.06,0.04,2,0.7285714285714284,1.0,0.6666666666666666,0,dry_vent_strong_only_v1,False,126,1.0,720,False,248,0.25,0,64,0,312,64,64,dry=0.06|dry_vent=0.04|dew=0.12|canopy=0.08
0.1,68,0.5396825396825397,68,0.12,0.06,0.04,2,0.6142857142857142,1.0,0.6666666666666666,0,dry_vent_strong_only_v1,False,126,1.0,720,False,248,0.25,0,68,0,316,68,68,dry=0.06|dry_vent=0.04|dew=0.12|canopy=0.10
0.12,99,0.7857142857142857,99,0.12,0.06,0.04,4,0.9499999999999998,1.0,1.0,0,dry_vent_strong_only_v1,False,126,1.0,720,False,248,0.25,0,99,0,347,99,99,dry=0.06|dry_vent=0.04|dew=0.12|canopy=0.12
0.0,31,0.24603174603174602,31,0.0,0.06,0.06,4,1.25,1.0,1.0,0,dry_vent_strong_only_v1,False,126,1.0,720,False,248,0.75,0,31,0,279,31,31,dry=0.06|dry_vent=0.06|dew=0.00|canopy=0.00
0.04,31,0.24603174603174602,31,0.0,0.06,0.06,4,1.25,1.0,1.0,0,dry_vent_strong_only_v1,False,126,1.0,720,False,248,0.75,0,31,0,279,31,31,dry=0.06|dry_vent=0.06|dew=0.00|canopy=0.04
0.06,46,0.36507936507936506,46,0.0,0.06,0.06,2,0.8142857142857142,1.0,0.9142857142857143,0,dry_vent_strong_only_v1,False,126,1.0,720,False,248,0.75,0,46,0,294,46,46,dry=0.06|dry_vent=0.06|dew=0.00|canopy=0.06
0.08,49,0.3888888888888889,49,0.0,0.06,0.06,2,0.7285714285714284,1.0,0.8285714285714285,0,dry_vent_strong_only_v1,False,126,1.0,720,False,248,0.75,0,49,0,297,49,49,dry=0.06|dry_vent=0.06|dew=0.00|canopy=0.08
0.1,53,0.42063492063492064,53,0.0,0.06,0.06,2,0.6142857142857142,1.0,0.7142857142857143,0,dry_vent_strong_only_v1,False,126,1.0,720,False,248,0.75,0,53,0,301,53,53,dry=0.06|dry_vent=0.06|dew=0.00|canopy=0.10
0.12,84,0.6666666666666666,84,0.0,0.06,0.06,4,0.9499999999999998,0.0,0.0,0,dry_vent_strong_only_v1,False,126,1.0,720,False,248,0.75,0,84,0,332,84,84,dry=0.06|dry_vent=0.06|dew=0.00|canopy=0.12
0.0,31,0.24603174603174602,31,0.04,0.06,0.06,4,1.25,1.0,1.0,0,dry_vent_strong_only_v1,False,126,1.0,720,False,248,0.75,0,31,0,279,31,31,dry=0.06|dry_vent=0.06|dew=0.04|canopy=0.00
0.04,31,0.24603174603174602,31,0.04,0.06,0.06,4,1.25,1.0,1.0,0,dry_vent_strong_only_v1,False,126,1.0,720,False,248,0.75,0,31,0,279,31,31,dry=0.06|dry_vent=0.06|dew=0.04|canopy=0.04
0.06,46,0.36507936507936506,46,0.04,0.06,0.06,2,0.8142857142857142,1.0,0.9142857142857143,0,dry_vent_strong_only_v1,False,126,1.0,720,False,248,0.75,0,46,0,294,46,46,dry=0.06|dry_vent=0.06|dew=0.04|canopy=0.06
0.08,49,0.3888888888888889,49,0.04,0.06,0.06,2,0.7285714285714284,1.0,0.8285714285714285,0,dry_vent_strong_only_v1,False,126,1.0,720,False,248,0.75,0,49,0,297,49,49,dry=0.06|dry_vent=0.06|dew=0.04|canopy=0.08
0.1,53,0.42063492063492064,53,0.04,0.06,0.06,2,0.6142857142857142,1.0,0.7142857142857143,0,dry_vent_strong_only_v1,False,126,1.0,720,False,248,0.75,0,53,0,301,53,53,dry=0.06|dry_vent=0.06|dew=0.04|canopy=0.10
0.12,84,0.6666666666666666,84,0.04,0.06,0.06,4,0.9499999999999998,0.0,0.0,0,dry_vent_strong_only_v1,False,126,1.0,720,False,248,0.75,0,84,0,332,84,84,dry=0.06|dry_vent=0.06|dew=0.04|canopy=0.12
0.0,31,0.24603174603174602,31,0.06,0.06,0.06,4,1.25,1.0,1.0,0,dry_vent_strong_only_v1,False,126,1.0,720,False,248,0.75,0,31,0,279,31,31,dry=0.06|dry_vent=0.06|dew=0.06|canopy=0.00
0.04,31,0.24603174603174602,31,0.06,0.06,0.06,4,1.25,1.0,1.0,0,dry_vent_strong_only_v1,False,126,1.0,720,False,248,0.75,0,31,0,279,31,31,dry=0.06|dry_vent=0.06|dew=0.06|canopy=0.04
0.06,46,0.36507936507936506,46,0.06,0.06,0.06,2,0.8142857142857142,1.0,0.9142857142857143,0,dry_vent_strong_only_v1,False,126,1.0,720,False,248,0.75,0,46,0,294,46,46,dry=0.06|dry_vent=0.06|dew=0.06|canopy=0.06
0.08,49,0.3888888888888889,49,0.06,0.06,0.06,2,0.7285714285714284,1.0,0.8285714285714285,0,dry_vent_strong_only_v1,False,126,1.0,720,False,248,0.75,0,49,0,297,49,49,dry=0.06|dry_vent=0.06|dew=0.06|canopy=0.08
0.1,53,0.42063492063492064,53,0.06,0.06,0.06,2,0.6142857142857142,1.0,0.7142857142857143,0,dry_vent_strong_only_v1,False,126,1.0,720,False,248,0.75,0,53,0,301,53,53,dry=0.06|dry_vent=0.06|dew=0.06|canopy=0.10
0.12,84,0.6666666666666666,84,0.06,0.06,0.06,4,0.9499999999999998,0.0,0.0,0,dry_vent_strong_only_v1,False,126,1.0,720,False,248,0.75,0,84,0,332,84,84,dry=0.06|dry_vent=0.06|dew=0.06|canopy=0.12
0.0,46,0.36507936507936506,46,0.08,0.06,0.06,3,0.8999999999999999,1.0,1.0,0,dry_vent_strong_only_v1,False,126,1.0,720,False,248,0.375,0,46,0,294,46,46,dry=0.06|dry_vent=0.06|dew=0.08|canopy=0.00
0.04,46,0.36507936507936506,46,0.08,0.06,0.06,3,0.8999999999999999,1.0,1.0,0,dry_vent_strong_only_v1,False,126,1.0,720,False,248,0.375,0,46,0,294,46,46,dry=0.06|dry_vent=0.06|dew=0.08|canopy=0.04
0.06,61,0.48412698412698413,61,0.08,0.06,0.06,1,0.4642857142857142,1.0,0.9142857142857143,0,dry_vent_strong_only_v1,False,126,0.9142857142857143,720,False,248,0.375,0,61,0,309,61,61,dry=0.06|dry_vent=0.06|dew=0.08|canopy=0.06
0.08,64,0.5079365079365079,64,0.08,0.06,0.06,1,0.3785714285714285,1.0,0.8285714285714285,0,dry_vent_strong_only_v1,False,126,0.8285714285714285,720,False,248,0.375,0,64,0,312,64,64,dry=0.06|dry_vent=0.06|dew=0.08|canopy=0.08
0.1,68,0.5396825396825397,68,0.08,0.06,0.06,1,0.26428571428571423,1.0,0.7142857142857143,0,dry_vent_strong_only_v1,False,126,0.7142857142857143,720,False,248,0.375,0,68,0,316,68,68,dry=0.06|dry_vent=0.06|dew=0.08|canopy=0.10
0.12,99,0.7857142857142857,99,0.08,0.06,0.06,3,0.5999999999999999,0.0,0.0,0,dry_vent_strong_only_v1,False,126,0.625,720,False,248,0.375,0,99,0,347,99,99,dry=0.06|dry_vent=0.06|dew=0.08|canopy=0.12
0.0,53,0.42063492063492064,53,0.1,0.06,0.06,3,0.8999999999999999,1.0,1.0,0,dry_vent_strong_only_v1,False,126,1.0,720,False,248,0.19999999999999996,0,53,0,301,53,53,dry=0.06|dry_vent=0.06|dew=0.10|canopy=0.00
0.04,53,0.42063492063492064,53,0.1,0.06,0.06,3,0.8999999999999999,1.0,1.0,0,dry_vent_strong_only_v1,False,126,1.0,720,False,248,0.19999999999999996,0,53,0,301,53,53,dry=0.06|dry_vent=0.06|dew=0.10|canopy=0.04
0.06,68,0.5396825396825397,68,0.1,0.06,0.06,1,0.4642857142857142,1.0,0.9142857142857143,0,dry_vent_strong_only_v1,False,126,0.9142857142857143,720,False,248,0.19999999999999996,0,68,0,316,68,68,dry=0.06|dry_vent=0.06|dew=0.10|canopy=0.06
0.08,71,0.5634920634920635,71,0.1,0.06,0.06,1,0.3785714285714285,1.0,0.8285714285714285,0,dry_vent_strong_only_v1,False,126,0.8285714285714285,720,False,248,0.19999999999999996,0,71,0,319,71,71,dry=0.06|dry_vent=0.06|dew=0.10|canopy=0.08
0.1,75,0.5952380952380952,75,0.1,0.06,0.06,1,0.26428571428571423,1.0,0.7142857142857143,0,dry_vent_strong_only_v1,False,126,0.7142857142857143,720,False,248,0.19999999999999996,0,75,0,323,75,75,dry=0.06|dry_vent=0.06|dew=0.10|canopy=0.10
0.12,106,0.8412698412698413,106,0.1,0.06,0.06,3,0.5999999999999999,0.0,0.0,0,dry_vent_strong_only_v1,False,126,0.44999999999999996,720,False,248,0.19999999999999996,0,106,0,354,106,106,dry=0.06|dry_vent=0.06|dew=0.10|canopy=0.12
0.0,71,0.5634920634920635,71,0.12,0.06,0.06,4,1.0999999999999999,1.0,1.0,0,dry_vent_strong_only_v1,False,126,1.0,720,False,248,0.25,0,71,0,319,71,71,dry=0.06|dry_vent=0.06|dew=0.12|canopy=0.00
0.04,71,0.5634920634920635,71,0.12,0.06,0.06,4,1.0999999999999999,1.0,1.0,0,dry_vent_strong_only_v1,False,126,1.0,720,False,248,0.25,0,71,0,319,71,71,dry=0.06|dry_vent=0.06|dew=0.12|canopy=0.04
0.06,86,0.6825396825396826,86,0.12,0.06,0.06,2,0.6642857142857141,1.0,0.9142857142857143,0,dry_vent_strong_only_v1,False,126,0.9142857142857143,720,False,248,0.25,0,86,0,334,86,86,dry=0.06|dry_vent=0.06|dew=0.12|canopy=0.06
0.08,89,0.7063492063492064,89,0.12,0.06,0.06,2,0.5785714285714285,1.0,0.8285714285714285,0,dry_vent_strong_only_v1,False,126,0.8285714285714285,720,False,248,0.25,0,89,0,337,89,89,dry=0.06|dry_vent=0.06|dew=0.12|canopy=0.08
0.1,93,0.7380952380952381,93,0.12,0.06,0.06,2,0.4642857142857142,1.0,0.7142857142857143,0,dry_vent_strong_only_v1,False,126,0.7142857142857143,720,False,248,0.25,0,93,0,341,93,93,dry=0.06|dry_vent=0.06|dew=0.12|canopy=0.10
0.12,124,0.9841269841269841,124,0.12,0.06,0.06,4,0.7999999999999998,0.0,0.0,0,dry_vent_strong_only_v1,True,126,0.25,720,False,248,0.25,0,124,0,372,124,124,dry=0.06|dry_vent=0.06|dew=0.12|canopy=0.12
0.0,0,0.0,0,0.0,0.0,0.0,4,1.4,0.0,0.0,0,mixed_combo_specific_v1,False,126,0.0,720,False,248,0.0,0,0,0,248,0,0,dry=0.00|dry_vent=0.00|dew=0.00|canopy=0.00
0.04,0,0.0,0,0.0,0.0,0.0,4,1.4,0.0,0.0,0,mixed_combo_specific_v1,False,126,0.0,720,False,248,0.0,0,0,0,248,0,0,dry=0.00|dry_vent=0.00|dew=0.00|canopy=0.04
0.06,12,0.09523809523809523,12,0.0,0.0,0.0,3,1.0499999999999998,1.0,0.6666666666666666,0,mixed_combo_specific_v1,False,126,0.6666666666666666,720,False,248,0.0,0,12,0,260,12,12,dry=0.00|dry_vent=0.00|dew=0.00|canopy=0.06
0.08,12,0.09523809523809523,12,0.0,0.0,0.0,3,1.0499999999999998,1.0,0.6666666666666666,0,mixed_combo_specific_v1,False,126,0.6666666666666666,720,False,248,0.0,0,12,0,260,12,12,dry=0.00|dry_vent=0.00|dew=0.00|canopy=0.08
0.1,12,0.09523809523809523,12,0.0,0.0,0.0,3,1.0499999999999998,1.0,0.6666666666666666,0,mixed_combo_specific_v1,False,126,0.6666666666666666,720,False,248,0.0,0,12,0,260,12,12,dry=0.00|dry_vent=0.00|dew=0.00|canopy=0.10
0.12,18,0.14285714285714285,18,0.0,0.0,0.0,4,1.25,1.0,1.0,0,mixed_combo_specific_v1,False,126,1.0,720,False,248,0.0,0,18,0,266,18,18,dry=0.00|dry_vent=0.00|dew=0.00|canopy=0.12
0.0,0,0.0,0,0.04,0.0,0.0,4,1.4,0.0,0.0,0,mixed_combo_specific_v1,False,126,0.0,720,False,248,0.0,0,0,0,248,0,0,dry=0.00|dry_vent=0.00|dew=0.04|canopy=0.00
0.04,0,0.0,0,0.04,0.0,0.0,4,1.4,0.0,0.0,0,mixed_combo_specific_v1,False,126,0.0,720,False,248,0.0,0,0,0,248,0,0,dry=0.00|dry_vent=0.00|dew=0.04|canopy=0.04
0.06,12,0.09523809523809523,12,0.04,0.0,0.0,3,1.0499999999999998,1.0,0.6666666666666666,0,mixed_combo_specific_v1,False,126,0.6666666666666666,720,False,248,0.0,0,12,0,260,12,12,dry=0.00|dry_vent=0.00|dew=0.04|canopy=0.06
0.08,12,0.09523809523809523,12,0.04,0.0,0.0,3,1.0499999999999998,1.0,0.6666666666666666,0,mixed_combo_specific_v1,False,126,0.6666666666666666,720,False,248,0.0,0,12,0,260,12,12,dry=0.00|dry_vent=0.00|dew=0.04|canopy=0.08
0.1,12,0.09523809523809523,12,0.04,0.0,0.0,3,1.0499999999999998,1.0,0.6666666666666666,0,mixed_combo_specific_v1,False,126,0.6666666666666666,720,False,248,0.0,0,12,0,260,12,12,dry=0.00|dry_vent=0.00|dew=0.04|canopy=0.10
0.12,18,0.14285714285714285,18,0.04,0.0,0.0,4,1.25,1.0,1.0,0,mixed_combo_specific_v1,False,126,1.0,720,False,248,0.0,0,18,0,266,18,18,dry=0.00|dry_vent=0.00|dew=0.04|canopy=0.12
0.0,3,0.023809523809523808,3,0.06,0.0,0.0,3,1.3599999999999999,1.0,0.08571428571428572,0,mixed_combo_specific_v1,False,126,0.04,720,False,248,0.0,0,3,0,251,3,3,dry=0.00|dry_vent=0.00|dew=0.06|canopy=0.00
0.04,3,0.023809523809523808,3,0.06,0.0,0.0,3,1.3599999999999999,1.0,0.08571428571428572,0,mixed_combo_specific_v1,False,126,0.04,720,False,248,0.0,0,3,0,251,3,3,dry=0.00|dry_vent=0.00|dew=0.06|canopy=0.04
0.06,15,0.11904761904761904,15,0.06,0.0,0.0,2,1.01,1.0,0.6666666666666666,0,mixed_combo_specific_v1,False,126,0.6666666666666666,720,False,248,0.0,0,15,0,263,15,15,dry=0.00|dry_vent=0.00|dew=0.06|canopy=0.06
0.08,15,0.11904761904761904,15,0.06,0.0,0.0,2,1.01,1.0,0.6666666666666666,0,mixed_combo_specific_v1,False,126,0.6666666666666666,720,False,248,0.0,0,15,0,263,15,15,dry=0.00|dry_vent=0.00|dew=0.06|canopy=0.08
0.1,15,0.11904761904761904,15,0.06,0.0,0.0,2,1.01,1.0,0.6666666666666666,0,mixed_combo_specific_v1,False,126,0.6666666666666666,720,False,248,0.0,0,15,0,263,15,15,dry=0.00|dry_vent=0.00|dew=0.06|canopy=0.10
0.12,21,0.16666666666666666,21,0.06,0.0,0.0,3,1.21,1.0,1.0,0,mixed_combo_specific_v1,False,126,1.0,720,False,248,0.0,0,21,0,269,21,21,dry=0.00|dry_vent=0.00|dew=0.06|canopy=0.12
0.0,21,0.16666666666666666,21,0.08,0.0,0.0,3,1.1199999999999999,1.0,0.17142857142857143,0,mixed_combo_specific_v1,False,126,0.28,720,False,248,0.375,0,21,0,269,21,21,dry=0.00|dry_vent=0.00|dew=0.08|canopy=0.00
0.04,21,0.16666666666666666,21,0.08,0.0,0.0,3,1.1199999999999999,1.0,0.17142857142857143,0,mixed_combo_specific_v1,False,126,0.28,720,False,248,0.375,0,21,0,269,21,21,dry=0.00|dry_vent=0.00|dew=0.08|canopy=0.04
0.06,33,0.2619047619047619,33,0.08,0.0,0.0,2,0.7699999999999999,1.0,0.6666666666666666,0,mixed_combo_specific_v1,False,126,0.6666666666666666,720,False,248,0.375,0,33,0,281,33,33,dry=0.00|dry_vent=0.00|dew=0.08|canopy=0.06
0.08,33,0.2619047619047619,33,0.08,0.0,0.0,2,0.7699999999999999,1.0,0.6666666666666666,0,mixed_combo_specific_v1,False,126,0.6666666666666666,720,False,248,0.375,0,33,0,281,33,33,dry=0.00|dry_vent=0.00|dew=0.08|canopy=0.08
0.1,33,0.2619047619047619,33,0.08,0.0,0.0,2,0.7699999999999999,1.0,0.6666666666666666,0,mixed_combo_specific_v1,False,126,0.6666666666666666,720,False,248,0.375,0,33,0,281,33,33,dry=0.00|dry_vent=0.00|dew=0.08|canopy=0.10
0.12,39,0.30952380952380953,39,0.08,0.0,0.0,3,0.9699999999999999,1.0,1.0,0,mixed_combo_specific_v1,False,126,1.0,720,False,248,0.375,0,39,0,287,39,39,dry=0.00|dry_vent=0.00|dew=0.08|canopy=0.12
0.0,32,0.25396825396825395,32,0.1,0.0,0.0,3,1.0499999999999998,1.0,0.2857142857142857,0,mixed_combo_specific_v1,False,126,0.4266666666666667,720,False,248,0.55,0,32,0,280,32,32,dry=0.00|dry_vent=0.00|dew=0.10|canopy=0.00
0.04,32,0.25396825396825395,32,0.1,0.0,0.0,3,1.0499999999999998,1.0,0.2857142857142857,0,mixed_combo_specific_v1,False,126,0.4266666666666667,720,False,248,0.55,0,32,0,280,32,32,dry=0.00|dry_vent=0.00|dew=0.10|canopy=0.04
0.06,44,0.3492063492063492,44,0.1,0.0,0.0,2,0.7,1.0,0.6666666666666666,0,mixed_combo_specific_v1,False,126,0.6666666666666666,720,False,248,0.55,0,44,0,292,44,44,dry=0.00|dry_vent=0.00|dew=0.10|canopy=0.06
0.08,44,0.3492063492063492,44,0.1,0.0,0.0,2,0.7,1.0,0.6666666666666666,0,mixed_combo_specific_v1,False,126,0.6666666666666666,720,False,248,0.55,0,44,0,292,44,44,dry=0.00|dry_vent=0.00|dew=0.10|canopy=0.08
0.1,44,0.3492063492063492,44,0.1,0.0,0.0,2,0.7,1.0,0.6666666666666666,0,mixed_combo_specific_v1,False,126,0.6666666666666666,720,False,248,0.55,0,44,0,292,44,44,dry=0.00|dry_vent=0.00|dew=0.10|canopy=0.10
0.12,50,0.3968253968253968,50,0.1,0.0,0.0,3,0.8999999999999999,1.0,1.0,0,mixed_combo_specific_v1,False,126,1.0,720,False,248,0.55,0,50,0,298,50,50,dry=0.00|dry_vent=0.00|dew=0.10|canopy=0.12
0.0,75,0.5952380952380952,75,0.12,0.0,0.0,4,1.25,1.0,1.0,0,mixed_combo_specific_v1,False,126,1.0,720,False,248,1.0,0,75,0,323,75,75,dry=0.00|dry_vent=0.00|dew=0.12|canopy=0.00
0.04,75,0.5952380952380952,75,0.12,0.0,0.0,4,1.25,1.0,1.0,0,mixed_combo_specific_v1,False,126,1.0,720,False,248,1.0,0,75,0,323,75,75,dry=0.00|dry_vent=0.00|dew=0.12|canopy=0.04
0.06,87,0.6904761904761905,87,0.12,0.0,0.0,3,0.8999999999999999,1.0,1.0,0,mixed_combo_specific_v1,False,126,1.0,720,False,248,1.0,0,87,0,335,87,87,dry=0.00|dry_vent=0.00|dew=0.12|canopy=0.06
0.08,87,0.6904761904761905,87,0.12,0.0,0.0,3,0.8999999999999999,1.0,1.0,0,mixed_combo_specific_v1,False,126,1.0,720,False,248,1.0,0,87,0,335,87,87,dry=0.00|dry_vent=0.00|dew=0.12|canopy=0.08
0.1,87,0.6904761904761905,87,0.12,0.0,0.0,3,0.8999999999999999,1.0,1.0,0,mixed_combo_specific_v1,False,126,1.0,720,False,248,1.0,0,87,0,335,87,87,dry=0.00|dry_vent=0.00|dew=0.12|canopy=0.10
0.12,93,0.7380952380952381,93,0.12,0.0,0.0,4,1.0999999999999999,1.0,1.0,0,mixed_combo_specific_v1,False,126,1.0,720,False,248,1.0,0,93,0,341,93,93,dry=0.00|dry_vent=0.00|dew=0.12|canopy=0.12
0.0,0,0.0,0,0.0,0.0,0.02,4,1.4,0.0,0.0,0,mixed_combo_specific_v1,False,126,0.0,720,False,248,0.0,0,0,0,248,0,0,dry=0.00|dry_vent=0.02|dew=0.00|canopy=0.00
0.04,0,0.0,0,0.0,0.0,0.02,4,1.4,0.0,0.0,0,mixed_combo_specific_v1,False,126,0.0,720,False,248,0.0,0,0,0,248,0,0,dry=0.00|dry_vent=0.02|dew=0.00|canopy=0.04
0.06,12,0.09523809523809523,12,0.0,0.0,0.02,3,1.0499999999999998,1.0,0.6666666666666666,0,mixed_combo_specific_v1,False,126,0.6666666666666666,720,False,248,0.0,0,12,0,260,12,12,dry=0.00|dry_vent=0.02|dew=0.00|canopy=0.06
0.08,12,0.09523809523809523,12,0.0,0.0,0.02,3,1.0499999999999998,1.0,0.6666666666666666,0,mixed_combo_specific_v1,False,126,0.6666666666666666,720,False,248,0.0,0,12,0,260,12,12,dry=0.00|dry_vent=0.02|dew=0.00|canopy=0.08
0.1,12,0.09523809523809523,12,0.0,0.0,0.02,3,1.0499999999999998,1.0,0.6666666666666666,0,mixed_combo_specific_v1,False,126,0.6666666666666666,720,False,248,0.0,0,12,0,260,12,12,dry=0.00|dry_vent=0.02|dew=0.00|canopy=0.10
0.12,18,0.14285714285714285,18,0.0,0.0,0.02,4,1.25,1.0,1.0,0,mixed_combo_specific_v1,False,126,1.0,720,False,248,0.0,0,18,0,266,18,18,dry=0.00|dry_vent=0.02|dew=0.00|canopy=0.12
0.0,0,0.0,0,0.04,0.0,0.02,4,1.4,0.0,0.0,0,mixed_combo_specific_v1,False,126,0.0,720,False,248,0.0,0,0,0,248,0,0,dry=0.00|dry_vent=0.02|dew=0.04|canopy=0.00
0.04,0,0.0,0,0.04,0.0,0.02,4,1.4,0.0,0.0,0,mixed_combo_specific_v1,False,126,0.0,720,False,248,0.0,0,0,0,248,0,0,dry=0.00|dry_vent=0.02|dew=0.04|canopy=0.04
0.06,12,0.09523809523809523,12,0.04,0.0,0.02,3,1.0499999999999998,1.0,0.6666666666666666,0,mixed_combo_specific_v1,False,126,0.6666666666666666,720,False,248,0.0,0,12,0,260,12,12,dry=0.00|dry_vent=0.02|dew=0.04|canopy=0.06
0.08,12,0.09523809523809523,12,0.04,0.0,0.02,3,1.0499999999999998,1.0,0.6666666666666666,0,mixed_combo_specific_v1,False,126,0.6666666666666666,720,False,248,0.0,0,12,0,260,12,12,dry=0.00|dry_vent=0.02|dew=0.04|canopy=0.08
0.1,12,0.09523809523809523,12,0.04,0.0,0.02,3,1.0499999999999998,1.0,0.6666666666666666,0,mixed_combo_specific_v1,False,126,0.6666666666666666,720,False,248,0.0,0,12,0,260,12,12,dry=0.00|dry_vent=0.02|dew=0.04|canopy=0.10
0.12,18,0.14285714285714285,18,0.04,0.0,0.02,4,1.25,1.0,1.0,0,mixed_combo_specific_v1,False,126,1.0,720,False,248,0.0,0,18,0,266,18,18,dry=0.00|dry_vent=0.02|dew=0.04|canopy=0.12
0.0,3,0.023809523809523808,3,0.06,0.0,0.02,3,1.3599999999999999,1.0,0.08571428571428572,0,mixed_combo_specific_v1,False,126,0.04,720,False,248,0.0,0,3,0,251,3,3,dry=0.00|dry_vent=0.02|dew=0.06|canopy=0.00
0.04,3,0.023809523809523808,3,0.06,0.0,0.02,3,1.3599999999999999,1.0,0.08571428571428572,0,mixed_combo_specific_v1,False,126,0.04,720,False,248,0.0,0,3,0,251,3,3,dry=0.00|dry_vent=0.02|dew=0.06|canopy=0.04
0.06,15,0.11904761904761904,15,0.06,0.0,0.02,2,1.01,1.0,0.6666666666666666,0,mixed_combo_specific_v1,False,126,0.6666666666666666,720,False,248,0.0,0,15,0,263,15,15,dry=0.00|dry_vent=0.02|dew=0.06|canopy=0.06
0.08,15,0.11904761904761904,15,0.06,0.0,0.02,2,1.01,1.0,0.6666666666666666,0,mixed_combo_specific_v1,False,126,0.6666666666666666,720,False,248,0.0,0,15,0,263,15,15,dry=0.00|dry_vent=0.02|dew=0.06|canopy=0.08
0.1,15,0.11904761904761904,15,0.06,0.0,0.02,2,1.01,1.0,0.6666666666666666,0,mixed_combo_specific_v1,False,126,0.6666666666666666,720,False,248,0.0,0,15,0,263,15,15,dry=0.00|dry_vent=0.02|dew=0.06|canopy=0.10
0.12,21,0.16666666666666666,21,0.06,0.0,0.02,3,1.21,1.0,1.0,0,mixed_combo_specific_v1,False,126,1.0,720,False,248,0.0,0,21,0,269,21,21,dry=0.00|dry_vent=0.02|dew=0.06|canopy=0.12
0.0,21,0.16666666666666666,21,0.08,0.0,0.02,3,1.1199999999999999,1.0,0.17142857142857143,0,mixed_combo_specific_v1,False,126,0.28,720,False,248,0.375,0,21,0,269,21,21,dry=0.00|dry_vent=0.02|dew=0.08|canopy=0.00
0.04,21,0.16666666666666666,21,0.08,0.0,0.02,3,1.1199999999999999,1.0,0.17142857142857143,0,mixed_combo_specific_v1,False,126,0.28,720,False,248,0.375,0,21,0,269,21,21,dry=0.00|dry_vent=0.02|dew=0.08|canopy=0.04
0.06,33,0.2619047619047619,33,0.08,0.0,0.02,2,0.7699999999999999,1.0,0.6666666666666666,0,mixed_combo_specific_v1,False,126,0.6666666666666666,720,False,248,0.375,0,33,0,281,33,33,dry=0.00|dry_vent=0.02|dew=0.08|canopy=0.06
0.08,33,0.2619047619047619,33,0.08,0.0,0.02,2,0.7699999999999999,1.0,0.6666666666666666,0,mixed_combo_specific_v1,False,126,0.6666666666666666,720,False,248,0.375,0,33,0,281,33,33,dry=0.00|dry_vent=0.02|dew=0.08|canopy=0.08
0.1,33,0.2619047619047619,33,0.08,0.0,0.02,2,0.7699999999999999,1.0,0.6666666666666666,0,mixed_combo_specific_v1,False,126,0.6666666666666666,720,False,248,0.375,0,33,0,281,33,33,dry=0.00|dry_vent=0.02|dew=0.08|canopy=0.10
0.12,39,0.30952380952380953,39,0.08,0.0,0.02,3,0.9699999999999999,1.0,1.0,0,mixed_combo_specific_v1,False,126,1.0,720,False,248,0.375,0,39,0,287,39,39,dry=0.00|dry_vent=0.02|dew=0.08|canopy=0.12
0.0,32,0.25396825396825395,32,0.1,0.0,0.02,3,1.0499999999999998,1.0,0.2857142857142857,0,mixed_combo_specific_v1,False,126,0.4266666666666667,720,False,248,0.55,0,32,0,280,32,32,dry=0.00|dry_vent=0.02|dew=0.10|canopy=0.00
0.04,32,0.25396825396825395,32,0.1,0.0,0.02,3,1.0499999999999998,1.0,0.2857142857142857,0,mixed_combo_specific_v1,False,126,0.4266666666666667,720,False,248,0.55,0,32,0,280,32,32,dry=0.00|dry_vent=0.02|dew=0.10|canopy=0.04
0.06,44,0.3492063492063492,44,0.1,0.0,0.02,2,0.7,1.0,0.6666666666666666,0,mixed_combo_specific_v1,False,126,0.6666666666666666,720,False,248,0.55,0,44,0,292,44,44,dry=0.00|dry_vent=0.02|dew=0.10|canopy=0.06
0.08,44,0.3492063492063492,44,0.1,0.0,0.02,2,0.7,1.0,0.6666666666666666,0,mixed_combo_specific_v1,False,126,0.6666666666666666,720,False,248,0.55,0,44,0,292,44,44,dry=0.00|dry_vent=0.02|dew=0.10|canopy=0.08
0.1,44,0.3492063492063492,44,0.1,0.0,0.02,2,0.7,1.0,0.6666666666666666,0,mixed_combo_specific_v1,False,126,0.6666666666666666,720,False,248,0.55,0,44,0,292,44,44,dry=0.00|dry_vent=0.02|dew=0.10|canopy=0.10
0.12,50,0.3968253968253968,50,0.1,0.0,0.02,3,0.8999999999999999,1.0,1.0,0,mixed_combo_specific_v1,False,126,1.0,720,False,248,0.55,0,50,0,298,50,50,dry=0.00|dry_vent=0.02|dew=0.10|canopy=0.12
0.0,75,0.5952380952380952,75,0.12,0.0,0.02,4,1.25,1.0,1.0,0,mixed_combo_specific_v1,False,126,1.0,720,False,248,1.0,0,75,0,323,75,75,dry=0.00|dry_vent=0.02|dew=0.12|canopy=0.00
0.04,75,0.5952380952380952,75,0.12,0.0,0.02,4,1.25,1.0,1.0,0,mixed_combo_specific_v1,False,126,1.0,720,False,248,1.0,0,75,0,323,75,75,dry=0.00|dry_vent=0.02|dew=0.12|canopy=0.04
0.06,87,0.6904761904761905,87,0.12,0.0,0.02,3,0.8999999999999999,1.0,1.0,0,mixed_combo_specific_v1,False,126,1.0,720,False,248,1.0,0,87,0,335,87,87,dry=0.00|dry_vent=0.02|dew=0.12|canopy=0.06
0.08,87,0.6904761904761905,87,0.12,0.0,0.02,3,0.8999999999999999,1.0,1.0,0,mixed_combo_specific_v1,False,126,1.0,720,False,248,1.0,0,87,0,335,87,87,dry=0.00|dry_vent=0.02|dew=0.12|canopy=0.08
0.1,87,0.6904761904761905,87,0.12,0.0,0.02,3,0.8999999999999999,1.0,1.0,0,mixed_combo_specific_v1,False,126,1.0,720,False,248,1.0,0,87,0,335,87,87,dry=0.00|dry_vent=0.02|dew=0.12|canopy=0.10
0.12,93,0.7380952380952381,93,0.12,0.0,0.02,4,1.0999999999999999,1.0,1.0,0,mixed_combo_specific_v1,False,126,1.0,720,False,248,1.0,0,93,0,341,93,93,dry=0.00|dry_vent=0.02|dew=0.12|canopy=0.12
0.0,0,0.0,0,0.0,0.0,0.04,4,1.4,0.0,0.0,0,mixed_combo_specific_v1,False,126,0.0,720,False,248,0.0,0,0,0,248,0,0,dry=0.00|dry_vent=0.04|dew=0.00|canopy=0.00
0.04,0,0.0,0,0.0,0.0,0.04,4,1.4,0.0,0.0,0,mixed_combo_specific_v1,False,126,0.0,720,False,248,0.0,0,0,0,248,0,0,dry=0.00|dry_vent=0.04|dew=0.00|canopy=0.04
0.06,12,0.09523809523809523,12,0.0,0.0,0.04,3,1.0499999999999998,1.0,0.6666666666666666,0,mixed_combo_specific_v1,False,126,0.6666666666666666,720,False,248,0.0,0,12,0,260,12,12,dry=0.00|dry_vent=0.04|dew=0.00|canopy=0.06
0.08,12,0.09523809523809523,12,0.0,0.0,0.04,3,1.0499999999999998,1.0,0.6666666666666666,0,mixed_combo_specific_v1,False,126,0.6666666666666666,720,False,248,0.0,0,12,0,260,12,12,dry=0.00|dry_vent=0.04|dew=0.00|canopy=0.08
0.1,12,0.09523809523809523,12,0.0,0.0,0.04,3,1.0499999999999998,1.0,0.6666666666666666,0,mixed_combo_specific_v1,False,126,0.6666666666666666,720,False,248,0.0,0,12,0,260,12,12,dry=0.00|dry_vent=0.04|dew=0.00|canopy=0.10
0.12,18,0.14285714285714285,18,0.0,0.0,0.04,4,1.25,1.0,1.0,0,mixed_combo_specific_v1,False,126,1.0,720,False,248,0.0,0,18,0,266,18,18,dry=0.00|dry_vent=0.04|dew=0.00|canopy=0.12
0.0,0,0.0,0,0.04,0.0,0.04,4,1.4,0.0,0.0,0,mixed_combo_specific_v1,False,126,0.0,720,False,248,0.0,0,0,0,248,0,0,dry=0.00|dry_vent=0.04|dew=0.04|canopy=0.00
0.04,0,0.0,0,0.04,0.0,0.04,4,1.4,0.0,0.0,0,mixed_combo_specific_v1,False,126,0.0,720,False,248,0.0,0,0,0,248,0,0,dry=0.00|dry_vent=0.04|dew=0.04|canopy=0.04
0.06,12,0.09523809523809523,12,0.04,0.0,0.04,3,1.0499999999999998,1.0,0.6666666666666666,0,mixed_combo_specific_v1,False,126,0.6666666666666666,720,False,248,0.0,0,12,0,260,12,12,dry=0.00|dry_vent=0.04|dew=0.04|canopy=0.06
0.08,12,0.09523809523809523,12,0.04,0.0,0.04,3,1.0499999999999998,1.0,0.6666666666666666,0,mixed_combo_specific_v1,False,126,0.6666666666666666,720,False,248,0.0,0,12,0,260,12,12,dry=0.00|dry_vent=0.04|dew=0.04|canopy=0.08
0.1,12,0.09523809523809523,12,0.04,0.0,0.04,3,1.0499999999999998,1.0,0.6666666666666666,0,mixed_combo_specific_v1,False,126,0.6666666666666666,720,False,248,0.0,0,12,0,260,12,12,dry=0.00|dry_vent=0.04|dew=0.04|canopy=0.10
0.12,18,0.14285714285714285,18,0.04,0.0,0.04,4,1.25,1.0,1.0,0,mixed_combo_specific_v1,False,126,1.0,720,False,248,0.0,0,18,0,266,18,18,dry=0.00|dry_vent=0.04|dew=0.04|canopy=0.12
0.0,3,0.023809523809523808,3,0.06,0.0,0.04,3,1.3599999999999999,1.0,0.08571428571428572,0,mixed_combo_specific_v1,False,126,0.04,720,False,248,0.0,0,3,0,251,3,3,dry=0.00|dry_vent=0.04|dew=0.06|canopy=0.00
0.04,3,0.023809523809523808,3,0.06,0.0,0.04,3,1.3599999999999999,1.0,0.08571428571428572,0,mixed_combo_specific_v1,False,126,0.04,720,False,248,0.0,0,3,0,251,3,3,dry=0.00|dry_vent=0.04|dew=0.06|canopy=0.04
0.06,15,0.11904761904761904,15,0.06,0.0,0.04,2,1.01,1.0,0.6666666666666666,0,mixed_combo_specific_v1,False,126,0.6666666666666666,720,False,248,0.0,0,15,0,263,15,15,dry=0.00|dry_vent=0.04|dew=0.06|canopy=0.06
0.08,15,0.11904761904761904,15,0.06,0.0,0.04,2,1.01,1.0,0.6666666666666666,0,mixed_combo_specific_v1,False,126,0.6666666666666666,720,False,248,0.0,0,15,0,263,15,15,dry=0.00|dry_vent=0.04|dew=0.06|canopy=0.08
0.1,15,0.11904761904761904,15,0.06,0.0,0.04,2,1.01,1.0,0.6666666666666666,0,mixed_combo_specific_v1,False,126,0.6666666666666666,720,False,248,0.0,0,15,0,263,15,15,dry=0.00|dry_vent=0.04|dew=0.06|canopy=0.10
0.12,21,0.16666666666666666,21,0.06,0.0,0.04,3,1.21,1.0,1.0,0,mixed_combo_specific_v1,False,126,1.0,720,False,248,0.0,0,21,0,269,21,21,dry=0.00|dry_vent=0.04|dew=0.06|canopy=0.12
0.0,21,0.16666666666666666,21,0.08,0.0,0.04,3,1.1199999999999999,1.0,0.17142857142857143,0,mixed_combo_specific_v1,False,126,0.28,720,False,248,0.375,0,21,0,269,21,21,dry=0.00|dry_vent=0.04|dew=0.08|canopy=0.00
0.04,21,0.16666666666666666,21,0.08,0.0,0.04,3,1.1199999999999999,1.0,0.17142857142857143,0,mixed_combo_specific_v1,False,126,0.28,720,False,248,0.375,0,21,0,269,21,21,dry=0.00|dry_vent=0.04|dew=0.08|canopy=0.04
0.06,33,0.2619047619047619,33,0.08,0.0,0.04,2,0.7699999999999999,1.0,0.6666666666666666,0,mixed_combo_specific_v1,False,126,0.6666666666666666,720,False,248,0.375,0,33,0,281,33,33,dry=0.00|dry_vent=0.04|dew=0.08|canopy=0.06
0.08,33,0.2619047619047619,33,0.08,0.0,0.04,2,0.7699999999999999,1.0,0.6666666666666666,0,mixed_combo_specific_v1,False,126,0.6666666666666666,720,False,248,0.375,0,33,0,281,33,33,dry=0.00|dry_vent=0.04|dew=0.08|canopy=0.08
0.1,33,0.2619047619047619,33,0.08,0.0,0.04,2,0.7699999999999999,1.0,0.6666666666666666,0,mixed_combo_specific_v1,False,126,0.6666666666666666,720,False,248,0.375,0,33,0,281,33,33,dry=0.00|dry_vent=0.04|dew=0.08|canopy=0.10
0.12,39,0.30952380952380953,39,0.08,0.0,0.04,3,0.9699999999999999,1.0,1.0,0,mixed_combo_specific_v1,False,126,1.0,720,False,248,0.375,0,39,0,287,39,39,dry=0.00|dry_vent=0.04|dew=0.08|canopy=0.12
0.0,32,0.25396825396825395,32,0.1,0.0,0.04,3,1.0499999999999998,1.0,0.2857142857142857,0,mixed_combo_specific_v1,False,126,0.4266666666666667,720,False,248,0.55,0,32,0,280,32,32,dry=0.00|dry_vent=0.04|dew=0.10|canopy=0.00
0.04,32,0.25396825396825395,32,0.1,0.0,0.04,3,1.0499999999999998,1.0,0.2857142857142857,0,mixed_combo_specific_v1,False,126,0.4266666666666667,720,False,248,0.55,0,32,0,280,32,32,dry=0.00|dry_vent=0.04|dew=0.10|canopy=0.04
0.06,44,0.3492063492063492,44,0.1,0.0,0.04,2,0.7,1.0,0.6666666666666666,0,mixed_combo_specific_v1,False,126,0.6666666666666666,720,False,248,0.55,0,44,0,292,44,44,dry=0.00|dry_vent=0.04|dew=0.10|canopy=0.06
0.08,44,0.3492063492063492,44,0.1,0.0,0.04,2,0.7,1.0,0.6666666666666666,0,mixed_combo_specific_v1,False,126,0.6666666666666666,720,False,248,0.55,0,44,0,292,44,44,dry=0.00|dry_vent=0.04|dew=0.10|canopy=0.08
0.1,44,0.3492063492063492,44,0.1,0.0,0.04,2,0.7,1.0,0.6666666666666666,0,mixed_combo_specific_v1,False,126,0.6666666666666666,720,False,248,0.55,0,44,0,292,44,44,dry=0.00|dry_vent=0.04|dew=0.10|canopy=0.10
0.12,50,0.3968253968253968,50,0.1,0.0,0.04,3,0.8999999999999999,1.0,1.0,0,mixed_combo_specific_v1,False,126,1.0,720,False,248,0.55,0,50,0,298,50,50,dry=0.00|dry_vent=0.04|dew=0.10|canopy=0.12
0.0,75,0.5952380952380952,75,0.12,0.0,0.04,4,1.25,1.0,1.0,0,mixed_combo_specific_v1,False,126,1.0,720,False,248,1.0,0,75,0,323,75,75,dry=0.00|dry_vent=0.04|dew=0.12|canopy=0.00
0.04,75,0.5952380952380952,75,0.12,0.0,0.04,4,1.25,1.0,1.0,0,mixed_combo_specific_v1,False,126,1.0,720,False,248,1.0,0,75,0,323,75,75,dry=0.00|dry_vent=0.04|dew=0.12|canopy=0.04
0.06,87,0.6904761904761905,87,0.12,0.0,0.04,3,0.8999999999999999,1.0,1.0,0,mixed_combo_specific_v1,False,126,1.0,720,False,248,1.0,0,87,0,335,87,87,dry=0.00|dry_vent=0.04|dew=0.12|canopy=0.06
0.08,87,0.6904761904761905,87,0.12,0.0,0.04,3,0.8999999999999999,1.0,1.0,0,mixed_combo_specific_v1,False,126,1.0,720,False,248,1.0,0,87,0,335,87,87,dry=0.00|dry_vent=0.04|dew=0.12|canopy=0.08
0.1,87,0.6904761904761905,87,0.12,0.0,0.04,3,0.8999999999999999,1.0,1.0,0,mixed_combo_specific_v1,False,126,1.0,720,False,248,1.0,0,87,0,335,87,87,dry=0.00|dry_vent=0.04|dew=0.12|canopy=0.10
0.12,93,0.7380952380952381,93,0.12,0.0,0.04,4,1.0999999999999999,1.0,1.0,0,mixed_combo_specific_v1,False,126,1.0,720,False,248,1.0,0,93,0,341,93,93,dry=0.00|dry_vent=0.04|dew=0.12|canopy=0.12
0.0,25,0.1984126984126984,25,0.0,0.0,0.06,4,1.25,1.0,1.0,0,mixed_combo_specific_v1,False,126,1.0,720,False,248,0.0,0,25,0,273,25,25,dry=0.00|dry_vent=0.06|dew=0.00|canopy=0.00
0.04,25,0.1984126984126984,25,0.0,0.0,0.06,4,1.25,1.0,1.0,0,mixed_combo_specific_v1,False,126,1.0,720,False,248,0.0,0,25,0,273,25,25,dry=0.00|dry_vent=0.06|dew=0.00|canopy=0.04
0.06,37,0.29365079365079366,37,0.0,0.0,0.06,3,0.8999999999999999,1.0,1.0,0,mixed_combo_specific_v1,False,126,1.0,720,False,248,0.0,0,37,0,285,37,37,dry=0.00|dry_vent=0.06|dew=0.00|canopy=0.06
0.08,37,0.29365079365079366,37,0.0,0.0,0.06,3,0.8999999999999999,1.0,1.0,0,mixed_combo_specific_v1,False,126,1.0,720,False,248,0.0,0,37,0,285,37,37,dry=0.00|dry_vent=0.06|dew=0.00|canopy=0.08
0.1,37,0.29365079365079366,37,0.0,0.0,0.06,3,0.8999999999999999,1.0,1.0,0,mixed_combo_specific_v1,False,126,1.0,720,False,248,0.0,0,37,0,285,37,37,dry=0.00|dry_vent=0.06|dew=0.00|canopy=0.10
0.12,43,0.3412698412698413,43,0.0,0.0,0.06,4,1.0999999999999999,1.0,1.0,0,mixed_combo_specific_v1,False,126,1.0,720,False,248,0.0,0,43,0,291,43,43,dry=0.00|dry_vent=0.06|dew=0.00|canopy=0.12
0.0,25,0.1984126984126984,25,0.04,0.0,0.06,4,1.25,1.0,1.0,0,mixed_combo_specific_v1,False,126,1.0,720,False,248,0.0,0,25,0,273,25,25,dry=0.00|dry_vent=0.06|dew=0.04|canopy=0.00
0.04,25,0.1984126984126984,25,0.04,0.0,0.06,4,1.25,1.0,1.0,0,mixed_combo_specific_v1,False,126,1.0,720,False,248,0.0,0,25,0,273,25,25,dry=0.00|dry_vent=0.06|dew=0.04|canopy=0.04
0.06,37,0.29365079365079366,37,0.04,0.0,0.06,3,0.8999999999999999,1.0,1.0,0,mixed_combo_specific_v1,False,126,1.0,720,False,248,0.0,0,37,0,285,37,37,dry=0.00|dry_vent=0.06|dew=0.04|canopy=0.06
0.08,37,0.29365079365079366,37,0.04,0.0,0.06,3,0.8999999999999999,1.0,1.0,0,mixed_combo_specific_v1,False,126,1.0,720,False,248,0.0,0,37,0,285,37,37,dry=0.00|dry_vent=0.06|dew=0.04|canopy=0.08
0.1,37,0.29365079365079366,37,0.04,0.0,0.06,3,0.8999999999999999,1.0,1.0,0,mixed_combo_specific_v1,False,126,1.0,720,False,248,0.0,0,37,0,285,37,37,dry=0.00|dry_vent=0.06|dew=0.04|canopy=0.10
0.12,43,0.3412698412698413,43,0.04,0.0,0.06,4,1.0999999999999999,1.0,1.0,0,mixed_combo_specific_v1,False,126,1.0,720,False,248,0.0,0,43,0,291,43,43,dry=0.00|dry_vent=0.06|dew=0.04|canopy=0.12
0.0,28,0.2222222222222222,28,0.06,0.0,0.06,3,1.21,1.0,1.0,0,mixed_combo_specific_v1,False,126,1.0,720,False,248,0.0,0,28,0,276,28,28,dry=0.00|dry_vent=0.06|dew=0.06|canopy=0.00
0.04,28,0.2222222222222222,28,0.06,0.0,0.06,3,1.21,1.0,1.0,0,mixed_combo_specific_v1,False,126,1.0,720,False,248,0.0,0,28,0,276,28,28,dry=0.00|dry_vent=0.06|dew=0.06|canopy=0.04
0.06,40,0.31746031746031744,40,0.06,0.0,0.06,2,0.8599999999999999,1.0,0.9142857142857143,0,mixed_combo_specific_v1,False,126,1.0,720,False,248,0.0,0,40,0,288,40,40,dry=0.00|dry_vent=0.06|dew=0.06|canopy=0.06
0.08,40,0.31746031746031744,40,0.06,0.0,0.06,2,0.8599999999999999,1.0,0.9142857142857143,0,mixed_combo_specific_v1,False,126,1.0,720,False,248,0.0,0,40,0,288,40,40,dry=0.00|dry_vent=0.06|dew=0.06|canopy=0.08
0.1,40,0.31746031746031744,40,0.06,0.0,0.06,2,0.8599999999999999,1.0,0.9142857142857143,0,mixed_combo_specific_v1,False,126,1.0,720,False,248,0.0,0,40,0,288,40,40,dry=0.00|dry_vent=0.06|dew=0.06|canopy=0.10
0.12,46,0.36507936507936506,46,0.06,0.0,0.06,3,1.0599999999999998,1.0,0.9142857142857143,0,mixed_combo_specific_v1,False,126,1.0,720,False,248,0.0,0,46,0,294,46,46,dry=0.00|dry_vent=0.06|dew=0.06|canopy=0.12
0.0,46,0.36507936507936506,46,0.08,0.0,0.06,3,0.9699999999999999,1.0,1.0,0,mixed_combo_specific_v1,False,126,1.0,720,False,248,0.375,0,46,0,294,46,46,dry=0.00|dry_vent=0.06|dew=0.08|canopy=0.00
0.04,46,0.36507936507936506,46,0.08,0.0,0.06,3,0.9699999999999999,1.0,1.0,0,mixed_combo_specific_v1,False,126,1.0,720,False,248,0.375,0,46,0,294,46,46,dry=0.00|dry_vent=0.06|dew=0.08|canopy=0.04
0.06,58,0.4603174603174603,58,0.08,0.0,0.06,2,0.6199999999999999,1.0,0.8285714285714285,0,mixed_combo_specific_v1,False,126,1.0,720,False,248,0.375,0,58,0,306,58,58,dry=0.00|dry_vent=0.06|dew=0.08|canopy=0.06
0.08,58,0.4603174603174603,58,0.08,0.0,0.06,2,0.6199999999999999,1.0,0.8285714285714285,0,mixed_combo_specific_v1,False,126,1.0,720,False,248,0.375,0,58,0,306,58,58,dry=0.00|dry_vent=0.06|dew=0.08|canopy=0.08
0.1,58,0.4603174603174603,58,0.08,0.0,0.06,2,0.6199999999999999,1.0,0.8285714285714285,0,mixed_combo_specific_v1,False,126,1.0,720,False,248,0.375,0,58,0,306,58,58,dry=0.00|dry_vent=0.06|dew=0.08|canopy=0.10
0.12,64,0.5079365079365079,64,0.08,0.0,0.06,3,0.8199999999999998,0.90625,0.8285714285714285,0,mixed_combo_specific_v1,False,126,1.0,720,False,248,0.375,0,64,0,312,64,64,dry=0.00|dry_vent=0.06|dew=0.08|canopy=0.12
0.0,57,0.4523809523809524,57,0.1,0.0,0.06,3,0.8999999999999999,1.0,1.0,0,mixed_combo_specific_v1,False,126,1.0,720,False,248,0.55,0,57,0,305,57,57,dry=0.00|dry_vent=0.06|dew=0.10|canopy=0.00
0.04,57,0.4523809523809524,57,0.1,0.0,0.06,3,0.8999999999999999,1.0,1.0,0,mixed_combo_specific_v1,False,126,1.0,720,False,248,0.55,0,57,0,305,57,57,dry=0.00|dry_vent=0.06|dew=0.10|canopy=0.04
0.06,69,0.5476190476190477,69,0.1,0.0,0.06,2,0.5499999999999999,1.0,0.7142857142857143,0,mixed_combo_specific_v1,False,126,1.0,720,False,248,0.55,0,69,0,317,69,69,dry=0.00|dry_vent=0.06|dew=0.10|canopy=0.06
0.08,69,0.5476190476190477,69,0.1,0.0,0.06,2,0.5499999999999999,1.0,0.7142857142857143,0,mixed_combo_specific_v1,False,126,1.0,720,False,248,0.55,0,69,0,317,69,69,dry=0.00|dry_vent=0.06|dew=0.10|canopy=0.08
0.1,69,0.5476190476190477,69,0.1,0.0,0.06,2,0.5499999999999999,1.0,0.7142857142857143,0,mixed_combo_specific_v1,False,126,1.0,720,False,248,0.55,0,69,0,317,69,69,dry=0.00|dry_vent=0.06|dew=0.10|canopy=0.10
0.12,75,0.5952380952380952,75,0.1,0.0,0.06,3,0.7499999999999999,0.78125,0.7142857142857143,0,mixed_combo_specific_v1,False,126,1.0,720,False,248,0.55,0,75,0,323,75,75,dry=0.00|dry_vent=0.06|dew=0.10|canopy=0.12
0.0,100,0.7936507936507936,100,0.12,0.0,0.06,4,1.0999999999999999,1.0,1.0,0,mixed_combo_specific_v1,False,126,1.0,720,False,248,1.0,0,100,0,348,100,100,dry=0.00|dry_vent=0.06|dew=0.12|canopy=0.00
0.04,100,0.7936507936507936,100,0.12,0.0,0.06,4,1.0999999999999999,1.0,1.0,0,mixed_combo_specific_v1,False,126,1.0,720,False,248,1.0,0,100,0,348,100,100,dry=0.00|dry_vent=0.06|dew=0.12|canopy=0.04
0.06,112,0.8888888888888888,112,0.12,0.0,0.06,3,0.7499999999999999,1.0,0.33333333333333337,0,mixed_combo_specific_v1,True,126,1.0,720,False,248,1.0,0,112,0,360,112,112,dry=0.00|dry_vent=0.06|dew=0.12|canopy=0.06
0.08,112,0.8888888888888888,112,0.12,0.0,0.06,3,0.7499999999999999,1.0,0.33333333333333337,0,mixed_combo_specific_v1,True,126,1.0,720,False,248,1.0,0,112,0,360,112,112,dry=0.00|dry_vent=0.06|dew=0.12|canopy=0.08
0.1,112,0.8888888888888888,112,0.12,0.0,0.06,3,0.7499999999999999,1.0,0.33333333333333337,0,mixed_combo_specific_v1,True,126,1.0,720,False,248,1.0,0,112,0,360,112,112,dry=0.00|dry_vent=0.06|dew=0.12|canopy=0.10
0.12,118,0.9365079365079365,118,0.12,0.0,0.06,4,0.9499999999999998,0.0,0.0,0,mixed_combo_specific_v1,True,126,1.0,720,False,248,1.0,0,118,0,366,118,118,dry=0.00|dry_vent=0.06|dew=0.12|canopy=0.12
0.0,0,0.0,0,0.0,0.02,0.0,4,1.4,0.0,0.0,0,mixed_combo_specific_v1,False,126,0.0,720,False,248,0.0,0,0,0,248,0,0,dry=0.02|dry_vent=0.00|dew=0.00|canopy=0.00
0.04,0,0.0,0,0.0,0.02,0.0,4,1.4,0.0,0.0,0,mixed_combo_specific_v1,False,126,0.0,720,False,248,0.0,0,0,0,248,0,0,dry=0.02|dry_vent=0.00|dew=0.00|canopy=0.04
0.06,12,0.09523809523809523,12,0.0,0.02,0.0,3,1.0499999999999998,1.0,0.6666666666666666,0,mixed_combo_specific_v1,False,126,0.6666666666666666,720,False,248,0.0,0,12,0,260,12,12,dry=0.02|dry_vent=0.00|dew=0.00|canopy=0.06
0.08,12,0.09523809523809523,12,0.0,0.02,0.0,3,1.0499999999999998,1.0,0.6666666666666666,0,mixed_combo_specific_v1,False,126,0.6666666666666666,720,False,248,0.0,0,12,0,260,12,12,dry=0.02|dry_vent=0.00|dew=0.00|canopy=0.08
0.1,12,0.09523809523809523,12,0.0,0.02,0.0,3,1.0499999999999998,1.0,0.6666666666666666,0,mixed_combo_specific_v1,False,126,0.6666666666666666,720,False,248,0.0,0,12,0,260,12,12,dry=0.02|dry_vent=0.00|dew=0.00|canopy=0.10
0.12,18,0.14285714285714285,18,0.0,0.02,0.0,4,1.25,1.0,1.0,0,mixed_combo_specific_v1,False,126,1.0,720,False,248,0.0,0,18,0,266,18,18,dry=0.02|dry_vent=0.00|dew=0.00|canopy=0.12
0.0,0,0.0,0,0.04,0.02,0.0,4,1.4,0.0,0.0,0,mixed_combo_specific_v1,False,126,0.0,720,False,248,0.0,0,0,0,248,0,0,dry=0.02|dry_vent=0.00|dew=0.04|canopy=0.00
0.04,0,0.0,0,0.04,0.02,0.0,4,1.4,0.0,0.0,0,mixed_combo_specific_v1,False,126,0.0,720,False,248,0.0,0,0,0,248,0,0,dry=0.02|dry_vent=0.00|dew=0.04|canopy=0.04
0.06,12,0.09523809523809523,12,0.04,0.02,0.0,3,1.0499999999999998,1.0,0.6666666666666666,0,mixed_combo_specific_v1,False,126,0.6666666666666666,720,False,248,0.0,0,12,0,260,12,12,dry=0.02|dry_vent=0.00|dew=0.04|canopy=0.06
0.08,12,0.09523809523809523,12,0.04,0.02,0.0,3,1.0499999999999998,1.0,0.6666666666666666,0,mixed_combo_specific_v1,False,126,0.6666666666666666,720,False,248,0.0,0,12,0,260,12,12,dry=0.02|dry_vent=0.00|dew=0.04|canopy=0.08
0.1,12,0.09523809523809523,12,0.04,0.02,0.0,3,1.0499999999999998,1.0,0.6666666666666666,0,mixed_combo_specific_v1,False,126,0.6666666666666666,720,False,248,0.0,0,12,0,260,12,12,dry=0.02|dry_vent=0.00|dew=0.04|canopy=0.10
0.12,18,0.14285714285714285,18,0.04,0.02,0.0,4,1.25,1.0,1.0,0,mixed_combo_specific_v1,False,126,1.0,720,False,248,0.0,0,18,0,266,18,18,dry=0.02|dry_vent=0.00|dew=0.04|canopy=0.12
0.0,3,0.023809523809523808,3,0.06,0.02,0.0,3,1.3599999999999999,1.0,0.08571428571428572,0,mixed_combo_specific_v1,False,126,0.04,720,False,248,0.0,0,3,0,251,3,3,dry=0.02|dry_vent=0.00|dew=0.06|canopy=0.00
0.04,3,0.023809523809523808,3,0.06,0.02,0.0,3,1.3599999999999999,1.0,0.08571428571428572,0,mixed_combo_specific_v1,False,126,0.04,720,False,248,0.0,0,3,0,251,3,3,dry=0.02|dry_vent=0.00|dew=0.06|canopy=0.04
0.06,15,0.11904761904761904,15,0.06,0.02,0.0,2,1.01,1.0,0.6666666666666666,0,mixed_combo_specific_v1,False,126,0.6666666666666666,720,False,248,0.0,0,15,0,263,15,15,dry=0.02|dry_vent=0.00|dew=0.06|canopy=0.06
0.08,15,0.11904761904761904,15,0.06,0.02,0.0,2,1.01,1.0,0.6666666666666666,0,mixed_combo_specific_v1,False,126,0.6666666666666666,720,False,248,0.0,0,15,0,263,15,15,dry=0.02|dry_vent=0.00|dew=0.06|canopy=0.08
0.1,15,0.11904761904761904,15,0.06,0.02,0.0,2,1.01,1.0,0.6666666666666666,0,mixed_combo_specific_v1,False,126,0.6666666666666666,720,False,248,0.0,0,15,0,263,15,15,dry=0.02|dry_vent=0.00|dew=0.06|canopy=0.10
0.12,21,0.16666666666666666,21,0.06,0.02,0.0,3,1.21,1.0,1.0,0,mixed_combo_specific_v1,False,126,1.0,720,False,248,0.0,0,21,0,269,21,21,dry=0.02|dry_vent=0.00|dew=0.06|canopy=0.12
0.0,21,0.16666666666666666,21,0.08,0.02,0.0,3,1.1199999999999999,1.0,0.17142857142857143,0,mixed_combo_specific_v1,False,126,0.28,720,False,248,0.375,0,21,0,269,21,21,dry=0.02|dry_vent=0.00|dew=0.08|canopy=0.00
0.04,21,0.16666666666666666,21,0.08,0.02,0.0,3,1.1199999999999999,1.0,0.17142857142857143,0,mixed_combo_specific_v1,False,126,0.28,720,False,248,0.375,0,21,0,269,21,21,dry=0.02|dry_vent=0.00|dew=0.08|canopy=0.04
0.06,33,0.2619047619047619,33,0.08,0.02,0.0,2,0.7699999999999999,1.0,0.6666666666666666,0,mixed_combo_specific_v1,False,126,0.6666666666666666,720,False,248,0.375,0,33,0,281,33,33,dry=0.02|dry_vent=0.00|dew=0.08|canopy=0.06
0.08,33,0.2619047619047619,33,0.08,0.02,0.0,2,0.7699999999999999,1.0,0.6666666666666666,0,mixed_combo_specific_v1,False,126,0.6666666666666666,720,False,248,0.375,0,33,0,281,33,33,dry=0.02|dry_vent=0.00|dew=0.08|canopy=0.08
0.1,33,0.2619047619047619,33,0.08,0.02,0.0,2,0.7699999999999999,1.0,0.6666666666666666,0,mixed_combo_specific_v1,False,126,0.6666666666666666,720,False,248,0.375,0,33,0,281,33,33,dry=0.02|dry_vent=0.00|dew=0.08|canopy=0.10
0.12,39,0.30952380952380953,39,0.08,0.02,0.0,3,0.9699999999999999,1.0,1.0,0,mixed_combo_specific_v1,False,126,1.0,720,False,248,0.375,0,39,0,287,39,39,dry=0.02|dry_vent=0.00|dew=0.08|canopy=0.12
0.0,32,0.25396825396825395,32,0.1,0.02,0.0,3,1.0499999999999998,1.0,0.2857142857142857,0,mixed_combo_specific_v1,False,126,0.4266666666666667,720,False,248,0.55,0,32,0,280,32,32,dry=0.02|dry_vent=0.00|dew=0.10|canopy=0.00
0.04,32,0.25396825396825395,32,0.1,0.02,0.0,3,1.0499999999999998,1.0,0.2857142857142857,0,mixed_combo_specific_v1,False,126,0.4266666666666667,720,False,248,0.55,0,32,0,280,32,32,dry=0.02|dry_vent=0.00|dew=0.10|canopy=0.04
0.06,44,0.3492063492063492,44,0.1,0.02,0.0,2,0.7,1.0,0.6666666666666666,0,mixed_combo_specific_v1,False,126,0.6666666666666666,720,False,248,0.55,0,44,0,292,44,44,dry=0.02|dry_vent=0.00|dew=0.10|canopy=0.06
0.08,44,0.3492063492063492,44,0.1,0.02,0.0,2,0.7,1.0,0.6666666666666666,0,mixed_combo_specific_v1,False,126,0.6666666666666666,720,False,248,0.55,0,44,0,292,44,44,dry=0.02|dry_vent=0.00|dew=0.10|canopy=0.08
0.1,44,0.3492063492063492,44,0.1,0.02,0.0,2,0.7,1.0,0.6666666666666666,0,mixed_combo_specific_v1,False,126,0.6666666666666666,720,False,248,0.55,0,44,0,292,44,44,dry=0.02|dry_vent=0.00|dew=0.10|canopy=0.10
0.12,50,0.3968253968253968,50,0.1,0.02,0.0,3,0.8999999999999999,1.0,1.0,0,mixed_combo_specific_v1,False,126,1.0,720,False,248,0.55,0,50,0,298,50,50,dry=0.02|dry_vent=0.00|dew=0.10|canopy=0.12
0.0,75,0.5952380952380952,75,0.12,0.02,0.0,4,1.25,1.0,1.0,0,mixed_combo_specific_v1,False,126,1.0,720,False,248,1.0,0,75,0,323,75,75,dry=0.02|dry_vent=0.00|dew=0.12|canopy=0.00
0.04,75,0.5952380952380952,75,0.12,0.02,0.0,4,1.25,1.0,1.0,0,mixed_combo_specific_v1,False,126,1.0,720,False,248,1.0,0,75,0,323,75,75,dry=0.02|dry_vent=0.00|dew=0.12|canopy=0.04
0.06,87,0.6904761904761905,87,0.12,0.02,0.0,3,0.8999999999999999,1.0,1.0,0,mixed_combo_specific_v1,False,126,1.0,720,False,248,1.0,0,87,0,335,87,87,dry=0.02|dry_vent=0.00|dew=0.12|canopy=0.06
0.08,87,0.6904761904761905,87,0.12,0.02,0.0,3,0.8999999999999999,1.0,1.0,0,mixed_combo_specific_v1,False,126,1.0,720,False,248,1.0,0,87,0,335,87,87,dry=0.02|dry_vent=0.00|dew=0.12|canopy=0.08
0.1,87,0.6904761904761905,87,0.12,0.02,0.0,3,0.8999999999999999,1.0,1.0,0,mixed_combo_specific_v1,False,126,1.0,720,False,248,1.0,0,87,0,335,87,87,dry=0.02|dry_vent=0.00|dew=0.12|canopy=0.10
0.12,93,0.7380952380952381,93,0.12,0.02,0.0,4,1.0999999999999999,1.0,1.0,0,mixed_combo_specific_v1,False,126,1.0,720,False,248,1.0,0,93,0,341,93,93,dry=0.02|dry_vent=0.00|dew=0.12|canopy=0.12
0.0,0,0.0,0,0.0,0.02,0.02,4,1.4,0.0,0.0,0,mixed_combo_specific_v1,False,126,0.0,720,False,248,0.0,0,0,0,248,0,0,dry=0.02|dry_vent=0.02|dew=0.00|canopy=0.00
0.04,0,0.0,0,0.0,0.02,0.02,4,1.4,0.0,0.0,0,mixed_combo_specific_v1,False,126,0.0,720,False,248,0.0,0,0,0,248,0,0,dry=0.02|dry_vent=0.02|dew=0.00|canopy=0.04
0.06,12,0.09523809523809523,12,0.0,0.02,0.02,3,1.0499999999999998,1.0,0.6666666666666666,0,mixed_combo_specific_v1,False,126,0.6666666666666666,720,False,248,0.0,0,12,0,260,12,12,dry=0.02|dry_vent=0.02|dew=0.00|canopy=0.06
0.08,12,0.09523809523809523,12,0.0,0.02,0.02,3,1.0499999999999998,1.0,0.6666666666666666,0,mixed_combo_specific_v1,False,126,0.6666666666666666,720,False,248,0.0,0,12,0,260,12,12,dry=0.02|dry_vent=0.02|dew=0.00|canopy=0.08
0.1,12,0.09523809523809523,12,0.0,0.02,0.02,3,1.0499999999999998,1.0,0.6666666666666666,0,mixed_combo_specific_v1,False,126,0.6666666666666666,720,False,248,0.0,0,12,0,260,12,12,dry=0.02|dry_vent=0.02|dew=0.00|canopy=0.10
0.12,18,0.14285714285714285,18,0.0,0.02,0.02,4,1.25,1.0,1.0,0,mixed_combo_specific_v1,False,126,1.0,720,False,248,0.0,0,18,0,266,18,18,dry=0.02|dry_vent=0.02|dew=0.00|canopy=0.12
0.0,0,0.0,0,0.04,0.02,0.02,4,1.4,0.0,0.0,0,mixed_combo_specific_v1,False,126,0.0,720,False,248,0.0,0,0,0,248,0,0,dry=0.02|dry_vent=0.02|dew=0.04|canopy=0.00
0.04,0,0.0,0,0.04,0.02,0.02,4,1.4,0.0,0.0,0,mixed_combo_specific_v1,False,126,0.0,720,False,248,0.0,0,0,0,248,0,0,dry=0.02|dry_vent=0.02|dew=0.04|canopy=0.04
0.06,12,0.09523809523809523,12,0.04,0.02,0.02,3,1.0499999999999998,1.0,0.6666666666666666,0,mixed_combo_specific_v1,False,126,0.6666666666666666,720,False,248,0.0,0,12,0,260,12,12,dry=0.02|dry_vent=0.02|dew=0.04|canopy=0.06
0.08,12,0.09523809523809523,12,0.04,0.02,0.02,3,1.0499999999999998,1.0,0.6666666666666666,0,mixed_combo_specific_v1,False,126,0.6666666666666666,720,False,248,0.0,0,12,0,260,12,12,dry=0.02|dry_vent=0.02|dew=0.04|canopy=0.08
0.1,12,0.09523809523809523,12,0.04,0.02,0.02,3,1.0499999999999998,1.0,0.6666666666666666,0,mixed_combo_specific_v1,False,126,0.6666666666666666,720,False,248,0.0,0,12,0,260,12,12,dry=0.02|dry_vent=0.02|dew=0.04|canopy=0.10
0.12,18,0.14285714285714285,18,0.04,0.02,0.02,4,1.25,1.0,1.0,0,mixed_combo_specific_v1,False,126,1.0,720,False,248,0.0,0,18,0,266,18,18,dry=0.02|dry_vent=0.02|dew=0.04|canopy=0.12
0.0,3,0.023809523809523808,3,0.06,0.02,0.02,3,1.3599999999999999,1.0,0.08571428571428572,0,mixed_combo_specific_v1,False,126,0.04,720,False,248,0.0,0,3,0,251,3,3,dry=0.02|dry_vent=0.02|dew=0.06|canopy=0.00
0.04,3,0.023809523809523808,3,0.06,0.02,0.02,3,1.3599999999999999,1.0,0.08571428571428572,0,mixed_combo_specific_v1,False,126,0.04,720,False,248,0.0,0,3,0,251,3,3,dry=0.02|dry_vent=0.02|dew=0.06|canopy=0.04
0.06,15,0.11904761904761904,15,0.06,0.02,0.02,2,1.01,1.0,0.6666666666666666,0,mixed_combo_specific_v1,False,126,0.6666666666666666,720,False,248,0.0,0,15,0,263,15,15,dry=0.02|dry_vent=0.02|dew=0.06|canopy=0.06
0.08,15,0.11904761904761904,15,0.06,0.02,0.02,2,1.01,1.0,0.6666666666666666,0,mixed_combo_specific_v1,False,126,0.6666666666666666,720,False,248,0.0,0,15,0,263,15,15,dry=0.02|dry_vent=0.02|dew=0.06|canopy=0.08
0.1,15,0.11904761904761904,15,0.06,0.02,0.02,2,1.01,1.0,0.6666666666666666,0,mixed_combo_specific_v1,False,126,0.6666666666666666,720,False,248,0.0,0,15,0,263,15,15,dry=0.02|dry_vent=0.02|dew=0.06|canopy=0.10
0.12,21,0.16666666666666666,21,0.06,0.02,0.02,3,1.21,1.0,1.0,0,mixed_combo_specific_v1,False,126,1.0,720,False,248,0.0,0,21,0,269,21,21,dry=0.02|dry_vent=0.02|dew=0.06|canopy=0.12
0.0,21,0.16666666666666666,21,0.08,0.02,0.02,3,1.1199999999999999,1.0,0.17142857142857143,0,mixed_combo_specific_v1,False,126,0.28,720,False,248,0.375,0,21,0,269,21,21,dry=0.02|dry_vent=0.02|dew=0.08|canopy=0.00
0.04,21,0.16666666666666666,21,0.08,0.02,0.02,3,1.1199999999999999,1.0,0.17142857142857143,0,mixed_combo_specific_v1,False,126,0.28,720,False,248,0.375,0,21,0,269,21,21,dry=0.02|dry_vent=0.02|dew=0.08|canopy=0.04
0.06,33,0.2619047619047619,33,0.08,0.02,0.02,2,0.7699999999999999,1.0,0.6666666666666666,0,mixed_combo_specific_v1,False,126,0.6666666666666666,720,False,248,0.375,0,33,0,281,33,33,dry=0.02|dry_vent=0.02|dew=0.08|canopy=0.06
0.08,33,0.2619047619047619,33,0.08,0.02,0.02,2,0.7699999999999999,1.0,0.6666666666666666,0,mixed_combo_specific_v1,False,126,0.6666666666666666,720,False,248,0.375,0,33,0,281,33,33,dry=0.02|dry_vent=0.02|dew=0.08|canopy=0.08
0.1,33,0.2619047619047619,33,0.08,0.02,0.02,2,0.7699999999999999,1.0,0.6666666666666666,0,mixed_combo_specific_v1,False,126,0.6666666666666666,720,False,248,0.375,0,33,0,281,33,33,dry=0.02|dry_vent=0.02|dew=0.08|canopy=0.10
0.12,39,0.30952380952380953,39,0.08,0.02,0.02,3,0.9699999999999999,1.0,1.0,0,mixed_combo_specific_v1,False,126,1.0,720,False,248,0.375,0,39,0,287,39,39,dry=0.02|dry_vent=0.02|dew=0.08|canopy=0.12
0.0,32,0.25396825396825395,32,0.1,0.02,0.02,3,1.0499999999999998,1.0,0.2857142857142857,0,mixed_combo_specific_v1,False,126,0.4266666666666667,720,False,248,0.55,0,32,0,280,32,32,dry=0.02|dry_vent=0.02|dew=0.10|canopy=0.00
0.04,32,0.25396825396825395,32,0.1,0.02,0.02,3,1.0499999999999998,1.0,0.2857142857142857,0,mixed_combo_specific_v1,False,126,0.4266666666666667,720,False,248,0.55,0,32,0,280,32,32,dry=0.02|dry_vent=0.02|dew=0.10|canopy=0.04
0.06,44,0.3492063492063492,44,0.1,0.02,0.02,2,0.7,1.0,0.6666666666666666,0,mixed_combo_specific_v1,False,126,0.6666666666666666,720,False,248,0.55,0,44,0,292,44,44,dry=0.02|dry_vent=0.02|dew=0.10|canopy=0.06
0.08,44,0.3492063492063492,44,0.1,0.02,0.02,2,0.7,1.0,0.6666666666666666,0,mixed_combo_specific_v1,False,126,0.6666666666666666,720,False,248,0.55,0,44,0,292,44,44,dry=0.02|dry_vent=0.02|dew=0.10|canopy=0.08
0.1,44,0.3492063492063492,44,0.1,0.02,0.02,2,0.7,1.0,0.6666666666666666,0,mixed_combo_specific_v1,False,126,0.6666666666666666,720,False,248,0.55,0,44,0,292,44,44,dry=0.02|dry_vent=0.02|dew=0.10|canopy=0.10
0.12,50,0.3968253968253968,50,0.1,0.02,0.02,3,0.8999999999999999,1.0,1.0,0,mixed_combo_specific_v1,False,126,1.0,720,False,248,0.55,0,50,0,298,50,50,dry=0.02|dry_vent=0.02|dew=0.10|canopy=0.12
0.0,75,0.5952380952380952,75,0.12,0.02,0.02,4,1.25,1.0,1.0,0,mixed_combo_specific_v1,False,126,1.0,720,False,248,1.0,0,75,0,323,75,75,dry=0.02|dry_vent=0.02|dew=0.12|canopy=0.00
0.04,75,0.5952380952380952,75,0.12,0.02,0.02,4,1.25,1.0,1.0,0,mixed_combo_specific_v1,False,126,1.0,720,False,248,1.0,0,75,0,323,75,75,dry=0.02|dry_vent=0.02|dew=0.12|canopy=0.04
0.06,87,0.6904761904761905,87,0.12,0.02,0.02,3,0.8999999999999999,1.0,1.0,0,mixed_combo_specific_v1,False,126,1.0,720,False,248,1.0,0,87,0,335,87,87,dry=0.02|dry_vent=0.02|dew=0.12|canopy=0.06
0.08,87,0.6904761904761905,87,0.12,0.02,0.02,3,0.8999999999999999,1.0,1.0,0,mixed_combo_specific_v1,False,126,1.0,720,False,248,1.0,0,87,0,335,87,87,dry=0.02|dry_vent=0.02|dew=0.12|canopy=0.08
0.1,87,0.6904761904761905,87,0.12,0.02,0.02,3,0.8999999999999999,1.0,1.0,0,mixed_combo_specific_v1,False,126,1.0,720,False,248,1.0,0,87,0,335,87,87,dry=0.02|dry_vent=0.02|dew=0.12|canopy=0.10
0.12,93,0.7380952380952381,93,0.12,0.02,0.02,4,1.0999999999999999,1.0,1.0,0,mixed_combo_specific_v1,False,126,1.0,720,False,248,1.0,0,93,0,341,93,93,dry=0.02|dry_vent=0.02|dew=0.12|canopy=0.12
0.0,0,0.0,0,0.0,0.02,0.04,4,1.4,0.0,0.0,0,mixed_combo_specific_v1,False,126,0.0,720,False,248,0.0,0,0,0,248,0,0,dry=0.02|dry_vent=0.04|dew=0.00|canopy=0.00
0.04,0,0.0,0,0.0,0.02,0.04,4,1.4,0.0,0.0,0,mixed_combo_specific_v1,False,126,0.0,720,False,248,0.0,0,0,0,248,0,0,dry=0.02|dry_vent=0.04|dew=0.00|canopy=0.04
0.06,12,0.09523809523809523,12,0.0,0.02,0.04,3,1.0499999999999998,1.0,0.6666666666666666,0,mixed_combo_specific_v1,False,126,0.6666666666666666,720,False,248,0.0,0,12,0,260,12,12,dry=0.02|dry_vent=0.04|dew=0.00|canopy=0.06
0.08,12,0.09523809523809523,12,0.0,0.02,0.04,3,1.0499999999999998,1.0,0.6666666666666666,0,mixed_combo_specific_v1,False,126,0.6666666666666666,720,False,248,0.0,0,12,0,260,12,12,dry=0.02|dry_vent=0.04|dew=0.00|canopy=0.08
0.1,12,0.09523809523809523,12,0.0,0.02,0.04,3,1.0499999999999998,1.0,0.6666666666666666,0,mixed_combo_specific_v1,False,126,0.6666666666666666,720,False,248,0.0,0,12,0,260,12,12,dry=0.02|dry_vent=0.04|dew=0.00|canopy=0.10
0.12,18,0.14285714285714285,18,0.0,0.02,0.04,4,1.25,1.0,1.0,0,mixed_combo_specific_v1,False,126,1.0,720,False,248,0.0,0,18,0,266,18,18,dry=0.02|dry_vent=0.04|dew=0.00|canopy=0.12
0.0,0,0.0,0,0.04,0.02,0.04,4,1.4,0.0,0.0,0,mixed_combo_specific_v1,False,126,0.0,720,False,248,0.0,0,0,0,248,0,0,dry=0.02|dry_vent=0.04|dew=0.04|canopy=0.00
0.04,0,0.0,0,0.04,0.02,0.04,4,1.4,0.0,0.0,0,mixed_combo_specific_v1,False,126,0.0,720,False,248,0.0,0,0,0,248,0,0,dry=0.02|dry_vent=0.04|dew=0.04|canopy=0.04
0.06,12,0.09523809523809523,12,0.04,0.02,0.04,3,1.0499999999999998,1.0,0.6666666666666666,0,mixed_combo_specific_v1,False,126,0.6666666666666666,720,False,248,0.0,0,12,0,260,12,12,dry=0.02|dry_vent=0.04|dew=0.04|canopy=0.06
0.08,12,0.09523809523809523,12,0.04,0.02,0.04,3,1.0499999999999998,1.0,0.6666666666666666,0,mixed_combo_specific_v1,False,126,0.6666666666666666,720,False,248,0.0,0,12,0,260,12,12,dry=0.02|dry_vent=0.04|dew=0.04|canopy=0.08
0.1,12,0.09523809523809523,12,0.04,0.02,0.04,3,1.0499999999999998,1.0,0.6666666666666666,0,mixed_combo_specific_v1,False,126,0.6666666666666666,720,False,248,0.0,0,12,0,260,12,12,dry=0.02|dry_vent=0.04|dew=0.04|canopy=0.10
0.12,18,0.14285714285714285,18,0.04,0.02,0.04,4,1.25,1.0,1.0,0,mixed_combo_specific_v1,False,126,1.0,720,False,248,0.0,0,18,0,266,18,18,dry=0.02|dry_vent=0.04|dew=0.04|canopy=0.12
0.0,3,0.023809523809523808,3,0.06,0.02,0.04,3,1.3599999999999999,1.0,0.08571428571428572,0,mixed_combo_specific_v1,False,126,0.04,720,False,248,0.0,0,3,0,251,3,3,dry=0.02|dry_vent=0.04|dew=0.06|canopy=0.00
0.04,3,0.023809523809523808,3,0.06,0.02,0.04,3,1.3599999999999999,1.0,0.08571428571428572,0,mixed_combo_specific_v1,False,126,0.04,720,False,248,0.0,0,3,0,251,3,3,dry=0.02|dry_vent=0.04|dew=0.06|canopy=0.04
0.06,15,0.11904761904761904,15,0.06,0.02,0.04,2,1.01,1.0,0.6666666666666666,0,mixed_combo_specific_v1,False,126,0.6666666666666666,720,False,248,0.0,0,15,0,263,15,15,dry=0.02|dry_vent=0.04|dew=0.06|canopy=0.06
0.08,15,0.11904761904761904,15,0.06,0.02,0.04,2,1.01,1.0,0.6666666666666666,0,mixed_combo_specific_v1,False,126,0.6666666666666666,720,False,248,0.0,0,15,0,263,15,15,dry=0.02|dry_vent=0.04|dew=0.06|canopy=0.08
0.1,15,0.11904761904761904,15,0.06,0.02,0.04,2,1.01,1.0,0.6666666666666666,0,mixed_combo_specific_v1,False,126,0.6666666666666666,720,False,248,0.0,0,15,0,263,15,15,dry=0.02|dry_vent=0.04|dew=0.06|canopy=0.10
0.12,21,0.16666666666666666,21,0.06,0.02,0.04,3,1.21,1.0,1.0,0,mixed_combo_specific_v1,False,126,1.0,720,False,248,0.0,0,21,0,269,21,21,dry=0.02|dry_vent=0.04|dew=0.06|canopy=0.12
0.0,21,0.16666666666666666,21,0.08,0.02,0.04,3,1.1199999999999999,1.0,0.17142857142857143,0,mixed_combo_specific_v1,False,126,0.28,720,False,248,0.375,0,21,0,269,21,21,dry=0.02|dry_vent=0.04|dew=0.08|canopy=0.00
0.04,21,0.16666666666666666,21,0.08,0.02,0.04,3,1.1199999999999999,1.0,0.17142857142857143,0,mixed_combo_specific_v1,False,126,0.28,720,False,248,0.375,0,21,0,269,21,21,dry=0.02|dry_vent=0.04|dew=0.08|canopy=0.04
0.06,33,0.2619047619047619,33,0.08,0.02,0.04,2,0.7699999999999999,1.0,0.6666666666666666,0,mixed_combo_specific_v1,False,126,0.6666666666666666,720,False,248,0.375,0,33,0,281,33,33,dry=0.02|dry_vent=0.04|dew=0.08|canopy=0.06
0.08,33,0.2619047619047619,33,0.08,0.02,0.04,2,0.7699999999999999,1.0,0.6666666666666666,0,mixed_combo_specific_v1,False,126,0.6666666666666666,720,False,248,0.375,0,33,0,281,33,33,dry=0.02|dry_vent=0.04|dew=0.08|canopy=0.08
0.1,33,0.2619047619047619,33,0.08,0.02,0.04,2,0.7699999999999999,1.0,0.6666666666666666,0,mixed_combo_specific_v1,False,126,0.6666666666666666,720,False,248,0.375,0,33,0,281,33,33,dry=0.02|dry_vent=0.04|dew=0.08|canopy=0.10
0.12,39,0.30952380952380953,39,0.08,0.02,0.04,3,0.9699999999999999,1.0,1.0,0,mixed_combo_specific_v1,False,126,1.0,720,False,248,0.375,0,39,0,287,39,39,dry=0.02|dry_vent=0.04|dew=0.08|canopy=0.12
0.0,32,0.25396825396825395,32,0.1,0.02,0.04,3,1.0499999999999998,1.0,0.2857142857142857,0,mixed_combo_specific_v1,False,126,0.4266666666666667,720,False,248,0.55,0,32,0,280,32,32,dry=0.02|dry_vent=0.04|dew=0.10|canopy=0.00
0.04,32,0.25396825396825395,32,0.1,0.02,0.04,3,1.0499999999999998,1.0,0.2857142857142857,0,mixed_combo_specific_v1,False,126,0.4266666666666667,720,False,248,0.55,0,32,0,280,32,32,dry=0.02|dry_vent=0.04|dew=0.10|canopy=0.04
0.06,44,0.3492063492063492,44,0.1,0.02,0.04,2,0.7,1.0,0.6666666666666666,0,mixed_combo_specific_v1,False,126,0.6666666666666666,720,False,248,0.55,0,44,0,292,44,44,dry=0.02|dry_vent=0.04|dew=0.10|canopy=0.06
0.08,44,0.3492063492063492,44,0.1,0.02,0.04,2,0.7,1.0,0.6666666666666666,0,mixed_combo_specific_v1,False,126,0.6666666666666666,720,False,248,0.55,0,44,0,292,44,44,dry=0.02|dry_vent=0.04|dew=0.10|canopy=0.08
0.1,44,0.3492063492063492,44,0.1,0.02,0.04,2,0.7,1.0,0.6666666666666666,0,mixed_combo_specific_v1,False,126,0.6666666666666666,720,False,248,0.55,0,44,0,292,44,44,dry=0.02|dry_vent=0.04|dew=0.10|canopy=0.10
0.12,50,0.3968253968253968,50,0.1,0.02,0.04,3,0.8999999999999999,1.0,1.0,0,mixed_combo_specific_v1,False,126,1.0,720,False,248,0.55,0,50,0,298,50,50,dry=0.02|dry_vent=0.04|dew=0.10|canopy=0.12
0.0,75,0.5952380952380952,75,0.12,0.02,0.04,4,1.25,1.0,1.0,0,mixed_combo_specific_v1,False,126,1.0,720,False,248,1.0,0,75,0,323,75,75,dry=0.02|dry_vent=0.04|dew=0.12|canopy=0.00
0.04,75,0.5952380952380952,75,0.12,0.02,0.04,4,1.25,1.0,1.0,0,mixed_combo_specific_v1,False,126,1.0,720,False,248,1.0,0,75,0,323,75,75,dry=0.02|dry_vent=0.04|dew=0.12|canopy=0.04
0.06,87,0.6904761904761905,87,0.12,0.02,0.04,3,0.8999999999999999,1.0,1.0,0,mixed_combo_specific_v1,False,126,1.0,720,False,248,1.0,0,87,0,335,87,87,dry=0.02|dry_vent=0.04|dew=0.12|canopy=0.06
0.08,87,0.6904761904761905,87,0.12,0.02,0.04,3,0.8999999999999999,1.0,1.0,0,mixed_combo_specific_v1,False,126,1.0,720,False,248,1.0,0,87,0,335,87,87,dry=0.02|dry_vent=0.04|dew=0.12|canopy=0.08
0.1,87,0.6904761904761905,87,0.12,0.02,0.04,3,0.8999999999999999,1.0,1.0,0,mixed_combo_specific_v1,False,126,1.0,720,False,248,1.0,0,87,0,335,87,87,dry=0.02|dry_vent=0.04|dew=0.12|canopy=0.10
0.12,93,0.7380952380952381,93,0.12,0.02,0.04,4,1.0999999999999999,1.0,1.0,0,mixed_combo_specific_v1,False,126,1.0,720,False,248,1.0,0,93,0,341,93,93,dry=0.02|dry_vent=0.04|dew=0.12|canopy=0.12
0.0,25,0.1984126984126984,25,0.0,0.02,0.06,4,1.25,1.0,1.0,0,mixed_combo_specific_v1,False,126,1.0,720,False,248,0.0,0,25,0,273,25,25,dry=0.02|dry_vent=0.06|dew=0.00|canopy=0.00
0.04,25,0.1984126984126984,25,0.0,0.02,0.06,4,1.25,1.0,1.0,0,mixed_combo_specific_v1,False,126,1.0,720,False,248,0.0,0,25,0,273,25,25,dry=0.02|dry_vent=0.06|dew=0.00|canopy=0.04
0.06,37,0.29365079365079366,37,0.0,0.02,0.06,3,0.8999999999999999,1.0,1.0,0,mixed_combo_specific_v1,False,126,1.0,720,False,248,0.0,0,37,0,285,37,37,dry=0.02|dry_vent=0.06|dew=0.00|canopy=0.06
0.08,37,0.29365079365079366,37,0.0,0.02,0.06,3,0.8999999999999999,1.0,1.0,0,mixed_combo_specific_v1,False,126,1.0,720,False,248,0.0,0,37,0,285,37,37,dry=0.02|dry_vent=0.06|dew=0.00|canopy=0.08
0.1,37,0.29365079365079366,37,0.0,0.02,0.06,3,0.8999999999999999,1.0,1.0,0,mixed_combo_specific_v1,False,126,1.0,720,False,248,0.0,0,37,0,285,37,37,dry=0.02|dry_vent=0.06|dew=0.00|canopy=0.10
0.12,43,0.3412698412698413,43,0.0,0.02,0.06,4,1.0999999999999999,1.0,1.0,0,mixed_combo_specific_v1,False,126,1.0,720,False,248,0.0,0,43,0,291,43,43,dry=0.02|dry_vent=0.06|dew=0.00|canopy=0.12
0.0,25,0.1984126984126984,25,0.04,0.02,0.06,4,1.25,1.0,1.0,0,mixed_combo_specific_v1,False,126,1.0,720,False,248,0.0,0,25,0,273,25,25,dry=0.02|dry_vent=0.06|dew=0.04|canopy=0.00
0.04,25,0.1984126984126984,25,0.04,0.02,0.06,4,1.25,1.0,1.0,0,mixed_combo_specific_v1,False,126,1.0,720,False,248,0.0,0,25,0,273,25,25,dry=0.02|dry_vent=0.06|dew=0.04|canopy=0.04
0.06,37,0.29365079365079366,37,0.04,0.02,0.06,3,0.8999999999999999,1.0,1.0,0,mixed_combo_specific_v1,False,126,1.0,720,False,248,0.0,0,37,0,285,37,37,dry=0.02|dry_vent=0.06|dew=0.04|canopy=0.06
0.08,37,0.29365079365079366,37,0.04,0.02,0.06,3,0.8999999999999999,1.0,1.0,0,mixed_combo_specific_v1,False,126,1.0,720,False,248,0.0,0,37,0,285,37,37,dry=0.02|dry_vent=0.06|dew=0.04|canopy=0.08
0.1,37,0.29365079365079366,37,0.04,0.02,0.06,3,0.8999999999999999,1.0,1.0,0,mixed_combo_specific_v1,False,126,1.0,720,False,248,0.0,0,37,0,285,37,37,dry=0.02|dry_vent=0.06|dew=0.04|canopy=0.10
0.12,43,0.3412698412698413,43,0.04,0.02,0.06,4,1.0999999999999999,1.0,1.0,0,mixed_combo_specific_v1,False,126,1.0,720,False,248,0.0,0,43,0,291,43,43,dry=0.02|dry_vent=0.06|dew=0.04|canopy=0.12
0.0,28,0.2222222222222222,28,0.06,0.02,0.06,3,1.21,1.0,1.0,0,mixed_combo_specific_v1,False,126,1.0,720,False,248,0.0,0,28,0,276,28,28,dry=0.02|dry_vent=0.06|dew=0.06|canopy=0.00
0.04,28,0.2222222222222222,28,0.06,0.02,0.06,3,1.21,1.0,1.0,0,mixed_combo_specific_v1,False,126,1.0,720,False,248,0.0,0,28,0,276,28,28,dry=0.02|dry_vent=0.06|dew=0.06|canopy=0.04
0.06,40,0.31746031746031744,40,0.06,0.02,0.06,2,0.8599999999999999,1.0,0.9142857142857143,0,mixed_combo_specific_v1,False,126,1.0,720,False,248,0.0,0,40,0,288,40,40,dry=0.02|dry_vent=0.06|dew=0.06|canopy=0.06
0.08,40,0.31746031746031744,40,0.06,0.02,0.06,2,0.8599999999999999,1.0,0.9142857142857143,0,mixed_combo_specific_v1,False,126,1.0,720,False,248,0.0,0,40,0,288,40,40,dry=0.02|dry_vent=0.06|dew=0.06|canopy=0.08
0.1,40,0.31746031746031744,40,0.06,0.02,0.06,2,0.8599999999999999,1.0,0.9142857142857143,0,mixed_combo_specific_v1,False,126,1.0,720,False,248,0.0,0,40,0,288,40,40,dry=0.02|dry_vent=0.06|dew=0.06|canopy=0.10
0.12,46,0.36507936507936506,46,0.06,0.02,0.06,3,1.0599999999999998,1.0,0.9142857142857143,0,mixed_combo_specific_v1,False,126,1.0,720,False,248,0.0,0,46,0,294,46,46,dry=0.02|dry_vent=0.06|dew=0.06|canopy=0.12
0.0,46,0.36507936507936506,46,0.08,0.02,0.06,3,0.9699999999999999,1.0,1.0,0,mixed_combo_specific_v1,False,126,1.0,720,False,248,0.375,0,46,0,294,46,46,dry=0.02|dry_vent=0.06|dew=0.08|canopy=0.00
0.04,46,0.36507936507936506,46,0.08,0.02,0.06,3,0.9699999999999999,1.0,1.0,0,mixed_combo_specific_v1,False,126,1.0,720,False,248,0.375,0,46,0,294,46,46,dry=0.02|dry_vent=0.06|dew=0.08|canopy=0.04
0.06,58,0.4603174603174603,58,0.08,0.02,0.06,2,0.6199999999999999,1.0,0.8285714285714285,0,mixed_combo_specific_v1,False,126,1.0,720,False,248,0.375,0,58,0,306,58,58,dry=0.02|dry_vent=0.06|dew=0.08|canopy=0.06
0.08,58,0.4603174603174603,58,0.08,0.02,0.06,2,0.6199999999999999,1.0,0.8285714285714285,0,mixed_combo_specific_v1,False,126,1.0,720,False,248,0.375,0,58,0,306,58,58,dry=0.02|dry_vent=0.06|dew=0.08|canopy=0.08
0.1,58,0.4603174603174603,58,0.08,0.02,0.06,2,0.6199999999999999,1.0,0.8285714285714285,0,mixed_combo_specific_v1,False,126,1.0,720,False,248,0.375,0,58,0,306,58,58,dry=0.02|dry_vent=0.06|dew=0.08|canopy=0.10
0.12,64,0.5079365079365079,64,0.08,0.02,0.06,3,0.8199999999999998,0.90625,0.8285714285714285,0,mixed_combo_specific_v1,False,126,1.0,720,False,248,0.375,0,64,0,312,64,64,dry=0.02|dry_vent=0.06|dew=0.08|canopy=0.12
0.0,57,0.4523809523809524,57,0.1,0.02,0.06,3,0.8999999999999999,1.0,1.0,0,mixed_combo_specific_v1,False,126,1.0,720,False,248,0.55,0,57,0,305,57,57,dry=0.02|dry_vent=0.06|dew=0.10|canopy=0.00
0.04,57,0.4523809523809524,57,0.1,0.02,0.06,3,0.8999999999999999,1.0,1.0,0,mixed_combo_specific_v1,False,126,1.0,720,False,248,0.55,0,57,0,305,57,57,dry=0.02|dry_vent=0.06|dew=0.10|canopy=0.04
0.06,69,0.5476190476190477,69,0.1,0.02,0.06,2,0.5499999999999999,1.0,0.7142857142857143,0,mixed_combo_specific_v1,False,126,1.0,720,False,248,0.55,0,69,0,317,69,69,dry=0.02|dry_vent=0.06|dew=0.10|canopy=0.06
0.08,69,0.5476190476190477,69,0.1,0.02,0.06,2,0.5499999999999999,1.0,0.7142857142857143,0,mixed_combo_specific_v1,False,126,1.0,720,False,248,0.55,0,69,0,317,69,69,dry=0.02|dry_vent=0.06|dew=0.10|canopy=0.08
0.1,69,0.5476190476190477,69,0.1,0.02,0.06,2,0.5499999999999999,1.0,0.7142857142857143,0,mixed_combo_specific_v1,False,126,1.0,720,False,248,0.55,0,69,0,317,69,69,dry=0.02|dry_vent=0.06|dew=0.10|canopy=0.10
0.12,75,0.5952380952380952,75,0.1,0.02,0.06,3,0.7499999999999999,0.78125,0.7142857142857143,0,mixed_combo_specific_v1,False,126,1.0,720,False,248,0.55,0,75,0,323,75,75,dry=0.02|dry_vent=0.06|dew=0.10|canopy=0.12
0.0,100,0.7936507936507936,100,0.12,0.02,0.06,4,1.0999999999999999,1.0,1.0,0,mixed_combo_specific_v1,False,126,1.0,720,False,248,1.0,0,100,0,348,100,100,dry=0.02|dry_vent=0.06|dew=0.12|canopy=0.00
0.04,100,0.7936507936507936,100,0.12,0.02,0.06,4,1.0999999999999999,1.0,1.0,0,mixed_combo_specific_v1,False,126,1.0,720,False,248,1.0,0,100,0,348,100,100,dry=0.02|dry_vent=0.06|dew=0.12|canopy=0.04
0.06,112,0.8888888888888888,112,0.12,0.02,0.06,3,0.7499999999999999,1.0,0.33333333333333337,0,mixed_combo_specific_v1,True,126,1.0,720,False,248,1.0,0,112,0,360,112,112,dry=0.02|dry_vent=0.06|dew=0.12|canopy=0.06
0.08,112,0.8888888888888888,112,0.12,0.02,0.06,3,0.7499999999999999,1.0,0.33333333333333337,0,mixed_combo_specific_v1,True,126,1.0,720,False,248,1.0,0,112,0,360,112,112,dry=0.02|dry_vent=0.06|dew=0.12|canopy=0.08
0.1,112,0.8888888888888888,112,0.12,0.02,0.06,3,0.7499999999999999,1.0,0.33333333333333337,0,mixed_combo_specific_v1,True,126,1.0,720,False,248,1.0,0,112,0,360,112,112,dry=0.02|dry_vent=0.06|dew=0.12|canopy=0.10
0.12,118,0.9365079365079365,118,0.12,0.02,0.06,4,0.9499999999999998,0.0,0.0,0,mixed_combo_specific_v1,True,126,1.0,720,False,248,1.0,0,118,0,366,118,118,dry=0.02|dry_vent=0.06|dew=0.12|canopy=0.12
0.0,0,0.0,0,0.0,0.04,0.0,4,1.4,0.0,0.0,0,mixed_combo_specific_v1,False,126,0.0,720,False,248,0.0,0,0,0,248,0,0,dry=0.04|dry_vent=0.00|dew=0.00|canopy=0.00
0.04,0,0.0,0,0.0,0.04,0.0,4,1.4,0.0,0.0,0,mixed_combo_specific_v1,False,126,0.0,720,False,248,0.0,0,0,0,248,0,0,dry=0.04|dry_vent=0.00|dew=0.00|canopy=0.04
0.06,12,0.09523809523809523,12,0.0,0.04,0.0,3,1.0499999999999998,1.0,0.6666666666666666,0,mixed_combo_specific_v1,False,126,0.6666666666666666,720,False,248,0.0,0,12,0,260,12,12,dry=0.04|dry_vent=0.00|dew=0.00|canopy=0.06
0.08,12,0.09523809523809523,12,0.0,0.04,0.0,3,1.0499999999999998,1.0,0.6666666666666666,0,mixed_combo_specific_v1,False,126,0.6666666666666666,720,False,248,0.0,0,12,0,260,12,12,dry=0.04|dry_vent=0.00|dew=0.00|canopy=0.08
0.1,12,0.09523809523809523,12,0.0,0.04,0.0,3,1.0499999999999998,1.0,0.6666666666666666,0,mixed_combo_specific_v1,False,126,0.6666666666666666,720,False,248,0.0,0,12,0,260,12,12,dry=0.04|dry_vent=0.00|dew=0.00|canopy=0.10
0.12,18,0.14285714285714285,18,0.0,0.04,0.0,4,1.25,1.0,1.0,0,mixed_combo_specific_v1,False,126,1.0,720,False,248,0.0,0,18,0,266,18,18,dry=0.04|dry_vent=0.00|dew=0.00|canopy=0.12
0.0,0,0.0,0,0.04,0.04,0.0,4,1.4,0.0,0.0,0,mixed_combo_specific_v1,False,126,0.0,720,False,248,0.0,0,0,0,248,0,0,dry=0.04|dry_vent=0.00|dew=0.04|canopy=0.00
0.04,0,0.0,0,0.04,0.04,0.0,4,1.4,0.0,0.0,0,mixed_combo_specific_v1,False,126,0.0,720,False,248,0.0,0,0,0,248,0,0,dry=0.04|dry_vent=0.00|dew=0.04|canopy=0.04
0.06,12,0.09523809523809523,12,0.04,0.04,0.0,3,1.0499999999999998,1.0,0.6666666666666666,0,mixed_combo_specific_v1,False,126,0.6666666666666666,720,False,248,0.0,0,12,0,260,12,12,dry=0.04|dry_vent=0.00|dew=0.04|canopy=0.06
0.08,12,0.09523809523809523,12,0.04,0.04,0.0,3,1.0499999999999998,1.0,0.6666666666666666,0,mixed_combo_specific_v1,False,126,0.6666666666666666,720,False,248,0.0,0,12,0,260,12,12,dry=0.04|dry_vent=0.00|dew=0.04|canopy=0.08
0.1,12,0.09523809523809523,12,0.04,0.04,0.0,3,1.0499999999999998,1.0,0.6666666666666666,0,mixed_combo_specific_v1,False,126,0.6666666666666666,720,False,248,0.0,0,12,0,260,12,12,dry=0.04|dry_vent=0.00|dew=0.04|canopy=0.10
0.12,18,0.14285714285714285,18,0.04,0.04,0.0,4,1.25,1.0,1.0,0,mixed_combo_specific_v1,False,126,1.0,720,False,248,0.0,0,18,0,266,18,18,dry=0.04|dry_vent=0.00|dew=0.04|canopy=0.12
0.0,3,0.023809523809523808,3,0.06,0.04,0.0,3,1.3599999999999999,1.0,0.08571428571428572,0,mixed_combo_specific_v1,False,126,0.04,720,False,248,0.0,0,3,0,251,3,3,dry=0.04|dry_vent=0.00|dew=0.06|canopy=0.00
0.04,3,0.023809523809523808,3,0.06,0.04,0.0,3,1.3599999999999999,1.0,0.08571428571428572,0,mixed_combo_specific_v1,False,126,0.04,720,False,248,0.0,0,3,0,251,3,3,dry=0.04|dry_vent=0.00|dew=0.06|canopy=0.04
0.06,15,0.11904761904761904,15,0.06,0.04,0.0,2,1.01,1.0,0.6666666666666666,0,mixed_combo_specific_v1,False,126,0.6666666666666666,720,False,248,0.0,0,15,0,263,15,15,dry=0.04|dry_vent=0.00|dew=0.06|canopy=0.06
0.08,15,0.11904761904761904,15,0.06,0.04,0.0,2,1.01,1.0,0.6666666666666666,0,mixed_combo_specific_v1,False,126,0.6666666666666666,720,False,248,0.0,0,15,0,263,15,15,dry=0.04|dry_vent=0.00|dew=0.06|canopy=0.08
0.1,15,0.11904761904761904,15,0.06,0.04,0.0,2,1.01,1.0,0.6666666666666666,0,mixed_combo_specific_v1,False,126,0.6666666666666666,720,False,248,0.0,0,15,0,263,15,15,dry=0.04|dry_vent=0.00|dew=0.06|canopy=0.10
0.12,21,0.16666666666666666,21,0.06,0.04,0.0,3,1.21,1.0,1.0,0,mixed_combo_specific_v1,False,126,1.0,720,False,248,0.0,0,21,0,269,21,21,dry=0.04|dry_vent=0.00|dew=0.06|canopy=0.12
0.0,21,0.16666666666666666,21,0.08,0.04,0.0,3,1.1199999999999999,1.0,0.17142857142857143,0,mixed_combo_specific_v1,False,126,0.28,720,False,248,0.375,0,21,0,269,21,21,dry=0.04|dry_vent=0.00|dew=0.08|canopy=0.00
0.04,21,0.16666666666666666,21,0.08,0.04,0.0,3,1.1199999999999999,1.0,0.17142857142857143,0,mixed_combo_specific_v1,False,126,0.28,720,False,248,0.375,0,21,0,269,21,21,dry=0.04|dry_vent=0.00|dew=0.08|canopy=0.04
0.06,33,0.2619047619047619,33,0.08,0.04,0.0,2,0.7699999999999999,1.0,0.6666666666666666,0,mixed_combo_specific_v1,False,126,0.6666666666666666,720,False,248,0.375,0,33,0,281,33,33,dry=0.04|dry_vent=0.00|dew=0.08|canopy=0.06
0.08,33,0.2619047619047619,33,0.08,0.04,0.0,2,0.7699999999999999,1.0,0.6666666666666666,0,mixed_combo_specific_v1,False,126,0.6666666666666666,720,False,248,0.375,0,33,0,281,33,33,dry=0.04|dry_vent=0.00|dew=0.08|canopy=0.08
0.1,33,0.2619047619047619,33,0.08,0.04,0.0,2,0.7699999999999999,1.0,0.6666666666666666,0,mixed_combo_specific_v1,False,126,0.6666666666666666,720,False,248,0.375,0,33,0,281,33,33,dry=0.04|dry_vent=0.00|dew=0.08|canopy=0.10
0.12,39,0.30952380952380953,39,0.08,0.04,0.0,3,0.9699999999999999,1.0,1.0,0,mixed_combo_specific_v1,False,126,1.0,720,False,248,0.375,0,39,0,287,39,39,dry=0.04|dry_vent=0.00|dew=0.08|canopy=0.12
0.0,32,0.25396825396825395,32,0.1,0.04,0.0,3,1.0499999999999998,1.0,0.2857142857142857,0,mixed_combo_specific_v1,False,126,0.4266666666666667,720,False,248,0.55,0,32,0,280,32,32,dry=0.04|dry_vent=0.00|dew=0.10|canopy=0.00
0.04,32,0.25396825396825395,32,0.1,0.04,0.0,3,1.0499999999999998,1.0,0.2857142857142857,0,mixed_combo_specific_v1,False,126,0.4266666666666667,720,False,248,0.55,0,32,0,280,32,32,dry=0.04|dry_vent=0.00|dew=0.10|canopy=0.04
0.06,44,0.3492063492063492,44,0.1,0.04,0.0,2,0.7,1.0,0.6666666666666666,0,mixed_combo_specific_v1,False,126,0.6666666666666666,720,False,248,0.55,0,44,0,292,44,44,dry=0.04|dry_vent=0.00|dew=0.10|canopy=0.06
0.08,44,0.3492063492063492,44,0.1,0.04,0.0,2,0.7,1.0,0.6666666666666666,0,mixed_combo_specific_v1,False,126,0.6666666666666666,720,False,248,0.55,0,44,0,292,44,44,dry=0.04|dry_vent=0.00|dew=0.10|canopy=0.08
0.1,44,0.3492063492063492,44,0.1,0.04,0.0,2,0.7,1.0,0.6666666666666666,0,mixed_combo_specific_v1,False,126,0.6666666666666666,720,False,248,0.55,0,44,0,292,44,44,dry=0.04|dry_vent=0.00|dew=0.10|canopy=0.10
0.12,50,0.3968253968253968,50,0.1,0.04,0.0,3,0.8999999999999999,1.0,1.0,0,mixed_combo_specific_v1,False,126,1.0,720,False,248,0.55,0,50,0,298,50,50,dry=0.04|dry_vent=0.00|dew=0.10|canopy=0.12
0.0,75,0.5952380952380952,75,0.12,0.04,0.0,4,1.25,1.0,1.0,0,mixed_combo_specific_v1,False,126,1.0,720,False,248,1.0,0,75,0,323,75,75,dry=0.04|dry_vent=0.00|dew=0.12|canopy=0.00
0.04,75,0.5952380952380952,75,0.12,0.04,0.0,4,1.25,1.0,1.0,0,mixed_combo_specific_v1,False,126,1.0,720,False,248,1.0,0,75,0,323,75,75,dry=0.04|dry_vent=0.00|dew=0.12|canopy=0.04
0.06,87,0.6904761904761905,87,0.12,0.04,0.0,3,0.8999999999999999,1.0,1.0,0,mixed_combo_specific_v1,False,126,1.0,720,False,248,1.0,0,87,0,335,87,87,dry=0.04|dry_vent=0.00|dew=0.12|canopy=0.06
0.08,87,0.6904761904761905,87,0.12,0.04,0.0,3,0.8999999999999999,1.0,1.0,0,mixed_combo_specific_v1,False,126,1.0,720,False,248,1.0,0,87,0,335,87,87,dry=0.04|dry_vent=0.00|dew=0.12|canopy=0.08
0.1,87,0.6904761904761905,87,0.12,0.04,0.0,3,0.8999999999999999,1.0,1.0,0,mixed_combo_specific_v1,False,126,1.0,720,False,248,1.0,0,87,0,335,87,87,dry=0.04|dry_vent=0.00|dew=0.12|canopy=0.10
0.12,93,0.7380952380952381,93,0.12,0.04,0.0,4,1.0999999999999999,1.0,1.0,0,mixed_combo_specific_v1,False,126,1.0,720,False,248,1.0,0,93,0,341,93,93,dry=0.04|dry_vent=0.00|dew=0.12|canopy=0.12
0.0,0,0.0,0,0.0,0.04,0.02,4,1.4,0.0,0.0,0,mixed_combo_specific_v1,False,126,0.0,720,False,248,0.0,0,0,0,248,0,0,dry=0.04|dry_vent=0.02|dew=0.00|canopy=0.00
0.04,0,0.0,0,0.0,0.04,0.02,4,1.4,0.0,0.0,0,mixed_combo_specific_v1,False,126,0.0,720,False,248,0.0,0,0,0,248,0,0,dry=0.04|dry_vent=0.02|dew=0.00|canopy=0.04
0.06,12,0.09523809523809523,12,0.0,0.04,0.02,3,1.0499999999999998,1.0,0.6666666666666666,0,mixed_combo_specific_v1,False,126,0.6666666666666666,720,False,248,0.0,0,12,0,260,12,12,dry=0.04|dry_vent=0.02|dew=0.00|canopy=0.06
0.08,12,0.09523809523809523,12,0.0,0.04,0.02,3,1.0499999999999998,1.0,0.6666666666666666,0,mixed_combo_specific_v1,False,126,0.6666666666666666,720,False,248,0.0,0,12,0,260,12,12,dry=0.04|dry_vent=0.02|dew=0.00|canopy=0.08
0.1,12,0.09523809523809523,12,0.0,0.04,0.02,3,1.0499999999999998,1.0,0.6666666666666666,0,mixed_combo_specific_v1,False,126,0.6666666666666666,720,False,248,0.0,0,12,0,260,12,12,dry=0.04|dry_vent=0.02|dew=0.00|canopy=0.10
0.12,18,0.14285714285714285,18,0.0,0.04,0.02,4,1.25,1.0,1.0,0,mixed_combo_specific_v1,False,126,1.0,720,False,248,0.0,0,18,0,266,18,18,dry=0.04|dry_vent=0.02|dew=0.00|canopy=0.12
0.0,0,0.0,0,0.04,0.04,0.02,4,1.4,0.0,0.0,0,mixed_combo_specific_v1,False,126,0.0,720,False,248,0.0,0,0,0,248,0,0,dry=0.04|dry_vent=0.02|dew=0.04|canopy=0.00
0.04,0,0.0,0,0.04,0.04,0.02,4,1.4,0.0,0.0,0,mixed_combo_specific_v1,False,126,0.0,720,False,248,0.0,0,0,0,248,0,0,dry=0.04|dry_vent=0.02|dew=0.04|canopy=0.04
0.06,12,0.09523809523809523,12,0.04,0.04,0.02,3,1.0499999999999998,1.0,0.6666666666666666,0,mixed_combo_specific_v1,False,126,0.6666666666666666,720,False,248,0.0,0,12,0,260,12,12,dry=0.04|dry_vent=0.02|dew=0.04|canopy=0.06
0.08,12,0.09523809523809523,12,0.04,0.04,0.02,3,1.0499999999999998,1.0,0.6666666666666666,0,mixed_combo_specific_v1,False,126,0.6666666666666666,720,False,248,0.0,0,12,0,260,12,12,dry=0.04|dry_vent=0.02|dew=0.04|canopy=0.08
0.1,12,0.09523809523809523,12,0.04,0.04,0.02,3,1.0499999999999998,1.0,0.6666666666666666,0,mixed_combo_specific_v1,False,126,0.6666666666666666,720,False,248,0.0,0,12,0,260,12,12,dry=0.04|dry_vent=0.02|dew=0.04|canopy=0.10
0.12,18,0.14285714285714285,18,0.04,0.04,0.02,4,1.25,1.0,1.0,0,mixed_combo_specific_v1,False,126,1.0,720,False,248,0.0,0,18,0,266,18,18,dry=0.04|dry_vent=0.02|dew=0.04|canopy=0.12
0.0,3,0.023809523809523808,3,0.06,0.04,0.02,3,1.3599999999999999,1.0,0.08571428571428572,0,mixed_combo_specific_v1,False,126,0.04,720,False,248,0.0,0,3,0,251,3,3,dry=0.04|dry_vent=0.02|dew=0.06|canopy=0.00
0.04,3,0.023809523809523808,3,0.06,0.04,0.02,3,1.3599999999999999,1.0,0.08571428571428572,0,mixed_combo_specific_v1,False,126,0.04,720,False,248,0.0,0,3,0,251,3,3,dry=0.04|dry_vent=0.02|dew=0.06|canopy=0.04
0.06,15,0.11904761904761904,15,0.06,0.04,0.02,2,1.01,1.0,0.6666666666666666,0,mixed_combo_specific_v1,False,126,0.6666666666666666,720,False,248,0.0,0,15,0,263,15,15,dry=0.04|dry_vent=0.02|dew=0.06|canopy=0.06
0.08,15,0.11904761904761904,15,0.06,0.04,0.02,2,1.01,1.0,0.6666666666666666,0,mixed_combo_specific_v1,False,126,0.6666666666666666,720,False,248,0.0,0,15,0,263,15,15,dry=0.04|dry_vent=0.02|dew=0.06|canopy=0.08
0.1,15,0.11904761904761904,15,0.06,0.04,0.02,2,1.01,1.0,0.6666666666666666,0,mixed_combo_specific_v1,False,126,0.6666666666666666,720,False,248,0.0,0,15,0,263,15,15,dry=0.04|dry_vent=0.02|dew=0.06|canopy=0.10
0.12,21,0.16666666666666666,21,0.06,0.04,0.02,3,1.21,1.0,1.0,0,mixed_combo_specific_v1,False,126,1.0,720,False,248,0.0,0,21,0,269,21,21,dry=0.04|dry_vent=0.02|dew=0.06|canopy=0.12
0.0,21,0.16666666666666666,21,0.08,0.04,0.02,3,1.1199999999999999,1.0,0.17142857142857143,0,mixed_combo_specific_v1,False,126,0.28,720,False,248,0.375,0,21,0,269,21,21,dry=0.04|dry_vent=0.02|dew=0.08|canopy=0.00
0.04,21,0.16666666666666666,21,0.08,0.04,0.02,3,1.1199999999999999,1.0,0.17142857142857143,0,mixed_combo_specific_v1,False,126,0.28,720,False,248,0.375,0,21,0,269,21,21,dry=0.04|dry_vent=0.02|dew=0.08|canopy=0.04
0.06,33,0.2619047619047619,33,0.08,0.04,0.02,2,0.7699999999999999,1.0,0.6666666666666666,0,mixed_combo_specific_v1,False,126,0.6666666666666666,720,False,248,0.375,0,33,0,281,33,33,dry=0.04|dry_vent=0.02|dew=0.08|canopy=0.06
0.08,33,0.2619047619047619,33,0.08,0.04,0.02,2,0.7699999999999999,1.0,0.6666666666666666,0,mixed_combo_specific_v1,False,126,0.6666666666666666,720,False,248,0.375,0,33,0,281,33,33,dry=0.04|dry_vent=0.02|dew=0.08|canopy=0.08
0.1,33,0.2619047619047619,33,0.08,0.04,0.02,2,0.7699999999999999,1.0,0.6666666666666666,0,mixed_combo_specific_v1,False,126,0.6666666666666666,720,False,248,0.375,0,33,0,281,33,33,dry=0.04|dry_vent=0.02|dew=0.08|canopy=0.10
0.12,39,0.30952380952380953,39,0.08,0.04,0.02,3,0.9699999999999999,1.0,1.0,0,mixed_combo_specific_v1,False,126,1.0,720,False,248,0.375,0,39,0,287,39,39,dry=0.04|dry_vent=0.02|dew=0.08|canopy=0.12
0.0,32,0.25396825396825395,32,0.1,0.04,0.02,3,1.0499999999999998,1.0,0.2857142857142857,0,mixed_combo_specific_v1,False,126,0.4266666666666667,720,False,248,0.55,0,32,0,280,32,32,dry=0.04|dry_vent=0.02|dew=0.10|canopy=0.00
0.04,32,0.25396825396825395,32,0.1,0.04,0.02,3,1.0499999999999998,1.0,0.2857142857142857,0,mixed_combo_specific_v1,False,126,0.4266666666666667,720,False,248,0.55,0,32,0,280,32,32,dry=0.04|dry_vent=0.02|dew=0.10|canopy=0.04
0.06,44,0.3492063492063492,44,0.1,0.04,0.02,2,0.7,1.0,0.6666666666666666,0,mixed_combo_specific_v1,False,126,0.6666666666666666,720,False,248,0.55,0,44,0,292,44,44,dry=0.04|dry_vent=0.02|dew=0.10|canopy=0.06
0.08,44,0.3492063492063492,44,0.1,0.04,0.02,2,0.7,1.0,0.6666666666666666,0,mixed_combo_specific_v1,False,126,0.6666666666666666,720,False,248,0.55,0,44,0,292,44,44,dry=0.04|dry_vent=0.02|dew=0.10|canopy=0.08
0.1,44,0.3492063492063492,44,0.1,0.04,0.02,2,0.7,1.0,0.6666666666666666,0,mixed_combo_specific_v1,False,126,0.6666666666666666,720,False,248,0.55,0,44,0,292,44,44,dry=0.04|dry_vent=0.02|dew=0.10|canopy=0.10
0.12,50,0.3968253968253968,50,0.1,0.04,0.02,3,0.8999999999999999,1.0,1.0,0,mixed_combo_specific_v1,False,126,1.0,720,False,248,0.55,0,50,0,298,50,50,dry=0.04|dry_vent=0.02|dew=0.10|canopy=0.12
0.0,75,0.5952380952380952,75,0.12,0.04,0.02,4,1.25,1.0,1.0,0,mixed_combo_specific_v1,False,126,1.0,720,False,248,1.0,0,75,0,323,75,75,dry=0.04|dry_vent=0.02|dew=0.12|canopy=0.00
0.04,75,0.5952380952380952,75,0.12,0.04,0.02,4,1.25,1.0,1.0,0,mixed_combo_specific_v1,False,126,1.0,720,False,248,1.0,0,75,0,323,75,75,dry=0.04|dry_vent=0.02|dew=0.12|canopy=0.04
0.06,87,0.6904761904761905,87,0.12,0.04,0.02,3,0.8999999999999999,1.0,1.0,0,mixed_combo_specific_v1,False,126,1.0,720,False,248,1.0,0,87,0,335,87,87,dry=0.04|dry_vent=0.02|dew=0.12|canopy=0.06
0.08,87,0.6904761904761905,87,0.12,0.04,0.02,3,0.8999999999999999,1.0,1.0,0,mixed_combo_specific_v1,False,126,1.0,720,False,248,1.0,0,87,0,335,87,87,dry=0.04|dry_vent=0.02|dew=0.12|canopy=0.08
0.1,87,0.6904761904761905,87,0.12,0.04,0.02,3,0.8999999999999999,1.0,1.0,0,mixed_combo_specific_v1,False,126,1.0,720,False,248,1.0,0,87,0,335,87,87,dry=0.04|dry_vent=0.02|dew=0.12|canopy=0.10
0.12,93,0.7380952380952381,93,0.12,0.04,0.02,4,1.0999999999999999,1.0,1.0,0,mixed_combo_specific_v1,False,126,1.0,720,False,248,1.0,0,93,0,341,93,93,dry=0.04|dry_vent=0.02|dew=0.12|canopy=0.12
0.0,0,0.0,0,0.0,0.04,0.04,4,1.4,0.0,0.0,0,mixed_combo_specific_v1,False,126,0.0,720,False,248,0.0,0,0,0,248,0,0,dry=0.04|dry_vent=0.04|dew=0.00|canopy=0.00
0.04,0,0.0,0,0.0,0.04,0.04,4,1.4,0.0,0.0,0,mixed_combo_specific_v1,False,126,0.0,720,False,248,0.0,0,0,0,248,0,0,dry=0.04|dry_vent=0.04|dew=0.00|canopy=0.04
0.06,12,0.09523809523809523,12,0.0,0.04,0.04,3,1.0499999999999998,1.0,0.6666666666666666,0,mixed_combo_specific_v1,False,126,0.6666666666666666,720,False,248,0.0,0,12,0,260,12,12,dry=0.04|dry_vent=0.04|dew=0.00|canopy=0.06
0.08,12,0.09523809523809523,12,0.0,0.04,0.04,3,1.0499999999999998,1.0,0.6666666666666666,0,mixed_combo_specific_v1,False,126,0.6666666666666666,720,False,248,0.0,0,12,0,260,12,12,dry=0.04|dry_vent=0.04|dew=0.00|canopy=0.08
0.1,12,0.09523809523809523,12,0.0,0.04,0.04,3,1.0499999999999998,1.0,0.6666666666666666,0,mixed_combo_specific_v1,False,126,0.6666666666666666,720,False,248,0.0,0,12,0,260,12,12,dry=0.04|dry_vent=0.04|dew=0.00|canopy=0.10
0.12,18,0.14285714285714285,18,0.0,0.04,0.04,4,1.25,1.0,1.0,0,mixed_combo_specific_v1,False,126,1.0,720,False,248,0.0,0,18,0,266,18,18,dry=0.04|dry_vent=0.04|dew=0.00|canopy=0.12
0.0,0,0.0,0,0.04,0.04,0.04,4,1.4,0.0,0.0,0,mixed_combo_specific_v1,False,126,0.0,720,False,248,0.0,0,0,0,248,0,0,dry=0.04|dry_vent=0.04|dew=0.04|canopy=0.00
0.04,0,0.0,0,0.04,0.04,0.04,4,1.4,0.0,0.0,0,mixed_combo_specific_v1,False,126,0.0,720,False,248,0.0,0,0,0,248,0,0,dry=0.04|dry_vent=0.04|dew=0.04|canopy=0.04
0.06,12,0.09523809523809523,12,0.04,0.04,0.04,3,1.0499999999999998,1.0,0.6666666666666666,0,mixed_combo_specific_v1,False,126,0.6666666666666666,720,False,248,0.0,0,12,0,260,12,12,dry=0.04|dry_vent=0.04|dew=0.04|canopy=0.06
0.08,12,0.09523809523809523,12,0.04,0.04,0.04,3,1.0499999999999998,1.0,0.6666666666666666,0,mixed_combo_specific_v1,False,126,0.6666666666666666,720,False,248,0.0,0,12,0,260,12,12,dry=0.04|dry_vent=0.04|dew=0.04|canopy=0.08
0.1,12,0.09523809523809523,12,0.04,0.04,0.04,3,1.0499999999999998,1.0,0.6666666666666666,0,mixed_combo_specific_v1,False,126,0.6666666666666666,720,False,248,0.0,0,12,0,260,12,12,dry=0.04|dry_vent=0.04|dew=0.04|canopy=0.10
0.12,18,0.14285714285714285,18,0.04,0.04,0.04,4,1.25,1.0,1.0,0,mixed_combo_specific_v1,False,126,1.0,720,False,248,0.0,0,18,0,266,18,18,dry=0.04|dry_vent=0.04|dew=0.04|canopy=0.12
0.0,3,0.023809523809523808,3,0.06,0.04,0.04,3,1.3599999999999999,1.0,0.08571428571428572,0,mixed_combo_specific_v1,False,126,0.04,720,False,248,0.0,0,3,0,251,3,3,dry=0.04|dry_vent=0.04|dew=0.06|canopy=0.00
0.04,3,0.023809523809523808,3,0.06,0.04,0.04,3,1.3599999999999999,1.0,0.08571428571428572,0,mixed_combo_specific_v1,False,126,0.04,720,False,248,0.0,0,3,0,251,3,3,dry=0.04|dry_vent=0.04|dew=0.06|canopy=0.04
0.06,15,0.11904761904761904,15,0.06,0.04,0.04,2,1.01,1.0,0.6666666666666666,0,mixed_combo_specific_v1,False,126,0.6666666666666666,720,False,248,0.0,0,15,0,263,15,15,dry=0.04|dry_vent=0.04|dew=0.06|canopy=0.06
0.08,15,0.11904761904761904,15,0.06,0.04,0.04,2,1.01,1.0,0.6666666666666666,0,mixed_combo_specific_v1,False,126,0.6666666666666666,720,False,248,0.0,0,15,0,263,15,15,dry=0.04|dry_vent=0.04|dew=0.06|canopy=0.08
0.1,15,0.11904761904761904,15,0.06,0.04,0.04,2,1.01,1.0,0.6666666666666666,0,mixed_combo_specific_v1,False,126,0.6666666666666666,720,False,248,0.0,0,15,0,263,15,15,dry=0.04|dry_vent=0.04|dew=0.06|canopy=0.10
0.12,21,0.16666666666666666,21,0.06,0.04,0.04,3,1.21,1.0,1.0,0,mixed_combo_specific_v1,False,126,1.0,720,False,248,0.0,0,21,0,269,21,21,dry=0.04|dry_vent=0.04|dew=0.06|canopy=0.12
0.0,21,0.16666666666666666,21,0.08,0.04,0.04,3,1.1199999999999999,1.0,0.17142857142857143,0,mixed_combo_specific_v1,False,126,0.28,720,False,248,0.375,0,21,0,269,21,21,dry=0.04|dry_vent=0.04|dew=0.08|canopy=0.00
0.04,21,0.16666666666666666,21,0.08,0.04,0.04,3,1.1199999999999999,1.0,0.17142857142857143,0,mixed_combo_specific_v1,False,126,0.28,720,False,248,0.375,0,21,0,269,21,21,dry=0.04|dry_vent=0.04|dew=0.08|canopy=0.04
0.06,33,0.2619047619047619,33,0.08,0.04,0.04,2,0.7699999999999999,1.0,0.6666666666666666,0,mixed_combo_specific_v1,False,126,0.6666666666666666,720,False,248,0.375,0,33,0,281,33,33,dry=0.04|dry_vent=0.04|dew=0.08|canopy=0.06
0.08,33,0.2619047619047619,33,0.08,0.04,0.04,2,0.7699999999999999,1.0,0.6666666666666666,0,mixed_combo_specific_v1,False,126,0.6666666666666666,720,False,248,0.375,0,33,0,281,33,33,dry=0.04|dry_vent=0.04|dew=0.08|canopy=0.08
0.1,33,0.2619047619047619,33,0.08,0.04,0.04,2,0.7699999999999999,1.0,0.6666666666666666,0,mixed_combo_specific_v1,False,126,0.6666666666666666,720,False,248,0.375,0,33,0,281,33,33,dry=0.04|dry_vent=0.04|dew=0.08|canopy=0.10
0.12,39,0.30952380952380953,39,0.08,0.04,0.04,3,0.9699999999999999,1.0,1.0,0,mixed_combo_specific_v1,False,126,1.0,720,False,248,0.375,0,39,0,287,39,39,dry=0.04|dry_vent=0.04|dew=0.08|canopy=0.12
0.0,32,0.25396825396825395,32,0.1,0.04,0.04,3,1.0499999999999998,1.0,0.2857142857142857,0,mixed_combo_specific_v1,False,126,0.4266666666666667,720,False,248,0.55,0,32,0,280,32,32,dry=0.04|dry_vent=0.04|dew=0.10|canopy=0.00
0.04,32,0.25396825396825395,32,0.1,0.04,0.04,3,1.0499999999999998,1.0,0.2857142857142857,0,mixed_combo_specific_v1,False,126,0.4266666666666667,720,False,248,0.55,0,32,0,280,32,32,dry=0.04|dry_vent=0.04|dew=0.10|canopy=0.04
0.06,44,0.3492063492063492,44,0.1,0.04,0.04,2,0.7,1.0,0.6666666666666666,0,mixed_combo_specific_v1,False,126,0.6666666666666666,720,False,248,0.55,0,44,0,292,44,44,dry=0.04|dry_vent=0.04|dew=0.10|canopy=0.06
0.08,44,0.3492063492063492,44,0.1,0.04,0.04,2,0.7,1.0,0.6666666666666666,0,mixed_combo_specific_v1,False,126,0.6666666666666666,720,False,248,0.55,0,44,0,292,44,44,dry=0.04|dry_vent=0.04|dew=0.10|canopy=0.08
0.1,44,0.3492063492063492,44,0.1,0.04,0.04,2,0.7,1.0,0.6666666666666666,0,mixed_combo_specific_v1,False,126,0.6666666666666666,720,False,248,0.55,0,44,0,292,44,44,dry=0.04|dry_vent=0.04|dew=0.10|canopy=0.10
0.12,50,0.3968253968253968,50,0.1,0.04,0.04,3,0.8999999999999999,1.0,1.0,0,mixed_combo_specific_v1,False,126,1.0,720,False,248,0.55,0,50,0,298,50,50,dry=0.04|dry_vent=0.04|dew=0.10|canopy=0.12
0.0,75,0.5952380952380952,75,0.12,0.04,0.04,4,1.25,1.0,1.0,0,mixed_combo_specific_v1,False,126,1.0,720,False,248,1.0,0,75,0,323,75,75,dry=0.04|dry_vent=0.04|dew=0.12|canopy=0.00
0.04,75,0.5952380952380952,75,0.12,0.04,0.04,4,1.25,1.0,1.0,0,mixed_combo_specific_v1,False,126,1.0,720,False,248,1.0,0,75,0,323,75,75,dry=0.04|dry_vent=0.04|dew=0.12|canopy=0.04
0.06,87,0.6904761904761905,87,0.12,0.04,0.04,3,0.8999999999999999,1.0,1.0,0,mixed_combo_specific_v1,False,126,1.0,720,False,248,1.0,0,87,0,335,87,87,dry=0.04|dry_vent=0.04|dew=0.12|canopy=0.06
0.08,87,0.6904761904761905,87,0.12,0.04,0.04,3,0.8999999999999999,1.0,1.0,0,mixed_combo_specific_v1,False,126,1.0,720,False,248,1.0,0,87,0,335,87,87,dry=0.04|dry_vent=0.04|dew=0.12|canopy=0.08
0.1,87,0.6904761904761905,87,0.12,0.04,0.04,3,0.8999999999999999,1.0,1.0,0,mixed_combo_specific_v1,False,126,1.0,720,False,248,1.0,0,87,0,335,87,87,dry=0.04|dry_vent=0.04|dew=0.12|canopy=0.10
0.12,93,0.7380952380952381,93,0.12,0.04,0.04,4,1.0999999999999999,1.0,1.0,0,mixed_combo_specific_v1,False,126,1.0,720,False,248,1.0,0,93,0,341,93,93,dry=0.04|dry_vent=0.04|dew=0.12|canopy=0.12
0.0,25,0.1984126984126984,25,0.0,0.04,0.06,4,1.25,1.0,1.0,0,mixed_combo_specific_v1,False,126,1.0,720,False,248,0.0,0,25,0,273,25,25,dry=0.04|dry_vent=0.06|dew=0.00|canopy=0.00
0.04,25,0.1984126984126984,25,0.0,0.04,0.06,4,1.25,1.0,1.0,0,mixed_combo_specific_v1,False,126,1.0,720,False,248,0.0,0,25,0,273,25,25,dry=0.04|dry_vent=0.06|dew=0.00|canopy=0.04
0.06,37,0.29365079365079366,37,0.0,0.04,0.06,3,0.8999999999999999,1.0,1.0,0,mixed_combo_specific_v1,False,126,1.0,720,False,248,0.0,0,37,0,285,37,37,dry=0.04|dry_vent=0.06|dew=0.00|canopy=0.06
0.08,37,0.29365079365079366,37,0.0,0.04,0.06,3,0.8999999999999999,1.0,1.0,0,mixed_combo_specific_v1,False,126,1.0,720,False,248,0.0,0,37,0,285,37,37,dry=0.04|dry_vent=0.06|dew=0.00|canopy=0.08
0.1,37,0.29365079365079366,37,0.0,0.04,0.06,3,0.8999999999999999,1.0,1.0,0,mixed_combo_specific_v1,False,126,1.0,720,False,248,0.0,0,37,0,285,37,37,dry=0.04|dry_vent=0.06|dew=0.00|canopy=0.10
0.12,43,0.3412698412698413,43,0.0,0.04,0.06,4,1.0999999999999999,1.0,1.0,0,mixed_combo_specific_v1,False,126,1.0,720,False,248,0.0,0,43,0,291,43,43,dry=0.04|dry_vent=0.06|dew=0.00|canopy=0.12
0.0,25,0.1984126984126984,25,0.04,0.04,0.06,4,1.25,1.0,1.0,0,mixed_combo_specific_v1,False,126,1.0,720,False,248,0.0,0,25,0,273,25,25,dry=0.04|dry_vent=0.06|dew=0.04|canopy=0.00
0.04,25,0.1984126984126984,25,0.04,0.04,0.06,4,1.25,1.0,1.0,0,mixed_combo_specific_v1,False,126,1.0,720,False,248,0.0,0,25,0,273,25,25,dry=0.04|dry_vent=0.06|dew=0.04|canopy=0.04
0.06,37,0.29365079365079366,37,0.04,0.04,0.06,3,0.8999999999999999,1.0,1.0,0,mixed_combo_specific_v1,False,126,1.0,720,False,248,0.0,0,37,0,285,37,37,dry=0.04|dry_vent=0.06|dew=0.04|canopy=0.06
0.08,37,0.29365079365079366,37,0.04,0.04,0.06,3,0.8999999999999999,1.0,1.0,0,mixed_combo_specific_v1,False,126,1.0,720,False,248,0.0,0,37,0,285,37,37,dry=0.04|dry_vent=0.06|dew=0.04|canopy=0.08
0.1,37,0.29365079365079366,37,0.04,0.04,0.06,3,0.8999999999999999,1.0,1.0,0,mixed_combo_specific_v1,False,126,1.0,720,False,248,0.0,0,37,0,285,37,37,dry=0.04|dry_vent=0.06|dew=0.04|canopy=0.10
0.12,43,0.3412698412698413,43,0.04,0.04,0.06,4,1.0999999999999999,1.0,1.0,0,mixed_combo_specific_v1,False,126,1.0,720,False,248,0.0,0,43,0,291,43,43,dry=0.04|dry_vent=0.06|dew=0.04|canopy=0.12
0.0,28,0.2222222222222222,28,0.06,0.04,0.06,3,1.21,1.0,1.0,0,mixed_combo_specific_v1,False,126,1.0,720,False,248,0.0,0,28,0,276,28,28,dry=0.04|dry_vent=0.06|dew=0.06|canopy=0.00
0.04,28,0.2222222222222222,28,0.06,0.04,0.06,3,1.21,1.0,1.0,0,mixed_combo_specific_v1,False,126,1.0,720,False,248,0.0,0,28,0,276,28,28,dry=0.04|dry_vent=0.06|dew=0.06|canopy=0.04
0.06,40,0.31746031746031744,40,0.06,0.04,0.06,2,0.8599999999999999,1.0,0.9142857142857143,0,mixed_combo_specific_v1,False,126,1.0,720,False,248,0.0,0,40,0,288,40,40,dry=0.04|dry_vent=0.06|dew=0.06|canopy=0.06
0.08,40,0.31746031746031744,40,0.06,0.04,0.06,2,0.8599999999999999,1.0,0.9142857142857143,0,mixed_combo_specific_v1,False,126,1.0,720,False,248,0.0,0,40,0,288,40,40,dry=0.04|dry_vent=0.06|dew=0.06|canopy=0.08
0.1,40,0.31746031746031744,40,0.06,0.04,0.06,2,0.8599999999999999,1.0,0.9142857142857143,0,mixed_combo_specific_v1,False,126,1.0,720,False,248,0.0,0,40,0,288,40,40,dry=0.04|dry_vent=0.06|dew=0.06|canopy=0.10
0.12,46,0.36507936507936506,46,0.06,0.04,0.06,3,1.0599999999999998,1.0,0.9142857142857143,0,mixed_combo_specific_v1,False,126,1.0,720,False,248,0.0,0,46,0,294,46,46,dry=0.04|dry_vent=0.06|dew=0.06|canopy=0.12
0.0,46,0.36507936507936506,46,0.08,0.04,0.06,3,0.9699999999999999,1.0,1.0,0,mixed_combo_specific_v1,False,126,1.0,720,False,248,0.375,0,46,0,294,46,46,dry=0.04|dry_vent=0.06|dew=0.08|canopy=0.00
0.04,46,0.36507936507936506,46,0.08,0.04,0.06,3,0.9699999999999999,1.0,1.0,0,mixed_combo_specific_v1,False,126,1.0,720,False,248,0.375,0,46,0,294,46,46,dry=0.04|dry_vent=0.06|dew=0.08|canopy=0.04
0.06,58,0.4603174603174603,58,0.08,0.04,0.06,2,0.6199999999999999,1.0,0.8285714285714285,0,mixed_combo_specific_v1,False,126,1.0,720,False,248,0.375,0,58,0,306,58,58,dry=0.04|dry_vent=0.06|dew=0.08|canopy=0.06
0.08,58,0.4603174603174603,58,0.08,0.04,0.06,2,0.6199999999999999,1.0,0.8285714285714285,0,mixed_combo_specific_v1,False,126,1.0,720,False,248,0.375,0,58,0,306,58,58,dry=0.04|dry_vent=0.06|dew=0.08|canopy=0.08
0.1,58,0.4603174603174603,58,0.08,0.04,0.06,2,0.6199999999999999,1.0,0.8285714285714285,0,mixed_combo_specific_v1,False,126,1.0,720,False,248,0.375,0,58,0,306,58,58,dry=0.04|dry_vent=0.06|dew=0.08|canopy=0.10
0.12,64,0.5079365079365079,64,0.08,0.04,0.06,3,0.8199999999999998,0.90625,0.8285714285714285,0,mixed_combo_specific_v1,False,126,1.0,720,False,248,0.375,0,64,0,312,64,64,dry=0.04|dry_vent=0.06|dew=0.08|canopy=0.12
0.0,57,0.4523809523809524,57,0.1,0.04,0.06,3,0.8999999999999999,1.0,1.0,0,mixed_combo_specific_v1,False,126,1.0,720,False,248,0.55,0,57,0,305,57,57,dry=0.04|dry_vent=0.06|dew=0.10|canopy=0.00
0.04,57,0.4523809523809524,57,0.1,0.04,0.06,3,0.8999999999999999,1.0,1.0,0,mixed_combo_specific_v1,False,126,1.0,720,False,248,0.55,0,57,0,305,57,57,dry=0.04|dry_vent=0.06|dew=0.10|canopy=0.04
0.06,69,0.5476190476190477,69,0.1,0.04,0.06,2,0.5499999999999999,1.0,0.7142857142857143,0,mixed_combo_specific_v1,False,126,1.0,720,False,248,0.55,0,69,0,317,69,69,dry=0.04|dry_vent=0.06|dew=0.10|canopy=0.06
0.08,69,0.5476190476190477,69,0.1,0.04,0.06,2,0.5499999999999999,1.0,0.7142857142857143,0,mixed_combo_specific_v1,False,126,1.0,720,False,248,0.55,0,69,0,317,69,69,dry=0.04|dry_vent=0.06|dew=0.10|canopy=0.08
0.1,69,0.5476190476190477,69,0.1,0.04,0.06,2,0.5499999999999999,1.0,0.7142857142857143,0,mixed_combo_specific_v1,False,126,1.0,720,False,248,0.55,0,69,0,317,69,69,dry=0.04|dry_vent=0.06|dew=0.10|canopy=0.10
0.12,75,0.5952380952380952,75,0.1,0.04,0.06,3,0.7499999999999999,0.78125,0.7142857142857143,0,mixed_combo_specific_v1,False,126,1.0,720,False,248,0.55,0,75,0,323,75,75,dry=0.04|dry_vent=0.06|dew=0.10|canopy=0.12
0.0,100,0.7936507936507936,100,0.12,0.04,0.06,4,1.0999999999999999,1.0,1.0,0,mixed_combo_specific_v1,False,126,1.0,720,False,248,1.0,0,100,0,348,100,100,dry=0.04|dry_vent=0.06|dew=0.12|canopy=0.00
0.04,100,0.7936507936507936,100,0.12,0.04,0.06,4,1.0999999999999999,1.0,1.0,0,mixed_combo_specific_v1,False,126,1.0,720,False,248,1.0,0,100,0,348,100,100,dry=0.04|dry_vent=0.06|dew=0.12|canopy=0.04
0.06,112,0.8888888888888888,112,0.12,0.04,0.06,3,0.7499999999999999,1.0,0.33333333333333337,0,mixed_combo_specific_v1,True,126,1.0,720,False,248,1.0,0,112,0,360,112,112,dry=0.04|dry_vent=0.06|dew=0.12|canopy=0.06
0.08,112,0.8888888888888888,112,0.12,0.04,0.06,3,0.7499999999999999,1.0,0.33333333333333337,0,mixed_combo_specific_v1,True,126,1.0,720,False,248,1.0,0,112,0,360,112,112,dry=0.04|dry_vent=0.06|dew=0.12|canopy=0.08
0.1,112,0.8888888888888888,112,0.12,0.04,0.06,3,0.7499999999999999,1.0,0.33333333333333337,0,mixed_combo_specific_v1,True,126,1.0,720,False,248,1.0,0,112,0,360,112,112,dry=0.04|dry_vent=0.06|dew=0.12|canopy=0.10
0.12,118,0.9365079365079365,118,0.12,0.04,0.06,4,0.9499999999999998,0.0,0.0,0,mixed_combo_specific_v1,True,126,1.0,720,False,248,1.0,0,118,0,366,118,118,dry=0.04|dry_vent=0.06|dew=0.12|canopy=0.12
0.0,6,0.047619047619047616,6,0.0,0.06,0.0,3,1.0499999999999998,0.0,0.0,0,mixed_combo_specific_v1,False,126,0.75,720,False,248,0.75,0,6,0,254,6,6,dry=0.06|dry_vent=0.00|dew=0.00|canopy=0.00
0.04,6,0.047619047619047616,6,0.0,0.06,0.0,3,1.0499999999999998,0.0,0.0,0,mixed_combo_specific_v1,False,126,0.75,720,False,248,0.75,0,6,0,254,6,6,dry=0.06|dry_vent=0.00|dew=0.00|canopy=0.04
0.06,18,0.14285714285714285,18,0.0,0.06,0.0,2,0.7,1.0,0.6666666666666666,0,mixed_combo_specific_v1,False,126,0.75,720,False,248,0.75,0,18,0,266,18,18,dry=0.06|dry_vent=0.00|dew=0.00|canopy=0.06
0.08,18,0.14285714285714285,18,0.0,0.06,0.0,2,0.7,1.0,0.6666666666666666,0,mixed_combo_specific_v1,False,126,0.75,720,False,248,0.75,0,18,0,266,18,18,dry=0.06|dry_vent=0.00|dew=0.00|canopy=0.08
0.1,18,0.14285714285714285,18,0.0,0.06,0.0,2,0.7,1.0,0.6666666666666666,0,mixed_combo_specific_v1,False,126,0.75,720,False,248,0.75,0,18,0,266,18,18,dry=0.06|dry_vent=0.00|dew=0.00|canopy=0.10
0.12,24,0.19047619047619047,24,0.0,0.06,0.0,3,0.8999999999999999,1.0,1.0,0,mixed_combo_specific_v1,False,126,1.0,720,False,248,0.75,0,24,0,272,24,24,dry=0.06|dry_vent=0.00|dew=0.00|canopy=0.12
0.0,6,0.047619047619047616,6,0.04,0.06,0.0,3,1.0499999999999998,0.0,0.0,0,mixed_combo_specific_v1,False,126,0.75,720,False,248,0.75,0,6,0,254,6,6,dry=0.06|dry_vent=0.00|dew=0.04|canopy=0.00
0.04,6,0.047619047619047616,6,0.04,0.06,0.0,3,1.0499999999999998,0.0,0.0,0,mixed_combo_specific_v1,False,126,0.75,720,False,248,0.75,0,6,0,254,6,6,dry=0.06|dry_vent=0.00|dew=0.04|canopy=0.04
0.06,18,0.14285714285714285,18,0.04,0.06,0.0,2,0.7,1.0,0.6666666666666666,0,mixed_combo_specific_v1,False,126,0.75,720,False,248,0.75,0,18,0,266,18,18,dry=0.06|dry_vent=0.00|dew=0.04|canopy=0.06
0.08,18,0.14285714285714285,18,0.04,0.06,0.0,2,0.7,1.0,0.6666666666666666,0,mixed_combo_specific_v1,False,126,0.75,720,False,248,0.75,0,18,0,266,18,18,dry=0.06|dry_vent=0.00|dew=0.04|canopy=0.08
0.1,18,0.14285714285714285,18,0.04,0.06,0.0,2,0.7,1.0,0.6666666666666666,0,mixed_combo_specific_v1,False,126,0.75,720,False,248,0.75,0,18,0,266,18,18,dry=0.06|dry_vent=0.00|dew=0.04|canopy=0.10
0.12,24,0.19047619047619047,24,0.04,0.06,0.0,3,0.8999999999999999,1.0,1.0,0,mixed_combo_specific_v1,False,126,1.0,720,False,248,0.75,0,24,0,272,24,24,dry=0.06|dry_vent=0.00|dew=0.04|canopy=0.12
0.0,9,0.07142857142857142,9,0.06,0.06,0.0,2,1.01,1.0,0.08571428571428572,0,mixed_combo_specific_v1,False,126,0.75,720,False,248,0.75,0,9,0,257,9,9,dry=0.06|dry_vent=0.00|dew=0.06|canopy=0.00
0.04,9,0.07142857142857142,9,0.06,0.06,0.0,2,1.01,1.0,0.08571428571428572,0,mixed_combo_specific_v1,False,126,0.75,720,False,248,0.75,0,9,0,257,9,9,dry=0.06|dry_vent=0.00|dew=0.06|canopy=0.04
0.06,21,0.16666666666666666,21,0.06,0.06,0.0,1,0.6599999999999999,1.0,0.6666666666666666,0,mixed_combo_specific_v1,False,126,0.75,720,False,248,0.75,0,21,0,269,21,21,dry=0.06|dry_vent=0.00|dew=0.06|canopy=0.06
0.08,21,0.16666666666666666,21,0.06,0.06,0.0,1,0.6599999999999999,1.0,0.6666666666666666,0,mixed_combo_specific_v1,False,126,0.75,720,False,248,0.75,0,21,0,269,21,21,dry=0.06|dry_vent=0.00|dew=0.06|canopy=0.08
0.1,21,0.16666666666666666,21,0.06,0.06,0.0,1,0.6599999999999999,1.0,0.6666666666666666,0,mixed_combo_specific_v1,False,126,0.75,720,False,248,0.75,0,21,0,269,21,21,dry=0.06|dry_vent=0.00|dew=0.06|canopy=0.10
0.12,27,0.21428571428571427,27,0.06,0.06,0.0,2,0.8599999999999999,1.0,1.0,0,mixed_combo_specific_v1,False,126,1.0,720,False,248,0.75,0,27,0,275,27,27,dry=0.06|dry_vent=0.00|dew=0.06|canopy=0.12
0.0,27,0.21428571428571427,27,0.08,0.06,0.0,2,0.7699999999999999,1.0,0.17142857142857143,0,mixed_combo_specific_v1,False,126,0.75,720,False,248,0.375,0,27,0,275,27,27,dry=0.06|dry_vent=0.00|dew=0.08|canopy=0.00
0.04,27,0.21428571428571427,27,0.08,0.06,0.0,2,0.7699999999999999,1.0,0.17142857142857143,0,mixed_combo_specific_v1,False,126,0.75,720,False,248,0.375,0,27,0,275,27,27,dry=0.06|dry_vent=0.00|dew=0.08|canopy=0.04
0.06,39,0.30952380952380953,39,0.08,0.06,0.0,1,0.41999999999999993,1.0,0.6666666666666666,0,mixed_combo_specific_v1,False,126,0.75,720,False,248,0.375,0,39,0,287,39,39,dry=0.06|dry_vent=0.00|dew=0.08|canopy=0.06
0.08,39,0.30952380952380953,39,0.08,0.06,0.0,1,0.41999999999999993,1.0,0.6666666666666666,0,mixed_combo_specific_v1,False,126,0.75,720,False,248,0.375,0,39,0,287,39,39,dry=0.06|dry_vent=0.00|dew=0.08|canopy=0.08
0.1,39,0.30952380952380953,39,0.08,0.06,0.0,1,0.41999999999999993,1.0,0.6666666666666666,0,mixed_combo_specific_v1,False,126,0.75,720,False,248,0.375,0,39,0,287,39,39,dry=0.06|dry_vent=0.00|dew=0.08|canopy=0.10
0.12,45,0.35714285714285715,45,0.08,0.06,0.0,2,0.6199999999999999,1.0,1.0,0,mixed_combo_specific_v1,False,126,1.0,720,False,248,0.375,0,45,0,293,45,45,dry=0.06|dry_vent=0.00|dew=0.08|canopy=0.12
0.0,38,0.30158730158730157,38,0.1,0.06,0.0,2,0.7,1.0,0.2857142857142857,0,mixed_combo_specific_v1,False,126,0.75,720,False,248,0.19999999999999996,0,38,0,286,38,38,dry=0.06|dry_vent=0.00|dew=0.10|canopy=0.00
0.04,38,0.30158730158730157,38,0.1,0.06,0.0,2,0.7,1.0,0.2857142857142857,0,mixed_combo_specific_v1,False,126,0.75,720,False,248,0.19999999999999996,0,38,0,286,38,38,dry=0.06|dry_vent=0.00|dew=0.10|canopy=0.04
0.06,50,0.3968253968253968,50,0.1,0.06,0.0,1,0.35,1.0,0.6666666666666666,0,mixed_combo_specific_v1,False,126,0.75,720,False,248,0.19999999999999996,0,50,0,298,50,50,dry=0.06|dry_vent=0.00|dew=0.10|canopy=0.06
0.08,50,0.3968253968253968,50,0.1,0.06,0.0,1,0.35,1.0,0.6666666666666666,0,mixed_combo_specific_v1,False,126,0.75,720,False,248,0.19999999999999996,0,50,0,298,50,50,dry=0.06|dry_vent=0.00|dew=0.10|canopy=0.08
0.1,50,0.3968253968253968,50,0.1,0.06,0.0,1,0.35,1.0,0.6666666666666666,0,mixed_combo_specific_v1,False,126,0.75,720,False,248,0.19999999999999996,0,50,0,298,50,50,dry=0.06|dry_vent=0.00|dew=0.10|canopy=0.10
0.12,56,0.4444444444444444,56,0.1,0.06,0.0,2,0.5499999999999999,1.0,1.0,0,mixed_combo_specific_v1,False,126,1.0,720,False,248,0.19999999999999996,0,56,0,304,56,56,dry=0.06|dry_vent=0.00|dew=0.10|canopy=0.12
0.0,81,0.6428571428571429,81,0.12,0.06,0.0,3,0.8999999999999999,1.0,1.0,0,mixed_combo_specific_v1,False,126,1.0,720,False,248,0.25,0,81,0,329,81,81,dry=0.06|dry_vent=0.00|dew=0.12|canopy=0.00
0.04,81,0.6428571428571429,81,0.12,0.06,0.0,3,0.8999999999999999,1.0,1.0,0,mixed_combo_specific_v1,False,126,1.0,720,False,248,0.25,0,81,0,329,81,81,dry=0.06|dry_vent=0.00|dew=0.12|canopy=0.04
0.06,93,0.7380952380952381,93,0.12,0.06,0.0,2,0.5499999999999999,1.0,1.0,0,mixed_combo_specific_v1,False,126,1.0,720,False,248,0.25,0,93,0,341,93,93,dry=0.06|dry_vent=0.00|dew=0.12|canopy=0.06
0.08,93,0.7380952380952381,93,0.12,0.06,0.0,2,0.5499999999999999,1.0,1.0,0,mixed_combo_specific_v1,False,126,1.0,720,False,248,0.25,0,93,0,341,93,93,dry=0.06|dry_vent=0.00|dew=0.12|canopy=0.08
0.1,93,0.7380952380952381,93,0.12,0.06,0.0,2,0.5499999999999999,1.0,1.0,0,mixed_combo_specific_v1,False,126,1.0,720,False,248,0.25,0,93,0,341,93,93,dry=0.06|dry_vent=0.00|dew=0.12|canopy=0.10
0.12,99,0.7857142857142857,99,0.12,0.06,0.0,3,0.7499999999999999,1.0,1.0,0,mixed_combo_specific_v1,False,126,1.0,720,False,248,0.25,0,99,0,347,99,99,dry=0.06|dry_vent=0.00|dew=0.12|canopy=0.12
0.0,6,0.047619047619047616,6,0.0,0.06,0.02,3,1.0499999999999998,0.0,0.0,0,mixed_combo_specific_v1,False,126,0.75,720,False,248,0.75,0,6,0,254,6,6,dry=0.06|dry_vent=0.02|dew=0.00|canopy=0.00
0.04,6,0.047619047619047616,6,0.0,0.06,0.02,3,1.0499999999999998,0.0,0.0,0,mixed_combo_specific_v1,False,126,0.75,720,False,248,0.75,0,6,0,254,6,6,dry=0.06|dry_vent=0.02|dew=0.00|canopy=0.04
0.06,18,0.14285714285714285,18,0.0,0.06,0.02,2,0.7,1.0,0.6666666666666666,0,mixed_combo_specific_v1,False,126,0.75,720,False,248,0.75,0,18,0,266,18,18,dry=0.06|dry_vent=0.02|dew=0.00|canopy=0.06
0.08,18,0.14285714285714285,18,0.0,0.06,0.02,2,0.7,1.0,0.6666666666666666,0,mixed_combo_specific_v1,False,126,0.75,720,False,248,0.75,0,18,0,266,18,18,dry=0.06|dry_vent=0.02|dew=0.00|canopy=0.08
0.1,18,0.14285714285714285,18,0.0,0.06,0.02,2,0.7,1.0,0.6666666666666666,0,mixed_combo_specific_v1,False,126,0.75,720,False,248,0.75,0,18,0,266,18,18,dry=0.06|dry_vent=0.02|dew=0.00|canopy=0.10
0.12,24,0.19047619047619047,24,0.0,0.06,0.02,3,0.8999999999999999,1.0,1.0,0,mixed_combo_specific_v1,False,126,1.0,720,False,248,0.75,0,24,0,272,24,24,dry=0.06|dry_vent=0.02|dew=0.00|canopy=0.12
0.0,6,0.047619047619047616,6,0.04,0.06,0.02,3,1.0499999999999998,0.0,0.0,0,mixed_combo_specific_v1,False,126,0.75,720,False,248,0.75,0,6,0,254,6,6,dry=0.06|dry_vent=0.02|dew=0.04|canopy=0.00
0.04,6,0.047619047619047616,6,0.04,0.06,0.02,3,1.0499999999999998,0.0,0.0,0,mixed_combo_specific_v1,False,126,0.75,720,False,248,0.75,0,6,0,254,6,6,dry=0.06|dry_vent=0.02|dew=0.04|canopy=0.04
0.06,18,0.14285714285714285,18,0.04,0.06,0.02,2,0.7,1.0,0.6666666666666666,0,mixed_combo_specific_v1,False,126,0.75,720,False,248,0.75,0,18,0,266,18,18,dry=0.06|dry_vent=0.02|dew=0.04|canopy=0.06
0.08,18,0.14285714285714285,18,0.04,0.06,0.02,2,0.7,1.0,0.6666666666666666,0,mixed_combo_specific_v1,False,126,0.75,720,False,248,0.75,0,18,0,266,18,18,dry=0.06|dry_vent=0.02|dew=0.04|canopy=0.08
0.1,18,0.14285714285714285,18,0.04,0.06,0.02,2,0.7,1.0,0.6666666666666666,0,mixed_combo_specific_v1,False,126,0.75,720,False,248,0.75,0,18,0,266,18,18,dry=0.06|dry_vent=0.02|dew=0.04|canopy=0.10
0.12,24,0.19047619047619047,24,0.04,0.06,0.02,3,0.8999999999999999,1.0,1.0,0,mixed_combo_specific_v1,False,126,1.0,720,False,248,0.75,0,24,0,272,24,24,dry=0.06|dry_vent=0.02|dew=0.04|canopy=0.12
0.0,9,0.07142857142857142,9,0.06,0.06,0.02,2,1.01,1.0,0.08571428571428572,0,mixed_combo_specific_v1,False,126,0.75,720,False,248,0.75,0,9,0,257,9,9,dry=0.06|dry_vent=0.02|dew=0.06|canopy=0.00
0.04,9,0.07142857142857142,9,0.06,0.06,0.02,2,1.01,1.0,0.08571428571428572,0,mixed_combo_specific_v1,False,126,0.75,720,False,248,0.75,0,9,0,257,9,9,dry=0.06|dry_vent=0.02|dew=0.06|canopy=0.04
0.06,21,0.16666666666666666,21,0.06,0.06,0.02,1,0.6599999999999999,1.0,0.6666666666666666,0,mixed_combo_specific_v1,False,126,0.75,720,False,248,0.75,0,21,0,269,21,21,dry=0.06|dry_vent=0.02|dew=0.06|canopy=0.06
0.08,21,0.16666666666666666,21,0.06,0.06,0.02,1,0.6599999999999999,1.0,0.6666666666666666,0,mixed_combo_specific_v1,False,126,0.75,720,False,248,0.75,0,21,0,269,21,21,dry=0.06|dry_vent=0.02|dew=0.06|canopy=0.08
0.1,21,0.16666666666666666,21,0.06,0.06,0.02,1,0.6599999999999999,1.0,0.6666666666666666,0,mixed_combo_specific_v1,False,126,0.75,720,False,248,0.75,0,21,0,269,21,21,dry=0.06|dry_vent=0.02|dew=0.06|canopy=0.10
0.12,27,0.21428571428571427,27,0.06,0.06,0.02,2,0.8599999999999999,1.0,1.0,0,mixed_combo_specific_v1,False,126,1.0,720,False,248,0.75,0,27,0,275,27,27,dry=0.06|dry_vent=0.02|dew=0.06|canopy=0.12
0.0,27,0.21428571428571427,27,0.08,0.06,0.02,2,0.7699999999999999,1.0,0.17142857142857143,0,mixed_combo_specific_v1,False,126,0.75,720,False,248,0.375,0,27,0,275,27,27,dry=0.06|dry_vent=0.02|dew=0.08|canopy=0.00
0.04,27,0.21428571428571427,27,0.08,0.06,0.02,2,0.7699999999999999,1.0,0.17142857142857143,0,mixed_combo_specific_v1,False,126,0.75,720,False,248,0.375,0,27,0,275,27,27,dry=0.06|dry_vent=0.02|dew=0.08|canopy=0.04
0.06,39,0.30952380952380953,39,0.08,0.06,0.02,1,0.41999999999999993,1.0,0.6666666666666666,0,mixed_combo_specific_v1,False,126,0.75,720,False,248,0.375,0,39,0,287,39,39,dry=0.06|dry_vent=0.02|dew=0.08|canopy=0.06
0.08,39,0.30952380952380953,39,0.08,0.06,0.02,1,0.41999999999999993,1.0,0.6666666666666666,0,mixed_combo_specific_v1,False,126,0.75,720,False,248,0.375,0,39,0,287,39,39,dry=0.06|dry_vent=0.02|dew=0.08|canopy=0.08
0.1,39,0.30952380952380953,39,0.08,0.06,0.02,1,0.41999999999999993,1.0,0.6666666666666666,0,mixed_combo_specific_v1,False,126,0.75,720,False,248,0.375,0,39,0,287,39,39,dry=0.06|dry_vent=0.02|dew=0.08|canopy=0.10
0.12,45,0.35714285714285715,45,0.08,0.06,0.02,2,0.6199999999999999,1.0,1.0,0,mixed_combo_specific_v1,False,126,1.0,720,False,248,0.375,0,45,0,293,45,45,dry=0.06|dry_vent=0.02|dew=0.08|canopy=0.12
0.0,38,0.30158730158730157,38,0.1,0.06,0.02,2,0.7,1.0,0.2857142857142857,0,mixed_combo_specific_v1,False,126,0.75,720,False,248,0.19999999999999996,0,38,0,286,38,38,dry=0.06|dry_vent=0.02|dew=0.10|canopy=0.00
0.04,38,0.30158730158730157,38,0.1,0.06,0.02,2,0.7,1.0,0.2857142857142857,0,mixed_combo_specific_v1,False,126,0.75,720,False,248,0.19999999999999996,0,38,0,286,38,38,dry=0.06|dry_vent=0.02|dew=0.10|canopy=0.04
0.06,50,0.3968253968253968,50,0.1,0.06,0.02,1,0.35,1.0,0.6666666666666666,0,mixed_combo_specific_v1,False,126,0.75,720,False,248,0.19999999999999996,0,50,0,298,50,50,dry=0.06|dry_vent=0.02|dew=0.10|canopy=0.06
0.08,50,0.3968253968253968,50,0.1,0.06,0.02,1,0.35,1.0,0.6666666666666666,0,mixed_combo_specific_v1,False,126,0.75,720,False,248,0.19999999999999996,0,50,0,298,50,50,dry=0.06|dry_vent=0.02|dew=0.10|canopy=0.08
0.1,50,0.3968253968253968,50,0.1,0.06,0.02,1,0.35,1.0,0.6666666666666666,0,mixed_combo_specific_v1,False,126,0.75,720,False,248,0.19999999999999996,0,50,0,298,50,50,dry=0.06|dry_vent=0.02|dew=0.10|canopy=0.10
0.12,56,0.4444444444444444,56,0.1,0.06,0.02,2,0.5499999999999999,1.0,1.0,0,mixed_combo_specific_v1,False,126,1.0,720,False,248,0.19999999999999996,0,56,0,304,56,56,dry=0.06|dry_vent=0.02|dew=0.10|canopy=0.12
0.0,81,0.6428571428571429,81,0.12,0.06,0.02,3,0.8999999999999999,1.0,1.0,0,mixed_combo_specific_v1,False,126,1.0,720,False,248,0.25,0,81,0,329,81,81,dry=0.06|dry_vent=0.02|dew=0.12|canopy=0.00
0.04,81,0.6428571428571429,81,0.12,0.06,0.02,3,0.8999999999999999,1.0,1.0,0,mixed_combo_specific_v1,False,126,1.0,720,False,248,0.25,0,81,0,329,81,81,dry=0.06|dry_vent=0.02|dew=0.12|canopy=0.04
0.06,93,0.7380952380952381,93,0.12,0.06,0.02,2,0.5499999999999999,1.0,1.0,0,mixed_combo_specific_v1,False,126,1.0,720,False,248,0.25,0,93,0,341,93,93,dry=0.06|dry_vent=0.02|dew=0.12|canopy=0.06
0.08,93,0.7380952380952381,93,0.12,0.06,0.02,2,0.5499999999999999,1.0,1.0,0,mixed_combo_specific_v1,False,126,1.0,720,False,248,0.25,0,93,0,341,93,93,dry=0.06|dry_vent=0.02|dew=0.12|canopy=0.08
0.1,93,0.7380952380952381,93,0.12,0.06,0.02,2,0.5499999999999999,1.0,1.0,0,mixed_combo_specific_v1,False,126,1.0,720,False,248,0.25,0,93,0,341,93,93,dry=0.06|dry_vent=0.02|dew=0.12|canopy=0.10
0.12,99,0.7857142857142857,99,0.12,0.06,0.02,3,0.7499999999999999,1.0,1.0,0,mixed_combo_specific_v1,False,126,1.0,720,False,248,0.25,0,99,0,347,99,99,dry=0.06|dry_vent=0.02|dew=0.12|canopy=0.12
0.0,6,0.047619047619047616,6,0.0,0.06,0.04,3,1.0499999999999998,0.0,0.0,0,mixed_combo_specific_v1,False,126,0.75,720,False,248,0.75,0,6,0,254,6,6,dry=0.06|dry_vent=0.04|dew=0.00|canopy=0.00
0.04,6,0.047619047619047616,6,0.0,0.06,0.04,3,1.0499999999999998,0.0,0.0,0,mixed_combo_specific_v1,False,126,0.75,720,False,248,0.75,0,6,0,254,6,6,dry=0.06|dry_vent=0.04|dew=0.00|canopy=0.04
0.06,18,0.14285714285714285,18,0.0,0.06,0.04,2,0.7,1.0,0.6666666666666666,0,mixed_combo_specific_v1,False,126,0.75,720,False,248,0.75,0,18,0,266,18,18,dry=0.06|dry_vent=0.04|dew=0.00|canopy=0.06
0.08,18,0.14285714285714285,18,0.0,0.06,0.04,2,0.7,1.0,0.6666666666666666,0,mixed_combo_specific_v1,False,126,0.75,720,False,248,0.75,0,18,0,266,18,18,dry=0.06|dry_vent=0.04|dew=0.00|canopy=0.08
0.1,18,0.14285714285714285,18,0.0,0.06,0.04,2,0.7,1.0,0.6666666666666666,0,mixed_combo_specific_v1,False,126,0.75,720,False,248,0.75,0,18,0,266,18,18,dry=0.06|dry_vent=0.04|dew=0.00|canopy=0.10
0.12,24,0.19047619047619047,24,0.0,0.06,0.04,3,0.8999999999999999,1.0,1.0,0,mixed_combo_specific_v1,False,126,1.0,720,False,248,0.75,0,24,0,272,24,24,dry=0.06|dry_vent=0.04|dew=0.00|canopy=0.12
0.0,6,0.047619047619047616,6,0.04,0.06,0.04,3,1.0499999999999998,0.0,0.0,0,mixed_combo_specific_v1,False,126,0.75,720,False,248,0.75,0,6,0,254,6,6,dry=0.06|dry_vent=0.04|dew=0.04|canopy=0.00
0.04,6,0.047619047619047616,6,0.04,0.06,0.04,3,1.0499999999999998,0.0,0.0,0,mixed_combo_specific_v1,False,126,0.75,720,False,248,0.75,0,6,0,254,6,6,dry=0.06|dry_vent=0.04|dew=0.04|canopy=0.04
0.06,18,0.14285714285714285,18,0.04,0.06,0.04,2,0.7,1.0,0.6666666666666666,0,mixed_combo_specific_v1,False,126,0.75,720,False,248,0.75,0,18,0,266,18,18,dry=0.06|dry_vent=0.04|dew=0.04|canopy=0.06
0.08,18,0.14285714285714285,18,0.04,0.06,0.04,2,0.7,1.0,0.6666666666666666,0,mixed_combo_specific_v1,False,126,0.75,720,False,248,0.75,0,18,0,266,18,18,dry=0.06|dry_vent=0.04|dew=0.04|canopy=0.08
0.1,18,0.14285714285714285,18,0.04,0.06,0.04,2,0.7,1.0,0.6666666666666666,0,mixed_combo_specific_v1,False,126,0.75,720,False,248,0.75,0,18,0,266,18,18,dry=0.06|dry_vent=0.04|dew=0.04|canopy=0.10
0.12,24,0.19047619047619047,24,0.04,0.06,0.04,3,0.8999999999999999,1.0,1.0,0,mixed_combo_specific_v1,False,126,1.0,720,False,248,0.75,0,24,0,272,24,24,dry=0.06|dry_vent=0.04|dew=0.04|canopy=0.12
0.0,9,0.07142857142857142,9,0.06,0.06,0.04,2,1.01,1.0,0.08571428571428572,0,mixed_combo_specific_v1,False,126,0.75,720,False,248,0.75,0,9,0,257,9,9,dry=0.06|dry_vent=0.04|dew=0.06|canopy=0.00
0.04,9,0.07142857142857142,9,0.06,0.06,0.04,2,1.01,1.0,0.08571428571428572,0,mixed_combo_specific_v1,False,126,0.75,720,False,248,0.75,0,9,0,257,9,9,dry=0.06|dry_vent=0.04|dew=0.06|canopy=0.04
0.06,21,0.16666666666666666,21,0.06,0.06,0.04,1,0.6599999999999999,1.0,0.6666666666666666,0,mixed_combo_specific_v1,False,126,0.75,720,False,248,0.75,0,21,0,269,21,21,dry=0.06|dry_vent=0.04|dew=0.06|canopy=0.06
0.08,21,0.16666666666666666,21,0.06,0.06,0.04,1,0.6599999999999999,1.0,0.6666666666666666,0,mixed_combo_specific_v1,False,126,0.75,720,False,248,0.75,0,21,0,269,21,21,dry=0.06|dry_vent=0.04|dew=0.06|canopy=0.08
0.1,21,0.16666666666666666,21,0.06,0.06,0.04,1,0.6599999999999999,1.0,0.6666666666666666,0,mixed_combo_specific_v1,False,126,0.75,720,False,248,0.75,0,21,0,269,21,21,dry=0.06|dry_vent=0.04|dew=0.06|canopy=0.10
0.12,27,0.21428571428571427,27,0.06,0.06,0.04,2,0.8599999999999999,1.0,1.0,0,mixed_combo_specific_v1,False,126,1.0,720,False,248,0.75,0,27,0,275,27,27,dry=0.06|dry_vent=0.04|dew=0.06|canopy=0.12
0.0,27,0.21428571428571427,27,0.08,0.06,0.04,2,0.7699999999999999,1.0,0.17142857142857143,0,mixed_combo_specific_v1,False,126,0.75,720,False,248,0.375,0,27,0,275,27,27,dry=0.06|dry_vent=0.04|dew=0.08|canopy=0.00
0.04,27,0.21428571428571427,27,0.08,0.06,0.04,2,0.7699999999999999,1.0,0.17142857142857143,0,mixed_combo_specific_v1,False,126,0.75,720,False,248,0.375,0,27,0,275,27,27,dry=0.06|dry_vent=0.04|dew=0.08|canopy=0.04
0.06,39,0.30952380952380953,39,0.08,0.06,0.04,1,0.41999999999999993,1.0,0.6666666666666666,0,mixed_combo_specific_v1,False,126,0.75,720,False,248,0.375,0,39,0,287,39,39,dry=0.06|dry_vent=0.04|dew=0.08|canopy=0.06
0.08,39,0.30952380952380953,39,0.08,0.06,0.04,1,0.41999999999999993,1.0,0.6666666666666666,0,mixed_combo_specific_v1,False,126,0.75,720,False,248,0.375,0,39,0,287,39,39,dry=0.06|dry_vent=0.04|dew=0.08|canopy=0.08
0.1,39,0.30952380952380953,39,0.08,0.06,0.04,1,0.41999999999999993,1.0,0.6666666666666666,0,mixed_combo_specific_v1,False,126,0.75,720,False,248,0.375,0,39,0,287,39,39,dry=0.06|dry_vent=0.04|dew=0.08|canopy=0.10
0.12,45,0.35714285714285715,45,0.08,0.06,0.04,2,0.6199999999999999,1.0,1.0,0,mixed_combo_specific_v1,False,126,1.0,720,False,248,0.375,0,45,0,293,45,45,dry=0.06|dry_vent=0.04|dew=0.08|canopy=0.12
0.0,38,0.30158730158730157,38,0.1,0.06,0.04,2,0.7,1.0,0.2857142857142857,0,mixed_combo_specific_v1,False,126,0.75,720,False,248,0.19999999999999996,0,38,0,286,38,38,dry=0.06|dry_vent=0.04|dew=0.10|canopy=0.00
0.04,38,0.30158730158730157,38,0.1,0.06,0.04,2,0.7,1.0,0.2857142857142857,0,mixed_combo_specific_v1,False,126,0.75,720,False,248,0.19999999999999996,0,38,0,286,38,38,dry=0.06|dry_vent=0.04|dew=0.10|canopy=0.04
0.06,50,0.3968253968253968,50,0.1,0.06,0.04,1,0.35,1.0,0.6666666666666666,0,mixed_combo_specific_v1,False,126,0.75,720,False,248,0.19999999999999996,0,50,0,298,50,50,dry=0.06|dry_vent=0.04|dew=0.10|canopy=0.06
0.08,50,0.3968253968253968,50,0.1,0.06,0.04,1,0.35,1.0,0.6666666666666666,0,mixed_combo_specific_v1,False,126,0.75,720,False,248,0.19999999999999996,0,50,0,298,50,50,dry=0.06|dry_vent=0.04|dew=0.10|canopy=0.08
0.1,50,0.3968253968253968,50,0.1,0.06,0.04,1,0.35,1.0,0.6666666666666666,0,mixed_combo_specific_v1,False,126,0.75,720,False,248,0.19999999999999996,0,50,0,298,50,50,dry=0.06|dry_vent=0.04|dew=0.10|canopy=0.10
0.12,56,0.4444444444444444,56,0.1,0.06,0.04,2,0.5499999999999999,1.0,1.0,0,mixed_combo_specific_v1,False,126,1.0,720,False,248,0.19999999999999996,0,56,0,304,56,56,dry=0.06|dry_vent=0.04|dew=0.10|canopy=0.12
0.0,81,0.6428571428571429,81,0.12,0.06,0.04,3,0.8999999999999999,1.0,1.0,0,mixed_combo_specific_v1,False,126,1.0,720,False,248,0.25,0,81,0,329,81,81,dry=0.06|dry_vent=0.04|dew=0.12|canopy=0.00
0.04,81,0.6428571428571429,81,0.12,0.06,0.04,3,0.8999999999999999,1.0,1.0,0,mixed_combo_specific_v1,False,126,1.0,720,False,248,0.25,0,81,0,329,81,81,dry=0.06|dry_vent=0.04|dew=0.12|canopy=0.04
0.06,93,0.7380952380952381,93,0.12,0.06,0.04,2,0.5499999999999999,1.0,1.0,0,mixed_combo_specific_v1,False,126,1.0,720,False,248,0.25,0,93,0,341,93,93,dry=0.06|dry_vent=0.04|dew=0.12|canopy=0.06
0.08,93,0.7380952380952381,93,0.12,0.06,0.04,2,0.5499999999999999,1.0,1.0,0,mixed_combo_specific_v1,False,126,1.0,720,False,248,0.25,0,93,0,341,93,93,dry=0.06|dry_vent=0.04|dew=0.12|canopy=0.08
0.1,93,0.7380952380952381,93,0.12,0.06,0.04,2,0.5499999999999999,1.0,1.0,0,mixed_combo_specific_v1,False,126,1.0,720,False,248,0.25,0,93,0,341,93,93,dry=0.06|dry_vent=0.04|dew=0.12|canopy=0.10
0.12,99,0.7857142857142857,99,0.12,0.06,0.04,3,0.7499999999999999,1.0,1.0,0,mixed_combo_specific_v1,False,126,1.0,720,False,248,0.25,0,99,0,347,99,99,dry=0.06|dry_vent=0.04|dew=0.12|canopy=0.12
0.0,31,0.24603174603174602,31,0.0,0.06,0.06,3,0.8999999999999999,1.0,1.0,0,mixed_combo_specific_v1,False,126,1.0,720,False,248,0.75,0,31,0,279,31,31,dry=0.06|dry_vent=0.06|dew=0.00|canopy=0.00
0.04,31,0.24603174603174602,31,0.0,0.06,0.06,3,0.8999999999999999,1.0,1.0,0,mixed_combo_specific_v1,False,126,1.0,720,False,248,0.75,0,31,0,279,31,31,dry=0.06|dry_vent=0.06|dew=0.00|canopy=0.04
0.06,43,0.3412698412698413,43,0.0,0.06,0.06,2,0.5499999999999999,1.0,1.0,0,mixed_combo_specific_v1,False,126,1.0,720,False,248,0.75,0,43,0,291,43,43,dry=0.06|dry_vent=0.06|dew=0.00|canopy=0.06
0.08,43,0.3412698412698413,43,0.0,0.06,0.06,2,0.5499999999999999,1.0,1.0,0,mixed_combo_specific_v1,False,126,1.0,720,False,248,0.75,0,43,0,291,43,43,dry=0.06|dry_vent=0.06|dew=0.00|canopy=0.08
0.1,43,0.3412698412698413,43,0.0,0.06,0.06,2,0.5499999999999999,1.0,1.0,0,mixed_combo_specific_v1,False,126,1.0,720,False,248,0.75,0,43,0,291,43,43,dry=0.06|dry_vent=0.06|dew=0.00|canopy=0.10
0.12,49,0.3888888888888889,49,0.0,0.06,0.06,3,0.7499999999999999,1.0,1.0,0,mixed_combo_specific_v1,False,126,1.0,720,False,248,0.75,0,49,0,297,49,49,dry=0.06|dry_vent=0.06|dew=0.00|canopy=0.12
0.0,31,0.24603174603174602,31,0.04,0.06,0.06,3,0.8999999999999999,1.0,1.0,0,mixed_combo_specific_v1,False,126,1.0,720,False,248,0.75,0,31,0,279,31,31,dry=0.06|dry_vent=0.06|dew=0.04|canopy=0.00
0.04,31,0.24603174603174602,31,0.04,0.06,0.06,3,0.8999999999999999,1.0,1.0,0,mixed_combo_specific_v1,False,126,1.0,720,False,248,0.75,0,31,0,279,31,31,dry=0.06|dry_vent=0.06|dew=0.04|canopy=0.04
0.06,43,0.3412698412698413,43,0.04,0.06,0.06,2,0.5499999999999999,1.0,1.0,0,mixed_combo_specific_v1,False,126,1.0,720,False,248,0.75,0,43,0,291,43,43,dry=0.06|dry_vent=0.06|dew=0.04|canopy=0.06
0.08,43,0.3412698412698413,43,0.04,0.06,0.06,2,0.5499999999999999,1.0,1.0,0,mixed_combo_specific_v1,False,126,1.0,720,False,248,0.75,0,43,0,291,43,43,dry=0.06|dry_vent=0.06|dew=0.04|canopy=0.08
0.1,43,0.3412698412698413,43,0.04,0.06,0.06,2,0.5499999999999999,1.0,1.0,0,mixed_combo_specific_v1,False,126,1.0,720,False,248,0.75,0,43,0,291,43,43,dry=0.06|dry_vent=0.06|dew=0.04|canopy=0.10
0.12,49,0.3888888888888889,49,0.04,0.06,0.06,3,0.7499999999999999,1.0,1.0,0,mixed_combo_specific_v1,False,126,1.0,720,False,248,0.75,0,49,0,297,49,49,dry=0.06|dry_vent=0.06|dew=0.04|canopy=0.12
0.0,34,0.2698412698412698,34,0.06,0.06,0.06,2,0.8599999999999999,1.0,1.0,0,mixed_combo_specific_v1,False,126,1.0,720,False,248,0.75,0,34,0,282,34,34,dry=0.06|dry_vent=0.06|dew=0.06|canopy=0.00
0.04,34,0.2698412698412698,34,0.06,0.06,0.06,2,0.8599999999999999,1.0,1.0,0,mixed_combo_specific_v1,False,126,1.0,720,False,248,0.75,0,34,0,282,34,34,dry=0.06|dry_vent=0.06|dew=0.06|canopy=0.04
0.06,46,0.36507936507936506,46,0.06,0.06,0.06,1,0.51,1.0,0.9142857142857143,0,mixed_combo_specific_v1,False,126,0.96,720,False,248,0.75,0,46,0,294,46,46,dry=0.06|dry_vent=0.06|dew=0.06|canopy=0.06
0.08,46,0.36507936507936506,46,0.06,0.06,0.06,1,0.51,1.0,0.9142857142857143,0,mixed_combo_specific_v1,False,126,0.96,720,False,248,0.75,0,46,0,294,46,46,dry=0.06|dry_vent=0.06|dew=0.06|canopy=0.08
0.1,46,0.36507936507936506,46,0.06,0.06,0.06,1,0.51,1.0,0.9142857142857143,0,mixed_combo_specific_v1,False,126,0.96,720,False,248,0.75,0,46,0,294,46,46,dry=0.06|dry_vent=0.06|dew=0.06|canopy=0.10
0.12,52,0.4126984126984127,52,0.06,0.06,0.06,2,0.71,1.0,0.9142857142857143,0,mixed_combo_specific_v1,False,126,0.96,720,False,248,0.75,0,52,0,300,52,52,dry=0.06|dry_vent=0.06|dew=0.06|canopy=0.12
0.0,52,0.4126984126984127,52,0.08,0.06,0.06,2,0.6199999999999999,1.0,1.0,0,mixed_combo_specific_v1,False,126,1.0,720,False,248,0.375,0,52,0,300,52,52,dry=0.06|dry_vent=0.06|dew=0.08|canopy=0.00
0.04,52,0.4126984126984127,52,0.08,0.06,0.06,2,0.6199999999999999,1.0,1.0,0,mixed_combo_specific_v1,False,126,1.0,720,False,248,0.375,0,52,0,300,52,52,dry=0.06|dry_vent=0.06|dew=0.08|canopy=0.04
0.06,64,0.5079365079365079,64,0.08,0.06,0.06,1,0.2699999999999999,1.0,0.8285714285714285,0,mixed_combo_specific_v1,False,126,0.72,720,False,248,0.375,0,64,0,312,64,64,dry=0.06|dry_vent=0.06|dew=0.08|canopy=0.06
0.08,64,0.5079365079365079,64,0.08,0.06,0.06,1,0.2699999999999999,1.0,0.8285714285714285,0,mixed_combo_specific_v1,False,126,0.72,720,False,248,0.375,0,64,0,312,64,64,dry=0.06|dry_vent=0.06|dew=0.08|canopy=0.08
0.1,64,0.5079365079365079,64,0.08,0.06,0.06,1,0.2699999999999999,1.0,0.8285714285714285,0,mixed_combo_specific_v1,False,126,0.72,720,False,248,0.375,0,64,0,312,64,64,dry=0.06|dry_vent=0.06|dew=0.08|canopy=0.10
0.12,70,0.5555555555555556,70,0.08,0.06,0.06,2,0.46999999999999986,0.90625,0.8285714285714285,0,mixed_combo_specific_v1,False,126,0.72,720,False,248,0.375,0,70,0,318,70,70,dry=0.06|dry_vent=0.06|dew=0.08|canopy=0.12
0.0,63,0.5,63,0.1,0.06,0.06,2,0.5499999999999999,1.0,1.0,0,mixed_combo_specific_v1,False,126,1.0,720,False,248,0.19999999999999996,0,63,0,311,63,63,dry=0.06|dry_vent=0.06|dew=0.10|canopy=0.00
0.04,63,0.5,63,0.1,0.06,0.06,2,0.5499999999999999,1.0,1.0,0,mixed_combo_specific_v1,False,126,1.0,720,False,248,0.19999999999999996,0,63,0,311,63,63,dry=0.06|dry_vent=0.06|dew=0.10|canopy=0.04
0.06,75,0.5952380952380952,75,0.1,0.06,0.06,1,0.19999999999999996,1.0,0.7142857142857143,0,mixed_combo_specific_v1,False,126,0.5733333333333333,720,False,248,0.19999999999999996,0,75,0,323,75,75,dry=0.06|dry_vent=0.06|dew=0.10|canopy=0.06
0.08,75,0.5952380952380952,75,0.1,0.06,0.06,1,0.19999999999999996,1.0,0.7142857142857143,0,mixed_combo_specific_v1,False,126,0.5733333333333333,720,False,248,0.19999999999999996,0,75,0,323,75,75,dry=0.06|dry_vent=0.06|dew=0.10|canopy=0.08
0.1,75,0.5952380952380952,75,0.1,0.06,0.06,1,0.19999999999999996,1.0,0.7142857142857143,0,mixed_combo_specific_v1,False,126,0.5733333333333333,720,False,248,0.19999999999999996,0,75,0,323,75,75,dry=0.06|dry_vent=0.06|dew=0.10|canopy=0.10
0.12,81,0.6428571428571429,81,0.1,0.06,0.06,2,0.3999999999999999,0.78125,0.7142857142857143,0,mixed_combo_specific_v1,False,126,0.5733333333333333,720,False,248,0.19999999999999996,0,81,0,329,81,81,dry=0.06|dry_vent=0.06|dew=0.10|canopy=0.12
0.0,106,0.8412698412698413,106,0.12,0.06,0.06,3,0.7499999999999999,1.0,1.0,0,mixed_combo_specific_v1,False,126,1.0,720,False,248,0.25,0,106,0,354,106,106,dry=0.06|dry_vent=0.06|dew=0.12|canopy=0.00
0.04,106,0.8412698412698413,106,0.12,0.06,0.06,3,0.7499999999999999,1.0,1.0,0,mixed_combo_specific_v1,False,126,1.0,720,False,248,0.25,0,106,0,354,106,106,dry=0.06|dry_vent=0.06|dew=0.12|canopy=0.04
0.06,118,0.9365079365079365,118,0.12,0.06,0.06,2,0.3999999999999999,1.0,0.33333333333333337,0,mixed_combo_specific_v1,True,126,0.33333333333333337,720,False,248,0.25,0,118,0,366,118,118,dry=0.06|dry_vent=0.06|dew=0.12|canopy=0.06
0.08,118,0.9365079365079365,118,0.12,0.06,0.06,2,0.3999999999999999,1.0,0.33333333333333337,0,mixed_combo_specific_v1,True,126,0.33333333333333337,720,False,248,0.25,0,118,0,366,118,118,dry=0.06|dry_vent=0.06|dew=0.12|canopy=0.08
0.1,118,0.9365079365079365,118,0.12,0.06,0.06,2,0.3999999999999999,1.0,0.33333333333333337,0,mixed_combo_specific_v1,True,126,0.33333333333333337,720,False,248,0.25,0,118,0,366,118,118,dry=0.06|dry_vent=0.06|dew=0.12|canopy=0.10
0.12,124,0.9841269841269841,124,0.12,0.06,0.06,3,0.5999999999999999,0.0,0.0,0,mixed_combo_specific_v1,True,126,0.25,720,False,248,0.25,0,124,0,372,124,124,dry=0.06|dry_vent=0.06|dew=0.12|canopy=0.12
