active_risk_flags,feasible,first_action_delta_from_reference,primary_risk_family,score_delta_vs_conservative_stabilize,score_delta_vs_zero_bonus_winner,step,template_name,violation_count,violation_field_distribution,violation_reason_distribution,would_beat_zero_bonus_winner
"[""humidity_or_dew_risk""]",True,"{""u_co2"": 0.0, ""u_heating"": 0.0, ""u_lighting"": 0.0, ""u_screen"": 0.0, ""u_shading"": 0.06, ""u_ventilation"": -0.06000000000000005}",dew_or_humidity,-0.005624999999999991,-0.08150000000000013,0,conservative_stabilize_dry,0,{},{},False
"[""humidity_or_dew_risk""]",True,"{""u_co2"": 0.0, ""u_heating"": 0.0, ""u_lighting"": 0.0, ""u_screen"": 0.0, ""u_shading"": 0.06, ""u_ventilation"": -0.06000000000000005}",dew_or_humidity,-0.00374999999999992,-0.07962500000000006,0,conservative_stabilize_high_vpd,0,{},{},False
"[""humidity_or_dew_risk""]",True,"{""u_co2"": 0.0, ""u_heating"": 0.0400000035762787, ""u_lighting"": 0.0, ""u_screen"": 0.0, ""u_shading"": 0.0, ""u_ventilation"": -0.06000000000000005}",dew_or_humidity,0.0028749992847442174,-0.07300000071525592,0,conservative_stabilize_dew,0,{},{},False
"[""humidity_or_dew_risk""]",True,"{""u_co2"": 0.0, ""u_heating"": 0.06, ""u_lighting"": 0.0, ""u_screen"": 0.0, ""u_shading"": 0.0, ""u_ventilation"": -0.06000000000000005}",dew_or_humidity,-0.009625000789761584,-0.08550000078976172,0,conservative_stabilize_canopy_dew,0,{},{},False
"[""humidity_or_dew_risk""]",True,"{""u_co2"": 0.0, ""u_heating"": 0.0, ""u_lighting"": 0.0, ""u_screen"": 0.0, ""u_shading"": 0.06, ""u_ventilation"": -0.06000000000000005}",dew_or_humidity,-0.00374999999999992,-0.07962500000000006,0,conservative_stabilize_dry_vent_guard,0,{},{},False
"[""humidity_or_dew_risk""]",True,"{""u_co2"": 0.0, ""u_heating"": 0.0, ""u_lighting"": 0.0, ""u_screen"": 0.0, ""u_shading"": 0.06, ""u_ventilation"": -0.06000000000000005}",dew_or_humidity,-0.005624999999999991,-0.10783333192517375,73,conservative_stabilize_dry,0,{},{},False
"[""humidity_or_dew_risk""]",True,"{""u_co2"": 0.0, ""u_heating"": 0.0, ""u_lighting"": 0.0, ""u_screen"": 0.0, ""u_shading"": 0.06, ""u_ventilation"": -0.06000000000000005}",dew_or_humidity,-0.00374999999999992,-0.10595833192517368,73,conservative_stabilize_high_vpd,0,{},{},False
"[""humidity_or_dew_risk""]",True,"{""u_co2"": 0.0, ""u_heating"": 0.0, ""u_lighting"": 0.0, ""u_screen"": 0.0, ""u_shading"": 0.0, ""u_ventilation"": 0.0}",dew_or_humidity,0.008624999552965251,-0.0935833323722085,73,conservative_stabilize_dew,0,{},{},False
"[""humidity_or_dew_risk""]",True,"{""u_co2"": 0.0, ""u_heating"": 0.01000000536441803, ""u_lighting"": 0.0, ""u_screen"": 0.0, ""u_shading"": 0.0, ""u_ventilation"": -0.04999998807907102}",dew_or_humidity,0.00662499848008169,-0.09558333344509207,73,conservative_stabilize_canopy_dew,0,{},{},False
"[""humidity_or_dew_risk""]",True,"{""u_co2"": 0.0, ""u_heating"": 0.0, ""u_lighting"": 0.0, ""u_screen"": 0.0, ""u_shading"": 0.06, ""u_ventilation"": -0.06000000000000005}",dew_or_humidity,-0.00374999999999992,-0.10595833192517368,73,conservative_stabilize_dry_vent_guard,0,{},{},False
"[""high_vpd"", ""dry_or_high_vpd_risk"", ""dry_vent_risk""]",True,"{""u_co2"": 0.0, ""u_heating"": 0.0, ""u_lighting"": 0.0, ""u_screen"": 0.0, ""u_shading"": 0.0, ""u_ventilation"": 0.019999992847442638}",dry_vent,0.0003749997317792353,-0.05600000000000005,147,conservative_stabilize_dry,0,{},{},False
"[""high_vpd"", ""dry_or_high_vpd_risk"", ""dry_vent_risk""]",True,"{""u_co2"": 0.0, ""u_heating"": 0.0, ""u_lighting"": 0.0, ""u_screen"": 0.0, ""u_shading"": 0.0, ""u_ventilation"": 0.06}",dry_vent,0.0,-0.056374999731779285,147,conservative_stabilize_high_vpd,0,{},{},False
"[""high_vpd"", ""dry_or_high_vpd_risk"", ""dry_vent_risk""]",True,"{""u_co2"": 0.0, ""u_heating"": 0.06, ""u_lighting"": 0.0, ""u_screen"": 0.0, ""u_shading"": 0.0, ""u_ventilation"": 0.06}",dry_vent,-0.04874999999999985,-0.10512499973177913,147,conservative_stabilize_dew,0,{},{},False
"[""high_vpd"", ""dry_or_high_vpd_risk"", ""dry_vent_risk""]",True,"{""u_co2"": 0.0, ""u_heating"": 0.06, ""u_lighting"": 0.0, ""u_screen"": 0.0, ""u_shading"": 0.0, ""u_ventilation"": 0.06}",dry_vent,-0.05420833333333319,-0.11058333306511248,147,conservative_stabilize_canopy_dew,0,{},{},False
"[""high_vpd"", ""dry_or_high_vpd_risk"", ""dry_vent_risk""]",True,"{""u_co2"": 0.0, ""u_heating"": 0.0, ""u_lighting"": 0.0, ""u_screen"": 0.0, ""u_shading"": 0.0, ""u_ventilation"": 0.0}",dry_vent,0.0003749997317792353,-0.05600000000000005,147,conservative_stabilize_dry_vent_guard,0,{},{},False
"[""high_vpd"", ""dry_or_high_vpd_risk"", ""dry_vent_risk""]",True,"{""u_co2"": 0.0, ""u_heating"": 0.0, ""u_lighting"": 0.0, ""u_screen"": 0.0, ""u_shading"": 0.0, ""u_ventilation"": 0.019999992847442638}",dry_vent,0.0003749997317792353,-0.05600000000000005,148,conservative_stabilize_dry,0,{},{},False
"[""high_vpd"", ""dry_or_high_vpd_risk"", ""dry_vent_risk""]",True,"{""u_co2"": 0.0, ""u_heating"": 0.0, ""u_lighting"": 0.0, ""u_screen"": 0.0, ""u_shading"": 0.0, ""u_ventilation"": 0.06}",dry_vent,0.0,-0.056374999731779285,148,conservative_stabilize_high_vpd,0,{},{},False
"[""high_vpd"", ""dry_or_high_vpd_risk"", ""dry_vent_risk""]",True,"{""u_co2"": 0.0, ""u_heating"": 0.06, ""u_lighting"": 0.0, ""u_screen"": 0.0, ""u_shading"": 0.0, ""u_ventilation"": 0.06}",dry_vent,-0.04874999999999985,-0.10512499973177913,148,conservative_stabilize_dew,0,{},{},False
"[""high_vpd"", ""dry_or_high_vpd_risk"", ""dry_vent_risk""]",True,"{""u_co2"": 0.0, ""u_heating"": 0.06, ""u_lighting"": 0.0, ""u_screen"": 0.0, ""u_shading"": 0.0, ""u_ventilation"": 0.06}",dry_vent,-0.05420833333333319,-0.11058333306511248,148,conservative_stabilize_canopy_dew,0,{},{},False
"[""high_vpd"", ""dry_or_high_vpd_risk"", ""dry_vent_risk""]",True,"{""u_co2"": 0.0, ""u_heating"": 0.0, ""u_lighting"": 0.0, ""u_screen"": 0.0, ""u_shading"": 0.0, ""u_ventilation"": 0.0}",dry_vent,0.0003749997317792353,-0.05600000000000005,148,conservative_stabilize_dry_vent_guard,0,{},{},False
"[""high_vpd"", ""dry_or_high_vpd_risk"", ""dry_vent_risk""]",True,"{""u_co2"": 0.0, ""u_heating"": 0.0, ""u_lighting"": 0.0, ""u_screen"": 0.0, ""u_shading"": 0.0, ""u_ventilation"": 0.019999992847442638}",dry_vent,0.0003749997317792353,-0.05600000000000005,149,conservative_stabilize_dry,0,{},{},False
"[""high_vpd"", ""dry_or_high_vpd_risk"", ""dry_vent_risk""]",True,"{""u_co2"": 0.0, ""u_heating"": 0.0, ""u_lighting"": 0.0, ""u_screen"": 0.0, ""u_shading"": 0.0, ""u_ventilation"": 0.06}",dry_vent,0.0,-0.056374999731779285,149,conservative_stabilize_high_vpd,0,{},{},False
"[""high_vpd"", ""dry_or_high_vpd_risk"", ""dry_vent_risk""]",True,"{""u_co2"": 0.0, ""u_heating"": 0.06, ""u_lighting"": 0.0, ""u_screen"": 0.0, ""u_shading"": 0.0, ""u_ventilation"": 0.06}",dry_vent,-0.04874999999999985,-0.10512499973177913,149,conservative_stabilize_dew,0,{},{},False
"[""high_vpd"", ""dry_or_high_vpd_risk"", ""dry_vent_risk""]",True,"{""u_co2"": 0.0, ""u_heating"": 0.06, ""u_lighting"": 0.0, ""u_screen"": 0.0, ""u_shading"": 0.0, ""u_ventilation"": 0.06}",dry_vent,-0.05420833333333319,-0.11058333306511248,149,conservative_stabilize_canopy_dew,0,{},{},False
"[""high_vpd"", ""dry_or_high_vpd_risk"", ""dry_vent_risk""]",True,"{""u_co2"": 0.0, ""u_heating"": 0.0, ""u_lighting"": 0.0, ""u_screen"": 0.0, ""u_shading"": 0.0, ""u_ventilation"": 0.0}",dry_vent,0.0003749997317792353,-0.05600000000000005,149,conservative_stabilize_dry_vent_guard,0,{},{},False
"[""high_vpd"", ""dry_or_high_vpd_risk"", ""dry_vent_risk""]",True,"{""u_co2"": 0.0, ""u_heating"": 0.0, ""u_lighting"": 0.0, ""u_screen"": 0.0, ""u_shading"": 0.0, ""u_ventilation"": 0.019999992847442638}",dry_vent,0.0003749997317792353,-0.05600000000000005,150,conservative_stabilize_dry,0,{},{},False
"[""high_vpd"", ""dry_or_high_vpd_risk"", ""dry_vent_risk""]",True,"{""u_co2"": 0.0, ""u_heating"": 0.0, ""u_lighting"": 0.0, ""u_screen"": 0.0, ""u_shading"": 0.0, ""u_ventilation"": 0.06}",dry_vent,0.0,-0.056374999731779285,150,conservative_stabilize_high_vpd,0,{},{},False
"[""high_vpd"", ""dry_or_high_vpd_risk"", ""dry_vent_risk""]",True,"{""u_co2"": 0.0, ""u_heating"": 0.06, ""u_lighting"": 0.0, ""u_screen"": 0.0, ""u_shading"": 0.0, ""u_ventilation"": 0.06}",dry_vent,-0.04874999999999985,-0.10512499973177913,150,conservative_stabilize_dew,0,{},{},False
"[""high_vpd"", ""dry_or_high_vpd_risk"", ""dry_vent_risk""]",True,"{""u_co2"": 0.0, ""u_heating"": 0.06, ""u_lighting"": 0.0, ""u_screen"": 0.0, ""u_shading"": 0.0, ""u_ventilation"": 0.06}",dry_vent,-0.05420833333333319,-0.11058333306511248,150,conservative_stabilize_canopy_dew,0,{},{},False
"[""high_vpd"", ""dry_or_high_vpd_risk"", ""dry_vent_risk""]",True,"{""u_co2"": 0.0, ""u_heating"": 0.0, ""u_lighting"": 0.0, ""u_screen"": 0.0, ""u_shading"": 0.0, ""u_ventilation"": 0.0}",dry_vent,0.0003749997317792353,-0.05600000000000005,150,conservative_stabilize_dry_vent_guard,0,{},{},False
"[""high_vpd"", ""dry_or_high_vpd_risk"", ""dry_vent_risk""]",True,"{""u_co2"": 0.0, ""u_heating"": 0.0, ""u_lighting"": 0.0, ""u_screen"": 0.0, ""u_shading"": 0.0, ""u_ventilation"": 0.019999992847442638}",dry_vent,0.0003749997317792353,-0.05600000000000005,151,conservative_stabilize_dry,0,{},{},False
"[""high_vpd"", ""dry_or_high_vpd_risk"", ""dry_vent_risk""]",True,"{""u_co2"": 0.0, ""u_heating"": 0.0, ""u_lighting"": 0.0, ""u_screen"": 0.0, ""u_shading"": 0.0, ""u_ventilation"": 0.06}",dry_vent,0.0,-0.056374999731779285,151,conservative_stabilize_high_vpd,0,{},{},False
"[""high_vpd"", ""dry_or_high_vpd_risk"", ""dry_vent_risk""]",True,"{""u_co2"": 0.0, ""u_heating"": 0.06, ""u_lighting"": 0.0, ""u_screen"": 0.0, ""u_shading"": 0.0, ""u_ventilation"": 0.06}",dry_vent,-0.04874999999999985,-0.10512499973177913,151,conservative_stabilize_dew,0,{},{},False
"[""high_vpd"", ""dry_or_high_vpd_risk"", ""dry_vent_risk""]",True,"{""u_co2"": 0.0, ""u_heating"": 0.06, ""u_lighting"": 0.0, ""u_screen"": 0.0, ""u_shading"": 0.0, ""u_ventilation"": 0.06}",dry_vent,-0.05420833333333319,-0.11058333306511248,151,conservative_stabilize_canopy_dew,0,{},{},False
"[""high_vpd"", ""dry_or_high_vpd_risk"", ""dry_vent_risk""]",True,"{""u_co2"": 0.0, ""u_heating"": 0.0, ""u_lighting"": 0.0, ""u_screen"": 0.0, ""u_shading"": 0.0, ""u_ventilation"": 0.0}",dry_vent,0.0003749997317792353,-0.05600000000000005,151,conservative_stabilize_dry_vent_guard,0,{},{},False
"[""humidity_or_dew_risk""]",True,"{""u_co2"": 0.0, ""u_heating"": 0.0, ""u_lighting"": 0.0, ""u_screen"": 0.0, ""u_shading"": 0.06, ""u_ventilation"": -0.06000000000000005}",dew_or_humidity,-0.005624999999999991,-0.0853749979436399,212,conservative_stabilize_dry,0,{},{},False
"[""humidity_or_dew_risk""]",True,"{""u_co2"": 0.0, ""u_heating"": 0.0, ""u_lighting"": 0.0, ""u_screen"": 0.0, ""u_shading"": 0.06, ""u_ventilation"": -0.06000000000000005}",dew_or_humidity,-0.00374999999999992,-0.08349999794363983,212,conservative_stabilize_high_vpd,0,{},{},False
"[""humidity_or_dew_risk""]",True,"{""u_co2"": 0.0, ""u_heating"": 0.0, ""u_lighting"": 0.0, ""u_screen"": 0.0, ""u_shading"": 0.0, ""u_ventilation"": 0.0}",dew_or_humidity,0.008624999552965251,-0.07112499839067465,212,conservative_stabilize_dew,0,{},{},False
"[""humidity_or_dew_risk""]",True,"{""u_co2"": 0.0, ""u_heating"": 0.01000000536441803, ""u_lighting"": 0.0, ""u_screen"": 0.0, ""u_shading"": 0.0, ""u_ventilation"": -0.04999998807907102}",dew_or_humidity,0.00662499848008169,-0.07312499946355822,212,conservative_stabilize_canopy_dew,0,{},{},False
"[""humidity_or_dew_risk""]",True,"{""u_co2"": 0.0, ""u_heating"": 0.0, ""u_lighting"": 0.0, ""u_screen"": 0.0, ""u_shading"": 0.06, ""u_ventilation"": -0.06000000000000005}",dew_or_humidity,-0.00374999999999992,-0.08349999794363983,212,conservative_stabilize_dry_vent_guard,0,{},{},False
"[""humidity_or_dew_risk""]",True,"{""u_co2"": 0.0, ""u_heating"": 0.0, ""u_lighting"": 0.0, ""u_screen"": 0.0, ""u_shading"": 0.06, ""u_ventilation"": -0.06000000000000005}",dew_or_humidity,-0.005624999999999991,-0.0853749979436399,213,conservative_stabilize_dry,0,{},{},False
"[""humidity_or_dew_risk""]",True,"{""u_co2"": 0.0, ""u_heating"": 0.0, ""u_lighting"": 0.0, ""u_screen"": 0.0, ""u_shading"": 0.06, ""u_ventilation"": -0.06000000000000005}",dew_or_humidity,-0.00374999999999992,-0.08349999794363983,213,conservative_stabilize_high_vpd,0,{},{},False
"[""humidity_or_dew_risk""]",True,"{""u_co2"": 0.0, ""u_heating"": 0.0, ""u_lighting"": 0.0, ""u_screen"": 0.0, ""u_shading"": 0.0, ""u_ventilation"": 0.0}",dew_or_humidity,0.008624999552965251,-0.07112499839067465,213,conservative_stabilize_dew,0,{},{},False
"[""humidity_or_dew_risk""]",True,"{""u_co2"": 0.0, ""u_heating"": 0.01000000536441803, ""u_lighting"": 0.0, ""u_screen"": 0.0, ""u_shading"": 0.0, ""u_ventilation"": -0.04999998807907102}",dew_or_humidity,0.00662499848008169,-0.07312499946355822,213,conservative_stabilize_canopy_dew,0,{},{},False
"[""humidity_or_dew_risk""]",True,"{""u_co2"": 0.0, ""u_heating"": 0.0, ""u_lighting"": 0.0, ""u_screen"": 0.0, ""u_shading"": 0.06, ""u_ventilation"": -0.06000000000000005}",dew_or_humidity,-0.00374999999999992,-0.08349999794363983,213,conservative_stabilize_dry_vent_guard,0,{},{},False
"[""humidity_or_dew_risk""]",True,"{""u_co2"": 0.0, ""u_heating"": 0.0, ""u_lighting"": 0.0, ""u_screen"": 0.0, ""u_shading"": 0.06, ""u_ventilation"": -0.06000000000000005}",dew_or_humidity,-0.005624999999999991,-0.0853749979436399,214,conservative_stabilize_dry,0,{},{},False
"[""humidity_or_dew_risk""]",True,"{""u_co2"": 0.0, ""u_heating"": 0.0, ""u_lighting"": 0.0, ""u_screen"": 0.0, ""u_shading"": 0.06, ""u_ventilation"": -0.06000000000000005}",dew_or_humidity,-0.00374999999999992,-0.08349999794363983,214,conservative_stabilize_high_vpd,0,{},{},False
"[""humidity_or_dew_risk""]",True,"{""u_co2"": 0.0, ""u_heating"": 0.0, ""u_lighting"": 0.0, ""u_screen"": 0.0, ""u_shading"": 0.0, ""u_ventilation"": 0.0}",dew_or_humidity,0.008624999552965251,-0.07112499839067465,214,conservative_stabilize_dew,0,{},{},False
"[""humidity_or_dew_risk""]",True,"{""u_co2"": 0.0, ""u_heating"": 0.01000000536441803, ""u_lighting"": 0.0, ""u_screen"": 0.0, ""u_shading"": 0.0, ""u_ventilation"": -0.04999998807907102}",dew_or_humidity,0.00662499848008169,-0.07312499946355822,214,conservative_stabilize_canopy_dew,0,{},{},False
"[""humidity_or_dew_risk""]",True,"{""u_co2"": 0.0, ""u_heating"": 0.0, ""u_lighting"": 0.0, ""u_screen"": 0.0, ""u_shading"": 0.06, ""u_ventilation"": -0.06000000000000005}",dew_or_humidity,-0.00374999999999992,-0.08349999794363983,214,conservative_stabilize_dry_vent_guard,0,{},{},False
"[""dry_risk"", ""dry_or_high_vpd_risk""]",True,"{""u_co2"": 0.0, ""u_heating"": 0.0, ""u_lighting"": 0.0, ""u_screen"": 0.0, ""u_shading"": 0.0, ""u_ventilation"": 0.06}",dry_or_high_vpd,0.001875000000000071,-0.056750000100582954,327,conservative_stabilize_dry,0,{},{},False
"[""dry_risk"", ""dry_or_high_vpd_risk""]",True,"{""u_co2"": 0.0, ""u_heating"": 0.0, ""u_lighting"": 0.0, ""u_screen"": 0.0, ""u_shading"": 0.0, ""u_ventilation"": 0.06}",dry_or_high_vpd,0.0,-0.058625000100583025,327,conservative_stabilize_high_vpd,0,{},{},False
"[""dry_risk"", ""dry_or_high_vpd_risk""]",True,"{""u_co2"": 0.0, ""u_heating"": 0.06, ""u_lighting"": 0.0, ""u_screen"": 0.0, ""u_shading"": 0.0, ""u_ventilation"": 0.06}",dry_or_high_vpd,-0.04874999999999985,-0.10737500010058287,327,conservative_stabilize_dew,0,{},{},False
"[""dry_risk"", ""dry_or_high_vpd_risk""]",True,"{""u_co2"": 0.0, ""u_heating"": 0.06, ""u_lighting"": 0.0, ""u_screen"": 0.0, ""u_shading"": 0.0, ""u_ventilation"": 0.06}",dry_or_high_vpd,-0.05420833333333319,-0.11283333343391622,327,conservative_stabilize_canopy_dew,0,{},{},False
"[""dry_risk"", ""dry_or_high_vpd_risk""]",True,"{""u_co2"": 0.0, ""u_heating"": 0.0, ""u_lighting"": 0.0, ""u_screen"": 0.0, ""u_shading"": 0.0, ""u_ventilation"": 0.03000000268220901}",dry_or_high_vpd,0.002625000100582975,-0.05600000000000005,327,conservative_stabilize_dry_vent_guard,0,{},{},False
"[""dry_risk"", ""high_vpd"", ""dry_or_high_vpd_risk"", ""dry_vent_risk""]",True,"{""u_co2"": 0.0, ""u_heating"": 0.0, ""u_lighting"": 0.0, ""u_screen"": 0.0, ""u_shading"": 0.0, ""u_ventilation"": 0.019999992847442638}",dry_vent,0.0003749997317792353,-0.05600000000000005,328,conservative_stabilize_dry,0,{},{},False
"[""dry_risk"", ""high_vpd"", ""dry_or_high_vpd_risk"", ""dry_vent_risk""]",True,"{""u_co2"": 0.0, ""u_heating"": 0.0, ""u_lighting"": 0.0, ""u_screen"": 0.0, ""u_shading"": 0.0, ""u_ventilation"": 0.06}",dry_vent,0.0,-0.056374999731779285,328,conservative_stabilize_high_vpd,0,{},{},False
"[""dry_risk"", ""high_vpd"", ""dry_or_high_vpd_risk"", ""dry_vent_risk""]",True,"{""u_co2"": 0.0, ""u_heating"": 0.06, ""u_lighting"": 0.0, ""u_screen"": 0.0, ""u_shading"": 0.0, ""u_ventilation"": 0.06}",dry_vent,-0.04874999999999985,-0.10512499973177913,328,conservative_stabilize_dew,0,{},{},False
"[""dry_risk"", ""high_vpd"", ""dry_or_high_vpd_risk"", ""dry_vent_risk""]",True,"{""u_co2"": 0.0, ""u_heating"": 0.06, ""u_lighting"": 0.0, ""u_screen"": 0.0, ""u_shading"": 0.0, ""u_ventilation"": 0.06}",dry_vent,-0.05420833333333319,-0.11058333306511248,328,conservative_stabilize_canopy_dew,0,{},{},False
"[""dry_risk"", ""high_vpd"", ""dry_or_high_vpd_risk"", ""dry_vent_risk""]",True,"{""u_co2"": 0.0, ""u_heating"": 0.0, ""u_lighting"": 0.0, ""u_screen"": 0.0, ""u_shading"": 0.0, ""u_ventilation"": 0.0}",dry_vent,0.0003749997317792353,-0.05600000000000005,328,conservative_stabilize_dry_vent_guard,0,{},{},False
"[""dry_risk"", ""high_vpd"", ""dry_or_high_vpd_risk"", ""dry_vent_risk""]",True,"{""u_co2"": 0.0, ""u_heating"": 0.0, ""u_lighting"": 0.0, ""u_screen"": 0.0, ""u_shading"": 0.0, ""u_ventilation"": 0.019999992847442638}",dry_vent,0.0003749997317792353,-0.05600000000000005,329,conservative_stabilize_dry,0,{},{},False
"[""dry_risk"", ""high_vpd"", ""dry_or_high_vpd_risk"", ""dry_vent_risk""]",True,"{""u_co2"": 0.0, ""u_heating"": 0.0, ""u_lighting"": 0.0, ""u_screen"": 0.0, ""u_shading"": 0.0, ""u_ventilation"": 0.06}",dry_vent,0.0,-0.056374999731779285,329,conservative_stabilize_high_vpd,0,{},{},False
"[""dry_risk"", ""high_vpd"", ""dry_or_high_vpd_risk"", ""dry_vent_risk""]",True,"{""u_co2"": 0.0, ""u_heating"": 0.06, ""u_lighting"": 0.0, ""u_screen"": 0.0, ""u_shading"": 0.0, ""u_ventilation"": 0.06}",dry_vent,-0.04874999999999985,-0.10512499973177913,329,conservative_stabilize_dew,0,{},{},False
"[""dry_risk"", ""high_vpd"", ""dry_or_high_vpd_risk"", ""dry_vent_risk""]",True,"{""u_co2"": 0.0, ""u_heating"": 0.06, ""u_lighting"": 0.0, ""u_screen"": 0.0, ""u_shading"": 0.0, ""u_ventilation"": 0.06}",dry_vent,-0.05420833333333319,-0.11058333306511248,329,conservative_stabilize_canopy_dew,0,{},{},False
"[""dry_risk"", ""high_vpd"", ""dry_or_high_vpd_risk"", ""dry_vent_risk""]",True,"{""u_co2"": 0.0, ""u_heating"": 0.0, ""u_lighting"": 0.0, ""u_screen"": 0.0, ""u_shading"": 0.0, ""u_ventilation"": 0.0}",dry_vent,0.0003749997317792353,-0.05600000000000005,329,conservative_stabilize_dry_vent_guard,0,{},{},False
"[""dry_risk"", ""high_vpd"", ""dry_or_high_vpd_risk"", ""dry_vent_risk""]",True,"{""u_co2"": 0.0, ""u_heating"": 0.0, ""u_lighting"": 0.0, ""u_screen"": 0.0, ""u_shading"": 0.0, ""u_ventilation"": 0.019999992847442638}",dry_vent,0.0003749997317792353,-0.05600000000000005,330,conservative_stabilize_dry,0,{},{},False
"[""dry_risk"", ""high_vpd"", ""dry_or_high_vpd_risk"", ""dry_vent_risk""]",True,"{""u_co2"": 0.0, ""u_heating"": 0.0, ""u_lighting"": 0.0, ""u_screen"": 0.0, ""u_shading"": 0.0, ""u_ventilation"": 0.06}",dry_vent,0.0,-0.056374999731779285,330,conservative_stabilize_high_vpd,0,{},{},False
"[""dry_risk"", ""high_vpd"", ""dry_or_high_vpd_risk"", ""dry_vent_risk""]",True,"{""u_co2"": 0.0, ""u_heating"": 0.06, ""u_lighting"": 0.0, ""u_screen"": 0.0, ""u_shading"": 0.0, ""u_ventilation"": 0.06}",dry_vent,-0.04874999999999985,-0.10512499973177913,330,conservative_stabilize_dew,0,{},{},False
"[""dry_risk"", ""high_vpd"", ""dry_or_high_vpd_risk"", ""dry_vent_risk""]",True,"{""u_co2"": 0.0, ""u_heating"": 0.06, ""u_lighting"": 0.0, ""u_screen"": 0.0, ""u_shading"": 0.0, ""u_ventilation"": 0.06}",dry_vent,-0.05420833333333319,-0.11058333306511248,330,conservative_stabilize_canopy_dew,0,{},{},False
"[""dry_risk"", ""high_vpd"", ""dry_or_high_vpd_risk"", ""dry_vent_risk""]",True,"{""u_co2"": 0.0, ""u_heating"": 0.0, ""u_lighting"": 0.0, ""u_screen"": 0.0, ""u_shading"": 0.0, ""u_ventilation"": 0.0}",dry_vent,0.0003749997317792353,-0.05600000000000005,330,conservative_stabilize_dry_vent_guard,0,{},{},False
"[""dry_risk"", ""high_vpd"", ""dry_or_high_vpd_risk"", ""dry_vent_risk""]",True,"{""u_co2"": 0.0, ""u_heating"": 0.0, ""u_lighting"": 0.0, ""u_screen"": 0.0, ""u_shading"": 0.0, ""u_ventilation"": 0.019999992847442638}",dry_vent,0.0003749997317792353,-0.05600000000000005,331,conservative_stabilize_dry,0,{},{},False
"[""dry_risk"", ""high_vpd"", ""dry_or_high_vpd_risk"", ""dry_vent_risk""]",True,"{""u_co2"": 0.0, ""u_heating"": 0.0, ""u_lighting"": 0.0, ""u_screen"": 0.0, ""u_shading"": 0.0, ""u_ventilation"": 0.06}",dry_vent,0.0,-0.056374999731779285,331,conservative_stabilize_high_vpd,0,{},{},False
"[""dry_risk"", ""high_vpd"", ""dry_or_high_vpd_risk"", ""dry_vent_risk""]",True,"{""u_co2"": 0.0, ""u_heating"": 0.06, ""u_lighting"": 0.0, ""u_screen"": 0.0, ""u_shading"": 0.0, ""u_ventilation"": 0.06}",dry_vent,-0.04874999999999985,-0.10512499973177913,331,conservative_stabilize_dew,0,{},{},False
"[""dry_risk"", ""high_vpd"", ""dry_or_high_vpd_risk"", ""dry_vent_risk""]",True,"{""u_co2"": 0.0, ""u_heating"": 0.06, ""u_lighting"": 0.0, ""u_screen"": 0.0, ""u_shading"": 0.0, ""u_ventilation"": 0.06}",dry_vent,-0.05420833333333319,-0.11058333306511248,331,conservative_stabilize_canopy_dew,0,{},{},False
"[""dry_risk"", ""high_vpd"", ""dry_or_high_vpd_risk"", ""dry_vent_risk""]",True,"{""u_co2"": 0.0, ""u_heating"": 0.0, ""u_lighting"": 0.0, ""u_screen"": 0.0, ""u_shading"": 0.0, ""u_ventilation"": 0.0}",dry_vent,0.0003749997317792353,-0.05600000000000005,331,conservative_stabilize_dry_vent_guard,0,{},{},False
"[""dry_risk"", ""high_vpd"", ""dry_or_high_vpd_risk"", ""dry_vent_risk""]",True,"{""u_co2"": 0.0, ""u_heating"": 0.0, ""u_lighting"": 0.0, ""u_screen"": 0.0, ""u_shading"": 0.0, ""u_ventilation"": 0.019999992847442638}",dry_vent,0.0003749997317792353,-0.05600000000000005,332,conservative_stabilize_dry,0,{},{},False
"[""dry_risk"", ""high_vpd"", ""dry_or_high_vpd_risk"", ""dry_vent_risk""]",True,"{""u_co2"": 0.0, ""u_heating"": 0.0, ""u_lighting"": 0.0, ""u_screen"": 0.0, ""u_shading"": 0.0, ""u_ventilation"": 0.06}",dry_vent,0.0,-0.056374999731779285,332,conservative_stabilize_high_vpd,0,{},{},False
"[""dry_risk"", ""high_vpd"", ""dry_or_high_vpd_risk"", ""dry_vent_risk""]",True,"{""u_co2"": 0.0, ""u_heating"": 0.06, ""u_lighting"": 0.0, ""u_screen"": 0.0, ""u_shading"": 0.0, ""u_ventilation"": 0.06}",dry_vent,-0.04874999999999985,-0.10512499973177913,332,conservative_stabilize_dew,0,{},{},False
"[""dry_risk"", ""high_vpd"", ""dry_or_high_vpd_risk"", ""dry_vent_risk""]",True,"{""u_co2"": 0.0, ""u_heating"": 0.06, ""u_lighting"": 0.0, ""u_screen"": 0.0, ""u_shading"": 0.0, ""u_ventilation"": 0.06}",dry_vent,-0.05420833333333319,-0.11058333306511248,332,conservative_stabilize_canopy_dew,0,{},{},False
"[""dry_risk"", ""high_vpd"", ""dry_or_high_vpd_risk"", ""dry_vent_risk""]",True,"{""u_co2"": 0.0, ""u_heating"": 0.0, ""u_lighting"": 0.0, ""u_screen"": 0.0, ""u_shading"": 0.0, ""u_ventilation"": 0.0}",dry_vent,0.0003749997317792353,-0.05600000000000005,332,conservative_stabilize_dry_vent_guard,0,{},{},False
"[""dry_risk"", ""high_vpd"", ""dry_or_high_vpd_risk"", ""dry_vent_risk""]",True,"{""u_co2"": 0.0, ""u_heating"": 0.0, ""u_lighting"": 0.0, ""u_screen"": 0.0, ""u_shading"": 0.0, ""u_ventilation"": 0.019999992847442638}",dry_vent,0.0003749997317792353,-0.05600000000000005,333,conservative_stabilize_dry,0,{},{},False
"[""dry_risk"", ""high_vpd"", ""dry_or_high_vpd_risk"", ""dry_vent_risk""]",True,"{""u_co2"": 0.0, ""u_heating"": 0.0, ""u_lighting"": 0.0, ""u_screen"": 0.0, ""u_shading"": 0.0, ""u_ventilation"": 0.06}",dry_vent,0.0,-0.056374999731779285,333,conservative_stabilize_high_vpd,0,{},{},False
"[""dry_risk"", ""high_vpd"", ""dry_or_high_vpd_risk"", ""dry_vent_risk""]",True,"{""u_co2"": 0.0, ""u_heating"": 0.06, ""u_lighting"": 0.0, ""u_screen"": 0.0, ""u_shading"": 0.0, ""u_ventilation"": 0.06}",dry_vent,-0.04874999999999985,-0.10512499973177913,333,conservative_stabilize_dew,0,{},{},False
"[""dry_risk"", ""high_vpd"", ""dry_or_high_vpd_risk"", ""dry_vent_risk""]",True,"{""u_co2"": 0.0, ""u_heating"": 0.06, ""u_lighting"": 0.0, ""u_screen"": 0.0, ""u_shading"": 0.0, ""u_ventilation"": 0.06}",dry_vent,-0.05420833333333319,-0.11058333306511248,333,conservative_stabilize_canopy_dew,0,{},{},False
"[""dry_risk"", ""high_vpd"", ""dry_or_high_vpd_risk"", ""dry_vent_risk""]",True,"{""u_co2"": 0.0, ""u_heating"": 0.0, ""u_lighting"": 0.0, ""u_screen"": 0.0, ""u_shading"": 0.0, ""u_ventilation"": 0.0}",dry_vent,0.0003749997317792353,-0.05600000000000005,333,conservative_stabilize_dry_vent_guard,0,{},{},False
"[""dry_risk"", ""high_vpd"", ""dry_or_high_vpd_risk"", ""dry_vent_risk""]",True,"{""u_co2"": 0.0, ""u_heating"": 0.0, ""u_lighting"": 0.0, ""u_screen"": 0.0, ""u_shading"": 0.0, ""u_ventilation"": 0.019999992847442638}",dry_vent,0.0003749997317792353,-0.05600000000000005,334,conservative_stabilize_dry,0,{},{},False
"[""dry_risk"", ""high_vpd"", ""dry_or_high_vpd_risk"", ""dry_vent_risk""]",True,"{""u_co2"": 0.0, ""u_heating"": 0.0, ""u_lighting"": 0.0, ""u_screen"": 0.0, ""u_shading"": 0.0, ""u_ventilation"": 0.06}",dry_vent,0.0,-0.056374999731779285,334,conservative_stabilize_high_vpd,0,{},{},False
"[""dry_risk"", ""high_vpd"", ""dry_or_high_vpd_risk"", ""dry_vent_risk""]",True,"{""u_co2"": 0.0, ""u_heating"": 0.06, ""u_lighting"": 0.0, ""u_screen"": 0.0, ""u_shading"": 0.0, ""u_ventilation"": 0.06}",dry_vent,-0.04874999999999985,-0.10512499973177913,334,conservative_stabilize_dew,0,{},{},False
"[""dry_risk"", ""high_vpd"", ""dry_or_high_vpd_risk"", ""dry_vent_risk""]",True,"{""u_co2"": 0.0, ""u_heating"": 0.06, ""u_lighting"": 0.0, ""u_screen"": 0.0, ""u_shading"": 0.0, ""u_ventilation"": 0.06}",dry_vent,-0.05420833333333319,-0.11058333306511248,334,conservative_stabilize_canopy_dew,0,{},{},False
"[""dry_risk"", ""high_vpd"", ""dry_or_high_vpd_risk"", ""dry_vent_risk""]",True,"{""u_co2"": 0.0, ""u_heating"": 0.0, ""u_lighting"": 0.0, ""u_screen"": 0.0, ""u_shading"": 0.0, ""u_ventilation"": 0.0}",dry_vent,0.0003749997317792353,-0.05600000000000005,334,conservative_stabilize_dry_vent_guard,0,{},{},False
"[""dry_risk"", ""high_vpd"", ""dry_or_high_vpd_risk"", ""dry_vent_risk""]",True,"{""u_co2"": 0.0, ""u_heating"": 0.0, ""u_lighting"": 0.0, ""u_screen"": 0.0, ""u_shading"": 0.0, ""u_ventilation"": 0.019999992847442638}",dry_vent,0.0003749997317792353,-0.05600000000000005,335,conservative_stabilize_dry,0,{},{},False
"[""dry_risk"", ""high_vpd"", ""dry_or_high_vpd_risk"", ""dry_vent_risk""]",True,"{""u_co2"": 0.0, ""u_heating"": 0.0, ""u_lighting"": 0.0, ""u_screen"": 0.0, ""u_shading"": 0.0, ""u_ventilation"": 0.06}",dry_vent,0.0,-0.056374999731779285,335,conservative_stabilize_high_vpd,0,{},{},False
"[""dry_risk"", ""high_vpd"", ""dry_or_high_vpd_risk"", ""dry_vent_risk""]",True,"{""u_co2"": 0.0, ""u_heating"": 0.06, ""u_lighting"": 0.0, ""u_screen"": 0.0, ""u_shading"": 0.0, ""u_ventilation"": 0.06}",dry_vent,-0.04874999999999985,-0.10512499973177913,335,conservative_stabilize_dew,0,{},{},False
"[""dry_risk"", ""high_vpd"", ""dry_or_high_vpd_risk"", ""dry_vent_risk""]",True,"{""u_co2"": 0.0, ""u_heating"": 0.06, ""u_lighting"": 0.0, ""u_screen"": 0.0, ""u_shading"": 0.0, ""u_ventilation"": 0.06}",dry_vent,-0.05420833333333319,-0.11058333306511248,335,conservative_stabilize_canopy_dew,0,{},{},False
"[""dry_risk"", ""high_vpd"", ""dry_or_high_vpd_risk"", ""dry_vent_risk""]",True,"{""u_co2"": 0.0, ""u_heating"": 0.0, ""u_lighting"": 0.0, ""u_screen"": 0.0, ""u_shading"": 0.0, ""u_ventilation"": 0.0}",dry_vent,0.0003749997317792353,-0.05600000000000005,335,conservative_stabilize_dry_vent_guard,0,{},{},False
"[""high_vpd"", ""dry_or_high_vpd_risk"", ""dry_vent_risk""]",True,"{""u_co2"": 0.0, ""u_heating"": 0.0, ""u_lighting"": 0.0, ""u_screen"": 0.0, ""u_shading"": 0.0, ""u_ventilation"": 0.019999992847442638}",dry_vent,0.0003749997317792353,-0.05600000000000005,336,conservative_stabilize_dry,0,{},{},False
"[""high_vpd"", ""dry_or_high_vpd_risk"", ""dry_vent_risk""]",True,"{""u_co2"": 0.0, ""u_heating"": 0.0, ""u_lighting"": 0.0, ""u_screen"": 0.0, ""u_shading"": 0.0, ""u_ventilation"": 0.06}",dry_vent,0.0,-0.056374999731779285,336,conservative_stabilize_high_vpd,0,{},{},False
"[""high_vpd"", ""dry_or_high_vpd_risk"", ""dry_vent_risk""]",True,"{""u_co2"": 0.0, ""u_heating"": 0.06, ""u_lighting"": 0.0, ""u_screen"": 0.0, ""u_shading"": 0.0, ""u_ventilation"": 0.06}",dry_vent,-0.04874999999999985,-0.10512499973177913,336,conservative_stabilize_dew,0,{},{},False
"[""high_vpd"", ""dry_or_high_vpd_risk"", ""dry_vent_risk""]",True,"{""u_co2"": 0.0, ""u_heating"": 0.06, ""u_lighting"": 0.0, ""u_screen"": 0.0, ""u_shading"": 0.0, ""u_ventilation"": 0.06}",dry_vent,-0.05420833333333319,-0.11058333306511248,336,conservative_stabilize_canopy_dew,0,{},{},False
"[""high_vpd"", ""dry_or_high_vpd_risk"", ""dry_vent_risk""]",True,"{""u_co2"": 0.0, ""u_heating"": 0.0, ""u_lighting"": 0.0, ""u_screen"": 0.0, ""u_shading"": 0.0, ""u_ventilation"": 0.0}",dry_vent,0.0003749997317792353,-0.05600000000000005,336,conservative_stabilize_dry_vent_guard,0,{},{},False
"[""high_vpd"", ""dry_or_high_vpd_risk""]",True,"{""u_co2"": 0.0, ""u_heating"": 0.0, ""u_lighting"": 0.0, ""u_screen"": 0.0, ""u_shading"": 0.0, ""u_ventilation"": 0.06}",dry_or_high_vpd,0.001875000000000071,-0.056750000100582954,337,conservative_stabilize_dry,0,{},{},False
"[""high_vpd"", ""dry_or_high_vpd_risk""]",True,"{""u_co2"": 0.0, ""u_heating"": 0.0, ""u_lighting"": 0.0, ""u_screen"": 0.0, ""u_shading"": 0.0, ""u_ventilation"": 0.06}",dry_or_high_vpd,0.0,-0.058625000100583025,337,conservative_stabilize_high_vpd,0,{},{},False
"[""high_vpd"", ""dry_or_high_vpd_risk""]",True,"{""u_co2"": 0.0, ""u_heating"": 0.06, ""u_lighting"": 0.0, ""u_screen"": 0.0, ""u_shading"": 0.0, ""u_ventilation"": 0.06}",dry_or_high_vpd,-0.04874999999999985,-0.10737500010058287,337,conservative_stabilize_dew,0,{},{},False
"[""high_vpd"", ""dry_or_high_vpd_risk""]",True,"{""u_co2"": 0.0, ""u_heating"": 0.06, ""u_lighting"": 0.0, ""u_screen"": 0.0, ""u_shading"": 0.0, ""u_ventilation"": 0.06}",dry_or_high_vpd,-0.05420833333333319,-0.11283333343391622,337,conservative_stabilize_canopy_dew,0,{},{},False
"[""high_vpd"", ""dry_or_high_vpd_risk""]",True,"{""u_co2"": 0.0, ""u_heating"": 0.0, ""u_lighting"": 0.0, ""u_screen"": 0.0, ""u_shading"": 0.0, ""u_ventilation"": 0.03000000268220901}",dry_or_high_vpd,0.002625000100582975,-0.05600000000000005,337,conservative_stabilize_dry_vent_guard,0,{},{},False
"[""dry_risk"", ""dry_or_high_vpd_risk""]",True,"{""u_co2"": 0.0, ""u_heating"": 0.0, ""u_lighting"": 0.0, ""u_screen"": 0.0, ""u_shading"": 0.0, ""u_ventilation"": 0.06}",dry_or_high_vpd,0.001875000000000071,-0.056750000100582954,347,conservative_stabilize_dry,0,{},{},False
"[""dry_risk"", ""dry_or_high_vpd_risk""]",True,"{""u_co2"": 0.0, ""u_heating"": 0.0, ""u_lighting"": 0.0, ""u_screen"": 0.0, ""u_shading"": 0.0, ""u_ventilation"": 0.06}",dry_or_high_vpd,0.0,-0.058625000100583025,347,conservative_stabilize_high_vpd,0,{},{},False
"[""dry_risk"", ""dry_or_high_vpd_risk""]",True,"{""u_co2"": 0.0, ""u_heating"": 0.06, ""u_lighting"": 0.0, ""u_screen"": 0.0, ""u_shading"": 0.0, ""u_ventilation"": 0.06}",dry_or_high_vpd,-0.04874999999999985,-0.10737500010058287,347,conservative_stabilize_dew,0,{},{},False
"[""dry_risk"", ""dry_or_high_vpd_risk""]",True,"{""u_co2"": 0.0, ""u_heating"": 0.06, ""u_lighting"": 0.0, ""u_screen"": 0.0, ""u_shading"": 0.0, ""u_ventilation"": 0.06}",dry_or_high_vpd,-0.05420833333333319,-0.11283333343391622,347,conservative_stabilize_canopy_dew,0,{},{},False
"[""dry_risk"", ""dry_or_high_vpd_risk""]",True,"{""u_co2"": 0.0, ""u_heating"": 0.0, ""u_lighting"": 0.0, ""u_screen"": 0.0, ""u_shading"": 0.0, ""u_ventilation"": 0.03000000268220901}",dry_or_high_vpd,0.002625000100582975,-0.05600000000000005,347,conservative_stabilize_dry_vent_guard,0,{},{},False
"[""dry_risk"", ""dry_or_high_vpd_risk""]",True,"{""u_co2"": 0.0, ""u_heating"": 0.0, ""u_lighting"": 0.0, ""u_screen"": 0.0, ""u_shading"": 0.0, ""u_ventilation"": 0.06}",dry_or_high_vpd,0.001875000000000071,-0.056750000100582954,349,conservative_stabilize_dry,0,{},{},False
"[""dry_risk"", ""dry_or_high_vpd_risk""]",True,"{""u_co2"": 0.0, ""u_heating"": 0.0, ""u_lighting"": 0.0, ""u_screen"": 0.0, ""u_shading"": 0.0, ""u_ventilation"": 0.06}",dry_or_high_vpd,0.0,-0.058625000100583025,349,conservative_stabilize_high_vpd,0,{},{},False
"[""dry_risk"", ""dry_or_high_vpd_risk""]",True,"{""u_co2"": 0.0, ""u_heating"": 0.06, ""u_lighting"": 0.0, ""u_screen"": 0.0, ""u_shading"": 0.0, ""u_ventilation"": 0.06}",dry_or_high_vpd,-0.04874999999999985,-0.10737500010058287,349,conservative_stabilize_dew,0,{},{},False
"[""dry_risk"", ""dry_or_high_vpd_risk""]",True,"{""u_co2"": 0.0, ""u_heating"": 0.06, ""u_lighting"": 0.0, ""u_screen"": 0.0, ""u_shading"": 0.0, ""u_ventilation"": 0.06}",dry_or_high_vpd,-0.05420833333333319,-0.11283333343391622,349,conservative_stabilize_canopy_dew,0,{},{},False
"[""dry_risk"", ""dry_or_high_vpd_risk""]",True,"{""u_co2"": 0.0, ""u_heating"": 0.0, ""u_lighting"": 0.0, ""u_screen"": 0.0, ""u_shading"": 0.0, ""u_ventilation"": 0.03000000268220901}",dry_or_high_vpd,0.002625000100582975,-0.05600000000000005,349,conservative_stabilize_dry_vent_guard,0,{},{},False
"[""dry_risk"", ""dry_or_high_vpd_risk""]",True,"{""u_co2"": 0.0, ""u_heating"": 0.0, ""u_lighting"": 0.0, ""u_screen"": 0.0, ""u_shading"": 0.06, ""u_ventilation"": 0.06}",dry_or_high_vpd,0.0,-0.063875000100583,351,conservative_stabilize_dry,0,{},{},False
"[""dry_risk"", ""dry_or_high_vpd_risk""]",True,"{""u_co2"": 0.0, ""u_heating"": 0.0, ""u_lighting"": 0.0, ""u_screen"": 0.0, ""u_shading"": 0.06, ""u_ventilation"": 0.06}",dry_or_high_vpd,-0.001874999999999849,-0.06575000010058285,351,conservative_stabilize_high_vpd,0,{},{},False
"[""dry_risk"", ""dry_or_high_vpd_risk""]",True,"{""u_co2"": 0.0, ""u_heating"": 0.06, ""u_lighting"": 0.0, ""u_screen"": 0.0, ""u_shading"": 0.0, ""u_ventilation"": 0.06}",dry_or_high_vpd,-0.04349999999999987,-0.10737500010058287,351,conservative_stabilize_dew,0,{},{},False
"[""dry_risk"", ""dry_or_high_vpd_risk""]",True,"{""u_co2"": 0.0, ""u_heating"": 0.06, ""u_lighting"": 0.0, ""u_screen"": 0.0, ""u_shading"": 0.0, ""u_ventilation"": 0.06}",dry_or_high_vpd,-0.048958333333333215,-0.11283333343391622,351,conservative_stabilize_canopy_dew,0,{},{},False
"[""dry_risk"", ""dry_or_high_vpd_risk""]",True,"{""u_co2"": 0.0, ""u_heating"": 0.0, ""u_lighting"": 0.0, ""u_screen"": 0.0, ""u_shading"": 0.06, ""u_ventilation"": 0.03000000268220901}",dry_or_high_vpd,0.002625000100582975,-0.06125000000000003,351,conservative_stabilize_dry_vent_guard,0,{},{},False
"[""dry_risk"", ""dry_or_high_vpd_risk""]",True,"{""u_co2"": 0.0, ""u_heating"": 0.0, ""u_lighting"": 0.0, ""u_screen"": 0.0, ""u_shading"": 0.06, ""u_ventilation"": 0.06}",dry_or_high_vpd,0.0,-0.063875000100583,353,conservative_stabilize_dry,0,{},{},False
"[""dry_risk"", ""dry_or_high_vpd_risk""]",True,"{""u_co2"": 0.0, ""u_heating"": 0.0, ""u_lighting"": 0.0, ""u_screen"": 0.0, ""u_shading"": 0.06, ""u_ventilation"": 0.06}",dry_or_high_vpd,-0.001874999999999849,-0.06575000010058285,353,conservative_stabilize_high_vpd,0,{},{},False
"[""dry_risk"", ""dry_or_high_vpd_risk""]",True,"{""u_co2"": 0.0, ""u_heating"": 0.06, ""u_lighting"": 0.0, ""u_screen"": 0.0, ""u_shading"": 0.0, ""u_ventilation"": 0.06}",dry_or_high_vpd,-0.04349999999999987,-0.10737500010058287,353,conservative_stabilize_dew,0,{},{},False
"[""dry_risk"", ""dry_or_high_vpd_risk""]",True,"{""u_co2"": 0.0, ""u_heating"": 0.06, ""u_lighting"": 0.0, ""u_screen"": 0.0, ""u_shading"": 0.0, ""u_ventilation"": 0.06}",dry_or_high_vpd,-0.048958333333333215,-0.11283333343391622,353,conservative_stabilize_canopy_dew,0,{},{},False
"[""dry_risk"", ""dry_or_high_vpd_risk""]",True,"{""u_co2"": 0.0, ""u_heating"": 0.0, ""u_lighting"": 0.0, ""u_screen"": 0.0, ""u_shading"": 0.06, ""u_ventilation"": 0.03000000268220901}",dry_or_high_vpd,0.002625000100582975,-0.06125000000000003,353,conservative_stabilize_dry_vent_guard,0,{},{},False
"[""dry_risk"", ""dry_or_high_vpd_risk""]",True,"{""u_co2"": 0.0, ""u_heating"": 0.0, ""u_lighting"": 0.0, ""u_screen"": 0.0, ""u_shading"": 0.0, ""u_ventilation"": 0.06}",dry_or_high_vpd,0.001875000000000071,-0.056750000100582954,417,conservative_stabilize_dry,0,{},{},False
"[""dry_risk"", ""dry_or_high_vpd_risk""]",True,"{""u_co2"": 0.0, ""u_heating"": 0.0, ""u_lighting"": 0.0, ""u_screen"": 0.0, ""u_shading"": 0.0, ""u_ventilation"": 0.06}",dry_or_high_vpd,0.0,-0.058625000100583025,417,conservative_stabilize_high_vpd,0,{},{},False
"[""dry_risk"", ""dry_or_high_vpd_risk""]",True,"{""u_co2"": 0.0, ""u_heating"": 0.06, ""u_lighting"": 0.0, ""u_screen"": 0.0, ""u_shading"": 0.0, ""u_ventilation"": 0.06}",dry_or_high_vpd,-0.04874999999999985,-0.10737500010058287,417,conservative_stabilize_dew,0,{},{},False
"[""dry_risk"", ""dry_or_high_vpd_risk""]",True,"{""u_co2"": 0.0, ""u_heating"": 0.06, ""u_lighting"": 0.0, ""u_screen"": 0.0, ""u_shading"": 0.0, ""u_ventilation"": 0.06}",dry_or_high_vpd,-0.05420833333333319,-0.11283333343391622,417,conservative_stabilize_canopy_dew,0,{},{},False
"[""dry_risk"", ""dry_or_high_vpd_risk""]",True,"{""u_co2"": 0.0, ""u_heating"": 0.0, ""u_lighting"": 0.0, ""u_screen"": 0.0, ""u_shading"": 0.0, ""u_ventilation"": 0.03000000268220901}",dry_or_high_vpd,0.002625000100582975,-0.05600000000000005,417,conservative_stabilize_dry_vent_guard,0,{},{},False
"[""high_vpd"", ""dry_or_high_vpd_risk"", ""dry_vent_risk""]",True,"{""u_co2"": 0.0, ""u_heating"": 0.0, ""u_lighting"": 0.0, ""u_screen"": 0.0, ""u_shading"": 0.0, ""u_ventilation"": 0.019999992847442638}",dry_vent,0.0003749997317792353,-0.05600000000000005,418,conservative_stabilize_dry,0,{},{},False
"[""high_vpd"", ""dry_or_high_vpd_risk"", ""dry_vent_risk""]",True,"{""u_co2"": 0.0, ""u_heating"": 0.0, ""u_lighting"": 0.0, ""u_screen"": 0.0, ""u_shading"": 0.0, ""u_ventilation"": 0.06}",dry_vent,0.0,-0.056374999731779285,418,conservative_stabilize_high_vpd,0,{},{},False
"[""high_vpd"", ""dry_or_high_vpd_risk"", ""dry_vent_risk""]",True,"{""u_co2"": 0.0, ""u_heating"": 0.06, ""u_lighting"": 0.0, ""u_screen"": 0.0, ""u_shading"": 0.0, ""u_ventilation"": 0.06}",dry_vent,-0.04874999999999985,-0.10512499973177913,418,conservative_stabilize_dew,0,{},{},False
"[""high_vpd"", ""dry_or_high_vpd_risk"", ""dry_vent_risk""]",True,"{""u_co2"": 0.0, ""u_heating"": 0.06, ""u_lighting"": 0.0, ""u_screen"": 0.0, ""u_shading"": 0.0, ""u_ventilation"": 0.06}",dry_vent,-0.05420833333333319,-0.11058333306511248,418,conservative_stabilize_canopy_dew,0,{},{},False
"[""high_vpd"", ""dry_or_high_vpd_risk"", ""dry_vent_risk""]",True,"{""u_co2"": 0.0, ""u_heating"": 0.0, ""u_lighting"": 0.0, ""u_screen"": 0.0, ""u_shading"": 0.0, ""u_ventilation"": 0.0}",dry_vent,0.0003749997317792353,-0.05600000000000005,418,conservative_stabilize_dry_vent_guard,0,{},{},False
"[""high_vpd"", ""dry_or_high_vpd_risk""]",True,"{""u_co2"": 0.0, ""u_heating"": 0.0, ""u_lighting"": 0.0, ""u_screen"": 0.0, ""u_shading"": 0.0, ""u_ventilation"": 0.06}",dry_or_high_vpd,0.001875000000000071,-0.056750000100582954,515,conservative_stabilize_dry,0,{},{},False
"[""high_vpd"", ""dry_or_high_vpd_risk""]",True,"{""u_co2"": 0.0, ""u_heating"": 0.0, ""u_lighting"": 0.0, ""u_screen"": 0.0, ""u_shading"": 0.0, ""u_ventilation"": 0.06}",dry_or_high_vpd,0.0,-0.058625000100583025,515,conservative_stabilize_high_vpd,0,{},{},False
"[""high_vpd"", ""dry_or_high_vpd_risk""]",True,"{""u_co2"": 0.0, ""u_heating"": 0.06, ""u_lighting"": 0.0, ""u_screen"": 0.0, ""u_shading"": 0.0, ""u_ventilation"": 0.06}",dry_or_high_vpd,-0.04874999999999985,-0.10737500010058287,515,conservative_stabilize_dew,0,{},{},False
"[""high_vpd"", ""dry_or_high_vpd_risk""]",True,"{""u_co2"": 0.0, ""u_heating"": 0.06, ""u_lighting"": 0.0, ""u_screen"": 0.0, ""u_shading"": 0.0, ""u_ventilation"": 0.06}",dry_or_high_vpd,-0.05420833333333319,-0.11283333343391622,515,conservative_stabilize_canopy_dew,0,{},{},False
"[""high_vpd"", ""dry_or_high_vpd_risk""]",True,"{""u_co2"": 0.0, ""u_heating"": 0.0, ""u_lighting"": 0.0, ""u_screen"": 0.0, ""u_shading"": 0.0, ""u_ventilation"": 0.03000000268220901}",dry_or_high_vpd,0.002625000100582975,-0.05600000000000005,515,conservative_stabilize_dry_vent_guard,0,{},{},False
"[""dew_risk"", ""humidity_or_dew_risk"", ""high_vpd"", ""dry_or_high_vpd_risk"", ""dry_vent_risk"", ""canopy_dew_margin_lt1"", ""canopy_dew_margin_lt0""]",True,"{""u_co2"": 0.0, ""u_heating"": 0.0, ""u_lighting"": 0.0, ""u_screen"": 0.0, ""u_shading"": 0.0, ""u_ventilation"": 0.019999992847442638}",dry_vent,0.0003749997317792353,-0.05600000000000005,516,conservative_stabilize_dry,0,{},{},False
"[""dew_risk"", ""humidity_or_dew_risk"", ""high_vpd"", ""dry_or_high_vpd_risk"", ""dry_vent_risk"", ""canopy_dew_margin_lt1"", ""canopy_dew_margin_lt0""]",True,"{""u_co2"": 0.0, ""u_heating"": 0.0, ""u_lighting"": 0.0, ""u_screen"": 0.0, ""u_shading"": 0.0, ""u_ventilation"": 0.06}",dry_vent,0.0,-0.056374999731779285,516,conservative_stabilize_high_vpd,0,{},{},False
"[""dew_risk"", ""humidity_or_dew_risk"", ""high_vpd"", ""dry_or_high_vpd_risk"", ""dry_vent_risk"", ""canopy_dew_margin_lt1"", ""canopy_dew_margin_lt0""]",True,"{""u_co2"": 0.0, ""u_heating"": 0.06, ""u_lighting"": 0.0, ""u_screen"": 0.0, ""u_shading"": 0.0, ""u_ventilation"": 0.06}",dry_vent,-0.04874999999999985,-0.10512499973177913,516,conservative_stabilize_dew,0,{},{},False
"[""dew_risk"", ""humidity_or_dew_risk"", ""high_vpd"", ""dry_or_high_vpd_risk"", ""dry_vent_risk"", ""canopy_dew_margin_lt1"", ""canopy_dew_margin_lt0""]",True,"{""u_co2"": 0.0, ""u_heating"": 0.06, ""u_lighting"": 0.0, ""u_screen"": 0.0, ""u_shading"": 0.0, ""u_ventilation"": 0.06}",dry_vent,-0.05420833333333319,-0.11058333306511248,516,conservative_stabilize_canopy_dew,0,{},{},False
"[""dew_risk"", ""humidity_or_dew_risk"", ""high_vpd"", ""dry_or_high_vpd_risk"", ""dry_vent_risk"", ""canopy_dew_margin_lt1"", ""canopy_dew_margin_lt0""]",True,"{""u_co2"": 0.0, ""u_heating"": 0.0, ""u_lighting"": 0.0, ""u_screen"": 0.0, ""u_shading"": 0.0, ""u_ventilation"": 0.0}",dry_vent,0.0003749997317792353,-0.05600000000000005,516,conservative_stabilize_dry_vent_guard,0,{},{},False
"[""dew_risk"", ""humidity_or_dew_risk"", ""high_vpd"", ""dry_or_high_vpd_risk"", ""canopy_dew_margin_lt1"", ""canopy_dew_margin_lt0""]",True,"{""u_co2"": 0.0, ""u_heating"": 0.0, ""u_lighting"": 0.0, ""u_screen"": 0.0, ""u_shading"": 0.0, ""u_ventilation"": 0.0}",canopy_dew_lt0,0.0,-0.05600000000000005,517,conservative_stabilize_dry,0,{},{},False
"[""dew_risk"", ""humidity_or_dew_risk"", ""high_vpd"", ""dry_or_high_vpd_risk"", ""canopy_dew_margin_lt1"", ""canopy_dew_margin_lt0""]",True,"{""u_co2"": 0.0, ""u_heating"": 0.0, ""u_lighting"": 0.0, ""u_screen"": 0.0, ""u_shading"": 0.0, ""u_ventilation"": 0.0}",canopy_dew_lt0,0.0,-0.05600000000000005,517,conservative_stabilize_high_vpd,0,{},{},False
"[""dew_risk"", ""humidity_or_dew_risk"", ""high_vpd"", ""dry_or_high_vpd_risk"", ""canopy_dew_margin_lt1"", ""canopy_dew_margin_lt0""]",True,"{""u_co2"": 0.0, ""u_heating"": 0.06, ""u_lighting"": 0.0, ""u_screen"": 0.0, ""u_shading"": 0.0, ""u_ventilation"": 0.06}",canopy_dew_lt0,-0.04275000022351738,-0.09875000022351743,517,conservative_stabilize_dew,0,{},{},False
"[""dew_risk"", ""humidity_or_dew_risk"", ""high_vpd"", ""dry_or_high_vpd_risk"", ""canopy_dew_margin_lt1"", ""canopy_dew_margin_lt0""]",True,"{""u_co2"": 0.0, ""u_heating"": 0.06, ""u_lighting"": 0.0, ""u_screen"": 0.0, ""u_shading"": 0.0, ""u_ventilation"": 5.960464455334602e-09}",canopy_dew_lt0,-0.05045833333333327,-0.10645833333333332,517,conservative_stabilize_canopy_dew,0,{},{},False
"[""dew_risk"", ""humidity_or_dew_risk"", ""high_vpd"", ""dry_or_high_vpd_risk"", ""canopy_dew_margin_lt1"", ""canopy_dew_margin_lt0""]",True,"{""u_co2"": 0.0, ""u_heating"": 0.0, ""u_lighting"": 0.0, ""u_screen"": 0.0, ""u_shading"": 0.0, ""u_ventilation"": 0.0}",canopy_dew_lt0,0.0,-0.05600000000000005,517,conservative_stabilize_dry_vent_guard,0,{},{},False
"[""dew_risk"", ""humidity_or_dew_risk"", ""high_vpd"", ""dry_or_high_vpd_risk"", ""dry_vent_risk"", ""canopy_dew_margin_lt1"", ""canopy_dew_margin_lt0""]",True,"{""u_co2"": 0.0, ""u_heating"": 0.0, ""u_lighting"": 0.0, ""u_screen"": 0.0, ""u_shading"": 0.0, ""u_ventilation"": 0.019999992847442638}",dry_vent,0.0003749997317792353,-0.05600000000000005,518,conservative_stabilize_dry,0,{},{},False
"[""dew_risk"", ""humidity_or_dew_risk"", ""high_vpd"", ""dry_or_high_vpd_risk"", ""dry_vent_risk"", ""canopy_dew_margin_lt1"", ""canopy_dew_margin_lt0""]",True,"{""u_co2"": 0.0, ""u_heating"": 0.0, ""u_lighting"": 0.0, ""u_screen"": 0.0, ""u_shading"": 0.0, ""u_ventilation"": 0.06}",dry_vent,0.0,-0.056374999731779285,518,conservative_stabilize_high_vpd,0,{},{},False
"[""dew_risk"", ""humidity_or_dew_risk"", ""high_vpd"", ""dry_or_high_vpd_risk"", ""dry_vent_risk"", ""canopy_dew_margin_lt1"", ""canopy_dew_margin_lt0""]",True,"{""u_co2"": 0.0, ""u_heating"": 0.06, ""u_lighting"": 0.0, ""u_screen"": 0.0, ""u_shading"": 0.0, ""u_ventilation"": 0.06}",dry_vent,-0.04874999999999985,-0.10512499973177913,518,conservative_stabilize_dew,0,{},{},False
"[""dew_risk"", ""humidity_or_dew_risk"", ""high_vpd"", ""dry_or_high_vpd_risk"", ""dry_vent_risk"", ""canopy_dew_margin_lt1"", ""canopy_dew_margin_lt0""]",True,"{""u_co2"": 0.0, ""u_heating"": 0.06, ""u_lighting"": 0.0, ""u_screen"": 0.0, ""u_shading"": 0.0, ""u_ventilation"": 0.06}",dry_vent,-0.05420833333333319,-0.11058333306511248,518,conservative_stabilize_canopy_dew,0,{},{},False
"[""dew_risk"", ""humidity_or_dew_risk"", ""high_vpd"", ""dry_or_high_vpd_risk"", ""dry_vent_risk"", ""canopy_dew_margin_lt1"", ""canopy_dew_margin_lt0""]",True,"{""u_co2"": 0.0, ""u_heating"": 0.0, ""u_lighting"": 0.0, ""u_screen"": 0.0, ""u_shading"": 0.0, ""u_ventilation"": 0.0}",dry_vent,0.0003749997317792353,-0.05600000000000005,518,conservative_stabilize_dry_vent_guard,0,{},{},False
"[""dew_risk"", ""humidity_or_dew_risk"", ""high_vpd"", ""dry_or_high_vpd_risk"", ""canopy_dew_margin_lt1"", ""canopy_dew_margin_lt0""]",True,"{""u_co2"": 0.0, ""u_heating"": 0.0, ""u_lighting"": 0.0, ""u_screen"": 0.0, ""u_shading"": 0.0, ""u_ventilation"": 0.0}",canopy_dew_lt0,0.0,-0.05600000000000005,519,conservative_stabilize_dry,0,{},{},False
"[""dew_risk"", ""humidity_or_dew_risk"", ""high_vpd"", ""dry_or_high_vpd_risk"", ""canopy_dew_margin_lt1"", ""canopy_dew_margin_lt0""]",True,"{""u_co2"": 0.0, ""u_heating"": 0.0, ""u_lighting"": 0.0, ""u_screen"": 0.0, ""u_shading"": 0.0, ""u_ventilation"": 0.0}",canopy_dew_lt0,0.0,-0.05600000000000005,519,conservative_stabilize_high_vpd,0,{},{},False
"[""dew_risk"", ""humidity_or_dew_risk"", ""high_vpd"", ""dry_or_high_vpd_risk"", ""canopy_dew_margin_lt1"", ""canopy_dew_margin_lt0""]",True,"{""u_co2"": 0.0, ""u_heating"": 0.06, ""u_lighting"": 0.0, ""u_screen"": 0.0, ""u_shading"": 0.0, ""u_ventilation"": 0.06}",canopy_dew_lt0,-0.04275000022351738,-0.09875000022351743,519,conservative_stabilize_dew,0,{},{},False
"[""dew_risk"", ""humidity_or_dew_risk"", ""high_vpd"", ""dry_or_high_vpd_risk"", ""canopy_dew_margin_lt1"", ""canopy_dew_margin_lt0""]",True,"{""u_co2"": 0.0, ""u_heating"": 0.06, ""u_lighting"": 0.0, ""u_screen"": 0.0, ""u_shading"": 0.0, ""u_ventilation"": 5.960464455334602e-09}",canopy_dew_lt0,-0.05045833333333327,-0.10645833333333332,519,conservative_stabilize_canopy_dew,0,{},{},False
"[""dew_risk"", ""humidity_or_dew_risk"", ""high_vpd"", ""dry_or_high_vpd_risk"", ""canopy_dew_margin_lt1"", ""canopy_dew_margin_lt0""]",True,"{""u_co2"": 0.0, ""u_heating"": 0.0, ""u_lighting"": 0.0, ""u_screen"": 0.0, ""u_shading"": 0.0, ""u_ventilation"": 0.0}",canopy_dew_lt0,0.0,-0.05600000000000005,519,conservative_stabilize_dry_vent_guard,0,{},{},False
"[""dew_risk"", ""humidity_or_dew_risk"", ""high_vpd"", ""dry_or_high_vpd_risk"", ""dry_vent_risk"", ""canopy_dew_margin_lt1"", ""canopy_dew_margin_lt0""]",True,"{""u_co2"": 0.0, ""u_heating"": 0.0, ""u_lighting"": 0.0, ""u_screen"": 0.0, ""u_shading"": 0.0, ""u_ventilation"": 0.019999992847442638}",dry_vent,0.0003749997317792353,-0.05600000000000005,520,conservative_stabilize_dry,0,{},{},False
"[""dew_risk"", ""humidity_or_dew_risk"", ""high_vpd"", ""dry_or_high_vpd_risk"", ""dry_vent_risk"", ""canopy_dew_margin_lt1"", ""canopy_dew_margin_lt0""]",True,"{""u_co2"": 0.0, ""u_heating"": 0.0, ""u_lighting"": 0.0, ""u_screen"": 0.0, ""u_shading"": 0.0, ""u_ventilation"": 0.06}",dry_vent,0.0,-0.056374999731779285,520,conservative_stabilize_high_vpd,0,{},{},False
"[""dew_risk"", ""humidity_or_dew_risk"", ""high_vpd"", ""dry_or_high_vpd_risk"", ""dry_vent_risk"", ""canopy_dew_margin_lt1"", ""canopy_dew_margin_lt0""]",True,"{""u_co2"": 0.0, ""u_heating"": 0.06, ""u_lighting"": 0.0, ""u_screen"": 0.0, ""u_shading"": 0.0, ""u_ventilation"": 0.06}",dry_vent,-0.04874999999999985,-0.10512499973177913,520,conservative_stabilize_dew,0,{},{},False
"[""dew_risk"", ""humidity_or_dew_risk"", ""high_vpd"", ""dry_or_high_vpd_risk"", ""dry_vent_risk"", ""canopy_dew_margin_lt1"", ""canopy_dew_margin_lt0""]",True,"{""u_co2"": 0.0, ""u_heating"": 0.06, ""u_lighting"": 0.0, ""u_screen"": 0.0, ""u_shading"": 0.0, ""u_ventilation"": 0.06}",dry_vent,-0.05420833333333319,-0.11058333306511248,520,conservative_stabilize_canopy_dew,0,{},{},False
"[""dew_risk"", ""humidity_or_dew_risk"", ""high_vpd"", ""dry_or_high_vpd_risk"", ""dry_vent_risk"", ""canopy_dew_margin_lt1"", ""canopy_dew_margin_lt0""]",True,"{""u_co2"": 0.0, ""u_heating"": 0.0, ""u_lighting"": 0.0, ""u_screen"": 0.0, ""u_shading"": 0.0, ""u_ventilation"": 0.0}",dry_vent,0.0003749997317792353,-0.05600000000000005,520,conservative_stabilize_dry_vent_guard,0,{},{},False
"[""dew_risk"", ""humidity_or_dew_risk"", ""high_vpd"", ""dry_or_high_vpd_risk"", ""canopy_dew_margin_lt1"", ""canopy_dew_margin_lt0""]",True,"{""u_co2"": 0.0, ""u_heating"": 0.0, ""u_lighting"": 0.0, ""u_screen"": 0.0, ""u_shading"": 0.0, ""u_ventilation"": 0.0}",canopy_dew_lt0,0.0,-0.05600000000000005,521,conservative_stabilize_dry,0,{},{},False
"[""dew_risk"", ""humidity_or_dew_risk"", ""high_vpd"", ""dry_or_high_vpd_risk"", ""canopy_dew_margin_lt1"", ""canopy_dew_margin_lt0""]",True,"{""u_co2"": 0.0, ""u_heating"": 0.0, ""u_lighting"": 0.0, ""u_screen"": 0.0, ""u_shading"": 0.0, ""u_ventilation"": 0.0}",canopy_dew_lt0,0.0,-0.05600000000000005,521,conservative_stabilize_high_vpd,0,{},{},False
"[""dew_risk"", ""humidity_or_dew_risk"", ""high_vpd"", ""dry_or_high_vpd_risk"", ""canopy_dew_margin_lt1"", ""canopy_dew_margin_lt0""]",True,"{""u_co2"": 0.0, ""u_heating"": 0.06, ""u_lighting"": 0.0, ""u_screen"": 0.0, ""u_shading"": 0.0, ""u_ventilation"": 0.06}",canopy_dew_lt0,-0.04275000022351738,-0.09875000022351743,521,conservative_stabilize_dew,0,{},{},False
"[""dew_risk"", ""humidity_or_dew_risk"", ""high_vpd"", ""dry_or_high_vpd_risk"", ""canopy_dew_margin_lt1"", ""canopy_dew_margin_lt0""]",True,"{""u_co2"": 0.0, ""u_heating"": 0.06, ""u_lighting"": 0.0, ""u_screen"": 0.0, ""u_shading"": 0.0, ""u_ventilation"": 5.960464455334602e-09}",canopy_dew_lt0,-0.05045833333333327,-0.10645833333333332,521,conservative_stabilize_canopy_dew,0,{},{},False
"[""dew_risk"", ""humidity_or_dew_risk"", ""high_vpd"", ""dry_or_high_vpd_risk"", ""canopy_dew_margin_lt1"", ""canopy_dew_margin_lt0""]",True,"{""u_co2"": 0.0, ""u_heating"": 0.0, ""u_lighting"": 0.0, ""u_screen"": 0.0, ""u_shading"": 0.0, ""u_ventilation"": 0.0}",canopy_dew_lt0,0.0,-0.05600000000000005,521,conservative_stabilize_dry_vent_guard,0,{},{},False
"[""dew_risk"", ""humidity_or_dew_risk"", ""high_vpd"", ""dry_or_high_vpd_risk"", ""dry_vent_risk"", ""canopy_dew_margin_lt1"", ""canopy_dew_margin_lt0""]",True,"{""u_co2"": 0.0, ""u_heating"": 0.0, ""u_lighting"": 0.0, ""u_screen"": 0.0, ""u_shading"": 0.0, ""u_ventilation"": 0.019999992847442638}",dry_vent,0.0003749997317792353,-0.05600000000000005,522,conservative_stabilize_dry,0,{},{},False
"[""dew_risk"", ""humidity_or_dew_risk"", ""high_vpd"", ""dry_or_high_vpd_risk"", ""dry_vent_risk"", ""canopy_dew_margin_lt1"", ""canopy_dew_margin_lt0""]",True,"{""u_co2"": 0.0, ""u_heating"": 0.0, ""u_lighting"": 0.0, ""u_screen"": 0.0, ""u_shading"": 0.0, ""u_ventilation"": 0.06}",dry_vent,0.0,-0.056374999731779285,522,conservative_stabilize_high_vpd,0,{},{},False
"[""dew_risk"", ""humidity_or_dew_risk"", ""high_vpd"", ""dry_or_high_vpd_risk"", ""dry_vent_risk"", ""canopy_dew_margin_lt1"", ""canopy_dew_margin_lt0""]",True,"{""u_co2"": 0.0, ""u_heating"": 0.06, ""u_lighting"": 0.0, ""u_screen"": 0.0, ""u_shading"": 0.0, ""u_ventilation"": 0.06}",dry_vent,-0.04874999999999985,-0.10512499973177913,522,conservative_stabilize_dew,0,{},{},False
"[""dew_risk"", ""humidity_or_dew_risk"", ""high_vpd"", ""dry_or_high_vpd_risk"", ""dry_vent_risk"", ""canopy_dew_margin_lt1"", ""canopy_dew_margin_lt0""]",True,"{""u_co2"": 0.0, ""u_heating"": 0.06, ""u_lighting"": 0.0, ""u_screen"": 0.0, ""u_shading"": 0.0, ""u_ventilation"": 0.06}",dry_vent,-0.05420833333333319,-0.11058333306511248,522,conservative_stabilize_canopy_dew,0,{},{},False
"[""dew_risk"", ""humidity_or_dew_risk"", ""high_vpd"", ""dry_or_high_vpd_risk"", ""dry_vent_risk"", ""canopy_dew_margin_lt1"", ""canopy_dew_margin_lt0""]",True,"{""u_co2"": 0.0, ""u_heating"": 0.0, ""u_lighting"": 0.0, ""u_screen"": 0.0, ""u_shading"": 0.0, ""u_ventilation"": 0.0}",dry_vent,0.0003749997317792353,-0.05600000000000005,522,conservative_stabilize_dry_vent_guard,0,{},{},False
"[""dew_risk"", ""humidity_or_dew_risk"", ""high_vpd"", ""dry_or_high_vpd_risk"", ""canopy_dew_margin_lt1"", ""canopy_dew_margin_lt0""]",True,"{""u_co2"": 0.0, ""u_heating"": 0.0, ""u_lighting"": 0.0, ""u_screen"": 0.0, ""u_shading"": 0.0, ""u_ventilation"": 0.0}",canopy_dew_lt0,0.0,-0.05600000000000005,523,conservative_stabilize_dry,0,{},{},False
"[""dew_risk"", ""humidity_or_dew_risk"", ""high_vpd"", ""dry_or_high_vpd_risk"", ""canopy_dew_margin_lt1"", ""canopy_dew_margin_lt0""]",True,"{""u_co2"": 0.0, ""u_heating"": 0.0, ""u_lighting"": 0.0, ""u_screen"": 0.0, ""u_shading"": 0.0, ""u_ventilation"": 0.0}",canopy_dew_lt0,0.0,-0.05600000000000005,523,conservative_stabilize_high_vpd,0,{},{},False
"[""dew_risk"", ""humidity_or_dew_risk"", ""high_vpd"", ""dry_or_high_vpd_risk"", ""canopy_dew_margin_lt1"", ""canopy_dew_margin_lt0""]",True,"{""u_co2"": 0.0, ""u_heating"": 0.06, ""u_lighting"": 0.0, ""u_screen"": 0.0, ""u_shading"": 0.0, ""u_ventilation"": 0.06}",canopy_dew_lt0,-0.04275000022351738,-0.09875000022351743,523,conservative_stabilize_dew,0,{},{},False
"[""dew_risk"", ""humidity_or_dew_risk"", ""high_vpd"", ""dry_or_high_vpd_risk"", ""canopy_dew_margin_lt1"", ""canopy_dew_margin_lt0""]",True,"{""u_co2"": 0.0, ""u_heating"": 0.06, ""u_lighting"": 0.0, ""u_screen"": 0.0, ""u_shading"": 0.0, ""u_ventilation"": 5.960464455334602e-09}",canopy_dew_lt0,-0.05045833333333327,-0.10645833333333332,523,conservative_stabilize_canopy_dew,0,{},{},False
"[""dew_risk"", ""humidity_or_dew_risk"", ""high_vpd"", ""dry_or_high_vpd_risk"", ""canopy_dew_margin_lt1"", ""canopy_dew_margin_lt0""]",True,"{""u_co2"": 0.0, ""u_heating"": 0.0, ""u_lighting"": 0.0, ""u_screen"": 0.0, ""u_shading"": 0.0, ""u_ventilation"": 0.0}",canopy_dew_lt0,0.0,-0.05600000000000005,523,conservative_stabilize_dry_vent_guard,0,{},{},False
"[""dew_risk"", ""humidity_or_dew_risk"", ""high_vpd"", ""dry_or_high_vpd_risk"", ""canopy_dew_margin_lt1"", ""canopy_dew_margin_lt0""]",True,"{""u_co2"": 0.0, ""u_heating"": 0.0, ""u_lighting"": 0.0, ""u_screen"": 0.0, ""u_shading"": 0.0, ""u_ventilation"": 0.0}",canopy_dew_lt0,0.0,-0.05600000000000005,524,conservative_stabilize_dry,0,{},{},False
"[""dew_risk"", ""humidity_or_dew_risk"", ""high_vpd"", ""dry_or_high_vpd_risk"", ""canopy_dew_margin_lt1"", ""canopy_dew_margin_lt0""]",True,"{""u_co2"": 0.0, ""u_heating"": 0.0, ""u_lighting"": 0.0, ""u_screen"": 0.0, ""u_shading"": 0.0, ""u_ventilation"": 0.0}",canopy_dew_lt0,0.0,-0.05600000000000005,524,conservative_stabilize_high_vpd,0,{},{},False
"[""dew_risk"", ""humidity_or_dew_risk"", ""high_vpd"", ""dry_or_high_vpd_risk"", ""canopy_dew_margin_lt1"", ""canopy_dew_margin_lt0""]",True,"{""u_co2"": 0.0, ""u_heating"": 0.06, ""u_lighting"": 0.0, ""u_screen"": 0.0, ""u_shading"": 0.0, ""u_ventilation"": 0.06}",canopy_dew_lt0,-0.04275000022351738,-0.09875000022351743,524,conservative_stabilize_dew,0,{},{},False
"[""dew_risk"", ""humidity_or_dew_risk"", ""high_vpd"", ""dry_or_high_vpd_risk"", ""canopy_dew_margin_lt1"", ""canopy_dew_margin_lt0""]",True,"{""u_co2"": 0.0, ""u_heating"": 0.06, ""u_lighting"": 0.0, ""u_screen"": 0.0, ""u_shading"": 0.0, ""u_ventilation"": 5.960464455334602e-09}",canopy_dew_lt0,-0.05045833333333327,-0.10645833333333332,524,conservative_stabilize_canopy_dew,0,{},{},False
"[""dew_risk"", ""humidity_or_dew_risk"", ""high_vpd"", ""dry_or_high_vpd_risk"", ""canopy_dew_margin_lt1"", ""canopy_dew_margin_lt0""]",True,"{""u_co2"": 0.0, ""u_heating"": 0.0, ""u_lighting"": 0.0, ""u_screen"": 0.0, ""u_shading"": 0.0, ""u_ventilation"": 0.0}",canopy_dew_lt0,0.0,-0.05600000000000005,524,conservative_stabilize_dry_vent_guard,0,{},{},False
"[""dew_risk"", ""humidity_or_dew_risk"", ""dry_risk"", ""high_vpd"", ""dry_or_high_vpd_risk"", ""canopy_dew_margin_lt1"", ""canopy_dew_margin_lt0""]",True,"{""u_co2"": 0.0, ""u_heating"": 0.0, ""u_lighting"": 0.0, ""u_screen"": 0.0, ""u_shading"": 0.0, ""u_ventilation"": 0.0}",canopy_dew_lt0,0.0,-0.05600000000000005,525,conservative_stabilize_dry,0,{},{},False
"[""dew_risk"", ""humidity_or_dew_risk"", ""dry_risk"", ""high_vpd"", ""dry_or_high_vpd_risk"", ""canopy_dew_margin_lt1"", ""canopy_dew_margin_lt0""]",True,"{""u_co2"": 0.0, ""u_heating"": 0.0, ""u_lighting"": 0.0, ""u_screen"": 0.0, ""u_shading"": 0.0, ""u_ventilation"": 0.0}",canopy_dew_lt0,0.0,-0.05600000000000005,525,conservative_stabilize_high_vpd,0,{},{},False
"[""dew_risk"", ""humidity_or_dew_risk"", ""dry_risk"", ""high_vpd"", ""dry_or_high_vpd_risk"", ""canopy_dew_margin_lt1"", ""canopy_dew_margin_lt0""]",True,"{""u_co2"": 0.0, ""u_heating"": 0.06, ""u_lighting"": 0.0, ""u_screen"": 0.0, ""u_shading"": 0.0, ""u_ventilation"": 0.06}",canopy_dew_lt0,-0.04275000022351738,-0.09875000022351743,525,conservative_stabilize_dew,0,{},{},False
"[""dew_risk"", ""humidity_or_dew_risk"", ""dry_risk"", ""high_vpd"", ""dry_or_high_vpd_risk"", ""canopy_dew_margin_lt1"", ""canopy_dew_margin_lt0""]",True,"{""u_co2"": 0.0, ""u_heating"": 0.06, ""u_lighting"": 0.0, ""u_screen"": 0.0, ""u_shading"": 0.0, ""u_ventilation"": 5.960464455334602e-09}",canopy_dew_lt0,-0.05045833333333327,-0.10645833333333332,525,conservative_stabilize_canopy_dew,0,{},{},False
"[""dew_risk"", ""humidity_or_dew_risk"", ""dry_risk"", ""high_vpd"", ""dry_or_high_vpd_risk"", ""canopy_dew_margin_lt1"", ""canopy_dew_margin_lt0""]",True,"{""u_co2"": 0.0, ""u_heating"": 0.0, ""u_lighting"": 0.0, ""u_screen"": 0.0, ""u_shading"": 0.0, ""u_ventilation"": 0.0}",canopy_dew_lt0,0.0,-0.05600000000000005,525,conservative_stabilize_dry_vent_guard,0,{},{},False
"[""dew_risk"", ""humidity_or_dew_risk"", ""dry_risk"", ""high_vpd"", ""dry_or_high_vpd_risk"", ""canopy_dew_margin_lt1"", ""canopy_dew_margin_lt0""]",True,"{""u_co2"": 0.0, ""u_heating"": 0.0, ""u_lighting"": 0.0, ""u_screen"": 0.0, ""u_shading"": 0.0, ""u_ventilation"": 0.0}",canopy_dew_lt0,0.0,-0.05600000000000005,526,conservative_stabilize_dry,0,{},{},False
"[""dew_risk"", ""humidity_or_dew_risk"", ""dry_risk"", ""high_vpd"", ""dry_or_high_vpd_risk"", ""canopy_dew_margin_lt1"", ""canopy_dew_margin_lt0""]",True,"{""u_co2"": 0.0, ""u_heating"": 0.0, ""u_lighting"": 0.0, ""u_screen"": 0.0, ""u_shading"": 0.0, ""u_ventilation"": 0.0}",canopy_dew_lt0,0.0,-0.05600000000000005,526,conservative_stabilize_high_vpd,0,{},{},False
"[""dew_risk"", ""humidity_or_dew_risk"", ""dry_risk"", ""high_vpd"", ""dry_or_high_vpd_risk"", ""canopy_dew_margin_lt1"", ""canopy_dew_margin_lt0""]",True,"{""u_co2"": 0.0, ""u_heating"": 0.06, ""u_lighting"": 0.0, ""u_screen"": 0.0, ""u_shading"": 0.0, ""u_ventilation"": 0.06}",canopy_dew_lt0,-0.04275000022351738,-0.09875000022351743,526,conservative_stabilize_dew,0,{},{},False
"[""dew_risk"", ""humidity_or_dew_risk"", ""dry_risk"", ""high_vpd"", ""dry_or_high_vpd_risk"", ""canopy_dew_margin_lt1"", ""canopy_dew_margin_lt0""]",True,"{""u_co2"": 0.0, ""u_heating"": 0.06, ""u_lighting"": 0.0, ""u_screen"": 0.0, ""u_shading"": 0.0, ""u_ventilation"": 5.960464455334602e-09}",canopy_dew_lt0,-0.05045833333333327,-0.10645833333333332,526,conservative_stabilize_canopy_dew,0,{},{},False
"[""dew_risk"", ""humidity_or_dew_risk"", ""dry_risk"", ""high_vpd"", ""dry_or_high_vpd_risk"", ""canopy_dew_margin_lt1"", ""canopy_dew_margin_lt0""]",True,"{""u_co2"": 0.0, ""u_heating"": 0.0, ""u_lighting"": 0.0, ""u_screen"": 0.0, ""u_shading"": 0.0, ""u_ventilation"": 0.0}",canopy_dew_lt0,0.0,-0.05600000000000005,526,conservative_stabilize_dry_vent_guard,0,{},{},False
"[""dew_risk"", ""humidity_or_dew_risk"", ""dry_risk"", ""high_vpd"", ""dry_or_high_vpd_risk"", ""canopy_dew_margin_lt1""]",True,"{""u_co2"": 0.0, ""u_heating"": 0.0, ""u_lighting"": 0.0, ""u_screen"": 0.0, ""u_shading"": 0.0, ""u_ventilation"": 0.0}",canopy_dew_lt1,0.0,-0.05600000000000005,527,conservative_stabilize_dry,0,{},{},False
"[""dew_risk"", ""humidity_or_dew_risk"", ""dry_risk"", ""high_vpd"", ""dry_or_high_vpd_risk"", ""canopy_dew_margin_lt1""]",True,"{""u_co2"": 0.0, ""u_heating"": 0.0, ""u_lighting"": 0.0, ""u_screen"": 0.0, ""u_shading"": 0.0, ""u_ventilation"": 0.0}",canopy_dew_lt1,0.0,-0.05600000000000005,527,conservative_stabilize_high_vpd,0,{},{},False
"[""dew_risk"", ""humidity_or_dew_risk"", ""dry_risk"", ""high_vpd"", ""dry_or_high_vpd_risk"", ""canopy_dew_margin_lt1""]",True,"{""u_co2"": 0.0, ""u_heating"": 0.06, ""u_lighting"": 0.0, ""u_screen"": 0.0, ""u_shading"": 0.0, ""u_ventilation"": 0.06}",canopy_dew_lt1,-0.04275000022351738,-0.09875000022351743,527,conservative_stabilize_dew,0,{},{},False
"[""dew_risk"", ""humidity_or_dew_risk"", ""dry_risk"", ""high_vpd"", ""dry_or_high_vpd_risk"", ""canopy_dew_margin_lt1""]",True,"{""u_co2"": 0.0, ""u_heating"": 0.06, ""u_lighting"": 0.0, ""u_screen"": 0.0, ""u_shading"": 0.0, ""u_ventilation"": 5.960464455334602e-09}",canopy_dew_lt1,-0.05045833333333327,-0.10645833333333332,527,conservative_stabilize_canopy_dew,0,{},{},False
"[""dew_risk"", ""humidity_or_dew_risk"", ""dry_risk"", ""high_vpd"", ""dry_or_high_vpd_risk"", ""canopy_dew_margin_lt1""]",True,"{""u_co2"": 0.0, ""u_heating"": 0.0, ""u_lighting"": 0.0, ""u_screen"": 0.0, ""u_shading"": 0.0, ""u_ventilation"": 0.0}",canopy_dew_lt1,0.0,-0.05600000000000005,527,conservative_stabilize_dry_vent_guard,0,{},{},False
"[""dew_risk"", ""humidity_or_dew_risk"", ""dry_risk"", ""high_vpd"", ""dry_or_high_vpd_risk"", ""canopy_dew_margin_lt1""]",True,"{""u_co2"": 0.0, ""u_heating"": 0.0, ""u_lighting"": 0.0, ""u_screen"": 0.0, ""u_shading"": 0.0, ""u_ventilation"": 0.0}",canopy_dew_lt1,0.0,-0.05600000000000005,528,conservative_stabilize_dry,0,{},{},False
"[""dew_risk"", ""humidity_or_dew_risk"", ""dry_risk"", ""high_vpd"", ""dry_or_high_vpd_risk"", ""canopy_dew_margin_lt1""]",True,"{""u_co2"": 0.0, ""u_heating"": 0.0, ""u_lighting"": 0.0, ""u_screen"": 0.0, ""u_shading"": 0.0, ""u_ventilation"": 0.0}",canopy_dew_lt1,0.0,-0.05600000000000005,528,conservative_stabilize_high_vpd,0,{},{},False
"[""dew_risk"", ""humidity_or_dew_risk"", ""dry_risk"", ""high_vpd"", ""dry_or_high_vpd_risk"", ""canopy_dew_margin_lt1""]",True,"{""u_co2"": 0.0, ""u_heating"": 0.06, ""u_lighting"": 0.0, ""u_screen"": 0.0, ""u_shading"": 0.0, ""u_ventilation"": 0.06}",canopy_dew_lt1,-0.04462499955296517,-0.10062499955296522,528,conservative_stabilize_dew,0,{},{},False
"[""dew_risk"", ""humidity_or_dew_risk"", ""dry_risk"", ""high_vpd"", ""dry_or_high_vpd_risk"", ""canopy_dew_margin_lt1""]",True,"{""u_co2"": 0.0, ""u_heating"": 0.06, ""u_lighting"": 0.0, ""u_screen"": 0.0, ""u_shading"": 0.0, ""u_ventilation"": 0.04999998807907102}",canopy_dew_lt1,-0.05045833333333327,-0.10645833333333332,528,conservative_stabilize_canopy_dew,0,{},{},False
"[""dew_risk"", ""humidity_or_dew_risk"", ""dry_risk"", ""high_vpd"", ""dry_or_high_vpd_risk"", ""canopy_dew_margin_lt1""]",True,"{""u_co2"": 0.0, ""u_heating"": 0.0, ""u_lighting"": 0.0, ""u_screen"": 0.0, ""u_shading"": 0.0, ""u_ventilation"": 0.0}",canopy_dew_lt1,0.0,-0.05600000000000005,528,conservative_stabilize_dry_vent_guard,0,{},{},False
"[""dew_risk"", ""humidity_or_dew_risk"", ""dry_risk"", ""high_vpd"", ""dry_or_high_vpd_risk"", ""canopy_dew_margin_lt1""]",True,"{""u_co2"": 0.0, ""u_heating"": 0.0, ""u_lighting"": 0.0, ""u_screen"": 0.0, ""u_shading"": 0.0, ""u_ventilation"": 0.0}",canopy_dew_lt1,0.0,-0.05600000000000005,529,conservative_stabilize_dry,0,{},{},False
"[""dew_risk"", ""humidity_or_dew_risk"", ""dry_risk"", ""high_vpd"", ""dry_or_high_vpd_risk"", ""canopy_dew_margin_lt1""]",True,"{""u_co2"": 0.0, ""u_heating"": 0.0, ""u_lighting"": 0.0, ""u_screen"": 0.0, ""u_shading"": 0.0, ""u_ventilation"": 0.0}",canopy_dew_lt1,0.0,-0.05600000000000005,529,conservative_stabilize_high_vpd,0,{},{},False
"[""dew_risk"", ""humidity_or_dew_risk"", ""dry_risk"", ""high_vpd"", ""dry_or_high_vpd_risk"", ""canopy_dew_margin_lt1""]",True,"{""u_co2"": 0.0, ""u_heating"": 0.06, ""u_lighting"": 0.0, ""u_screen"": 0.0, ""u_shading"": 0.0, ""u_ventilation"": 0.06}",canopy_dew_lt1,-0.04275000022351738,-0.09875000022351743,529,conservative_stabilize_dew,0,{},{},False
"[""dew_risk"", ""humidity_or_dew_risk"", ""dry_risk"", ""high_vpd"", ""dry_or_high_vpd_risk"", ""canopy_dew_margin_lt1""]",True,"{""u_co2"": 0.0, ""u_heating"": 0.06, ""u_lighting"": 0.0, ""u_screen"": 0.0, ""u_shading"": 0.0, ""u_ventilation"": 5.960464455334602e-09}",canopy_dew_lt1,-0.05045833333333327,-0.10645833333333332,529,conservative_stabilize_canopy_dew,0,{},{},False
"[""dew_risk"", ""humidity_or_dew_risk"", ""dry_risk"", ""high_vpd"", ""dry_or_high_vpd_risk"", ""canopy_dew_margin_lt1""]",True,"{""u_co2"": 0.0, ""u_heating"": 0.0, ""u_lighting"": 0.0, ""u_screen"": 0.0, ""u_shading"": 0.0, ""u_ventilation"": 0.0}",canopy_dew_lt1,0.0,-0.05600000000000005,529,conservative_stabilize_dry_vent_guard,0,{},{},False
"[""dry_risk"", ""high_vpd"", ""dry_or_high_vpd_risk"", ""dry_vent_risk""]",True,"{""u_co2"": 0.0, ""u_heating"": 0.0, ""u_lighting"": 0.0, ""u_screen"": 0.0, ""u_shading"": 0.0, ""u_ventilation"": 0.019999992847442638}",dry_vent,0.0003749997317792353,-0.05600000000000005,530,conservative_stabilize_dry,0,{},{},False
"[""dry_risk"", ""high_vpd"", ""dry_or_high_vpd_risk"", ""dry_vent_risk""]",True,"{""u_co2"": 0.0, ""u_heating"": 0.0, ""u_lighting"": 0.0, ""u_screen"": 0.0, ""u_shading"": 0.0, ""u_ventilation"": 0.06}",dry_vent,0.0,-0.056374999731779285,530,conservative_stabilize_high_vpd,0,{},{},False
"[""dry_risk"", ""high_vpd"", ""dry_or_high_vpd_risk"", ""dry_vent_risk""]",True,"{""u_co2"": 0.0, ""u_heating"": 0.06, ""u_lighting"": 0.0, ""u_screen"": 0.0, ""u_shading"": 0.0, ""u_ventilation"": 0.06}",dry_vent,-0.04874999999999985,-0.10512499973177913,530,conservative_stabilize_dew,0,{},{},False
"[""dry_risk"", ""high_vpd"", ""dry_or_high_vpd_risk"", ""dry_vent_risk""]",True,"{""u_co2"": 0.0, ""u_heating"": 0.06, ""u_lighting"": 0.0, ""u_screen"": 0.0, ""u_shading"": 0.0, ""u_ventilation"": 0.06}",dry_vent,-0.05420833333333319,-0.11058333306511248,530,conservative_stabilize_canopy_dew,0,{},{},False
"[""dry_risk"", ""high_vpd"", ""dry_or_high_vpd_risk"", ""dry_vent_risk""]",True,"{""u_co2"": 0.0, ""u_heating"": 0.0, ""u_lighting"": 0.0, ""u_screen"": 0.0, ""u_shading"": 0.0, ""u_ventilation"": 0.0}",dry_vent,0.0003749997317792353,-0.05600000000000005,530,conservative_stabilize_dry_vent_guard,0,{},{},False
"[""dew_risk"", ""humidity_or_dew_risk"", ""high_vpd"", ""dry_or_high_vpd_risk"", ""canopy_dew_margin_lt1"", ""canopy_dew_margin_lt0""]",True,"{""u_co2"": 0.0, ""u_heating"": 0.0, ""u_lighting"": 0.0, ""u_screen"": 0.0, ""u_shading"": 0.0, ""u_ventilation"": 0.0}",canopy_dew_lt0,0.0,-0.05600000000000005,531,conservative_stabilize_dry,0,{},{},False
"[""dew_risk"", ""humidity_or_dew_risk"", ""high_vpd"", ""dry_or_high_vpd_risk"", ""canopy_dew_margin_lt1"", ""canopy_dew_margin_lt0""]",True,"{""u_co2"": 0.0, ""u_heating"": 0.0, ""u_lighting"": 0.0, ""u_screen"": 0.0, ""u_shading"": 0.0, ""u_ventilation"": 0.0}",canopy_dew_lt0,0.0,-0.05600000000000005,531,conservative_stabilize_high_vpd,0,{},{},False
"[""dew_risk"", ""humidity_or_dew_risk"", ""high_vpd"", ""dry_or_high_vpd_risk"", ""canopy_dew_margin_lt1"", ""canopy_dew_margin_lt0""]",True,"{""u_co2"": 0.0, ""u_heating"": 0.06, ""u_lighting"": 0.0, ""u_screen"": 0.0, ""u_shading"": 0.0, ""u_ventilation"": 0.06}",canopy_dew_lt0,-0.04275000022351738,-0.09875000022351743,531,conservative_stabilize_dew,0,{},{},False
"[""dew_risk"", ""humidity_or_dew_risk"", ""high_vpd"", ""dry_or_high_vpd_risk"", ""canopy_dew_margin_lt1"", ""canopy_dew_margin_lt0""]",True,"{""u_co2"": 0.0, ""u_heating"": 0.06, ""u_lighting"": 0.0, ""u_screen"": 0.0, ""u_shading"": 0.0, ""u_ventilation"": 5.960464455334602e-09}",canopy_dew_lt0,-0.05045833333333327,-0.10645833333333332,531,conservative_stabilize_canopy_dew,0,{},{},False
"[""dew_risk"", ""humidity_or_dew_risk"", ""high_vpd"", ""dry_or_high_vpd_risk"", ""canopy_dew_margin_lt1"", ""canopy_dew_margin_lt0""]",True,"{""u_co2"": 0.0, ""u_heating"": 0.0, ""u_lighting"": 0.0, ""u_screen"": 0.0, ""u_shading"": 0.0, ""u_ventilation"": 0.0}",canopy_dew_lt0,0.0,-0.05600000000000005,531,conservative_stabilize_dry_vent_guard,0,{},{},False
"[""high_vpd"", ""dry_or_high_vpd_risk"", ""dry_vent_risk""]",True,"{""u_co2"": 0.0, ""u_heating"": 0.0, ""u_lighting"": 0.0, ""u_screen"": 0.0, ""u_shading"": 0.0, ""u_ventilation"": 0.019999992847442638}",dry_vent,0.0003749997317792353,-0.05600000000000005,532,conservative_stabilize_dry,0,{},{},False
"[""high_vpd"", ""dry_or_high_vpd_risk"", ""dry_vent_risk""]",True,"{""u_co2"": 0.0, ""u_heating"": 0.0, ""u_lighting"": 0.0, ""u_screen"": 0.0, ""u_shading"": 0.0, ""u_ventilation"": 0.06}",dry_vent,0.0,-0.056374999731779285,532,conservative_stabilize_high_vpd,0,{},{},False
"[""high_vpd"", ""dry_or_high_vpd_risk"", ""dry_vent_risk""]",True,"{""u_co2"": 0.0, ""u_heating"": 0.06, ""u_lighting"": 0.0, ""u_screen"": 0.0, ""u_shading"": 0.0, ""u_ventilation"": 0.06}",dry_vent,-0.04874999999999985,-0.10512499973177913,532,conservative_stabilize_dew,0,{},{},False
"[""high_vpd"", ""dry_or_high_vpd_risk"", ""dry_vent_risk""]",True,"{""u_co2"": 0.0, ""u_heating"": 0.06, ""u_lighting"": 0.0, ""u_screen"": 0.0, ""u_shading"": 0.0, ""u_ventilation"": 0.06}",dry_vent,-0.05420833333333319,-0.11058333306511248,532,conservative_stabilize_canopy_dew,0,{},{},False
"[""high_vpd"", ""dry_or_high_vpd_risk"", ""dry_vent_risk""]",True,"{""u_co2"": 0.0, ""u_heating"": 0.0, ""u_lighting"": 0.0, ""u_screen"": 0.0, ""u_shading"": 0.0, ""u_ventilation"": 0.0}",dry_vent,0.0003749997317792353,-0.05600000000000005,532,conservative_stabilize_dry_vent_guard,0,{},{},False
"[""dew_risk"", ""humidity_or_dew_risk"", ""high_vpd"", ""dry_or_high_vpd_risk"", ""dry_vent_risk"", ""canopy_dew_margin_lt1""]",True,"{""u_co2"": 0.0, ""u_heating"": 0.0, ""u_lighting"": 0.0, ""u_screen"": 0.0, ""u_shading"": 0.0, ""u_ventilation"": 0.019999992847442638}",dry_vent,0.0003749997317792353,-0.05600000000000005,533,conservative_stabilize_dry,0,{},{},False
"[""dew_risk"", ""humidity_or_dew_risk"", ""high_vpd"", ""dry_or_high_vpd_risk"", ""dry_vent_risk"", ""canopy_dew_margin_lt1""]",True,"{""u_co2"": 0.0, ""u_heating"": 0.0, ""u_lighting"": 0.0, ""u_screen"": 0.0, ""u_shading"": 0.0, ""u_ventilation"": 0.06}",dry_vent,0.0,-0.056374999731779285,533,conservative_stabilize_high_vpd,0,{},{},False
"[""dew_risk"", ""humidity_or_dew_risk"", ""high_vpd"", ""dry_or_high_vpd_risk"", ""dry_vent_risk"", ""canopy_dew_margin_lt1""]",True,"{""u_co2"": 0.0, ""u_heating"": 0.06, ""u_lighting"": 0.0, ""u_screen"": 0.0, ""u_shading"": 0.0, ""u_ventilation"": 0.06}",dry_vent,-0.04874999999999985,-0.10512499973177913,533,conservative_stabilize_dew,0,{},{},False
"[""dew_risk"", ""humidity_or_dew_risk"", ""high_vpd"", ""dry_or_high_vpd_risk"", ""dry_vent_risk"", ""canopy_dew_margin_lt1""]",True,"{""u_co2"": 0.0, ""u_heating"": 0.06, ""u_lighting"": 0.0, ""u_screen"": 0.0, ""u_shading"": 0.0, ""u_ventilation"": 0.06}",dry_vent,-0.05420833333333319,-0.11058333306511248,533,conservative_stabilize_canopy_dew,0,{},{},False
"[""dew_risk"", ""humidity_or_dew_risk"", ""high_vpd"", ""dry_or_high_vpd_risk"", ""dry_vent_risk"", ""canopy_dew_margin_lt1""]",True,"{""u_co2"": 0.0, ""u_heating"": 0.0, ""u_lighting"": 0.0, ""u_screen"": 0.0, ""u_shading"": 0.0, ""u_ventilation"": 0.0}",dry_vent,0.0003749997317792353,-0.05600000000000005,533,conservative_stabilize_dry_vent_guard,0,{},{},False
"[""dew_risk"", ""humidity_or_dew_risk"", ""high_vpd"", ""dry_or_high_vpd_risk"", ""dry_vent_risk"", ""canopy_dew_margin_lt1""]",True,"{""u_co2"": 0.0, ""u_heating"": 0.0, ""u_lighting"": 0.0, ""u_screen"": 0.0, ""u_shading"": 0.0, ""u_ventilation"": 0.019999992847442638}",dry_vent,0.0003749997317792353,-0.05600000000000005,534,conservative_stabilize_dry,0,{},{},False
"[""dew_risk"", ""humidity_or_dew_risk"", ""high_vpd"", ""dry_or_high_vpd_risk"", ""dry_vent_risk"", ""canopy_dew_margin_lt1""]",True,"{""u_co2"": 0.0, ""u_heating"": 0.0, ""u_lighting"": 0.0, ""u_screen"": 0.0, ""u_shading"": 0.0, ""u_ventilation"": 0.06}",dry_vent,0.0,-0.056374999731779285,534,conservative_stabilize_high_vpd,0,{},{},False
"[""dew_risk"", ""humidity_or_dew_risk"", ""high_vpd"", ""dry_or_high_vpd_risk"", ""dry_vent_risk"", ""canopy_dew_margin_lt1""]",True,"{""u_co2"": 0.0, ""u_heating"": 0.06, ""u_lighting"": 0.0, ""u_screen"": 0.0, ""u_shading"": 0.0, ""u_ventilation"": 0.06}",dry_vent,-0.04874999999999985,-0.10512499973177913,534,conservative_stabilize_dew,0,{},{},False
"[""dew_risk"", ""humidity_or_dew_risk"", ""high_vpd"", ""dry_or_high_vpd_risk"", ""dry_vent_risk"", ""canopy_dew_margin_lt1""]",True,"{""u_co2"": 0.0, ""u_heating"": 0.06, ""u_lighting"": 0.0, ""u_screen"": 0.0, ""u_shading"": 0.0, ""u_ventilation"": 0.06}",dry_vent,-0.05420833333333319,-0.11058333306511248,534,conservative_stabilize_canopy_dew,0,{},{},False
"[""dew_risk"", ""humidity_or_dew_risk"", ""high_vpd"", ""dry_or_high_vpd_risk"", ""dry_vent_risk"", ""canopy_dew_margin_lt1""]",True,"{""u_co2"": 0.0, ""u_heating"": 0.0, ""u_lighting"": 0.0, ""u_screen"": 0.0, ""u_shading"": 0.0, ""u_ventilation"": 0.0}",dry_vent,0.0003749997317792353,-0.05600000000000005,534,conservative_stabilize_dry_vent_guard,0,{},{},False
"[""dew_risk"", ""humidity_or_dew_risk"", ""high_vpd"", ""dry_or_high_vpd_risk"", ""dry_vent_risk"", ""canopy_dew_margin_lt1""]",True,"{""u_co2"": 0.0, ""u_heating"": 0.0, ""u_lighting"": 0.0, ""u_screen"": 0.0, ""u_shading"": 0.0, ""u_ventilation"": 0.019999992847442638}",dry_vent,0.0003749997317792353,-0.05600000000000005,535,conservative_stabilize_dry,0,{},{},False
"[""dew_risk"", ""humidity_or_dew_risk"", ""high_vpd"", ""dry_or_high_vpd_risk"", ""dry_vent_risk"", ""canopy_dew_margin_lt1""]",True,"{""u_co2"": 0.0, ""u_heating"": 0.0, ""u_lighting"": 0.0, ""u_screen"": 0.0, ""u_shading"": 0.0, ""u_ventilation"": 0.06}",dry_vent,0.0,-0.056374999731779285,535,conservative_stabilize_high_vpd,0,{},{},False
"[""dew_risk"", ""humidity_or_dew_risk"", ""high_vpd"", ""dry_or_high_vpd_risk"", ""dry_vent_risk"", ""canopy_dew_margin_lt1""]",True,"{""u_co2"": 0.0, ""u_heating"": 0.06, ""u_lighting"": 0.0, ""u_screen"": 0.0, ""u_shading"": 0.0, ""u_ventilation"": 0.06}",dry_vent,-0.04874999999999985,-0.10512499973177913,535,conservative_stabilize_dew,0,{},{},False
"[""dew_risk"", ""humidity_or_dew_risk"", ""high_vpd"", ""dry_or_high_vpd_risk"", ""dry_vent_risk"", ""canopy_dew_margin_lt1""]",True,"{""u_co2"": 0.0, ""u_heating"": 0.06, ""u_lighting"": 0.0, ""u_screen"": 0.0, ""u_shading"": 0.0, ""u_ventilation"": 0.06}",dry_vent,-0.05420833333333319,-0.11058333306511248,535,conservative_stabilize_canopy_dew,0,{},{},False
"[""dew_risk"", ""humidity_or_dew_risk"", ""high_vpd"", ""dry_or_high_vpd_risk"", ""dry_vent_risk"", ""canopy_dew_margin_lt1""]",True,"{""u_co2"": 0.0, ""u_heating"": 0.0, ""u_lighting"": 0.0, ""u_screen"": 0.0, ""u_shading"": 0.0, ""u_ventilation"": 0.0}",dry_vent,0.0003749997317792353,-0.05600000000000005,535,conservative_stabilize_dry_vent_guard,0,{},{},False
"[""dew_risk"", ""humidity_or_dew_risk"", ""high_vpd"", ""dry_or_high_vpd_risk"", ""dry_vent_risk"", ""canopy_dew_margin_lt1""]",True,"{""u_co2"": 0.0, ""u_heating"": 0.0, ""u_lighting"": 0.0, ""u_screen"": 0.0, ""u_shading"": 0.0, ""u_ventilation"": 0.019999992847442638}",dry_vent,0.0003749997317792353,-0.05600000000000005,536,conservative_stabilize_dry,0,{},{},False
"[""dew_risk"", ""humidity_or_dew_risk"", ""high_vpd"", ""dry_or_high_vpd_risk"", ""dry_vent_risk"", ""canopy_dew_margin_lt1""]",True,"{""u_co2"": 0.0, ""u_heating"": 0.0, ""u_lighting"": 0.0, ""u_screen"": 0.0, ""u_shading"": 0.0, ""u_ventilation"": 0.06}",dry_vent,0.0,-0.056374999731779285,536,conservative_stabilize_high_vpd,0,{},{},False
"[""dew_risk"", ""humidity_or_dew_risk"", ""high_vpd"", ""dry_or_high_vpd_risk"", ""dry_vent_risk"", ""canopy_dew_margin_lt1""]",True,"{""u_co2"": 0.0, ""u_heating"": 0.06, ""u_lighting"": 0.0, ""u_screen"": 0.0, ""u_shading"": 0.0, ""u_ventilation"": 0.06}",dry_vent,-0.04874999999999985,-0.10512499973177913,536,conservative_stabilize_dew,0,{},{},False
"[""dew_risk"", ""humidity_or_dew_risk"", ""high_vpd"", ""dry_or_high_vpd_risk"", ""dry_vent_risk"", ""canopy_dew_margin_lt1""]",True,"{""u_co2"": 0.0, ""u_heating"": 0.06, ""u_lighting"": 0.0, ""u_screen"": 0.0, ""u_shading"": 0.0, ""u_ventilation"": 0.06}",dry_vent,-0.05420833333333319,-0.11058333306511248,536,conservative_stabilize_canopy_dew,0,{},{},False
"[""dew_risk"", ""humidity_or_dew_risk"", ""high_vpd"", ""dry_or_high_vpd_risk"", ""dry_vent_risk"", ""canopy_dew_margin_lt1""]",True,"{""u_co2"": 0.0, ""u_heating"": 0.0, ""u_lighting"": 0.0, ""u_screen"": 0.0, ""u_shading"": 0.0, ""u_ventilation"": 0.0}",dry_vent,0.0003749997317792353,-0.05600000000000005,536,conservative_stabilize_dry_vent_guard,0,{},{},False
"[""high_vpd"", ""dry_or_high_vpd_risk"", ""dry_vent_risk""]",True,"{""u_co2"": 0.0, ""u_heating"": 0.0, ""u_lighting"": 0.0, ""u_screen"": 0.0, ""u_shading"": 0.0, ""u_ventilation"": 0.019999992847442638}",dry_vent,0.0003749997317792353,-0.05600000000000005,537,conservative_stabilize_dry,0,{},{},False
"[""high_vpd"", ""dry_or_high_vpd_risk"", ""dry_vent_risk""]",True,"{""u_co2"": 0.0, ""u_heating"": 0.0, ""u_lighting"": 0.0, ""u_screen"": 0.0, ""u_shading"": 0.0, ""u_ventilation"": 0.06}",dry_vent,0.0,-0.056374999731779285,537,conservative_stabilize_high_vpd,0,{},{},False
"[""high_vpd"", ""dry_or_high_vpd_risk"", ""dry_vent_risk""]",True,"{""u_co2"": 0.0, ""u_heating"": 0.06, ""u_lighting"": 0.0, ""u_screen"": 0.0, ""u_shading"": 0.0, ""u_ventilation"": 0.06}",dry_vent,-0.04874999999999985,-0.10512499973177913,537,conservative_stabilize_dew,0,{},{},False
"[""high_vpd"", ""dry_or_high_vpd_risk"", ""dry_vent_risk""]",True,"{""u_co2"": 0.0, ""u_heating"": 0.06, ""u_lighting"": 0.0, ""u_screen"": 0.0, ""u_shading"": 0.0, ""u_ventilation"": 0.06}",dry_vent,-0.05420833333333319,-0.11058333306511248,537,conservative_stabilize_canopy_dew,0,{},{},False
"[""high_vpd"", ""dry_or_high_vpd_risk"", ""dry_vent_risk""]",True,"{""u_co2"": 0.0, ""u_heating"": 0.0, ""u_lighting"": 0.0, ""u_screen"": 0.0, ""u_shading"": 0.0, ""u_ventilation"": 0.0}",dry_vent,0.0003749997317792353,-0.05600000000000005,537,conservative_stabilize_dry_vent_guard,0,{},{},False
"[""high_vpd"", ""dry_or_high_vpd_risk"", ""dry_vent_risk""]",True,"{""u_co2"": 0.0, ""u_heating"": 0.0, ""u_lighting"": 0.0, ""u_screen"": 0.0, ""u_shading"": 0.0, ""u_ventilation"": 0.019999992847442638}",dry_vent,0.0003749997317792353,-0.05600000000000005,538,conservative_stabilize_dry,0,{},{},False
"[""high_vpd"", ""dry_or_high_vpd_risk"", ""dry_vent_risk""]",True,"{""u_co2"": 0.0, ""u_heating"": 0.0, ""u_lighting"": 0.0, ""u_screen"": 0.0, ""u_shading"": 0.0, ""u_ventilation"": 0.06}",dry_vent,0.0,-0.056374999731779285,538,conservative_stabilize_high_vpd,0,{},{},False
"[""high_vpd"", ""dry_or_high_vpd_risk"", ""dry_vent_risk""]",True,"{""u_co2"": 0.0, ""u_heating"": 0.06, ""u_lighting"": 0.0, ""u_screen"": 0.0, ""u_shading"": 0.0, ""u_ventilation"": 0.06}",dry_vent,-0.04874999999999985,-0.10512499973177913,538,conservative_stabilize_dew,0,{},{},False
"[""high_vpd"", ""dry_or_high_vpd_risk"", ""dry_vent_risk""]",True,"{""u_co2"": 0.0, ""u_heating"": 0.06, ""u_lighting"": 0.0, ""u_screen"": 0.0, ""u_shading"": 0.0, ""u_ventilation"": 0.06}",dry_vent,-0.05420833333333319,-0.11058333306511248,538,conservative_stabilize_canopy_dew,0,{},{},False
"[""high_vpd"", ""dry_or_high_vpd_risk"", ""dry_vent_risk""]",True,"{""u_co2"": 0.0, ""u_heating"": 0.0, ""u_lighting"": 0.0, ""u_screen"": 0.0, ""u_shading"": 0.0, ""u_ventilation"": 0.0}",dry_vent,0.0003749997317792353,-0.05600000000000005,538,conservative_stabilize_dry_vent_guard,0,{},{},False
"[""high_vpd"", ""dry_or_high_vpd_risk"", ""dry_vent_risk""]",True,"{""u_co2"": 0.0, ""u_heating"": 0.0, ""u_lighting"": 0.0, ""u_screen"": 0.0, ""u_shading"": 0.0, ""u_ventilation"": 0.019999992847442638}",dry_vent,0.0003749997317792353,-0.05600000000000005,539,conservative_stabilize_dry,0,{},{},False
"[""high_vpd"", ""dry_or_high_vpd_risk"", ""dry_vent_risk""]",True,"{""u_co2"": 0.0, ""u_heating"": 0.0, ""u_lighting"": 0.0, ""u_screen"": 0.0, ""u_shading"": 0.0, ""u_ventilation"": 0.06}",dry_vent,0.0,-0.056374999731779285,539,conservative_stabilize_high_vpd,0,{},{},False
"[""high_vpd"", ""dry_or_high_vpd_risk"", ""dry_vent_risk""]",True,"{""u_co2"": 0.0, ""u_heating"": 0.06, ""u_lighting"": 0.0, ""u_screen"": 0.0, ""u_shading"": 0.0, ""u_ventilation"": 0.06}",dry_vent,-0.04874999999999985,-0.10512499973177913,539,conservative_stabilize_dew,0,{},{},False
"[""high_vpd"", ""dry_or_high_vpd_risk"", ""dry_vent_risk""]",True,"{""u_co2"": 0.0, ""u_heating"": 0.06, ""u_lighting"": 0.0, ""u_screen"": 0.0, ""u_shading"": 0.0, ""u_ventilation"": 0.06}",dry_vent,-0.05420833333333319,-0.11058333306511248,539,conservative_stabilize_canopy_dew,0,{},{},False
"[""high_vpd"", ""dry_or_high_vpd_risk"", ""dry_vent_risk""]",True,"{""u_co2"": 0.0, ""u_heating"": 0.0, ""u_lighting"": 0.0, ""u_screen"": 0.0, ""u_shading"": 0.0, ""u_ventilation"": 0.0}",dry_vent,0.0003749997317792353,-0.05600000000000005,539,conservative_stabilize_dry_vent_guard,0,{},{},False
"[""high_vpd"", ""dry_or_high_vpd_risk"", ""dry_vent_risk""]",True,"{""u_co2"": 0.0, ""u_heating"": 0.0, ""u_lighting"": 0.0, ""u_screen"": 0.0, ""u_shading"": 0.0, ""u_ventilation"": 0.019999992847442638}",dry_vent,0.0003749997317792353,-0.05600000000000005,540,conservative_stabilize_dry,0,{},{},False
"[""high_vpd"", ""dry_or_high_vpd_risk"", ""dry_vent_risk""]",True,"{""u_co2"": 0.0, ""u_heating"": 0.0, ""u_lighting"": 0.0, ""u_screen"": 0.0, ""u_shading"": 0.0, ""u_ventilation"": 0.06}",dry_vent,0.0,-0.056374999731779285,540,conservative_stabilize_high_vpd,0,{},{},False
"[""high_vpd"", ""dry_or_high_vpd_risk"", ""dry_vent_risk""]",True,"{""u_co2"": 0.0, ""u_heating"": 0.06, ""u_lighting"": 0.0, ""u_screen"": 0.0, ""u_shading"": 0.0, ""u_ventilation"": 0.06}",dry_vent,-0.04874999999999985,-0.10512499973177913,540,conservative_stabilize_dew,0,{},{},False
"[""high_vpd"", ""dry_or_high_vpd_risk"", ""dry_vent_risk""]",True,"{""u_co2"": 0.0, ""u_heating"": 0.06, ""u_lighting"": 0.0, ""u_screen"": 0.0, ""u_shading"": 0.0, ""u_ventilation"": 0.06}",dry_vent,-0.05420833333333319,-0.11058333306511248,540,conservative_stabilize_canopy_dew,0,{},{},False
"[""high_vpd"", ""dry_or_high_vpd_risk"", ""dry_vent_risk""]",True,"{""u_co2"": 0.0, ""u_heating"": 0.0, ""u_lighting"": 0.0, ""u_screen"": 0.0, ""u_shading"": 0.0, ""u_ventilation"": 0.0}",dry_vent,0.0003749997317792353,-0.05600000000000005,540,conservative_stabilize_dry_vent_guard,0,{},{},False
"[""humidity_or_dew_risk""]",True,"{""u_co2"": 0.0, ""u_heating"": 0.0, ""u_lighting"": 0.0, ""u_screen"": 0.0, ""u_shading"": 0.06, ""u_ventilation"": -0.06}",dew_or_humidity,-0.0033750004470348705,-0.0806250000894072,611,conservative_stabilize_dry,0,{},{},False
"[""humidity_or_dew_risk""]",True,"{""u_co2"": 0.0, ""u_heating"": 0.0, ""u_lighting"": 0.0, ""u_screen"": 0.0, ""u_shading"": 0.06, ""u_ventilation"": -0.050000011920928955}",dew_or_humidity,-0.00187499999999996,-0.0791249996423723,611,conservative_stabilize_high_vpd,0,{},{},False
"[""humidity_or_dew_risk""]",True,"{""u_co2"": 0.0, ""u_heating"": 0.0, ""u_lighting"": 0.0, ""u_screen"": 0.0, ""u_shading"": 0.0, ""u_ventilation"": 0.0}",dew_or_humidity,0.005250000000000088,-0.07199999964237225,611,conservative_stabilize_dew,0,{},{},False
"[""humidity_or_dew_risk""]",True,"{""u_co2"": 0.0, ""u_heating"": 0.01000000536441803, ""u_lighting"": 0.0, ""u_screen"": 0.0, ""u_shading"": 0.0, ""u_ventilation"": 0.0}",dew_or_humidity,0.0032499989271165264,-0.07400000071525581,611,conservative_stabilize_canopy_dew,0,{},{},False
"[""humidity_or_dew_risk""]",True,"{""u_co2"": 0.0, ""u_heating"": 0.0, ""u_lighting"": 0.0, ""u_screen"": 0.0, ""u_shading"": 0.06, ""u_ventilation"": -0.06}",dew_or_humidity,-0.0015000004470347994,-0.07875000008940714,611,conservative_stabilize_dry_vent_guard,0,{},{},False
"[""humidity_or_dew_risk""]",True,"{""u_co2"": 0.0, ""u_heating"": 0.0, ""u_lighting"": 0.0, ""u_screen"": 0.0, ""u_shading"": 0.06, ""u_ventilation"": -0.06}",dew_or_humidity,-0.0033750004470348705,-0.0806250000894072,612,conservative_stabilize_dry,0,{},{},False
"[""humidity_or_dew_risk""]",True,"{""u_co2"": 0.0, ""u_heating"": 0.0, ""u_lighting"": 0.0, ""u_screen"": 0.0, ""u_shading"": 0.06, ""u_ventilation"": -0.050000011920928955}",dew_or_humidity,-0.00187499999999996,-0.0791249996423723,612,conservative_stabilize_high_vpd,0,{},{},False
"[""humidity_or_dew_risk""]",True,"{""u_co2"": 0.0, ""u_heating"": 0.0, ""u_lighting"": 0.0, ""u_screen"": 0.0, ""u_shading"": 0.0, ""u_ventilation"": 0.0}",dew_or_humidity,0.005250000000000088,-0.07199999964237225,612,conservative_stabilize_dew,0,{},{},False
"[""humidity_or_dew_risk""]",True,"{""u_co2"": 0.0, ""u_heating"": 0.01000000536441803, ""u_lighting"": 0.0, ""u_screen"": 0.0, ""u_shading"": 0.0, ""u_ventilation"": 0.0}",dew_or_humidity,0.0032499989271165264,-0.07400000071525581,612,conservative_stabilize_canopy_dew,0,{},{},False
"[""humidity_or_dew_risk""]",True,"{""u_co2"": 0.0, ""u_heating"": 0.0, ""u_lighting"": 0.0, ""u_screen"": 0.0, ""u_shading"": 0.06, ""u_ventilation"": -0.06}",dew_or_humidity,-0.0015000004470347994,-0.07875000008940714,612,conservative_stabilize_dry_vent_guard,0,{},{},False
"[""humidity_or_dew_risk""]",True,"{""u_co2"": 0.0, ""u_heating"": 0.0, ""u_lighting"": 0.0, ""u_screen"": 0.0, ""u_shading"": 0.06, ""u_ventilation"": -0.06}",dew_or_humidity,-0.0033750004470348705,-0.0806250000894072,613,conservative_stabilize_dry,0,{},{},False
"[""humidity_or_dew_risk""]",True,"{""u_co2"": 0.0, ""u_heating"": 0.0, ""u_lighting"": 0.0, ""u_screen"": 0.0, ""u_shading"": 0.06, ""u_ventilation"": -0.050000011920928955}",dew_or_humidity,-0.00187499999999996,-0.0791249996423723,613,conservative_stabilize_high_vpd,0,{},{},False
"[""humidity_or_dew_risk""]",True,"{""u_co2"": 0.0, ""u_heating"": 0.0, ""u_lighting"": 0.0, ""u_screen"": 0.0, ""u_shading"": 0.0, ""u_ventilation"": 0.0}",dew_or_humidity,0.005250000000000088,-0.07199999964237225,613,conservative_stabilize_dew,0,{},{},False
"[""humidity_or_dew_risk""]",True,"{""u_co2"": 0.0, ""u_heating"": 0.01000000536441803, ""u_lighting"": 0.0, ""u_screen"": 0.0, ""u_shading"": 0.0, ""u_ventilation"": 0.0}",dew_or_humidity,0.0032499989271165264,-0.07400000071525581,613,conservative_stabilize_canopy_dew,0,{},{},False
"[""humidity_or_dew_risk""]",True,"{""u_co2"": 0.0, ""u_heating"": 0.0, ""u_lighting"": 0.0, ""u_screen"": 0.0, ""u_shading"": 0.06, ""u_ventilation"": -0.06}",dew_or_humidity,-0.0015000004470347994,-0.07875000008940714,613,conservative_stabilize_dry_vent_guard,0,{},{},False
"[""humidity_or_dew_risk""]",True,"{""u_co2"": 0.0, ""u_heating"": 0.0, ""u_lighting"": 0.0, ""u_screen"": 0.0, ""u_shading"": 0.06, ""u_ventilation"": -0.06}",dew_or_humidity,-0.0033750004470348705,-0.0806250000894072,614,conservative_stabilize_dry,0,{},{},False
"[""humidity_or_dew_risk""]",True,"{""u_co2"": 0.0, ""u_heating"": 0.0, ""u_lighting"": 0.0, ""u_screen"": 0.0, ""u_shading"": 0.06, ""u_ventilation"": -0.050000011920928955}",dew_or_humidity,-0.00187499999999996,-0.0791249996423723,614,conservative_stabilize_high_vpd,0,{},{},False
"[""humidity_or_dew_risk""]",True,"{""u_co2"": 0.0, ""u_heating"": 0.0, ""u_lighting"": 0.0, ""u_screen"": 0.0, ""u_shading"": 0.0, ""u_ventilation"": 0.0}",dew_or_humidity,0.005250000000000088,-0.07199999964237225,614,conservative_stabilize_dew,0,{},{},False
"[""humidity_or_dew_risk""]",True,"{""u_co2"": 0.0, ""u_heating"": 0.01000000536441803, ""u_lighting"": 0.0, ""u_screen"": 0.0, ""u_shading"": 0.0, ""u_ventilation"": 0.0}",dew_or_humidity,0.0032499989271165264,-0.07400000071525581,614,conservative_stabilize_canopy_dew,0,{},{},False
"[""humidity_or_dew_risk""]",True,"{""u_co2"": 0.0, ""u_heating"": 0.0, ""u_lighting"": 0.0, ""u_screen"": 0.0, ""u_shading"": 0.06, ""u_ventilation"": -0.06}",dew_or_humidity,-0.0015000004470347994,-0.07875000008940714,614,conservative_stabilize_dry_vent_guard,0,{},{},False
"[""humidity_or_dew_risk""]",True,"{""u_co2"": 0.0, ""u_heating"": 0.0, ""u_lighting"": 0.0, ""u_screen"": 0.0, ""u_shading"": 0.06, ""u_ventilation"": -0.06}",dew_or_humidity,-0.0033750004470348705,-0.06462500044703501,615,conservative_stabilize_dry,0,{},{},False
"[""humidity_or_dew_risk""]",True,"{""u_co2"": 0.0, ""u_heating"": 0.0, ""u_lighting"": 0.0, ""u_screen"": 0.0, ""u_shading"": 0.06, ""u_ventilation"": -0.050000011920928955}",dew_or_humidity,-0.00187499999999996,-0.0631250000000001,615,conservative_stabilize_high_vpd,0,{},{},False
"[""humidity_or_dew_risk""]",True,"{""u_co2"": 0.0, ""u_heating"": 0.0400000035762787, ""u_lighting"": 0.0, ""u_screen"": 0.0, ""u_shading"": 0.0, ""u_ventilation"": 0.0}",dew_or_humidity,-0.0027500007152556627,-0.0640000007152558,615,conservative_stabilize_dew,0,{},{},False
"[""humidity_or_dew_risk""]",True,"{""u_co2"": 0.0, ""u_heating"": 0.06, ""u_lighting"": 0.0, ""u_screen"": 0.0, ""u_shading"": 0.0, ""u_ventilation"": 0.0}",dew_or_humidity,-0.013375000789761615,-0.07462500078976175,615,conservative_stabilize_canopy_dew,0,{},{},False
"[""humidity_or_dew_risk""]",True,"{""u_co2"": 0.0, ""u_heating"": 0.0, ""u_lighting"": 0.0, ""u_screen"": 0.0, ""u_shading"": 0.06, ""u_ventilation"": -0.06}",dew_or_humidity,-0.0015000004470347994,-0.06275000044703494,615,conservative_stabilize_dry_vent_guard,0,{},{},False
"[""humidity_or_dew_risk""]",True,"{""u_co2"": 0.0, ""u_heating"": 0.0, ""u_lighting"": 0.0, ""u_screen"": 0.0, ""u_shading"": 0.06, ""u_ventilation"": -0.06}",dew_or_humidity,-0.0033750004470348705,-0.06462500044703501,616,conservative_stabilize_dry,0,{},{},False
"[""humidity_or_dew_risk""]",True,"{""u_co2"": 0.0, ""u_heating"": 0.0, ""u_lighting"": 0.0, ""u_screen"": 0.0, ""u_shading"": 0.06, ""u_ventilation"": -0.050000011920928955}",dew_or_humidity,-0.00187499999999996,-0.0631250000000001,616,conservative_stabilize_high_vpd,0,{},{},False
"[""humidity_or_dew_risk""]",True,"{""u_co2"": 0.0, ""u_heating"": 0.0400000035762787, ""u_lighting"": 0.0, ""u_screen"": 0.0, ""u_shading"": 0.0, ""u_ventilation"": 0.0}",dew_or_humidity,-0.0027500007152556627,-0.0640000007152558,616,conservative_stabilize_dew,0,{},{},False
"[""humidity_or_dew_risk""]",True,"{""u_co2"": 0.0, ""u_heating"": 0.06, ""u_lighting"": 0.0, ""u_screen"": 0.0, ""u_shading"": 0.0, ""u_ventilation"": 0.0}",dew_or_humidity,-0.013375000789761615,-0.07462500078976175,616,conservative_stabilize_canopy_dew,0,{},{},False
"[""humidity_or_dew_risk""]",True,"{""u_co2"": 0.0, ""u_heating"": 0.0, ""u_lighting"": 0.0, ""u_screen"": 0.0, ""u_shading"": 0.06, ""u_ventilation"": -0.06}",dew_or_humidity,-0.0015000004470347994,-0.06275000044703494,616,conservative_stabilize_dry_vent_guard,0,{},{},False
"[""dew_risk"", ""humidity_or_dew_risk"", ""canopy_dew_margin_lt1""]",True,"{""u_co2"": 0.0, ""u_heating"": 0.0, ""u_lighting"": 0.0, ""u_screen"": 0.0, ""u_shading"": 0.06, ""u_ventilation"": 0.0}",canopy_dew_lt1,-0.001875000000000071,-0.0631250000000001,623,conservative_stabilize_dry,0,{},{},False
"[""dew_risk"", ""humidity_or_dew_risk"", ""canopy_dew_margin_lt1""]",True,"{""u_co2"": 0.0, ""u_heating"": 0.0, ""u_lighting"": 0.0, ""u_screen"": 0.0, ""u_shading"": 0.06, ""u_ventilation"": 0.0}",canopy_dew_lt1,-0.001875000000000071,-0.0631250000000001,623,conservative_stabilize_high_vpd,0,{},{},False
"[""dew_risk"", ""humidity_or_dew_risk"", ""canopy_dew_margin_lt1""]",True,"{""u_co2"": 0.0, ""u_heating"": 0.06, ""u_lighting"": 0.0, ""u_screen"": 0.0, ""u_shading"": 0.0, ""u_ventilation"": 0.06}",canopy_dew_lt1,-0.039374999552965195,-0.10062499955296522,623,conservative_stabilize_dew,0,{},{},False
"[""dew_risk"", ""humidity_or_dew_risk"", ""canopy_dew_margin_lt1""]",True,"{""u_co2"": 0.0, ""u_heating"": 0.06, ""u_lighting"": 0.0, ""u_screen"": 0.0, ""u_shading"": 0.0, ""u_ventilation"": 0.04999998807907102}",canopy_dew_lt1,-0.045208333333333295,-0.10645833333333332,623,conservative_stabilize_canopy_dew,0,{},{},False
"[""dew_risk"", ""humidity_or_dew_risk"", ""canopy_dew_margin_lt1""]",True,"{""u_co2"": 0.0, ""u_heating"": 0.0, ""u_lighting"": 0.0, ""u_screen"": 0.0, ""u_shading"": 0.06, ""u_ventilation"": 0.0}",canopy_dew_lt1,0.0,-0.06125000000000003,623,conservative_stabilize_dry_vent_guard,0,{},{},False
"[""dew_risk"", ""humidity_or_dew_risk"", ""canopy_dew_margin_lt1""]",True,"{""u_co2"": 0.0, ""u_heating"": 0.0, ""u_lighting"": 0.0, ""u_screen"": 0.0, ""u_shading"": 0.06, ""u_ventilation"": 0.0}",canopy_dew_lt1,-0.001875000000000071,-0.0631250000000001,624,conservative_stabilize_dry,0,{},{},False
"[""dew_risk"", ""humidity_or_dew_risk"", ""canopy_dew_margin_lt1""]",True,"{""u_co2"": 0.0, ""u_heating"": 0.0, ""u_lighting"": 0.0, ""u_screen"": 0.0, ""u_shading"": 0.06, ""u_ventilation"": 0.0}",canopy_dew_lt1,-0.001875000000000071,-0.0631250000000001,624,conservative_stabilize_high_vpd,0,{},{},False
"[""dew_risk"", ""humidity_or_dew_risk"", ""canopy_dew_margin_lt1""]",True,"{""u_co2"": 0.0, ""u_heating"": 0.06, ""u_lighting"": 0.0, ""u_screen"": 0.0, ""u_shading"": 0.0, ""u_ventilation"": 0.06}",canopy_dew_lt1,-0.039374999552965195,-0.10062499955296522,624,conservative_stabilize_dew,0,{},{},False
"[""dew_risk"", ""humidity_or_dew_risk"", ""canopy_dew_margin_lt1""]",True,"{""u_co2"": 0.0, ""u_heating"": 0.06, ""u_lighting"": 0.0, ""u_screen"": 0.0, ""u_shading"": 0.0, ""u_ventilation"": 0.04999998807907102}",canopy_dew_lt1,-0.045208333333333295,-0.10645833333333332,624,conservative_stabilize_canopy_dew,0,{},{},False
"[""dew_risk"", ""humidity_or_dew_risk"", ""canopy_dew_margin_lt1""]",True,"{""u_co2"": 0.0, ""u_heating"": 0.0, ""u_lighting"": 0.0, ""u_screen"": 0.0, ""u_shading"": 0.06, ""u_ventilation"": 0.0}",canopy_dew_lt1,0.0,-0.06125000000000003,624,conservative_stabilize_dry_vent_guard,0,{},{},False
"[""dew_risk"", ""humidity_or_dew_risk"", ""canopy_dew_margin_lt1""]",True,"{""u_co2"": 0.0, ""u_heating"": 0.0, ""u_lighting"": 0.0, ""u_screen"": 0.0, ""u_shading"": 0.06, ""u_ventilation"": -0.06}",canopy_dew_lt1,-0.0033750004470348705,-0.09474999973177911,625,conservative_stabilize_dry,0,{},{},False
"[""dew_risk"", ""humidity_or_dew_risk"", ""canopy_dew_margin_lt1""]",True,"{""u_co2"": 0.0, ""u_heating"": 0.0, ""u_lighting"": 0.0, ""u_screen"": 0.0, ""u_shading"": 0.06, ""u_ventilation"": -0.050000011920928955}",canopy_dew_lt1,-0.00187499999999996,-0.0932499992847442,625,conservative_stabilize_high_vpd,0,{},{},False
"[""dew_risk"", ""humidity_or_dew_risk"", ""canopy_dew_margin_lt1""]",True,"{""u_co2"": 0.0, ""u_heating"": 0.0400000035762787, ""u_lighting"": 0.0, ""u_screen"": 0.0, ""u_shading"": 0.0, ""u_ventilation"": 0.0}",canopy_dew_lt1,-0.0027500007152556627,-0.0941249999999999,625,conservative_stabilize_dew,0,{},{},False
"[""dew_risk"", ""humidity_or_dew_risk"", ""canopy_dew_margin_lt1""]",True,"{""u_co2"": 0.0, ""u_heating"": 0.06, ""u_lighting"": 0.0, ""u_screen"": 0.0, ""u_shading"": 0.0, ""u_ventilation"": 0.0}",canopy_dew_lt1,-0.013375000789761615,-0.10475000007450586,625,conservative_stabilize_canopy_dew,0,{},{},False
"[""dew_risk"", ""humidity_or_dew_risk"", ""canopy_dew_margin_lt1""]",True,"{""u_co2"": 0.0, ""u_heating"": 0.0, ""u_lighting"": 0.0, ""u_screen"": 0.0, ""u_shading"": 0.06, ""u_ventilation"": -0.06}",canopy_dew_lt1,-0.0015000004470347994,-0.09287499973177904,625,conservative_stabilize_dry_vent_guard,0,{},{},False
"[""dew_risk"", ""humidity_or_dew_risk"", ""canopy_dew_margin_lt1""]",True,"{""u_co2"": 0.0, ""u_heating"": 0.0, ""u_lighting"": 0.0, ""u_screen"": 0.0, ""u_shading"": 0.06, ""u_ventilation"": 0.0}",canopy_dew_lt1,-0.001875000000000071,-0.0631250000000001,626,conservative_stabilize_dry,0,{},{},False
"[""dew_risk"", ""humidity_or_dew_risk"", ""canopy_dew_margin_lt1""]",True,"{""u_co2"": 0.0, ""u_heating"": 0.0, ""u_lighting"": 0.0, ""u_screen"": 0.0, ""u_shading"": 0.06, ""u_ventilation"": 0.0}",canopy_dew_lt1,-0.001875000000000071,-0.0631250000000001,626,conservative_stabilize_high_vpd,0,{},{},False
"[""dew_risk"", ""humidity_or_dew_risk"", ""canopy_dew_margin_lt1""]",True,"{""u_co2"": 0.0, ""u_heating"": 0.06, ""u_lighting"": 0.0, ""u_screen"": 0.0, ""u_shading"": 0.0, ""u_ventilation"": 0.06}",canopy_dew_lt1,-0.039374999552965195,-0.10062499955296522,626,conservative_stabilize_dew,0,{},{},False
"[""dew_risk"", ""humidity_or_dew_risk"", ""canopy_dew_margin_lt1""]",True,"{""u_co2"": 0.0, ""u_heating"": 0.06, ""u_lighting"": 0.0, ""u_screen"": 0.0, ""u_shading"": 0.0, ""u_ventilation"": 0.04999998807907102}",canopy_dew_lt1,-0.045208333333333295,-0.10645833333333332,626,conservative_stabilize_canopy_dew,0,{},{},False
"[""dew_risk"", ""humidity_or_dew_risk"", ""canopy_dew_margin_lt1""]",True,"{""u_co2"": 0.0, ""u_heating"": 0.0, ""u_lighting"": 0.0, ""u_screen"": 0.0, ""u_shading"": 0.06, ""u_ventilation"": 0.0}",canopy_dew_lt1,0.0,-0.06125000000000003,626,conservative_stabilize_dry_vent_guard,0,{},{},False
"[""dew_risk"", ""humidity_or_dew_risk"", ""canopy_dew_margin_lt1""]",True,"{""u_co2"": 0.0, ""u_heating"": 0.0, ""u_lighting"": 0.0, ""u_screen"": 0.0, ""u_shading"": 0.06, ""u_ventilation"": -0.02999998927116393}",canopy_dew_lt1,-0.00187499999999996,-0.1089583325510225,627,conservative_stabilize_dry,0,{},{},False
"[""dew_risk"", ""humidity_or_dew_risk"", ""canopy_dew_margin_lt1""]",True,"{""u_co2"": 0.0, ""u_heating"": 0.0, ""u_lighting"": 0.0, ""u_screen"": 0.0, ""u_shading"": 0.06, ""u_ventilation"": 0.0}",canopy_dew_lt1,-0.00187499999999996,-0.1089583325510225,627,conservative_stabilize_high_vpd,0,{},{},False
"[""dew_risk"", ""humidity_or_dew_risk"", ""canopy_dew_margin_lt1""]",True,"{""u_co2"": 0.0, ""u_heating"": 0.0, ""u_lighting"": 0.0, ""u_screen"": 0.0, ""u_shading"": 0.0, ""u_ventilation"": 0.0}",canopy_dew_lt1,0.005250000000000088,-0.10183333255102245,627,conservative_stabilize_dew,0,{},{},False
"[""dew_risk"", ""humidity_or_dew_risk"", ""canopy_dew_margin_lt1""]",True,"{""u_co2"": 0.0, ""u_heating"": 0.01000000536441803, ""u_lighting"": 0.0, ""u_screen"": 0.0, ""u_shading"": 0.0, ""u_ventilation"": 0.0}",canopy_dew_lt1,0.0032499989271165264,-0.10383333362390601,627,conservative_stabilize_canopy_dew,0,{},{},False
"[""dew_risk"", ""humidity_or_dew_risk"", ""canopy_dew_margin_lt1""]",True,"{""u_co2"": 0.0, ""u_heating"": 0.0, ""u_lighting"": 0.0, ""u_screen"": 0.0, ""u_shading"": 0.06, ""u_ventilation"": -0.02999998927116393}",canopy_dew_lt1,0.0,-0.10708333255102254,627,conservative_stabilize_dry_vent_guard,0,{},{},False
"[""dew_risk"", ""humidity_or_dew_risk"", ""canopy_dew_margin_lt1""]",True,"{""u_co2"": 0.0, ""u_heating"": 0.0, ""u_lighting"": 0.0, ""u_screen"": 0.0, ""u_shading"": 0.06, ""u_ventilation"": -0.02999998927116393}",canopy_dew_lt1,-0.00187499999999996,-0.1089583325510225,628,conservative_stabilize_dry,0,{},{},False
"[""dew_risk"", ""humidity_or_dew_risk"", ""canopy_dew_margin_lt1""]",True,"{""u_co2"": 0.0, ""u_heating"": 0.0, ""u_lighting"": 0.0, ""u_screen"": 0.0, ""u_shading"": 0.06, ""u_ventilation"": 0.0}",canopy_dew_lt1,-0.00187499999999996,-0.1089583325510225,628,conservative_stabilize_high_vpd,0,{},{},False
"[""dew_risk"", ""humidity_or_dew_risk"", ""canopy_dew_margin_lt1""]",True,"{""u_co2"": 0.0, ""u_heating"": 0.0, ""u_lighting"": 0.0, ""u_screen"": 0.0, ""u_shading"": 0.0, ""u_ventilation"": 0.0}",canopy_dew_lt1,0.005250000000000088,-0.10183333255102245,628,conservative_stabilize_dew,0,{},{},False
"[""dew_risk"", ""humidity_or_dew_risk"", ""canopy_dew_margin_lt1""]",True,"{""u_co2"": 0.0, ""u_heating"": 0.01000000536441803, ""u_lighting"": 0.0, ""u_screen"": 0.0, ""u_shading"": 0.0, ""u_ventilation"": 0.0}",canopy_dew_lt1,0.0032499989271165264,-0.10383333362390601,628,conservative_stabilize_canopy_dew,0,{},{},False
"[""dew_risk"", ""humidity_or_dew_risk"", ""canopy_dew_margin_lt1""]",True,"{""u_co2"": 0.0, ""u_heating"": 0.0, ""u_lighting"": 0.0, ""u_screen"": 0.0, ""u_shading"": 0.06, ""u_ventilation"": -0.02999998927116393}",canopy_dew_lt1,0.0,-0.10708333255102254,628,conservative_stabilize_dry_vent_guard,0,{},{},False
"[""dew_risk"", ""humidity_or_dew_risk"", ""canopy_dew_margin_lt1""]",True,"{""u_co2"": 0.0, ""u_heating"": 0.0, ""u_lighting"": 0.0, ""u_screen"": 0.0, ""u_shading"": 0.06, ""u_ventilation"": -0.02999998927116393}",canopy_dew_lt1,-0.00187499999999996,-0.1089583325510225,629,conservative_stabilize_dry,0,{},{},False
"[""dew_risk"", ""humidity_or_dew_risk"", ""canopy_dew_margin_lt1""]",True,"{""u_co2"": 0.0, ""u_heating"": 0.0, ""u_lighting"": 0.0, ""u_screen"": 0.0, ""u_shading"": 0.06, ""u_ventilation"": 0.0}",canopy_dew_lt1,-0.00187499999999996,-0.1089583325510225,629,conservative_stabilize_high_vpd,0,{},{},False
"[""dew_risk"", ""humidity_or_dew_risk"", ""canopy_dew_margin_lt1""]",True,"{""u_co2"": 0.0, ""u_heating"": 0.0, ""u_lighting"": 0.0, ""u_screen"": 0.0, ""u_shading"": 0.0, ""u_ventilation"": 0.0}",canopy_dew_lt1,0.005250000000000088,-0.10183333255102245,629,conservative_stabilize_dew,0,{},{},False
"[""dew_risk"", ""humidity_or_dew_risk"", ""canopy_dew_margin_lt1""]",True,"{""u_co2"": 0.0, ""u_heating"": 0.01000000536441803, ""u_lighting"": 0.0, ""u_screen"": 0.0, ""u_shading"": 0.0, ""u_ventilation"": 0.0}",canopy_dew_lt1,0.0032499989271165264,-0.10383333362390601,629,conservative_stabilize_canopy_dew,0,{},{},False
"[""dew_risk"", ""humidity_or_dew_risk"", ""canopy_dew_margin_lt1""]",True,"{""u_co2"": 0.0, ""u_heating"": 0.0, ""u_lighting"": 0.0, ""u_screen"": 0.0, ""u_shading"": 0.06, ""u_ventilation"": -0.02999998927116393}",canopy_dew_lt1,0.0,-0.10708333255102254,629,conservative_stabilize_dry_vent_guard,0,{},{},False
"[""dew_risk"", ""humidity_or_dew_risk"", ""canopy_dew_margin_lt1""]",True,"{""u_co2"": 0.0, ""u_heating"": 0.0, ""u_lighting"": 0.0, ""u_screen"": 0.0, ""u_shading"": 0.06, ""u_ventilation"": -0.02999998927116393}",canopy_dew_lt1,-0.00187499999999996,-0.1089583325510225,630,conservative_stabilize_dry,0,{},{},False
"[""dew_risk"", ""humidity_or_dew_risk"", ""canopy_dew_margin_lt1""]",True,"{""u_co2"": 0.0, ""u_heating"": 0.0, ""u_lighting"": 0.0, ""u_screen"": 0.0, ""u_shading"": 0.06, ""u_ventilation"": 0.0}",canopy_dew_lt1,-0.00187499999999996,-0.1089583325510225,630,conservative_stabilize_high_vpd,0,{},{},False
"[""dew_risk"", ""humidity_or_dew_risk"", ""canopy_dew_margin_lt1""]",True,"{""u_co2"": 0.0, ""u_heating"": 0.0, ""u_lighting"": 0.0, ""u_screen"": 0.0, ""u_shading"": 0.0, ""u_ventilation"": 0.0}",canopy_dew_lt1,0.005250000000000088,-0.10183333255102245,630,conservative_stabilize_dew,0,{},{},False
"[""dew_risk"", ""humidity_or_dew_risk"", ""canopy_dew_margin_lt1""]",True,"{""u_co2"": 0.0, ""u_heating"": 0.01000000536441803, ""u_lighting"": 0.0, ""u_screen"": 0.0, ""u_shading"": 0.0, ""u_ventilation"": 0.0}",canopy_dew_lt1,0.0032499989271165264,-0.10383333362390601,630,conservative_stabilize_canopy_dew,0,{},{},False
"[""dew_risk"", ""humidity_or_dew_risk"", ""canopy_dew_margin_lt1""]",True,"{""u_co2"": 0.0, ""u_heating"": 0.0, ""u_lighting"": 0.0, ""u_screen"": 0.0, ""u_shading"": 0.06, ""u_ventilation"": -0.02999998927116393}",canopy_dew_lt1,0.0,-0.10708333255102254,630,conservative_stabilize_dry_vent_guard,0,{},{},False
"[""dew_risk"", ""humidity_or_dew_risk"", ""canopy_dew_margin_lt1""]",True,"{""u_co2"": 0.0, ""u_heating"": 0.0, ""u_lighting"": 0.0, ""u_screen"": 0.0, ""u_shading"": 0.06, ""u_ventilation"": -0.02999998927116393}",canopy_dew_lt1,-0.00187499999999996,-0.1089583325510225,631,conservative_stabilize_dry,0,{},{},False
"[""dew_risk"", ""humidity_or_dew_risk"", ""canopy_dew_margin_lt1""]",True,"{""u_co2"": 0.0, ""u_heating"": 0.0, ""u_lighting"": 0.0, ""u_screen"": 0.0, ""u_shading"": 0.06, ""u_ventilation"": 0.0}",canopy_dew_lt1,-0.00187499999999996,-0.1089583325510225,631,conservative_stabilize_high_vpd,0,{},{},False
"[""dew_risk"", ""humidity_or_dew_risk"", ""canopy_dew_margin_lt1""]",True,"{""u_co2"": 0.0, ""u_heating"": 0.0, ""u_lighting"": 0.0, ""u_screen"": 0.0, ""u_shading"": 0.0, ""u_ventilation"": 0.0}",canopy_dew_lt1,0.005250000000000088,-0.10183333255102245,631,conservative_stabilize_dew,0,{},{},False
"[""dew_risk"", ""humidity_or_dew_risk"", ""canopy_dew_margin_lt1""]",True,"{""u_co2"": 0.0, ""u_heating"": 0.01000000536441803, ""u_lighting"": 0.0, ""u_screen"": 0.0, ""u_shading"": 0.0, ""u_ventilation"": 0.0}",canopy_dew_lt1,0.0032499989271165264,-0.10383333362390601,631,conservative_stabilize_canopy_dew,0,{},{},False
"[""dew_risk"", ""humidity_or_dew_risk"", ""canopy_dew_margin_lt1""]",True,"{""u_co2"": 0.0, ""u_heating"": 0.0, ""u_lighting"": 0.0, ""u_screen"": 0.0, ""u_shading"": 0.06, ""u_ventilation"": -0.02999998927116393}",canopy_dew_lt1,0.0,-0.10708333255102254,631,conservative_stabilize_dry_vent_guard,0,{},{},False
"[""dew_risk"", ""humidity_or_dew_risk"", ""canopy_dew_margin_lt1"", ""canopy_dew_margin_lt0""]",True,"{""u_co2"": 0.0, ""u_heating"": 0.0, ""u_lighting"": 0.0, ""u_screen"": 0.0, ""u_shading"": 0.06, ""u_ventilation"": -0.02999998927116393}",canopy_dew_lt0,-0.00187499999999996,-0.1089583325510225,632,conservative_stabilize_dry,0,{},{},False
"[""dew_risk"", ""humidity_or_dew_risk"", ""canopy_dew_margin_lt1"", ""canopy_dew_margin_lt0""]",True,"{""u_co2"": 0.0, ""u_heating"": 0.0, ""u_lighting"": 0.0, ""u_screen"": 0.0, ""u_shading"": 0.06, ""u_ventilation"": 0.0}",canopy_dew_lt0,-0.00187499999999996,-0.1089583325510225,632,conservative_stabilize_high_vpd,0,{},{},False
"[""dew_risk"", ""humidity_or_dew_risk"", ""canopy_dew_margin_lt1"", ""canopy_dew_margin_lt0""]",True,"{""u_co2"": 0.0, ""u_heating"": 0.0, ""u_lighting"": 0.0, ""u_screen"": 0.0, ""u_shading"": 0.0, ""u_ventilation"": 0.0}",canopy_dew_lt0,0.005250000000000088,-0.10183333255102245,632,conservative_stabilize_dew,0,{},{},False
"[""dew_risk"", ""humidity_or_dew_risk"", ""canopy_dew_margin_lt1"", ""canopy_dew_margin_lt0""]",True,"{""u_co2"": 0.0, ""u_heating"": 0.01000000536441803, ""u_lighting"": 0.0, ""u_screen"": 0.0, ""u_shading"": 0.0, ""u_ventilation"": 0.0}",canopy_dew_lt0,0.0032499989271165264,-0.10383333362390601,632,conservative_stabilize_canopy_dew,0,{},{},False
"[""dew_risk"", ""humidity_or_dew_risk"", ""canopy_dew_margin_lt1"", ""canopy_dew_margin_lt0""]",True,"{""u_co2"": 0.0, ""u_heating"": 0.0, ""u_lighting"": 0.0, ""u_screen"": 0.0, ""u_shading"": 0.06, ""u_ventilation"": -0.02999998927116393}",canopy_dew_lt0,0.0,-0.10708333255102254,632,conservative_stabilize_dry_vent_guard,0,{},{},False
"[""dew_risk"", ""humidity_or_dew_risk"", ""canopy_dew_margin_lt1"", ""canopy_dew_margin_lt0""]",True,"{""u_co2"": 0.0, ""u_heating"": 0.0, ""u_lighting"": 0.0, ""u_screen"": 0.0, ""u_shading"": 0.06, ""u_ventilation"": -0.06}",canopy_dew_lt0,-0.0033750004470348705,-0.10858333299805734,633,conservative_stabilize_dry,0,{},{},False
"[""dew_risk"", ""humidity_or_dew_risk"", ""canopy_dew_margin_lt1"", ""canopy_dew_margin_lt0""]",True,"{""u_co2"": 0.0, ""u_heating"": 0.0, ""u_lighting"": 0.0, ""u_screen"": 0.0, ""u_shading"": 0.06, ""u_ventilation"": -0.050000011920928955}",canopy_dew_lt0,-0.00187499999999996,-0.10708333255102243,633,conservative_stabilize_high_vpd,0,{},{},False
"[""dew_risk"", ""humidity_or_dew_risk"", ""canopy_dew_margin_lt1"", ""canopy_dew_margin_lt0""]",True,"{""u_co2"": 0.0, ""u_heating"": 0.0, ""u_lighting"": 0.0, ""u_screen"": 0.0, ""u_shading"": 0.0, ""u_ventilation"": 0.0}",canopy_dew_lt0,0.005250000000000088,-0.09995833255102238,633,conservative_stabilize_dew,0,{},{},False
"[""dew_risk"", ""humidity_or_dew_risk"", ""canopy_dew_margin_lt1"", ""canopy_dew_margin_lt0""]",True,"{""u_co2"": 0.0, ""u_heating"": 0.01000000536441803, ""u_lighting"": 0.0, ""u_screen"": 0.0, ""u_shading"": 0.0, ""u_ventilation"": 0.0}",canopy_dew_lt0,0.0032499989271165264,-0.10195833362390594,633,conservative_stabilize_canopy_dew,0,{},{},False
"[""dew_risk"", ""humidity_or_dew_risk"", ""canopy_dew_margin_lt1"", ""canopy_dew_margin_lt0""]",True,"{""u_co2"": 0.0, ""u_heating"": 0.0, ""u_lighting"": 0.0, ""u_screen"": 0.0, ""u_shading"": 0.06, ""u_ventilation"": -0.06}",canopy_dew_lt0,-0.0015000004470347994,-0.10670833299805726,633,conservative_stabilize_dry_vent_guard,0,{},{},False
"[""dew_risk"", ""humidity_or_dew_risk"", ""canopy_dew_margin_lt1"", ""canopy_dew_margin_lt0""]",True,"{""u_co2"": 0.0, ""u_heating"": 0.0, ""u_lighting"": 0.0, ""u_screen"": 0.0, ""u_shading"": 0.06, ""u_ventilation"": -0.06}",canopy_dew_lt0,-0.0033750004470348705,-0.10858333299805734,634,conservative_stabilize_dry,0,{},{},False
"[""dew_risk"", ""humidity_or_dew_risk"", ""canopy_dew_margin_lt1"", ""canopy_dew_margin_lt0""]",True,"{""u_co2"": 0.0, ""u_heating"": 0.0, ""u_lighting"": 0.0, ""u_screen"": 0.0, ""u_shading"": 0.06, ""u_ventilation"": -0.050000011920928955}",canopy_dew_lt0,-0.00187499999999996,-0.10708333255102243,634,conservative_stabilize_high_vpd,0,{},{},False
"[""dew_risk"", ""humidity_or_dew_risk"", ""canopy_dew_margin_lt1"", ""canopy_dew_margin_lt0""]",True,"{""u_co2"": 0.0, ""u_heating"": 0.0, ""u_lighting"": 0.0, ""u_screen"": 0.0, ""u_shading"": 0.0, ""u_ventilation"": 0.0}",canopy_dew_lt0,0.005250000000000088,-0.09995833255102238,634,conservative_stabilize_dew,0,{},{},False
"[""dew_risk"", ""humidity_or_dew_risk"", ""canopy_dew_margin_lt1"", ""canopy_dew_margin_lt0""]",True,"{""u_co2"": 0.0, ""u_heating"": 0.01000000536441803, ""u_lighting"": 0.0, ""u_screen"": 0.0, ""u_shading"": 0.0, ""u_ventilation"": 0.0}",canopy_dew_lt0,0.0032499989271165264,-0.10195833362390594,634,conservative_stabilize_canopy_dew,0,{},{},False
"[""dew_risk"", ""humidity_or_dew_risk"", ""canopy_dew_margin_lt1"", ""canopy_dew_margin_lt0""]",True,"{""u_co2"": 0.0, ""u_heating"": 0.0, ""u_lighting"": 0.0, ""u_screen"": 0.0, ""u_shading"": 0.06, ""u_ventilation"": -0.06}",canopy_dew_lt0,-0.0015000004470347994,-0.10670833299805726,634,conservative_stabilize_dry_vent_guard,0,{},{},False
"[""dew_risk"", ""humidity_or_dew_risk"", ""canopy_dew_margin_lt1"", ""canopy_dew_margin_lt0""]",True,"{""u_co2"": 0.0, ""u_heating"": 0.0, ""u_lighting"": 0.0, ""u_screen"": 0.0, ""u_shading"": 0.06, ""u_ventilation"": -0.06}",canopy_dew_lt0,-0.0033750004470348705,-0.10858333299805734,635,conservative_stabilize_dry,0,{},{},False
"[""dew_risk"", ""humidity_or_dew_risk"", ""canopy_dew_margin_lt1"", ""canopy_dew_margin_lt0""]",True,"{""u_co2"": 0.0, ""u_heating"": 0.0, ""u_lighting"": 0.0, ""u_screen"": 0.0, ""u_shading"": 0.06, ""u_ventilation"": -0.050000011920928955}",canopy_dew_lt0,-0.00187499999999996,-0.10708333255102243,635,conservative_stabilize_high_vpd,0,{},{},False
"[""dew_risk"", ""humidity_or_dew_risk"", ""canopy_dew_margin_lt1"", ""canopy_dew_margin_lt0""]",True,"{""u_co2"": 0.0, ""u_heating"": 0.0, ""u_lighting"": 0.0, ""u_screen"": 0.0, ""u_shading"": 0.0, ""u_ventilation"": 0.0}",canopy_dew_lt0,0.005250000000000088,-0.09995833255102238,635,conservative_stabilize_dew,0,{},{},False
"[""dew_risk"", ""humidity_or_dew_risk"", ""canopy_dew_margin_lt1"", ""canopy_dew_margin_lt0""]",True,"{""u_co2"": 0.0, ""u_heating"": 0.01000000536441803, ""u_lighting"": 0.0, ""u_screen"": 0.0, ""u_shading"": 0.0, ""u_ventilation"": 0.0}",canopy_dew_lt0,0.0032499989271165264,-0.10195833362390594,635,conservative_stabilize_canopy_dew,0,{},{},False
"[""dew_risk"", ""humidity_or_dew_risk"", ""canopy_dew_margin_lt1"", ""canopy_dew_margin_lt0""]",True,"{""u_co2"": 0.0, ""u_heating"": 0.0, ""u_lighting"": 0.0, ""u_screen"": 0.0, ""u_shading"": 0.06, ""u_ventilation"": -0.06}",canopy_dew_lt0,-0.0015000004470347994,-0.10670833299805726,635,conservative_stabilize_dry_vent_guard,0,{},{},False
"[""dew_risk"", ""humidity_or_dew_risk"", ""canopy_dew_margin_lt1"", ""canopy_dew_margin_lt0""]",True,"{""u_co2"": 0.0, ""u_heating"": 0.0, ""u_lighting"": 0.0, ""u_screen"": 0.0, ""u_shading"": 0.06, ""u_ventilation"": -0.06}",canopy_dew_lt0,-0.0033750004470348705,-0.10858333299805734,636,conservative_stabilize_dry,0,{},{},False
"[""dew_risk"", ""humidity_or_dew_risk"", ""canopy_dew_margin_lt1"", ""canopy_dew_margin_lt0""]",True,"{""u_co2"": 0.0, ""u_heating"": 0.0, ""u_lighting"": 0.0, ""u_screen"": 0.0, ""u_shading"": 0.06, ""u_ventilation"": -0.050000011920928955}",canopy_dew_lt0,-0.00187499999999996,-0.10708333255102243,636,conservative_stabilize_high_vpd,0,{},{},False
"[""dew_risk"", ""humidity_or_dew_risk"", ""canopy_dew_margin_lt1"", ""canopy_dew_margin_lt0""]",True,"{""u_co2"": 0.0, ""u_heating"": 0.0, ""u_lighting"": 0.0, ""u_screen"": 0.0, ""u_shading"": 0.0, ""u_ventilation"": 0.0}",canopy_dew_lt0,0.005250000000000088,-0.09995833255102238,636,conservative_stabilize_dew,0,{},{},False
"[""dew_risk"", ""humidity_or_dew_risk"", ""canopy_dew_margin_lt1"", ""canopy_dew_margin_lt0""]",True,"{""u_co2"": 0.0, ""u_heating"": 0.01000000536441803, ""u_lighting"": 0.0, ""u_screen"": 0.0, ""u_shading"": 0.0, ""u_ventilation"": 0.0}",canopy_dew_lt0,0.0032499989271165264,-0.10195833362390594,636,conservative_stabilize_canopy_dew,0,{},{},False
"[""dew_risk"", ""humidity_or_dew_risk"", ""canopy_dew_margin_lt1"", ""canopy_dew_margin_lt0""]",True,"{""u_co2"": 0.0, ""u_heating"": 0.0, ""u_lighting"": 0.0, ""u_screen"": 0.0, ""u_shading"": 0.06, ""u_ventilation"": -0.06}",canopy_dew_lt0,-0.0015000004470347994,-0.10670833299805726,636,conservative_stabilize_dry_vent_guard,0,{},{},False
"[""dew_risk"", ""humidity_or_dew_risk"", ""canopy_dew_margin_lt1"", ""canopy_dew_margin_lt0""]",True,"{""u_co2"": 0.0, ""u_heating"": 0.0, ""u_lighting"": 0.0, ""u_screen"": 0.0, ""u_shading"": 0.06, ""u_ventilation"": -0.06}",canopy_dew_lt0,-0.0033750004470348705,-0.10858333299805734,637,conservative_stabilize_dry,0,{},{},False
"[""dew_risk"", ""humidity_or_dew_risk"", ""canopy_dew_margin_lt1"", ""canopy_dew_margin_lt0""]",True,"{""u_co2"": 0.0, ""u_heating"": 0.0, ""u_lighting"": 0.0, ""u_screen"": 0.0, ""u_shading"": 0.06, ""u_ventilation"": -0.050000011920928955}",canopy_dew_lt0,-0.00187499999999996,-0.10708333255102243,637,conservative_stabilize_high_vpd,0,{},{},False
"[""dew_risk"", ""humidity_or_dew_risk"", ""canopy_dew_margin_lt1"", ""canopy_dew_margin_lt0""]",True,"{""u_co2"": 0.0, ""u_heating"": 0.0, ""u_lighting"": 0.0, ""u_screen"": 0.0, ""u_shading"": 0.0, ""u_ventilation"": 0.0}",canopy_dew_lt0,0.005250000000000088,-0.09995833255102238,637,conservative_stabilize_dew,0,{},{},False
"[""dew_risk"", ""humidity_or_dew_risk"", ""canopy_dew_margin_lt1"", ""canopy_dew_margin_lt0""]",True,"{""u_co2"": 0.0, ""u_heating"": 0.01000000536441803, ""u_lighting"": 0.0, ""u_screen"": 0.0, ""u_shading"": 0.0, ""u_ventilation"": 0.0}",canopy_dew_lt0,0.0032499989271165264,-0.10195833362390594,637,conservative_stabilize_canopy_dew,0,{},{},False
"[""dew_risk"", ""humidity_or_dew_risk"", ""canopy_dew_margin_lt1"", ""canopy_dew_margin_lt0""]",True,"{""u_co2"": 0.0, ""u_heating"": 0.0, ""u_lighting"": 0.0, ""u_screen"": 0.0, ""u_shading"": 0.06, ""u_ventilation"": -0.06}",canopy_dew_lt0,-0.0015000004470347994,-0.10670833299805726,637,conservative_stabilize_dry_vent_guard,0,{},{},False
"[""dew_risk"", ""humidity_or_dew_risk"", ""canopy_dew_margin_lt1""]",True,"{""u_co2"": 0.0, ""u_heating"": 0.0, ""u_lighting"": 0.0, ""u_screen"": 0.0, ""u_shading"": 0.06, ""u_ventilation"": -0.06}",canopy_dew_lt1,-0.0033750004470348705,-0.10858333299805734,638,conservative_stabilize_dry,0,{},{},False
"[""dew_risk"", ""humidity_or_dew_risk"", ""canopy_dew_margin_lt1""]",True,"{""u_co2"": 0.0, ""u_heating"": 0.0, ""u_lighting"": 0.0, ""u_screen"": 0.0, ""u_shading"": 0.06, ""u_ventilation"": -0.050000011920928955}",canopy_dew_lt1,-0.00187499999999996,-0.10708333255102243,638,conservative_stabilize_high_vpd,0,{},{},False
"[""dew_risk"", ""humidity_or_dew_risk"", ""canopy_dew_margin_lt1""]",True,"{""u_co2"": 0.0, ""u_heating"": 0.0, ""u_lighting"": 0.0, ""u_screen"": 0.0, ""u_shading"": 0.0, ""u_ventilation"": 0.0}",canopy_dew_lt1,0.005250000000000088,-0.09995833255102238,638,conservative_stabilize_dew,0,{},{},False
"[""dew_risk"", ""humidity_or_dew_risk"", ""canopy_dew_margin_lt1""]",True,"{""u_co2"": 0.0, ""u_heating"": 0.01000000536441803, ""u_lighting"": 0.0, ""u_screen"": 0.0, ""u_shading"": 0.0, ""u_ventilation"": 0.0}",canopy_dew_lt1,0.0032499989271165264,-0.10195833362390594,638,conservative_stabilize_canopy_dew,0,{},{},False
"[""dew_risk"", ""humidity_or_dew_risk"", ""canopy_dew_margin_lt1""]",True,"{""u_co2"": 0.0, ""u_heating"": 0.0, ""u_lighting"": 0.0, ""u_screen"": 0.0, ""u_shading"": 0.06, ""u_ventilation"": -0.06}",canopy_dew_lt1,-0.0015000004470347994,-0.10670833299805726,638,conservative_stabilize_dry_vent_guard,0,{},{},False
"[""dew_risk"", ""humidity_or_dew_risk"", ""canopy_dew_margin_lt1""]",True,"{""u_co2"": 0.0, ""u_heating"": 0.0, ""u_lighting"": 0.0, ""u_screen"": 0.0, ""u_shading"": 0.06, ""u_ventilation"": -0.06}",canopy_dew_lt1,-0.0033750004470348705,-0.10858333299805734,639,conservative_stabilize_dry,0,{},{},False
"[""dew_risk"", ""humidity_or_dew_risk"", ""canopy_dew_margin_lt1""]",True,"{""u_co2"": 0.0, ""u_heating"": 0.0, ""u_lighting"": 0.0, ""u_screen"": 0.0, ""u_shading"": 0.06, ""u_ventilation"": -0.050000011920928955}",canopy_dew_lt1,-0.00187499999999996,-0.10708333255102243,639,conservative_stabilize_high_vpd,0,{},{},False
"[""dew_risk"", ""humidity_or_dew_risk"", ""canopy_dew_margin_lt1""]",True,"{""u_co2"": 0.0, ""u_heating"": 0.0, ""u_lighting"": 0.0, ""u_screen"": 0.0, ""u_shading"": 0.0, ""u_ventilation"": 0.0}",canopy_dew_lt1,0.005250000000000088,-0.09995833255102238,639,conservative_stabilize_dew,0,{},{},False
"[""dew_risk"", ""humidity_or_dew_risk"", ""canopy_dew_margin_lt1""]",True,"{""u_co2"": 0.0, ""u_heating"": 0.01000000536441803, ""u_lighting"": 0.0, ""u_screen"": 0.0, ""u_shading"": 0.0, ""u_ventilation"": 0.0}",canopy_dew_lt1,0.0032499989271165264,-0.10195833362390594,639,conservative_stabilize_canopy_dew,0,{},{},False
"[""dew_risk"", ""humidity_or_dew_risk"", ""canopy_dew_margin_lt1""]",True,"{""u_co2"": 0.0, ""u_heating"": 0.0, ""u_lighting"": 0.0, ""u_screen"": 0.0, ""u_shading"": 0.06, ""u_ventilation"": -0.06}",canopy_dew_lt1,-0.0015000004470347994,-0.10670833299805726,639,conservative_stabilize_dry_vent_guard,0,{},{},False
"[""dew_risk"", ""humidity_or_dew_risk"", ""canopy_dew_margin_lt1""]",True,"{""u_co2"": 0.0, ""u_heating"": 0.0, ""u_lighting"": 0.0, ""u_screen"": 0.0, ""u_shading"": 0.06, ""u_ventilation"": -0.06}",canopy_dew_lt1,-0.0033750004470348705,-0.10858333299805734,640,conservative_stabilize_dry,0,{},{},False
"[""dew_risk"", ""humidity_or_dew_risk"", ""canopy_dew_margin_lt1""]",True,"{""u_co2"": 0.0, ""u_heating"": 0.0, ""u_lighting"": 0.0, ""u_screen"": 0.0, ""u_shading"": 0.06, ""u_ventilation"": -0.050000011920928955}",canopy_dew_lt1,-0.00187499999999996,-0.10708333255102243,640,conservative_stabilize_high_vpd,0,{},{},False
"[""dew_risk"", ""humidity_or_dew_risk"", ""canopy_dew_margin_lt1""]",True,"{""u_co2"": 0.0, ""u_heating"": 0.0, ""u_lighting"": 0.0, ""u_screen"": 0.0, ""u_shading"": 0.0, ""u_ventilation"": 0.0}",canopy_dew_lt1,0.005250000000000088,-0.09995833255102238,640,conservative_stabilize_dew,0,{},{},False
"[""dew_risk"", ""humidity_or_dew_risk"", ""canopy_dew_margin_lt1""]",True,"{""u_co2"": 0.0, ""u_heating"": 0.01000000536441803, ""u_lighting"": 0.0, ""u_screen"": 0.0, ""u_shading"": 0.0, ""u_ventilation"": 0.0}",canopy_dew_lt1,0.0032499989271165264,-0.10195833362390594,640,conservative_stabilize_canopy_dew,0,{},{},False
"[""dew_risk"", ""humidity_or_dew_risk"", ""canopy_dew_margin_lt1""]",True,"{""u_co2"": 0.0, ""u_heating"": 0.0, ""u_lighting"": 0.0, ""u_screen"": 0.0, ""u_shading"": 0.06, ""u_ventilation"": -0.06}",canopy_dew_lt1,-0.0015000004470347994,-0.10670833299805726,640,conservative_stabilize_dry_vent_guard,0,{},{},False
"[""dew_risk"", ""humidity_or_dew_risk"", ""canopy_dew_margin_lt1""]",True,"{""u_co2"": 0.0, ""u_heating"": 0.0, ""u_lighting"": 0.0, ""u_screen"": 0.0, ""u_shading"": 0.06, ""u_ventilation"": -0.06}",canopy_dew_lt1,-0.0033750004470348705,-0.10858333299805734,641,conservative_stabilize_dry,0,{},{},False
"[""dew_risk"", ""humidity_or_dew_risk"", ""canopy_dew_margin_lt1""]",True,"{""u_co2"": 0.0, ""u_heating"": 0.0, ""u_lighting"": 0.0, ""u_screen"": 0.0, ""u_shading"": 0.06, ""u_ventilation"": -0.050000011920928955}",canopy_dew_lt1,-0.00187499999999996,-0.10708333255102243,641,conservative_stabilize_high_vpd,0,{},{},False
"[""dew_risk"", ""humidity_or_dew_risk"", ""canopy_dew_margin_lt1""]",True,"{""u_co2"": 0.0, ""u_heating"": 0.0, ""u_lighting"": 0.0, ""u_screen"": 0.0, ""u_shading"": 0.0, ""u_ventilation"": 0.0}",canopy_dew_lt1,0.005250000000000088,-0.09995833255102238,641,conservative_stabilize_dew,0,{},{},False
"[""dew_risk"", ""humidity_or_dew_risk"", ""canopy_dew_margin_lt1""]",True,"{""u_co2"": 0.0, ""u_heating"": 0.01000000536441803, ""u_lighting"": 0.0, ""u_screen"": 0.0, ""u_shading"": 0.0, ""u_ventilation"": 0.0}",canopy_dew_lt1,0.0032499989271165264,-0.10195833362390594,641,conservative_stabilize_canopy_dew,0,{},{},False
"[""dew_risk"", ""humidity_or_dew_risk"", ""canopy_dew_margin_lt1""]",True,"{""u_co2"": 0.0, ""u_heating"": 0.0, ""u_lighting"": 0.0, ""u_screen"": 0.0, ""u_shading"": 0.06, ""u_ventilation"": -0.06}",canopy_dew_lt1,-0.0015000004470347994,-0.10670833299805726,641,conservative_stabilize_dry_vent_guard,0,{},{},False
"[""dew_risk"", ""humidity_or_dew_risk"", ""canopy_dew_margin_lt1""]",True,"{""u_co2"": 0.0, ""u_heating"": 0.0, ""u_lighting"": 0.0, ""u_screen"": 0.0, ""u_shading"": 0.06, ""u_ventilation"": -0.06}",canopy_dew_lt1,-0.0033750004470348705,-0.10858333299805734,642,conservative_stabilize_dry,0,{},{},False
"[""dew_risk"", ""humidity_or_dew_risk"", ""canopy_dew_margin_lt1""]",True,"{""u_co2"": 0.0, ""u_heating"": 0.0, ""u_lighting"": 0.0, ""u_screen"": 0.0, ""u_shading"": 0.06, ""u_ventilation"": -0.050000011920928955}",canopy_dew_lt1,-0.00187499999999996,-0.10708333255102243,642,conservative_stabilize_high_vpd,0,{},{},False
"[""dew_risk"", ""humidity_or_dew_risk"", ""canopy_dew_margin_lt1""]",True,"{""u_co2"": 0.0, ""u_heating"": 0.0, ""u_lighting"": 0.0, ""u_screen"": 0.0, ""u_shading"": 0.0, ""u_ventilation"": 0.0}",canopy_dew_lt1,0.005250000000000088,-0.09995833255102238,642,conservative_stabilize_dew,0,{},{},False
"[""dew_risk"", ""humidity_or_dew_risk"", ""canopy_dew_margin_lt1""]",True,"{""u_co2"": 0.0, ""u_heating"": 0.01000000536441803, ""u_lighting"": 0.0, ""u_screen"": 0.0, ""u_shading"": 0.0, ""u_ventilation"": 0.0}",canopy_dew_lt1,0.0032499989271165264,-0.10195833362390594,642,conservative_stabilize_canopy_dew,0,{},{},False
"[""dew_risk"", ""humidity_or_dew_risk"", ""canopy_dew_margin_lt1""]",True,"{""u_co2"": 0.0, ""u_heating"": 0.0, ""u_lighting"": 0.0, ""u_screen"": 0.0, ""u_shading"": 0.06, ""u_ventilation"": -0.06}",canopy_dew_lt1,-0.0015000004470347994,-0.10670833299805726,642,conservative_stabilize_dry_vent_guard,0,{},{},False
"[""dew_risk"", ""humidity_or_dew_risk"", ""canopy_dew_margin_lt1""]",True,"{""u_co2"": 0.0, ""u_heating"": 0.0, ""u_lighting"": 0.0, ""u_screen"": 0.0, ""u_shading"": 0.06, ""u_ventilation"": -0.06}",canopy_dew_lt1,-0.0033750004470348705,-0.10858333299805734,643,conservative_stabilize_dry,0,{},{},False
"[""dew_risk"", ""humidity_or_dew_risk"", ""canopy_dew_margin_lt1""]",True,"{""u_co2"": 0.0, ""u_heating"": 0.0, ""u_lighting"": 0.0, ""u_screen"": 0.0, ""u_shading"": 0.06, ""u_ventilation"": -0.050000011920928955}",canopy_dew_lt1,-0.00187499999999996,-0.10708333255102243,643,conservative_stabilize_high_vpd,0,{},{},False
"[""dew_risk"", ""humidity_or_dew_risk"", ""canopy_dew_margin_lt1""]",True,"{""u_co2"": 0.0, ""u_heating"": 0.0, ""u_lighting"": 0.0, ""u_screen"": 0.0, ""u_shading"": 0.0, ""u_ventilation"": 0.0}",canopy_dew_lt1,0.005250000000000088,-0.09995833255102238,643,conservative_stabilize_dew,0,{},{},False
"[""dew_risk"", ""humidity_or_dew_risk"", ""canopy_dew_margin_lt1""]",True,"{""u_co2"": 0.0, ""u_heating"": 0.01000000536441803, ""u_lighting"": 0.0, ""u_screen"": 0.0, ""u_shading"": 0.0, ""u_ventilation"": 0.0}",canopy_dew_lt1,0.0032499989271165264,-0.10195833362390594,643,conservative_stabilize_canopy_dew,0,{},{},False
"[""dew_risk"", ""humidity_or_dew_risk"", ""canopy_dew_margin_lt1""]",True,"{""u_co2"": 0.0, ""u_heating"": 0.0, ""u_lighting"": 0.0, ""u_screen"": 0.0, ""u_shading"": 0.06, ""u_ventilation"": -0.06}",canopy_dew_lt1,-0.0015000004470347994,-0.10670833299805726,643,conservative_stabilize_dry_vent_guard,0,{},{},False
"[""dew_risk"", ""humidity_or_dew_risk"", ""canopy_dew_margin_lt1""]",True,"{""u_co2"": 0.0, ""u_heating"": 0.0, ""u_lighting"": 0.0, ""u_screen"": 0.0, ""u_shading"": 0.06, ""u_ventilation"": -0.06}",canopy_dew_lt1,-0.0033750004470348705,-0.10858333299805734,644,conservative_stabilize_dry,0,{},{},False
"[""dew_risk"", ""humidity_or_dew_risk"", ""canopy_dew_margin_lt1""]",True,"{""u_co2"": 0.0, ""u_heating"": 0.0, ""u_lighting"": 0.0, ""u_screen"": 0.0, ""u_shading"": 0.06, ""u_ventilation"": -0.050000011920928955}",canopy_dew_lt1,-0.00187499999999996,-0.10708333255102243,644,conservative_stabilize_high_vpd,0,{},{},False
"[""dew_risk"", ""humidity_or_dew_risk"", ""canopy_dew_margin_lt1""]",True,"{""u_co2"": 0.0, ""u_heating"": 0.0, ""u_lighting"": 0.0, ""u_screen"": 0.0, ""u_shading"": 0.0, ""u_ventilation"": 0.0}",canopy_dew_lt1,0.005250000000000088,-0.09995833255102238,644,conservative_stabilize_dew,0,{},{},False
"[""dew_risk"", ""humidity_or_dew_risk"", ""canopy_dew_margin_lt1""]",True,"{""u_co2"": 0.0, ""u_heating"": 0.01000000536441803, ""u_lighting"": 0.0, ""u_screen"": 0.0, ""u_shading"": 0.0, ""u_ventilation"": 0.0}",canopy_dew_lt1,0.0032499989271165264,-0.10195833362390594,644,conservative_stabilize_canopy_dew,0,{},{},False
"[""dew_risk"", ""humidity_or_dew_risk"", ""canopy_dew_margin_lt1""]",True,"{""u_co2"": 0.0, ""u_heating"": 0.0, ""u_lighting"": 0.0, ""u_screen"": 0.0, ""u_shading"": 0.06, ""u_ventilation"": -0.06}",canopy_dew_lt1,-0.0015000004470347994,-0.10670833299805726,644,conservative_stabilize_dry_vent_guard,0,{},{},False
"[""dew_risk"", ""humidity_or_dew_risk"", ""canopy_dew_margin_lt1""]",True,"{""u_co2"": 0.0, ""u_heating"": 0.0, ""u_lighting"": 0.0, ""u_screen"": 0.0, ""u_shading"": 0.06, ""u_ventilation"": -0.06}",canopy_dew_lt1,-0.0033750004470348705,-0.10858333299805734,645,conservative_stabilize_dry,0,{},{},False
"[""dew_risk"", ""humidity_or_dew_risk"", ""canopy_dew_margin_lt1""]",True,"{""u_co2"": 0.0, ""u_heating"": 0.0, ""u_lighting"": 0.0, ""u_screen"": 0.0, ""u_shading"": 0.06, ""u_ventilation"": -0.050000011920928955}",canopy_dew_lt1,-0.00187499999999996,-0.10708333255102243,645,conservative_stabilize_high_vpd,0,{},{},False
"[""dew_risk"", ""humidity_or_dew_risk"", ""canopy_dew_margin_lt1""]",True,"{""u_co2"": 0.0, ""u_heating"": 0.0, ""u_lighting"": 0.0, ""u_screen"": 0.0, ""u_shading"": 0.0, ""u_ventilation"": 0.0}",canopy_dew_lt1,0.005250000000000088,-0.09995833255102238,645,conservative_stabilize_dew,0,{},{},False
"[""dew_risk"", ""humidity_or_dew_risk"", ""canopy_dew_margin_lt1""]",True,"{""u_co2"": 0.0, ""u_heating"": 0.01000000536441803, ""u_lighting"": 0.0, ""u_screen"": 0.0, ""u_shading"": 0.0, ""u_ventilation"": 0.0}",canopy_dew_lt1,0.0032499989271165264,-0.10195833362390594,645,conservative_stabilize_canopy_dew,0,{},{},False
"[""dew_risk"", ""humidity_or_dew_risk"", ""canopy_dew_margin_lt1""]",True,"{""u_co2"": 0.0, ""u_heating"": 0.0, ""u_lighting"": 0.0, ""u_screen"": 0.0, ""u_shading"": 0.06, ""u_ventilation"": -0.06}",canopy_dew_lt1,-0.0015000004470347994,-0.10670833299805726,645,conservative_stabilize_dry_vent_guard,0,{},{},False
"[""dew_risk"", ""humidity_or_dew_risk"", ""canopy_dew_margin_lt1""]",True,"{""u_co2"": 0.0, ""u_heating"": 0.0, ""u_lighting"": 0.0, ""u_screen"": 0.0, ""u_shading"": 0.06, ""u_ventilation"": -0.06}",canopy_dew_lt1,-0.0033750004470348705,-0.10858333299805734,646,conservative_stabilize_dry,0,{},{},False
"[""dew_risk"", ""humidity_or_dew_risk"", ""canopy_dew_margin_lt1""]",True,"{""u_co2"": 0.0, ""u_heating"": 0.0, ""u_lighting"": 0.0, ""u_screen"": 0.0, ""u_shading"": 0.06, ""u_ventilation"": -0.050000011920928955}",canopy_dew_lt1,-0.00187499999999996,-0.10708333255102243,646,conservative_stabilize_high_vpd,0,{},{},False
"[""dew_risk"", ""humidity_or_dew_risk"", ""canopy_dew_margin_lt1""]",True,"{""u_co2"": 0.0, ""u_heating"": 0.0, ""u_lighting"": 0.0, ""u_screen"": 0.0, ""u_shading"": 0.0, ""u_ventilation"": 0.0}",canopy_dew_lt1,0.005250000000000088,-0.09995833255102238,646,conservative_stabilize_dew,0,{},{},False
"[""dew_risk"", ""humidity_or_dew_risk"", ""canopy_dew_margin_lt1""]",True,"{""u_co2"": 0.0, ""u_heating"": 0.01000000536441803, ""u_lighting"": 0.0, ""u_screen"": 0.0, ""u_shading"": 0.0, ""u_ventilation"": 0.0}",canopy_dew_lt1,0.0032499989271165264,-0.10195833362390594,646,conservative_stabilize_canopy_dew,0,{},{},False
"[""dew_risk"", ""humidity_or_dew_risk"", ""canopy_dew_margin_lt1""]",True,"{""u_co2"": 0.0, ""u_heating"": 0.0, ""u_lighting"": 0.0, ""u_screen"": 0.0, ""u_shading"": 0.06, ""u_ventilation"": -0.06}",canopy_dew_lt1,-0.0015000004470347994,-0.10670833299805726,646,conservative_stabilize_dry_vent_guard,0,{},{},False
"[""dew_risk"", ""humidity_or_dew_risk"", ""canopy_dew_margin_lt1""]",True,"{""u_co2"": 0.0, ""u_heating"": 0.0, ""u_lighting"": 0.0, ""u_screen"": 0.0, ""u_shading"": 0.06, ""u_ventilation"": -0.06}",canopy_dew_lt1,-0.0033750004470348705,-0.10858333299805734,647,conservative_stabilize_dry,0,{},{},False
"[""dew_risk"", ""humidity_or_dew_risk"", ""canopy_dew_margin_lt1""]",True,"{""u_co2"": 0.0, ""u_heating"": 0.0, ""u_lighting"": 0.0, ""u_screen"": 0.0, ""u_shading"": 0.06, ""u_ventilation"": -0.050000011920928955}",canopy_dew_lt1,-0.00187499999999996,-0.10708333255102243,647,conservative_stabilize_high_vpd,0,{},{},False
"[""dew_risk"", ""humidity_or_dew_risk"", ""canopy_dew_margin_lt1""]",True,"{""u_co2"": 0.0, ""u_heating"": 0.0, ""u_lighting"": 0.0, ""u_screen"": 0.0, ""u_shading"": 0.0, ""u_ventilation"": 0.0}",canopy_dew_lt1,0.005250000000000088,-0.09995833255102238,647,conservative_stabilize_dew,0,{},{},False
"[""dew_risk"", ""humidity_or_dew_risk"", ""canopy_dew_margin_lt1""]",True,"{""u_co2"": 0.0, ""u_heating"": 0.01000000536441803, ""u_lighting"": 0.0, ""u_screen"": 0.0, ""u_shading"": 0.0, ""u_ventilation"": 0.0}",canopy_dew_lt1,0.0032499989271165264,-0.10195833362390594,647,conservative_stabilize_canopy_dew,0,{},{},False
"[""dew_risk"", ""humidity_or_dew_risk"", ""canopy_dew_margin_lt1""]",True,"{""u_co2"": 0.0, ""u_heating"": 0.0, ""u_lighting"": 0.0, ""u_screen"": 0.0, ""u_shading"": 0.06, ""u_ventilation"": -0.06}",canopy_dew_lt1,-0.0015000004470347994,-0.10670833299805726,647,conservative_stabilize_dry_vent_guard,0,{},{},False
"[""dew_risk"", ""humidity_or_dew_risk"", ""canopy_dew_margin_lt1""]",True,"{""u_co2"": 0.0, ""u_heating"": 0.0, ""u_lighting"": 0.0, ""u_screen"": 0.0, ""u_shading"": 0.06, ""u_ventilation"": -0.06}",canopy_dew_lt1,-0.0033750004470348705,-0.10670833322365103,648,conservative_stabilize_dry,0,{},{},False
"[""dew_risk"", ""humidity_or_dew_risk"", ""canopy_dew_margin_lt1""]",True,"{""u_co2"": 0.0, ""u_heating"": 0.0, ""u_lighting"": 0.0, ""u_screen"": 0.0, ""u_shading"": 0.06, ""u_ventilation"": -0.050000011920928955}",canopy_dew_lt1,-0.00187499999999996,-0.10520833277661612,648,conservative_stabilize_high_vpd,0,{},{},False
"[""dew_risk"", ""humidity_or_dew_risk"", ""canopy_dew_margin_lt1""]",True,"{""u_co2"": 0.0, ""u_heating"": 0.0, ""u_lighting"": 0.0, ""u_screen"": 0.0, ""u_shading"": 0.0, ""u_ventilation"": 0.0}",canopy_dew_lt1,0.005250000000000088,-0.09808333277661607,648,conservative_stabilize_dew,0,{},{},False
"[""dew_risk"", ""humidity_or_dew_risk"", ""canopy_dew_margin_lt1""]",True,"{""u_co2"": 0.0, ""u_heating"": 0.01000000536441803, ""u_lighting"": 0.0, ""u_screen"": 0.0, ""u_shading"": 0.0, ""u_ventilation"": 0.0}",canopy_dew_lt1,0.0032499989271165264,-0.10008333384949963,648,conservative_stabilize_canopy_dew,0,{},{},False
"[""dew_risk"", ""humidity_or_dew_risk"", ""canopy_dew_margin_lt1""]",True,"{""u_co2"": 0.0, ""u_heating"": 0.0, ""u_lighting"": 0.0, ""u_screen"": 0.0, ""u_shading"": 0.06, ""u_ventilation"": -0.06}",canopy_dew_lt1,-0.0015000004470347994,-0.10483333322365096,648,conservative_stabilize_dry_vent_guard,0,{},{},False
"[""dew_risk"", ""humidity_or_dew_risk"", ""canopy_dew_margin_lt1""]",True,"{""u_co2"": 0.0, ""u_heating"": 0.0, ""u_lighting"": 0.0, ""u_screen"": 0.0, ""u_shading"": 0.06, ""u_ventilation"": -0.06}",canopy_dew_lt1,-0.0033750004470348705,-0.09287499995737303,649,conservative_stabilize_dry,0,{},{},False
"[""dew_risk"", ""humidity_or_dew_risk"", ""canopy_dew_margin_lt1""]",True,"{""u_co2"": 0.0, ""u_heating"": 0.0, ""u_lighting"": 0.0, ""u_screen"": 0.0, ""u_shading"": 0.06, ""u_ventilation"": -0.050000011920928955}",canopy_dew_lt1,-0.00187499999999996,-0.09137499951033812,649,conservative_stabilize_high_vpd,0,{},{},False
"[""dew_risk"", ""humidity_or_dew_risk"", ""canopy_dew_margin_lt1""]",True,"{""u_co2"": 0.0, ""u_heating"": 0.0400000035762787, ""u_lighting"": 0.0, ""u_screen"": 0.0, ""u_shading"": 0.0, ""u_ventilation"": 0.0}",canopy_dew_lt1,-0.0027500007152556627,-0.09225000022559382,649,conservative_stabilize_dew,0,{},{},False
"[""dew_risk"", ""humidity_or_dew_risk"", ""canopy_dew_margin_lt1""]",True,"{""u_co2"": 0.0, ""u_heating"": 0.06, ""u_lighting"": 0.0, ""u_screen"": 0.0, ""u_shading"": 0.0, ""u_ventilation"": 0.0}",canopy_dew_lt1,-0.013375000789761615,-0.10287500030009977,649,conservative_stabilize_canopy_dew,0,{},{},False
"[""dew_risk"", ""humidity_or_dew_risk"", ""canopy_dew_margin_lt1""]",True,"{""u_co2"": 0.0, ""u_heating"": 0.0, ""u_lighting"": 0.0, ""u_screen"": 0.0, ""u_shading"": 0.06, ""u_ventilation"": -0.06}",canopy_dew_lt1,-0.0015000004470347994,-0.09099999995737296,649,conservative_stabilize_dry_vent_guard,0,{},{},False
"[""dew_risk"", ""humidity_or_dew_risk"", ""canopy_dew_margin_lt1""]",True,"{""u_co2"": 0.0, ""u_heating"": 0.0, ""u_lighting"": 0.0, ""u_screen"": 0.0, ""u_shading"": 0.06, ""u_ventilation"": -0.06}",canopy_dew_lt1,-0.0033750004470348705,-0.09287499995737303,650,conservative_stabilize_dry,0,{},{},False
"[""dew_risk"", ""humidity_or_dew_risk"", ""canopy_dew_margin_lt1""]",True,"{""u_co2"": 0.0, ""u_heating"": 0.0, ""u_lighting"": 0.0, ""u_screen"": 0.0, ""u_shading"": 0.06, ""u_ventilation"": -0.050000011920928955}",canopy_dew_lt1,-0.00187499999999996,-0.09137499951033812,650,conservative_stabilize_high_vpd,0,{},{},False
"[""dew_risk"", ""humidity_or_dew_risk"", ""canopy_dew_margin_lt1""]",True,"{""u_co2"": 0.0, ""u_heating"": 0.0400000035762787, ""u_lighting"": 0.0, ""u_screen"": 0.0, ""u_shading"": 0.0, ""u_ventilation"": 0.0}",canopy_dew_lt1,-0.0027500007152556627,-0.09225000022559382,650,conservative_stabilize_dew,0,{},{},False
"[""dew_risk"", ""humidity_or_dew_risk"", ""canopy_dew_margin_lt1""]",True,"{""u_co2"": 0.0, ""u_heating"": 0.06, ""u_lighting"": 0.0, ""u_screen"": 0.0, ""u_shading"": 0.0, ""u_ventilation"": 0.0}",canopy_dew_lt1,-0.013375000789761615,-0.10287500030009977,650,conservative_stabilize_canopy_dew,0,{},{},False
"[""dew_risk"", ""humidity_or_dew_risk"", ""canopy_dew_margin_lt1""]",True,"{""u_co2"": 0.0, ""u_heating"": 0.0, ""u_lighting"": 0.0, ""u_screen"": 0.0, ""u_shading"": 0.06, ""u_ventilation"": -0.06}",canopy_dew_lt1,-0.0015000004470347994,-0.09099999995737296,650,conservative_stabilize_dry_vent_guard,0,{},{},False
"[""dew_risk"", ""humidity_or_dew_risk"", ""canopy_dew_margin_lt1""]",True,"{""u_co2"": 0.0, ""u_heating"": 0.0, ""u_lighting"": 0.0, ""u_screen"": 0.0, ""u_shading"": 0.06, ""u_ventilation"": -0.06}",canopy_dew_lt1,-0.0033750004470348705,-0.10670833322365103,651,conservative_stabilize_dry,0,{},{},False
"[""dew_risk"", ""humidity_or_dew_risk"", ""canopy_dew_margin_lt1""]",True,"{""u_co2"": 0.0, ""u_heating"": 0.0, ""u_lighting"": 0.0, ""u_screen"": 0.0, ""u_shading"": 0.06, ""u_ventilation"": -0.050000011920928955}",canopy_dew_lt1,-0.00187499999999996,-0.10520833277661612,651,conservative_stabilize_high_vpd,0,{},{},False
"[""dew_risk"", ""humidity_or_dew_risk"", ""canopy_dew_margin_lt1""]",True,"{""u_co2"": 0.0, ""u_heating"": 0.0, ""u_lighting"": 0.0, ""u_screen"": 0.0, ""u_shading"": 0.0, ""u_ventilation"": 0.0}",canopy_dew_lt1,0.005250000000000088,-0.09808333277661607,651,conservative_stabilize_dew,0,{},{},False
"[""dew_risk"", ""humidity_or_dew_risk"", ""canopy_dew_margin_lt1""]",True,"{""u_co2"": 0.0, ""u_heating"": 0.01000000536441803, ""u_lighting"": 0.0, ""u_screen"": 0.0, ""u_shading"": 0.0, ""u_ventilation"": 0.0}",canopy_dew_lt1,0.0032499989271165264,-0.10008333384949963,651,conservative_stabilize_canopy_dew,0,{},{},False
"[""dew_risk"", ""humidity_or_dew_risk"", ""canopy_dew_margin_lt1""]",True,"{""u_co2"": 0.0, ""u_heating"": 0.0, ""u_lighting"": 0.0, ""u_screen"": 0.0, ""u_shading"": 0.06, ""u_ventilation"": -0.06}",canopy_dew_lt1,-0.0015000004470347994,-0.10483333322365096,651,conservative_stabilize_dry_vent_guard,0,{},{},False
"[""dew_risk"", ""humidity_or_dew_risk"", ""canopy_dew_margin_lt1""]",True,"{""u_co2"": 0.0, ""u_heating"": 0.0, ""u_lighting"": 0.0, ""u_screen"": 0.0, ""u_shading"": 0.06, ""u_ventilation"": -0.06}",canopy_dew_lt1,-0.0033750004470348705,-0.10670833322365103,652,conservative_stabilize_dry,0,{},{},False
"[""dew_risk"", ""humidity_or_dew_risk"", ""canopy_dew_margin_lt1""]",True,"{""u_co2"": 0.0, ""u_heating"": 0.0, ""u_lighting"": 0.0, ""u_screen"": 0.0, ""u_shading"": 0.06, ""u_ventilation"": -0.050000011920928955}",canopy_dew_lt1,-0.00187499999999996,-0.10520833277661612,652,conservative_stabilize_high_vpd,0,{},{},False
"[""dew_risk"", ""humidity_or_dew_risk"", ""canopy_dew_margin_lt1""]",True,"{""u_co2"": 0.0, ""u_heating"": 0.0, ""u_lighting"": 0.0, ""u_screen"": 0.0, ""u_shading"": 0.0, ""u_ventilation"": 0.0}",canopy_dew_lt1,0.005250000000000088,-0.09808333277661607,652,conservative_stabilize_dew,0,{},{},False
"[""dew_risk"", ""humidity_or_dew_risk"", ""canopy_dew_margin_lt1""]",True,"{""u_co2"": 0.0, ""u_heating"": 0.01000000536441803, ""u_lighting"": 0.0, ""u_screen"": 0.0, ""u_shading"": 0.0, ""u_ventilation"": 0.0}",canopy_dew_lt1,0.0032499989271165264,-0.10008333384949963,652,conservative_stabilize_canopy_dew,0,{},{},False
"[""dew_risk"", ""humidity_or_dew_risk"", ""canopy_dew_margin_lt1""]",True,"{""u_co2"": 0.0, ""u_heating"": 0.0, ""u_lighting"": 0.0, ""u_screen"": 0.0, ""u_shading"": 0.06, ""u_ventilation"": -0.06}",canopy_dew_lt1,-0.0015000004470347994,-0.10483333322365096,652,conservative_stabilize_dry_vent_guard,0,{},{},False
"[""dew_risk"", ""humidity_or_dew_risk"", ""canopy_dew_margin_lt1""]",True,"{""u_co2"": 0.0, ""u_heating"": 0.0, ""u_lighting"": 0.0, ""u_screen"": 0.0, ""u_shading"": 0.06, ""u_ventilation"": -0.06}",canopy_dew_lt1,-0.0033750004470348705,-0.10670833322365103,653,conservative_stabilize_dry,0,{},{},False
"[""dew_risk"", ""humidity_or_dew_risk"", ""canopy_dew_margin_lt1""]",True,"{""u_co2"": 0.0, ""u_heating"": 0.0, ""u_lighting"": 0.0, ""u_screen"": 0.0, ""u_shading"": 0.06, ""u_ventilation"": -0.050000011920928955}",canopy_dew_lt1,-0.00187499999999996,-0.10520833277661612,653,conservative_stabilize_high_vpd,0,{},{},False
"[""dew_risk"", ""humidity_or_dew_risk"", ""canopy_dew_margin_lt1""]",True,"{""u_co2"": 0.0, ""u_heating"": 0.0, ""u_lighting"": 0.0, ""u_screen"": 0.0, ""u_shading"": 0.0, ""u_ventilation"": 0.0}",canopy_dew_lt1,0.005250000000000088,-0.09808333277661607,653,conservative_stabilize_dew,0,{},{},False
"[""dew_risk"", ""humidity_or_dew_risk"", ""canopy_dew_margin_lt1""]",True,"{""u_co2"": 0.0, ""u_heating"": 0.01000000536441803, ""u_lighting"": 0.0, ""u_screen"": 0.0, ""u_shading"": 0.0, ""u_ventilation"": 0.0}",canopy_dew_lt1,0.0032499989271165264,-0.10008333384949963,653,conservative_stabilize_canopy_dew,0,{},{},False
"[""dew_risk"", ""humidity_or_dew_risk"", ""canopy_dew_margin_lt1""]",True,"{""u_co2"": 0.0, ""u_heating"": 0.0, ""u_lighting"": 0.0, ""u_screen"": 0.0, ""u_shading"": 0.06, ""u_ventilation"": -0.06}",canopy_dew_lt1,-0.0015000004470347994,-0.10483333322365096,653,conservative_stabilize_dry_vent_guard,0,{},{},False
"[""dew_risk"", ""humidity_or_dew_risk"", ""canopy_dew_margin_lt1""]",True,"{""u_co2"": 0.0, ""u_heating"": 0.0, ""u_lighting"": 0.0, ""u_screen"": 0.0, ""u_shading"": 0.06, ""u_ventilation"": -0.06}",canopy_dew_lt1,-0.0033750004470348705,-0.10670833322365103,654,conservative_stabilize_dry,0,{},{},False
"[""dew_risk"", ""humidity_or_dew_risk"", ""canopy_dew_margin_lt1""]",True,"{""u_co2"": 0.0, ""u_heating"": 0.0, ""u_lighting"": 0.0, ""u_screen"": 0.0, ""u_shading"": 0.06, ""u_ventilation"": -0.050000011920928955}",canopy_dew_lt1,-0.00187499999999996,-0.10520833277661612,654,conservative_stabilize_high_vpd,0,{},{},False
"[""dew_risk"", ""humidity_or_dew_risk"", ""canopy_dew_margin_lt1""]",True,"{""u_co2"": 0.0, ""u_heating"": 0.0, ""u_lighting"": 0.0, ""u_screen"": 0.0, ""u_shading"": 0.0, ""u_ventilation"": 0.0}",canopy_dew_lt1,0.005250000000000088,-0.09808333277661607,654,conservative_stabilize_dew,0,{},{},False
"[""dew_risk"", ""humidity_or_dew_risk"", ""canopy_dew_margin_lt1""]",True,"{""u_co2"": 0.0, ""u_heating"": 0.01000000536441803, ""u_lighting"": 0.0, ""u_screen"": 0.0, ""u_shading"": 0.0, ""u_ventilation"": 0.0}",canopy_dew_lt1,0.0032499989271165264,-0.10008333384949963,654,conservative_stabilize_canopy_dew,0,{},{},False
"[""dew_risk"", ""humidity_or_dew_risk"", ""canopy_dew_margin_lt1""]",True,"{""u_co2"": 0.0, ""u_heating"": 0.0, ""u_lighting"": 0.0, ""u_screen"": 0.0, ""u_shading"": 0.06, ""u_ventilation"": -0.06}",canopy_dew_lt1,-0.0015000004470347994,-0.10483333322365096,654,conservative_stabilize_dry_vent_guard,0,{},{},False
"[""dew_risk"", ""humidity_or_dew_risk"", ""canopy_dew_margin_lt1""]",True,"{""u_co2"": 0.0, ""u_heating"": 0.0, ""u_lighting"": 0.0, ""u_screen"": 0.0, ""u_shading"": 0.06, ""u_ventilation"": -0.06}",canopy_dew_lt1,-0.0033750004470348705,-0.10670833322365103,655,conservative_stabilize_dry,0,{},{},False
"[""dew_risk"", ""humidity_or_dew_risk"", ""canopy_dew_margin_lt1""]",True,"{""u_co2"": 0.0, ""u_heating"": 0.0, ""u_lighting"": 0.0, ""u_screen"": 0.0, ""u_shading"": 0.06, ""u_ventilation"": -0.050000011920928955}",canopy_dew_lt1,-0.00187499999999996,-0.10520833277661612,655,conservative_stabilize_high_vpd,0,{},{},False
"[""dew_risk"", ""humidity_or_dew_risk"", ""canopy_dew_margin_lt1""]",True,"{""u_co2"": 0.0, ""u_heating"": 0.0, ""u_lighting"": 0.0, ""u_screen"": 0.0, ""u_shading"": 0.0, ""u_ventilation"": 0.0}",canopy_dew_lt1,0.005250000000000088,-0.09808333277661607,655,conservative_stabilize_dew,0,{},{},False
"[""dew_risk"", ""humidity_or_dew_risk"", ""canopy_dew_margin_lt1""]",True,"{""u_co2"": 0.0, ""u_heating"": 0.01000000536441803, ""u_lighting"": 0.0, ""u_screen"": 0.0, ""u_shading"": 0.0, ""u_ventilation"": 0.0}",canopy_dew_lt1,0.0032499989271165264,-0.10008333384949963,655,conservative_stabilize_canopy_dew,0,{},{},False
"[""dew_risk"", ""humidity_or_dew_risk"", ""canopy_dew_margin_lt1""]",True,"{""u_co2"": 0.0, ""u_heating"": 0.0, ""u_lighting"": 0.0, ""u_screen"": 0.0, ""u_shading"": 0.06, ""u_ventilation"": -0.06}",canopy_dew_lt1,-0.0015000004470347994,-0.10483333322365096,655,conservative_stabilize_dry_vent_guard,0,{},{},False
"[""dew_risk"", ""humidity_or_dew_risk"", ""canopy_dew_margin_lt1""]",True,"{""u_co2"": 0.0, ""u_heating"": 0.0, ""u_lighting"": 0.0, ""u_screen"": 0.0, ""u_shading"": 0.06, ""u_ventilation"": -0.06}",canopy_dew_lt1,-0.0033750004470348705,-0.09287499995737303,656,conservative_stabilize_dry,0,{},{},False
"[""dew_risk"", ""humidity_or_dew_risk"", ""canopy_dew_margin_lt1""]",True,"{""u_co2"": 0.0, ""u_heating"": 0.0, ""u_lighting"": 0.0, ""u_screen"": 0.0, ""u_shading"": 0.06, ""u_ventilation"": -0.050000011920928955}",canopy_dew_lt1,-0.00187499999999996,-0.09137499951033812,656,conservative_stabilize_high_vpd,0,{},{},False
"[""dew_risk"", ""humidity_or_dew_risk"", ""canopy_dew_margin_lt1""]",True,"{""u_co2"": 0.0, ""u_heating"": 0.0400000035762787, ""u_lighting"": 0.0, ""u_screen"": 0.0, ""u_shading"": 0.0, ""u_ventilation"": 0.0}",canopy_dew_lt1,-0.0027500007152556627,-0.09225000022559382,656,conservative_stabilize_dew,0,{},{},False
"[""dew_risk"", ""humidity_or_dew_risk"", ""canopy_dew_margin_lt1""]",True,"{""u_co2"": 0.0, ""u_heating"": 0.06, ""u_lighting"": 0.0, ""u_screen"": 0.0, ""u_shading"": 0.0, ""u_ventilation"": 0.0}",canopy_dew_lt1,-0.013375000789761615,-0.10287500030009977,656,conservative_stabilize_canopy_dew,0,{},{},False
"[""dew_risk"", ""humidity_or_dew_risk"", ""canopy_dew_margin_lt1""]",True,"{""u_co2"": 0.0, ""u_heating"": 0.0, ""u_lighting"": 0.0, ""u_screen"": 0.0, ""u_shading"": 0.06, ""u_ventilation"": -0.06}",canopy_dew_lt1,-0.0015000004470347994,-0.09099999995737296,656,conservative_stabilize_dry_vent_guard,0,{},{},False
"[""dew_risk"", ""humidity_or_dew_risk"", ""canopy_dew_margin_lt1""]",True,"{""u_co2"": 0.0, ""u_heating"": 0.0, ""u_lighting"": 0.0, ""u_screen"": 0.0, ""u_shading"": 0.06, ""u_ventilation"": -0.06}",canopy_dew_lt1,-0.0033750004470348705,-0.10670833322365103,657,conservative_stabilize_dry,0,{},{},False
"[""dew_risk"", ""humidity_or_dew_risk"", ""canopy_dew_margin_lt1""]",True,"{""u_co2"": 0.0, ""u_heating"": 0.0, ""u_lighting"": 0.0, ""u_screen"": 0.0, ""u_shading"": 0.06, ""u_ventilation"": -0.050000011920928955}",canopy_dew_lt1,-0.00187499999999996,-0.10520833277661612,657,conservative_stabilize_high_vpd,0,{},{},False
"[""dew_risk"", ""humidity_or_dew_risk"", ""canopy_dew_margin_lt1""]",True,"{""u_co2"": 0.0, ""u_heating"": 0.0, ""u_lighting"": 0.0, ""u_screen"": 0.0, ""u_shading"": 0.0, ""u_ventilation"": 0.0}",canopy_dew_lt1,0.005250000000000088,-0.09808333277661607,657,conservative_stabilize_dew,0,{},{},False
"[""dew_risk"", ""humidity_or_dew_risk"", ""canopy_dew_margin_lt1""]",True,"{""u_co2"": 0.0, ""u_heating"": 0.01000000536441803, ""u_lighting"": 0.0, ""u_screen"": 0.0, ""u_shading"": 0.0, ""u_ventilation"": 0.0}",canopy_dew_lt1,0.0032499989271165264,-0.10008333384949963,657,conservative_stabilize_canopy_dew,0,{},{},False
"[""dew_risk"", ""humidity_or_dew_risk"", ""canopy_dew_margin_lt1""]",True,"{""u_co2"": 0.0, ""u_heating"": 0.0, ""u_lighting"": 0.0, ""u_screen"": 0.0, ""u_shading"": 0.06, ""u_ventilation"": -0.06}",canopy_dew_lt1,-0.0015000004470347994,-0.10483333322365096,657,conservative_stabilize_dry_vent_guard,0,{},{},False
"[""dew_risk"", ""humidity_or_dew_risk"", ""canopy_dew_margin_lt1""]",True,"{""u_co2"": 0.0, ""u_heating"": 0.0, ""u_lighting"": 0.0, ""u_screen"": 0.0, ""u_shading"": 0.06, ""u_ventilation"": -0.06}",canopy_dew_lt1,-0.0033750004470348705,-0.10670833322365103,658,conservative_stabilize_dry,0,{},{},False
"[""dew_risk"", ""humidity_or_dew_risk"", ""canopy_dew_margin_lt1""]",True,"{""u_co2"": 0.0, ""u_heating"": 0.0, ""u_lighting"": 0.0, ""u_screen"": 0.0, ""u_shading"": 0.06, ""u_ventilation"": -0.050000011920928955}",canopy_dew_lt1,-0.00187499999999996,-0.10520833277661612,658,conservative_stabilize_high_vpd,0,{},{},False
"[""dew_risk"", ""humidity_or_dew_risk"", ""canopy_dew_margin_lt1""]",True,"{""u_co2"": 0.0, ""u_heating"": 0.0, ""u_lighting"": 0.0, ""u_screen"": 0.0, ""u_shading"": 0.0, ""u_ventilation"": 0.0}",canopy_dew_lt1,0.005250000000000088,-0.09808333277661607,658,conservative_stabilize_dew,0,{},{},False
"[""dew_risk"", ""humidity_or_dew_risk"", ""canopy_dew_margin_lt1""]",True,"{""u_co2"": 0.0, ""u_heating"": 0.01000000536441803, ""u_lighting"": 0.0, ""u_screen"": 0.0, ""u_shading"": 0.0, ""u_ventilation"": 0.0}",canopy_dew_lt1,0.0032499989271165264,-0.10008333384949963,658,conservative_stabilize_canopy_dew,0,{},{},False
"[""dew_risk"", ""humidity_or_dew_risk"", ""canopy_dew_margin_lt1""]",True,"{""u_co2"": 0.0, ""u_heating"": 0.0, ""u_lighting"": 0.0, ""u_screen"": 0.0, ""u_shading"": 0.06, ""u_ventilation"": -0.06}",canopy_dew_lt1,-0.0015000004470347994,-0.10483333322365096,658,conservative_stabilize_dry_vent_guard,0,{},{},False
"[""dew_risk"", ""humidity_or_dew_risk"", ""canopy_dew_margin_lt1""]",True,"{""u_co2"": 0.0, ""u_heating"": 0.0, ""u_lighting"": 0.0, ""u_screen"": 0.0, ""u_shading"": 0.06, ""u_ventilation"": -0.06}",canopy_dew_lt1,-0.0033750004470348705,-0.10670833322365103,659,conservative_stabilize_dry,0,{},{},False
"[""dew_risk"", ""humidity_or_dew_risk"", ""canopy_dew_margin_lt1""]",True,"{""u_co2"": 0.0, ""u_heating"": 0.0, ""u_lighting"": 0.0, ""u_screen"": 0.0, ""u_shading"": 0.06, ""u_ventilation"": -0.050000011920928955}",canopy_dew_lt1,-0.00187499999999996,-0.10520833277661612,659,conservative_stabilize_high_vpd,0,{},{},False
"[""dew_risk"", ""humidity_or_dew_risk"", ""canopy_dew_margin_lt1""]",True,"{""u_co2"": 0.0, ""u_heating"": 0.0, ""u_lighting"": 0.0, ""u_screen"": 0.0, ""u_shading"": 0.0, ""u_ventilation"": 0.0}",canopy_dew_lt1,0.005250000000000088,-0.09808333277661607,659,conservative_stabilize_dew,0,{},{},False
"[""dew_risk"", ""humidity_or_dew_risk"", ""canopy_dew_margin_lt1""]",True,"{""u_co2"": 0.0, ""u_heating"": 0.01000000536441803, ""u_lighting"": 0.0, ""u_screen"": 0.0, ""u_shading"": 0.0, ""u_ventilation"": 0.0}",canopy_dew_lt1,0.0032499989271165264,-0.10008333384949963,659,conservative_stabilize_canopy_dew,0,{},{},False
"[""dew_risk"", ""humidity_or_dew_risk"", ""canopy_dew_margin_lt1""]",True,"{""u_co2"": 0.0, ""u_heating"": 0.0, ""u_lighting"": 0.0, ""u_screen"": 0.0, ""u_shading"": 0.06, ""u_ventilation"": -0.06}",canopy_dew_lt1,-0.0015000004470347994,-0.10483333322365096,659,conservative_stabilize_dry_vent_guard,0,{},{},False
"[""dew_risk"", ""humidity_or_dew_risk"", ""canopy_dew_margin_lt1""]",True,"{""u_co2"": 0.0, ""u_heating"": 0.0, ""u_lighting"": 0.0, ""u_screen"": 0.0, ""u_shading"": 0.06, ""u_ventilation"": -0.06}",canopy_dew_lt1,-0.0033750004470348705,-0.10670833322365103,660,conservative_stabilize_dry,0,{},{},False
"[""dew_risk"", ""humidity_or_dew_risk"", ""canopy_dew_margin_lt1""]",True,"{""u_co2"": 0.0, ""u_heating"": 0.0, ""u_lighting"": 0.0, ""u_screen"": 0.0, ""u_shading"": 0.06, ""u_ventilation"": -0.050000011920928955}",canopy_dew_lt1,-0.00187499999999996,-0.10520833277661612,660,conservative_stabilize_high_vpd,0,{},{},False
"[""dew_risk"", ""humidity_or_dew_risk"", ""canopy_dew_margin_lt1""]",True,"{""u_co2"": 0.0, ""u_heating"": 0.0, ""u_lighting"": 0.0, ""u_screen"": 0.0, ""u_shading"": 0.0, ""u_ventilation"": 0.0}",canopy_dew_lt1,0.005250000000000088,-0.09808333277661607,660,conservative_stabilize_dew,0,{},{},False
"[""dew_risk"", ""humidity_or_dew_risk"", ""canopy_dew_margin_lt1""]",True,"{""u_co2"": 0.0, ""u_heating"": 0.01000000536441803, ""u_lighting"": 0.0, ""u_screen"": 0.0, ""u_shading"": 0.0, ""u_ventilation"": 0.0}",canopy_dew_lt1,0.0032499989271165264,-0.10008333384949963,660,conservative_stabilize_canopy_dew,0,{},{},False
"[""dew_risk"", ""humidity_or_dew_risk"", ""canopy_dew_margin_lt1""]",True,"{""u_co2"": 0.0, ""u_heating"": 0.0, ""u_lighting"": 0.0, ""u_screen"": 0.0, ""u_shading"": 0.06, ""u_ventilation"": -0.06}",canopy_dew_lt1,-0.0015000004470347994,-0.10483333322365096,660,conservative_stabilize_dry_vent_guard,0,{},{},False
"[""humidity_or_dew_risk""]",True,"{""u_co2"": 0.0, ""u_heating"": 0.0, ""u_lighting"": 0.0, ""u_screen"": 0.0, ""u_shading"": 0.06, ""u_ventilation"": -0.06}",dew_or_humidity,-0.0033750004470348705,-0.10670833322365103,661,conservative_stabilize_dry,0,{},{},False
"[""humidity_or_dew_risk""]",True,"{""u_co2"": 0.0, ""u_heating"": 0.0, ""u_lighting"": 0.0, ""u_screen"": 0.0, ""u_shading"": 0.06, ""u_ventilation"": -0.050000011920928955}",dew_or_humidity,-0.00187499999999996,-0.10520833277661612,661,conservative_stabilize_high_vpd,0,{},{},False
"[""humidity_or_dew_risk""]",True,"{""u_co2"": 0.0, ""u_heating"": 0.0, ""u_lighting"": 0.0, ""u_screen"": 0.0, ""u_shading"": 0.0, ""u_ventilation"": 0.0}",dew_or_humidity,0.005250000000000088,-0.09808333277661607,661,conservative_stabilize_dew,0,{},{},False
"[""humidity_or_dew_risk""]",True,"{""u_co2"": 0.0, ""u_heating"": 0.01000000536441803, ""u_lighting"": 0.0, ""u_screen"": 0.0, ""u_shading"": 0.0, ""u_ventilation"": 0.0}",dew_or_humidity,0.0032499989271165264,-0.10008333384949963,661,conservative_stabilize_canopy_dew,0,{},{},False
"[""humidity_or_dew_risk""]",True,"{""u_co2"": 0.0, ""u_heating"": 0.0, ""u_lighting"": 0.0, ""u_screen"": 0.0, ""u_shading"": 0.06, ""u_ventilation"": -0.06}",dew_or_humidity,-0.0015000004470347994,-0.10483333322365096,661,conservative_stabilize_dry_vent_guard,0,{},{},False
"[""humidity_or_dew_risk""]",True,"{""u_co2"": 0.0, ""u_heating"": 0.0, ""u_lighting"": 0.0, ""u_screen"": 0.0, ""u_shading"": 0.06, ""u_ventilation"": -0.06}",dew_or_humidity,-0.0033750004470348705,-0.10670833322365103,662,conservative_stabilize_dry,0,{},{},False
"[""humidity_or_dew_risk""]",True,"{""u_co2"": 0.0, ""u_heating"": 0.0, ""u_lighting"": 0.0, ""u_screen"": 0.0, ""u_shading"": 0.06, ""u_ventilation"": -0.050000011920928955}",dew_or_humidity,-0.00187499999999996,-0.10520833277661612,662,conservative_stabilize_high_vpd,0,{},{},False
"[""humidity_or_dew_risk""]",True,"{""u_co2"": 0.0, ""u_heating"": 0.0, ""u_lighting"": 0.0, ""u_screen"": 0.0, ""u_shading"": 0.0, ""u_ventilation"": 0.0}",dew_or_humidity,0.005250000000000088,-0.09808333277661607,662,conservative_stabilize_dew,0,{},{},False
"[""humidity_or_dew_risk""]",True,"{""u_co2"": 0.0, ""u_heating"": 0.01000000536441803, ""u_lighting"": 0.0, ""u_screen"": 0.0, ""u_shading"": 0.0, ""u_ventilation"": 0.0}",dew_or_humidity,0.0032499989271165264,-0.10008333384949963,662,conservative_stabilize_canopy_dew,0,{},{},False
"[""humidity_or_dew_risk""]",True,"{""u_co2"": 0.0, ""u_heating"": 0.0, ""u_lighting"": 0.0, ""u_screen"": 0.0, ""u_shading"": 0.06, ""u_ventilation"": -0.06}",dew_or_humidity,-0.0015000004470347994,-0.10483333322365096,662,conservative_stabilize_dry_vent_guard,0,{},{},False
"[""humidity_or_dew_risk""]",True,"{""u_co2"": 0.0, ""u_heating"": 0.0, ""u_lighting"": 0.0, ""u_screen"": 0.0, ""u_shading"": 0.06, ""u_ventilation"": -0.06}",dew_or_humidity,-0.0033750004470348705,-0.10670833322365103,663,conservative_stabilize_dry,0,{},{},False
"[""humidity_or_dew_risk""]",True,"{""u_co2"": 0.0, ""u_heating"": 0.0, ""u_lighting"": 0.0, ""u_screen"": 0.0, ""u_shading"": 0.06, ""u_ventilation"": -0.050000011920928955}",dew_or_humidity,-0.00187499999999996,-0.10520833277661612,663,conservative_stabilize_high_vpd,0,{},{},False
"[""humidity_or_dew_risk""]",True,"{""u_co2"": 0.0, ""u_heating"": 0.0, ""u_lighting"": 0.0, ""u_screen"": 0.0, ""u_shading"": 0.0, ""u_ventilation"": 0.0}",dew_or_humidity,0.005250000000000088,-0.09808333277661607,663,conservative_stabilize_dew,0,{},{},False
"[""humidity_or_dew_risk""]",True,"{""u_co2"": 0.0, ""u_heating"": 0.01000000536441803, ""u_lighting"": 0.0, ""u_screen"": 0.0, ""u_shading"": 0.0, ""u_ventilation"": 0.0}",dew_or_humidity,0.0032499989271165264,-0.10008333384949963,663,conservative_stabilize_canopy_dew,0,{},{},False
"[""humidity_or_dew_risk""]",True,"{""u_co2"": 0.0, ""u_heating"": 0.0, ""u_lighting"": 0.0, ""u_screen"": 0.0, ""u_shading"": 0.06, ""u_ventilation"": -0.06}",dew_or_humidity,-0.0015000004470347994,-0.10483333322365096,663,conservative_stabilize_dry_vent_guard,0,{},{},False
"[""humidity_or_dew_risk""]",True,"{""u_co2"": 0.0, ""u_heating"": 0.0, ""u_lighting"": 0.0, ""u_screen"": 0.0, ""u_shading"": 0.06, ""u_ventilation"": -0.06000000000000005}",dew_or_humidity,-0.005624999999999991,-0.10408333349187193,664,conservative_stabilize_dry,0,{},{},False
"[""humidity_or_dew_risk""]",True,"{""u_co2"": 0.0, ""u_heating"": 0.0, ""u_lighting"": 0.0, ""u_screen"": 0.0, ""u_shading"": 0.06, ""u_ventilation"": -0.06000000000000005}",dew_or_humidity,-0.00374999999999992,-0.10220833349187186,664,conservative_stabilize_high_vpd,0,{},{},False
"[""humidity_or_dew_risk""]",True,"{""u_co2"": 0.0, ""u_heating"": 0.0, ""u_lighting"": 0.0, ""u_screen"": 0.0, ""u_shading"": 0.0, ""u_ventilation"": 0.0}",dew_or_humidity,0.008624999552965251,-0.08983333393890669,664,conservative_stabilize_dew,0,{},{},False
"[""humidity_or_dew_risk""]",True,"{""u_co2"": 0.0, ""u_heating"": 0.01000000536441803, ""u_lighting"": 0.0, ""u_screen"": 0.0, ""u_shading"": 0.0, ""u_ventilation"": -0.04999998807907102}",dew_or_humidity,0.00662499848008169,-0.09183333501179025,664,conservative_stabilize_canopy_dew,0,{},{},False
"[""humidity_or_dew_risk""]",True,"{""u_co2"": 0.0, ""u_heating"": 0.0, ""u_lighting"": 0.0, ""u_screen"": 0.0, ""u_shading"": 0.06, ""u_ventilation"": -0.06000000000000005}",dew_or_humidity,-0.00374999999999992,-0.10220833349187186,664,conservative_stabilize_dry_vent_guard,0,{},{},False
"[""humidity_or_dew_risk""]",True,"{""u_co2"": 0.0, ""u_heating"": 0.0, ""u_lighting"": 0.0, ""u_screen"": 0.0, ""u_shading"": 0.06, ""u_ventilation"": -0.06000000000000005}",dew_or_humidity,-0.005624999999999991,-0.10408333349187193,665,conservative_stabilize_dry,0,{},{},False
"[""humidity_or_dew_risk""]",True,"{""u_co2"": 0.0, ""u_heating"": 0.0, ""u_lighting"": 0.0, ""u_screen"": 0.0, ""u_shading"": 0.06, ""u_ventilation"": -0.06000000000000005}",dew_or_humidity,-0.00374999999999992,-0.10220833349187186,665,conservative_stabilize_high_vpd,0,{},{},False
"[""humidity_or_dew_risk""]",True,"{""u_co2"": 0.0, ""u_heating"": 0.0, ""u_lighting"": 0.0, ""u_screen"": 0.0, ""u_shading"": 0.0, ""u_ventilation"": 0.0}",dew_or_humidity,0.008624999552965251,-0.08983333393890669,665,conservative_stabilize_dew,0,{},{},False
"[""humidity_or_dew_risk""]",True,"{""u_co2"": 0.0, ""u_heating"": 0.01000000536441803, ""u_lighting"": 0.0, ""u_screen"": 0.0, ""u_shading"": 0.0, ""u_ventilation"": -0.04999998807907102}",dew_or_humidity,0.00662499848008169,-0.09183333501179025,665,conservative_stabilize_canopy_dew,0,{},{},False
"[""humidity_or_dew_risk""]",True,"{""u_co2"": 0.0, ""u_heating"": 0.0, ""u_lighting"": 0.0, ""u_screen"": 0.0, ""u_shading"": 0.06, ""u_ventilation"": -0.06000000000000005}",dew_or_humidity,-0.00374999999999992,-0.10220833349187186,665,conservative_stabilize_dry_vent_guard,0,{},{},False
"[""humidity_or_dew_risk""]",True,"{""u_co2"": 0.0, ""u_heating"": 0.0, ""u_lighting"": 0.0, ""u_screen"": 0.0, ""u_shading"": 0.06, ""u_ventilation"": -0.06000000000000005}",dew_or_humidity,-0.005625000000000102,-0.08537500040440771,666,conservative_stabilize_dry,0,{},{},False
"[""humidity_or_dew_risk""]",True,"{""u_co2"": 0.0, ""u_heating"": 0.0, ""u_lighting"": 0.0, ""u_screen"": 0.0, ""u_shading"": 0.06, ""u_ventilation"": -0.06000000000000005}",dew_or_humidity,-0.003750000000000142,-0.08350000040440775,666,conservative_stabilize_high_vpd,0,{},{},False
"[""humidity_or_dew_risk""]",True,"{""u_co2"": 0.0, ""u_heating"": 0.0400000035762787, ""u_lighting"": 0.0, ""u_screen"": 0.0, ""u_shading"": 0.0, ""u_ventilation"": 0.0}",dew_or_humidity,-0.00012500044703489532,-0.0798750008514425,666,conservative_stabilize_dew,0,{},{},False
"[""humidity_or_dew_risk""]",True,"{""u_co2"": 0.0, ""u_heating"": 0.06, ""u_lighting"": 0.0, ""u_screen"": 0.0, ""u_shading"": 0.0, ""u_ventilation"": -0.03000000715255735}",dew_or_humidity,-0.010750000521540848,-0.09050000092594845,666,conservative_stabilize_canopy_dew,0,{},{},False
"[""humidity_or_dew_risk""]",True,"{""u_co2"": 0.0, ""u_heating"": 0.0, ""u_lighting"": 0.0, ""u_screen"": 0.0, ""u_shading"": 0.06, ""u_ventilation"": -0.06000000000000005}",dew_or_humidity,-0.003750000000000142,-0.08350000040440775,666,conservative_stabilize_dry_vent_guard,0,{},{},False
"[""humidity_or_dew_risk""]",True,"{""u_co2"": 0.0, ""u_heating"": 0.0, ""u_lighting"": 0.0, ""u_screen"": 0.0, ""u_shading"": 0.06, ""u_ventilation"": -0.06000000000000005}",dew_or_humidity,-0.005625000000000102,-0.08537500040440771,667,conservative_stabilize_dry,0,{},{},False
"[""humidity_or_dew_risk""]",True,"{""u_co2"": 0.0, ""u_heating"": 0.0, ""u_lighting"": 0.0, ""u_screen"": 0.0, ""u_shading"": 0.06, ""u_ventilation"": -0.06000000000000005}",dew_or_humidity,-0.003750000000000142,-0.08350000040440775,667,conservative_stabilize_high_vpd,0,{},{},False
"[""humidity_or_dew_risk""]",True,"{""u_co2"": 0.0, ""u_heating"": 0.0400000035762787, ""u_lighting"": 0.0, ""u_screen"": 0.0, ""u_shading"": 0.0, ""u_ventilation"": 0.0}",dew_or_humidity,-0.00012500044703489532,-0.0798750008514425,667,conservative_stabilize_dew,0,{},{},False
"[""humidity_or_dew_risk""]",True,"{""u_co2"": 0.0, ""u_heating"": 0.06, ""u_lighting"": 0.0, ""u_screen"": 0.0, ""u_shading"": 0.0, ""u_ventilation"": -0.03000000715255735}",dew_or_humidity,-0.010750000521540848,-0.09050000092594845,667,conservative_stabilize_canopy_dew,0,{},{},False
"[""humidity_or_dew_risk""]",True,"{""u_co2"": 0.0, ""u_heating"": 0.0, ""u_lighting"": 0.0, ""u_screen"": 0.0, ""u_shading"": 0.06, ""u_ventilation"": -0.06000000000000005}",dew_or_humidity,-0.003750000000000142,-0.08350000040440775,667,conservative_stabilize_dry_vent_guard,0,{},{},False
"[""humidity_or_dew_risk""]",True,"{""u_co2"": 0.0, ""u_heating"": 0.0, ""u_lighting"": 0.0, ""u_screen"": 0.0, ""u_shading"": 0.06, ""u_ventilation"": -0.06000000000000005}",dew_or_humidity,-0.005625000000000102,-0.08537500040440771,668,conservative_stabilize_dry,0,{},{},False
"[""humidity_or_dew_risk""]",True,"{""u_co2"": 0.0, ""u_heating"": 0.0, ""u_lighting"": 0.0, ""u_screen"": 0.0, ""u_shading"": 0.06, ""u_ventilation"": -0.06000000000000005}",dew_or_humidity,-0.003750000000000142,-0.08350000040440775,668,conservative_stabilize_high_vpd,0,{},{},False
"[""humidity_or_dew_risk""]",True,"{""u_co2"": 0.0, ""u_heating"": 0.0400000035762787, ""u_lighting"": 0.0, ""u_screen"": 0.0, ""u_shading"": 0.0, ""u_ventilation"": 0.0}",dew_or_humidity,-0.00012500044703489532,-0.0798750008514425,668,conservative_stabilize_dew,0,{},{},False
"[""humidity_or_dew_risk""]",True,"{""u_co2"": 0.0, ""u_heating"": 0.06, ""u_lighting"": 0.0, ""u_screen"": 0.0, ""u_shading"": 0.0, ""u_ventilation"": -0.03000000715255735}",dew_or_humidity,-0.010750000521540848,-0.09050000092594845,668,conservative_stabilize_canopy_dew,0,{},{},False
"[""humidity_or_dew_risk""]",True,"{""u_co2"": 0.0, ""u_heating"": 0.0, ""u_lighting"": 0.0, ""u_screen"": 0.0, ""u_shading"": 0.06, ""u_ventilation"": -0.06000000000000005}",dew_or_humidity,-0.003750000000000142,-0.08350000040440775,668,conservative_stabilize_dry_vent_guard,0,{},{},False
"[""humidity_or_dew_risk""]",True,"{""u_co2"": 0.0, ""u_heating"": 0.0, ""u_lighting"": 0.0, ""u_screen"": 0.0, ""u_shading"": 0.06, ""u_ventilation"": -0.06000000000000005}",dew_or_humidity,-0.005625000000000102,-0.08537500040440771,669,conservative_stabilize_dry,0,{},{},False
"[""humidity_or_dew_risk""]",True,"{""u_co2"": 0.0, ""u_heating"": 0.0, ""u_lighting"": 0.0, ""u_screen"": 0.0, ""u_shading"": 0.06, ""u_ventilation"": -0.06000000000000005}",dew_or_humidity,-0.003750000000000142,-0.08350000040440775,669,conservative_stabilize_high_vpd,0,{},{},False
"[""humidity_or_dew_risk""]",True,"{""u_co2"": 0.0, ""u_heating"": 0.0400000035762787, ""u_lighting"": 0.0, ""u_screen"": 0.0, ""u_shading"": 0.0, ""u_ventilation"": 0.0}",dew_or_humidity,-0.00012500044703489532,-0.0798750008514425,669,conservative_stabilize_dew,0,{},{},False
"[""humidity_or_dew_risk""]",True,"{""u_co2"": 0.0, ""u_heating"": 0.06, ""u_lighting"": 0.0, ""u_screen"": 0.0, ""u_shading"": 0.0, ""u_ventilation"": -0.03000000715255735}",dew_or_humidity,-0.010750000521540848,-0.09050000092594845,669,conservative_stabilize_canopy_dew,0,{},{},False
"[""humidity_or_dew_risk""]",True,"{""u_co2"": 0.0, ""u_heating"": 0.0, ""u_lighting"": 0.0, ""u_screen"": 0.0, ""u_shading"": 0.06, ""u_ventilation"": -0.06000000000000005}",dew_or_humidity,-0.003750000000000142,-0.08350000040440775,669,conservative_stabilize_dry_vent_guard,0,{},{},False
"[""humidity_or_dew_risk""]",True,"{""u_co2"": 0.0, ""u_heating"": 0.0, ""u_lighting"": 0.0, ""u_screen"": 0.0, ""u_shading"": 0.06, ""u_ventilation"": -0.06000000000000005}",dew_or_humidity,-0.005625000000000102,-0.08537500040440771,670,conservative_stabilize_dry,0,{},{},False
"[""humidity_or_dew_risk""]",True,"{""u_co2"": 0.0, ""u_heating"": 0.0, ""u_lighting"": 0.0, ""u_screen"": 0.0, ""u_shading"": 0.06, ""u_ventilation"": -0.06000000000000005}",dew_or_humidity,-0.003750000000000142,-0.08350000040440775,670,conservative_stabilize_high_vpd,0,{},{},False
"[""humidity_or_dew_risk""]",True,"{""u_co2"": 0.0, ""u_heating"": 0.0400000035762787, ""u_lighting"": 0.0, ""u_screen"": 0.0, ""u_shading"": 0.0, ""u_ventilation"": 0.0}",dew_or_humidity,-0.00012500044703489532,-0.0798750008514425,670,conservative_stabilize_dew,0,{},{},False
"[""humidity_or_dew_risk""]",True,"{""u_co2"": 0.0, ""u_heating"": 0.06, ""u_lighting"": 0.0, ""u_screen"": 0.0, ""u_shading"": 0.0, ""u_ventilation"": -0.03000000715255735}",dew_or_humidity,-0.010750000521540848,-0.09050000092594845,670,conservative_stabilize_canopy_dew,0,{},{},False
"[""humidity_or_dew_risk""]",True,"{""u_co2"": 0.0, ""u_heating"": 0.0, ""u_lighting"": 0.0, ""u_screen"": 0.0, ""u_shading"": 0.06, ""u_ventilation"": -0.06000000000000005}",dew_or_humidity,-0.003750000000000142,-0.08350000040440775,670,conservative_stabilize_dry_vent_guard,0,{},{},False
"[""humidity_or_dew_risk""]",True,"{""u_co2"": 0.0, ""u_heating"": 0.0, ""u_lighting"": 0.0, ""u_screen"": 0.0, ""u_shading"": 0.06, ""u_ventilation"": -0.06000000000000005}",dew_or_humidity,-0.005624999999999991,-0.10408333349187193,671,conservative_stabilize_dry,0,{},{},False
"[""humidity_or_dew_risk""]",True,"{""u_co2"": 0.0, ""u_heating"": 0.0, ""u_lighting"": 0.0, ""u_screen"": 0.0, ""u_shading"": 0.06, ""u_ventilation"": -0.06000000000000005}",dew_or_humidity,-0.00374999999999992,-0.10220833349187186,671,conservative_stabilize_high_vpd,0,{},{},False
"[""humidity_or_dew_risk""]",True,"{""u_co2"": 0.0, ""u_heating"": 0.0, ""u_lighting"": 0.0, ""u_screen"": 0.0, ""u_shading"": 0.0, ""u_ventilation"": 0.0}",dew_or_humidity,0.008624999552965251,-0.08983333393890669,671,conservative_stabilize_dew,0,{},{},False
"[""humidity_or_dew_risk""]",True,"{""u_co2"": 0.0, ""u_heating"": 0.01000000536441803, ""u_lighting"": 0.0, ""u_screen"": 0.0, ""u_shading"": 0.0, ""u_ventilation"": -0.04999998807907102}",dew_or_humidity,0.00662499848008169,-0.09183333501179025,671,conservative_stabilize_canopy_dew,0,{},{},False
"[""humidity_or_dew_risk""]",True,"{""u_co2"": 0.0, ""u_heating"": 0.0, ""u_lighting"": 0.0, ""u_screen"": 0.0, ""u_shading"": 0.06, ""u_ventilation"": -0.06000000000000005}",dew_or_humidity,-0.00374999999999992,-0.10220833349187186,671,conservative_stabilize_dry_vent_guard,0,{},{},False
"[""humidity_or_dew_risk""]",True,"{""u_co2"": 0.0, ""u_heating"": 0.0, ""u_lighting"": 0.0, ""u_screen"": 0.0, ""u_shading"": 0.06, ""u_ventilation"": -0.06000000000000005}",dew_or_humidity,-0.005624999999999991,-0.10408333349187193,672,conservative_stabilize_dry,0,{},{},False
"[""humidity_or_dew_risk""]",True,"{""u_co2"": 0.0, ""u_heating"": 0.0, ""u_lighting"": 0.0, ""u_screen"": 0.0, ""u_shading"": 0.06, ""u_ventilation"": -0.06000000000000005}",dew_or_humidity,-0.00374999999999992,-0.10220833349187186,672,conservative_stabilize_high_vpd,0,{},{},False
"[""humidity_or_dew_risk""]",True,"{""u_co2"": 0.0, ""u_heating"": 0.0, ""u_lighting"": 0.0, ""u_screen"": 0.0, ""u_shading"": 0.0, ""u_ventilation"": 0.0}",dew_or_humidity,0.008624999552965251,-0.08983333393890669,672,conservative_stabilize_dew,0,{},{},False
"[""humidity_or_dew_risk""]",True,"{""u_co2"": 0.0, ""u_heating"": 0.01000000536441803, ""u_lighting"": 0.0, ""u_screen"": 0.0, ""u_shading"": 0.0, ""u_ventilation"": -0.04999998807907102}",dew_or_humidity,0.00662499848008169,-0.09183333501179025,672,conservative_stabilize_canopy_dew,0,{},{},False
"[""humidity_or_dew_risk""]",True,"{""u_co2"": 0.0, ""u_heating"": 0.0, ""u_lighting"": 0.0, ""u_screen"": 0.0, ""u_shading"": 0.06, ""u_ventilation"": -0.06000000000000005}",dew_or_humidity,-0.00374999999999992,-0.10220833349187186,672,conservative_stabilize_dry_vent_guard,0,{},{},False
"[""humidity_or_dew_risk""]",True,"{""u_co2"": 0.0, ""u_heating"": 0.0, ""u_lighting"": 0.0, ""u_screen"": 0.0, ""u_shading"": 0.06, ""u_ventilation"": -0.06000000000000005}",dew_or_humidity,-0.005624999999999991,-0.10670833322365103,673,conservative_stabilize_dry,0,{},{},False
"[""humidity_or_dew_risk""]",True,"{""u_co2"": 0.0, ""u_heating"": 0.0, ""u_lighting"": 0.0, ""u_screen"": 0.0, ""u_shading"": 0.06, ""u_ventilation"": -0.06000000000000005}",dew_or_humidity,-0.00374999999999992,-0.10483333322365096,673,conservative_stabilize_high_vpd,0,{},{},False
"[""humidity_or_dew_risk""]",True,"{""u_co2"": 0.0, ""u_heating"": 0.0, ""u_lighting"": 0.0, ""u_screen"": 0.0, ""u_shading"": 0.0, ""u_ventilation"": 0.0}",dew_or_humidity,0.008624999552965251,-0.09245833367068579,673,conservative_stabilize_dew,0,{},{},False
"[""humidity_or_dew_risk""]",True,"{""u_co2"": 0.0, ""u_heating"": 0.01000000536441803, ""u_lighting"": 0.0, ""u_screen"": 0.0, ""u_shading"": 0.0, ""u_ventilation"": -0.04999998807907102}",dew_or_humidity,0.00662499848008169,-0.09445833474356935,673,conservative_stabilize_canopy_dew,0,{},{},False
"[""humidity_or_dew_risk""]",True,"{""u_co2"": 0.0, ""u_heating"": 0.0, ""u_lighting"": 0.0, ""u_screen"": 0.0, ""u_shading"": 0.06, ""u_ventilation"": -0.06000000000000005}",dew_or_humidity,-0.00374999999999992,-0.10483333322365096,673,conservative_stabilize_dry_vent_guard,0,{},{},False
"[""humidity_or_dew_risk""]",True,"{""u_co2"": 0.0, ""u_heating"": 0.0, ""u_lighting"": 0.0, ""u_screen"": 0.0, ""u_shading"": 0.06, ""u_ventilation"": -0.06000000000000005}",dew_or_humidity,-0.005624999999999991,-0.10670833322365103,674,conservative_stabilize_dry,0,{},{},False
"[""humidity_or_dew_risk""]",True,"{""u_co2"": 0.0, ""u_heating"": 0.0, ""u_lighting"": 0.0, ""u_screen"": 0.0, ""u_shading"": 0.06, ""u_ventilation"": -0.06000000000000005}",dew_or_humidity,-0.00374999999999992,-0.10483333322365096,674,conservative_stabilize_high_vpd,0,{},{},False
"[""humidity_or_dew_risk""]",True,"{""u_co2"": 0.0, ""u_heating"": 0.0, ""u_lighting"": 0.0, ""u_screen"": 0.0, ""u_shading"": 0.0, ""u_ventilation"": 0.0}",dew_or_humidity,0.008624999552965251,-0.09245833367068579,674,conservative_stabilize_dew,0,{},{},False
"[""humidity_or_dew_risk""]",True,"{""u_co2"": 0.0, ""u_heating"": 0.01000000536441803, ""u_lighting"": 0.0, ""u_screen"": 0.0, ""u_shading"": 0.0, ""u_ventilation"": -0.04999998807907102}",dew_or_humidity,0.00662499848008169,-0.09445833474356935,674,conservative_stabilize_canopy_dew,0,{},{},False
"[""humidity_or_dew_risk""]",True,"{""u_co2"": 0.0, ""u_heating"": 0.0, ""u_lighting"": 0.0, ""u_screen"": 0.0, ""u_shading"": 0.06, ""u_ventilation"": -0.06000000000000005}",dew_or_humidity,-0.00374999999999992,-0.10483333322365096,674,conservative_stabilize_dry_vent_guard,0,{},{},False
"[""humidity_or_dew_risk""]",True,"{""u_co2"": 0.0, ""u_heating"": 0.0, ""u_lighting"": 0.0, ""u_screen"": 0.0, ""u_shading"": 0.06, ""u_ventilation"": -0.06000000000000005}",dew_or_humidity,-0.005624999999999991,-0.10670833322365103,675,conservative_stabilize_dry,0,{},{},False
"[""humidity_or_dew_risk""]",True,"{""u_co2"": 0.0, ""u_heating"": 0.0, ""u_lighting"": 0.0, ""u_screen"": 0.0, ""u_shading"": 0.06, ""u_ventilation"": -0.06000000000000005}",dew_or_humidity,-0.00374999999999992,-0.10483333322365096,675,conservative_stabilize_high_vpd,0,{},{},False
"[""humidity_or_dew_risk""]",True,"{""u_co2"": 0.0, ""u_heating"": 0.0, ""u_lighting"": 0.0, ""u_screen"": 0.0, ""u_shading"": 0.0, ""u_ventilation"": 0.0}",dew_or_humidity,0.008624999552965251,-0.09245833367068579,675,conservative_stabilize_dew,0,{},{},False
"[""humidity_or_dew_risk""]",True,"{""u_co2"": 0.0, ""u_heating"": 0.01000000536441803, ""u_lighting"": 0.0, ""u_screen"": 0.0, ""u_shading"": 0.0, ""u_ventilation"": -0.04999998807907102}",dew_or_humidity,0.00662499848008169,-0.09445833474356935,675,conservative_stabilize_canopy_dew,0,{},{},False
"[""humidity_or_dew_risk""]",True,"{""u_co2"": 0.0, ""u_heating"": 0.0, ""u_lighting"": 0.0, ""u_screen"": 0.0, ""u_shading"": 0.06, ""u_ventilation"": -0.06000000000000005}",dew_or_humidity,-0.00374999999999992,-0.10483333322365096,675,conservative_stabilize_dry_vent_guard,0,{},{},False
"[""humidity_or_dew_risk""]",True,"{""u_co2"": 0.0, ""u_heating"": 0.0, ""u_lighting"": 0.0, ""u_screen"": 0.0, ""u_shading"": 0.06, ""u_ventilation"": -0.06000000000000005}",dew_or_humidity,-0.005624999999999991,-0.10670833322365103,676,conservative_stabilize_dry,0,{},{},False
"[""humidity_or_dew_risk""]",True,"{""u_co2"": 0.0, ""u_heating"": 0.0, ""u_lighting"": 0.0, ""u_screen"": 0.0, ""u_shading"": 0.06, ""u_ventilation"": -0.06000000000000005}",dew_or_humidity,-0.00374999999999992,-0.10483333322365096,676,conservative_stabilize_high_vpd,0,{},{},False
"[""humidity_or_dew_risk""]",True,"{""u_co2"": 0.0, ""u_heating"": 0.0, ""u_lighting"": 0.0, ""u_screen"": 0.0, ""u_shading"": 0.0, ""u_ventilation"": 0.0}",dew_or_humidity,0.008624999552965251,-0.09245833367068579,676,conservative_stabilize_dew,0,{},{},False
"[""humidity_or_dew_risk""]",True,"{""u_co2"": 0.0, ""u_heating"": 0.01000000536441803, ""u_lighting"": 0.0, ""u_screen"": 0.0, ""u_shading"": 0.0, ""u_ventilation"": -0.04999998807907102}",dew_or_humidity,0.00662499848008169,-0.09445833474356935,676,conservative_stabilize_canopy_dew,0,{},{},False
"[""humidity_or_dew_risk""]",True,"{""u_co2"": 0.0, ""u_heating"": 0.0, ""u_lighting"": 0.0, ""u_screen"": 0.0, ""u_shading"": 0.06, ""u_ventilation"": -0.06000000000000005}",dew_or_humidity,-0.00374999999999992,-0.10483333322365096,676,conservative_stabilize_dry_vent_guard,0,{},{},False
"[""humidity_or_dew_risk""]",True,"{""u_co2"": 0.0, ""u_heating"": 0.0, ""u_lighting"": 0.0, ""u_screen"": 0.0, ""u_shading"": 0.06, ""u_ventilation"": -0.06000000000000005}",dew_or_humidity,-0.005624999999999991,-0.10670833322365103,677,conservative_stabilize_dry,0,{},{},False
"[""humidity_or_dew_risk""]",True,"{""u_co2"": 0.0, ""u_heating"": 0.0, ""u_lighting"": 0.0, ""u_screen"": 0.0, ""u_shading"": 0.06, ""u_ventilation"": -0.06000000000000005}",dew_or_humidity,-0.00374999999999992,-0.10483333322365096,677,conservative_stabilize_high_vpd,0,{},{},False
"[""humidity_or_dew_risk""]",True,"{""u_co2"": 0.0, ""u_heating"": 0.0, ""u_lighting"": 0.0, ""u_screen"": 0.0, ""u_shading"": 0.0, ""u_ventilation"": 0.0}",dew_or_humidity,0.008624999552965251,-0.09245833367068579,677,conservative_stabilize_dew,0,{},{},False
"[""humidity_or_dew_risk""]",True,"{""u_co2"": 0.0, ""u_heating"": 0.01000000536441803, ""u_lighting"": 0.0, ""u_screen"": 0.0, ""u_shading"": 0.0, ""u_ventilation"": -0.04999998807907102}",dew_or_humidity,0.00662499848008169,-0.09445833474356935,677,conservative_stabilize_canopy_dew,0,{},{},False
"[""humidity_or_dew_risk""]",True,"{""u_co2"": 0.0, ""u_heating"": 0.0, ""u_lighting"": 0.0, ""u_screen"": 0.0, ""u_shading"": 0.06, ""u_ventilation"": -0.06000000000000005}",dew_or_humidity,-0.00374999999999992,-0.10483333322365096,677,conservative_stabilize_dry_vent_guard,0,{},{},False
"[""humidity_or_dew_risk""]",True,"{""u_co2"": 0.0, ""u_heating"": 0.0, ""u_lighting"": 0.0, ""u_screen"": 0.0, ""u_shading"": 0.06, ""u_ventilation"": -0.06000000000000005}",dew_or_humidity,-0.005624999999999991,-0.10670833322365103,678,conservative_stabilize_dry,0,{},{},False
"[""humidity_or_dew_risk""]",True,"{""u_co2"": 0.0, ""u_heating"": 0.0, ""u_lighting"": 0.0, ""u_screen"": 0.0, ""u_shading"": 0.06, ""u_ventilation"": -0.06000000000000005}",dew_or_humidity,-0.00374999999999992,-0.10483333322365096,678,conservative_stabilize_high_vpd,0,{},{},False
"[""humidity_or_dew_risk""]",True,"{""u_co2"": 0.0, ""u_heating"": 0.0, ""u_lighting"": 0.0, ""u_screen"": 0.0, ""u_shading"": 0.0, ""u_ventilation"": 0.0}",dew_or_humidity,0.008624999552965251,-0.09245833367068579,678,conservative_stabilize_dew,0,{},{},False
"[""humidity_or_dew_risk""]",True,"{""u_co2"": 0.0, ""u_heating"": 0.01000000536441803, ""u_lighting"": 0.0, ""u_screen"": 0.0, ""u_shading"": 0.0, ""u_ventilation"": -0.04999998807907102}",dew_or_humidity,0.00662499848008169,-0.09445833474356935,678,conservative_stabilize_canopy_dew,0,{},{},False
"[""humidity_or_dew_risk""]",True,"{""u_co2"": 0.0, ""u_heating"": 0.0, ""u_lighting"": 0.0, ""u_screen"": 0.0, ""u_shading"": 0.06, ""u_ventilation"": -0.06000000000000005}",dew_or_humidity,-0.00374999999999992,-0.10483333322365096,678,conservative_stabilize_dry_vent_guard,0,{},{},False
"[""humidity_or_dew_risk""]",True,"{""u_co2"": 0.0, ""u_heating"": 0.0, ""u_lighting"": 0.0, ""u_screen"": 0.0, ""u_shading"": 0.06, ""u_ventilation"": -0.06000000000000005}",dew_or_humidity,-0.005624999999999991,-0.10670833322365103,679,conservative_stabilize_dry,0,{},{},False
"[""humidity_or_dew_risk""]",True,"{""u_co2"": 0.0, ""u_heating"": 0.0, ""u_lighting"": 0.0, ""u_screen"": 0.0, ""u_shading"": 0.06, ""u_ventilation"": -0.06000000000000005}",dew_or_humidity,-0.00374999999999992,-0.10483333322365096,679,conservative_stabilize_high_vpd,0,{},{},False
"[""humidity_or_dew_risk""]",True,"{""u_co2"": 0.0, ""u_heating"": 0.0, ""u_lighting"": 0.0, ""u_screen"": 0.0, ""u_shading"": 0.0, ""u_ventilation"": 0.0}",dew_or_humidity,0.008624999552965251,-0.09245833367068579,679,conservative_stabilize_dew,0,{},{},False
"[""humidity_or_dew_risk""]",True,"{""u_co2"": 0.0, ""u_heating"": 0.01000000536441803, ""u_lighting"": 0.0, ""u_screen"": 0.0, ""u_shading"": 0.0, ""u_ventilation"": -0.04999998807907102}",dew_or_humidity,0.00662499848008169,-0.09445833474356935,679,conservative_stabilize_canopy_dew,0,{},{},False
"[""humidity_or_dew_risk""]",True,"{""u_co2"": 0.0, ""u_heating"": 0.0, ""u_lighting"": 0.0, ""u_screen"": 0.0, ""u_shading"": 0.06, ""u_ventilation"": -0.06000000000000005}",dew_or_humidity,-0.00374999999999992,-0.10483333322365096,679,conservative_stabilize_dry_vent_guard,0,{},{},False
"[""humidity_or_dew_risk""]",True,"{""u_co2"": 0.0, ""u_heating"": 0.0, ""u_lighting"": 0.0, ""u_screen"": 0.0, ""u_shading"": 0.06, ""u_ventilation"": -0.06000000000000005}",dew_or_humidity,-0.005624999999999991,-0.10670833322365103,680,conservative_stabilize_dry,0,{},{},False
"[""humidity_or_dew_risk""]",True,"{""u_co2"": 0.0, ""u_heating"": 0.0, ""u_lighting"": 0.0, ""u_screen"": 0.0, ""u_shading"": 0.06, ""u_ventilation"": -0.06000000000000005}",dew_or_humidity,-0.00374999999999992,-0.10483333322365096,680,conservative_stabilize_high_vpd,0,{},{},False
"[""humidity_or_dew_risk""]",True,"{""u_co2"": 0.0, ""u_heating"": 0.0, ""u_lighting"": 0.0, ""u_screen"": 0.0, ""u_shading"": 0.0, ""u_ventilation"": 0.0}",dew_or_humidity,0.008624999552965251,-0.09245833367068579,680,conservative_stabilize_dew,0,{},{},False
"[""humidity_or_dew_risk""]",True,"{""u_co2"": 0.0, ""u_heating"": 0.01000000536441803, ""u_lighting"": 0.0, ""u_screen"": 0.0, ""u_shading"": 0.0, ""u_ventilation"": -0.04999998807907102}",dew_or_humidity,0.00662499848008169,-0.09445833474356935,680,conservative_stabilize_canopy_dew,0,{},{},False
"[""humidity_or_dew_risk""]",True,"{""u_co2"": 0.0, ""u_heating"": 0.0, ""u_lighting"": 0.0, ""u_screen"": 0.0, ""u_shading"": 0.06, ""u_ventilation"": -0.06000000000000005}",dew_or_humidity,-0.00374999999999992,-0.10483333322365096,680,conservative_stabilize_dry_vent_guard,0,{},{},False
"[""humidity_or_dew_risk""]",True,"{""u_co2"": 0.0, ""u_heating"": 0.0, ""u_lighting"": 0.0, ""u_screen"": 0.0, ""u_shading"": 0.06, ""u_ventilation"": -0.06000000000000005}",dew_or_humidity,-0.005624999999999991,-0.10670833322365103,681,conservative_stabilize_dry,0,{},{},False
"[""humidity_or_dew_risk""]",True,"{""u_co2"": 0.0, ""u_heating"": 0.0, ""u_lighting"": 0.0, ""u_screen"": 0.0, ""u_shading"": 0.06, ""u_ventilation"": -0.06000000000000005}",dew_or_humidity,-0.00374999999999992,-0.10483333322365096,681,conservative_stabilize_high_vpd,0,{},{},False
"[""humidity_or_dew_risk""]",True,"{""u_co2"": 0.0, ""u_heating"": 0.0, ""u_lighting"": 0.0, ""u_screen"": 0.0, ""u_shading"": 0.0, ""u_ventilation"": 0.0}",dew_or_humidity,0.008624999552965251,-0.09245833367068579,681,conservative_stabilize_dew,0,{},{},False
"[""humidity_or_dew_risk""]",True,"{""u_co2"": 0.0, ""u_heating"": 0.01000000536441803, ""u_lighting"": 0.0, ""u_screen"": 0.0, ""u_shading"": 0.0, ""u_ventilation"": -0.04999998807907102}",dew_or_humidity,0.00662499848008169,-0.09445833474356935,681,conservative_stabilize_canopy_dew,0,{},{},False
"[""humidity_or_dew_risk""]",True,"{""u_co2"": 0.0, ""u_heating"": 0.0, ""u_lighting"": 0.0, ""u_screen"": 0.0, ""u_shading"": 0.06, ""u_ventilation"": -0.06000000000000005}",dew_or_humidity,-0.00374999999999992,-0.10483333322365096,681,conservative_stabilize_dry_vent_guard,0,{},{},False
"[""humidity_or_dew_risk""]",True,"{""u_co2"": 0.0, ""u_heating"": 0.0, ""u_lighting"": 0.0, ""u_screen"": 0.0, ""u_shading"": 0.06, ""u_ventilation"": -0.06000000000000005}",dew_or_humidity,-0.005624999999999991,-0.10670833322365103,682,conservative_stabilize_dry,0,{},{},False
"[""humidity_or_dew_risk""]",True,"{""u_co2"": 0.0, ""u_heating"": 0.0, ""u_lighting"": 0.0, ""u_screen"": 0.0, ""u_shading"": 0.06, ""u_ventilation"": -0.06000000000000005}",dew_or_humidity,-0.00374999999999992,-0.10483333322365096,682,conservative_stabilize_high_vpd,0,{},{},False
"[""humidity_or_dew_risk""]",True,"{""u_co2"": 0.0, ""u_heating"": 0.0, ""u_lighting"": 0.0, ""u_screen"": 0.0, ""u_shading"": 0.0, ""u_ventilation"": 0.0}",dew_or_humidity,0.008624999552965251,-0.09245833367068579,682,conservative_stabilize_dew,0,{},{},False
"[""humidity_or_dew_risk""]",True,"{""u_co2"": 0.0, ""u_heating"": 0.01000000536441803, ""u_lighting"": 0.0, ""u_screen"": 0.0, ""u_shading"": 0.0, ""u_ventilation"": -0.04999998807907102}",dew_or_humidity,0.00662499848008169,-0.09445833474356935,682,conservative_stabilize_canopy_dew,0,{},{},False
"[""humidity_or_dew_risk""]",True,"{""u_co2"": 0.0, ""u_heating"": 0.0, ""u_lighting"": 0.0, ""u_screen"": 0.0, ""u_shading"": 0.06, ""u_ventilation"": -0.06000000000000005}",dew_or_humidity,-0.00374999999999992,-0.10483333322365096,682,conservative_stabilize_dry_vent_guard,0,{},{},False
"[""humidity_or_dew_risk""]",True,"{""u_co2"": 0.0, ""u_heating"": 0.0, ""u_lighting"": 0.0, ""u_screen"": 0.0, ""u_shading"": 0.06, ""u_ventilation"": -0.06000000000000005}",dew_or_humidity,-0.005625000000000102,-0.09208109738140313,683,conservative_stabilize_dry,0,{},{},False
"[""humidity_or_dew_risk""]",True,"{""u_co2"": 0.0, ""u_heating"": 0.0, ""u_lighting"": 0.0, ""u_screen"": 0.0, ""u_shading"": 0.06, ""u_ventilation"": -0.06000000000000005}",dew_or_humidity,-0.003750000000000142,-0.09020609738140317,683,conservative_stabilize_high_vpd,0,{},{},False
"[""humidity_or_dew_risk""]",True,"{""u_co2"": 0.0, ""u_heating"": 0.0400000035762787, ""u_lighting"": 0.0, ""u_screen"": 0.0, ""u_shading"": 0.0, ""u_ventilation"": 0.0}",dew_or_humidity,-0.00012500044703489532,-0.08658109782843793,683,conservative_stabilize_dew,0,{},{},False
"[""humidity_or_dew_risk""]",True,"{""u_co2"": 0.0, ""u_heating"": 0.06, ""u_lighting"": 0.0, ""u_screen"": 0.0, ""u_shading"": 0.0, ""u_ventilation"": -0.03000000715255735}",dew_or_humidity,-0.010750000521540848,-0.09720609790294388,683,conservative_stabilize_canopy_dew,0,{},{},False
"[""humidity_or_dew_risk""]",True,"{""u_co2"": 0.0, ""u_heating"": 0.0, ""u_lighting"": 0.0, ""u_screen"": 0.0, ""u_shading"": 0.06, ""u_ventilation"": -0.06000000000000005}",dew_or_humidity,-0.003750000000000142,-0.09020609738140317,683,conservative_stabilize_dry_vent_guard,0,{},{},False
"[""humidity_or_dew_risk""]",True,"{""u_co2"": 0.0, ""u_heating"": 0.0, ""u_lighting"": 0.0, ""u_screen"": 0.0, ""u_shading"": 0.06, ""u_ventilation"": -0.06000000000000005}",dew_or_humidity,-0.005624999999999991,-0.10084263929724702,688,conservative_stabilize_dry,0,{},{},False
"[""humidity_or_dew_risk""]",True,"{""u_co2"": 0.0, ""u_heating"": 0.0, ""u_lighting"": 0.0, ""u_screen"": 0.0, ""u_shading"": 0.06, ""u_ventilation"": -0.06000000000000005}",dew_or_humidity,-0.00374999999999992,-0.09896763929724695,688,conservative_stabilize_high_vpd,0,{},{},False
"[""humidity_or_dew_risk""]",True,"{""u_co2"": 0.0, ""u_heating"": 0.0400000035762787, ""u_lighting"": 0.0, ""u_screen"": 0.0, ""u_shading"": 0.0, ""u_ventilation"": 0.0}",dew_or_humidity,-0.0007823607027529489,-0.09599999999999997,688,conservative_stabilize_dew,0,{},{},False
"[""humidity_or_dew_risk""]",True,"{""u_co2"": 0.0, ""u_heating"": 0.06, ""u_lighting"": 0.0, ""u_screen"": 0.0, ""u_shading"": 0.0, ""u_ventilation"": -0.012470400333404519}",dew_or_humidity,-0.011407360777258901,-0.10662500007450593,688,conservative_stabilize_canopy_dew,0,{},{},False
"[""humidity_or_dew_risk""]",True,"{""u_co2"": 0.0, ""u_heating"": 0.0, ""u_lighting"": 0.0, ""u_screen"": 0.0, ""u_shading"": 0.06, ""u_ventilation"": -0.06000000000000005}",dew_or_humidity,-0.00374999999999992,-0.09896763929724695,688,conservative_stabilize_dry_vent_guard,0,{},{},False
"[""humidity_or_dew_risk""]",True,"{""u_co2"": 0.0, ""u_heating"": 0.0, ""u_lighting"": 0.0, ""u_screen"": 0.0, ""u_shading"": 0.06, ""u_ventilation"": -0.06000000000000005}",dew_or_humidity,-0.005624999999999991,-0.10128615149855613,689,conservative_stabilize_dry,0,{},{},False
"[""humidity_or_dew_risk""]",True,"{""u_co2"": 0.0, ""u_heating"": 0.0, ""u_lighting"": 0.0, ""u_screen"": 0.0, ""u_shading"": 0.06, ""u_ventilation"": -0.06000000000000005}",dew_or_humidity,-0.003750000000000031,-0.09941115149855617,689,conservative_stabilize_high_vpd,0,{},{},False
"[""humidity_or_dew_risk""]",True,"{""u_co2"": 0.0, ""u_heating"": 0.0400000035762787, ""u_lighting"": 0.0, ""u_screen"": 0.0, ""u_shading"": 0.0, ""u_ventilation"": 0.0}",dew_or_humidity,-0.0003388485014438336,-0.09599999999999997,689,conservative_stabilize_dew,0,{},{},False
"[""humidity_or_dew_risk""]",True,"{""u_co2"": 0.0, ""u_heating"": 0.06, ""u_lighting"": 0.0, ""u_screen"": 0.0, ""u_shading"": 0.0, ""u_ventilation"": -0.024297392368316628}",dew_or_humidity,-0.010963848575949786,-0.10662500007450593,689,conservative_stabilize_canopy_dew,0,{},{},False
"[""humidity_or_dew_risk""]",True,"{""u_co2"": 0.0, ""u_heating"": 0.0, ""u_lighting"": 0.0, ""u_screen"": 0.0, ""u_shading"": 0.06, ""u_ventilation"": -0.06000000000000005}",dew_or_humidity,-0.003750000000000031,-0.09941115149855617,689,conservative_stabilize_dry_vent_guard,0,{},{},False
"[""humidity_or_dew_risk""]",True,"{""u_co2"": 0.0, ""u_heating"": 0.0, ""u_lighting"": 0.0, ""u_screen"": 0.0, ""u_shading"": 0.06, ""u_ventilation"": -0.06000000000000005}",dew_or_humidity,-0.005624999999999991,-0.11608333210398769,690,conservative_stabilize_dry,0,{},{},False
"[""humidity_or_dew_risk""]",True,"{""u_co2"": 0.0, ""u_heating"": 0.0, ""u_lighting"": 0.0, ""u_screen"": 0.0, ""u_shading"": 0.06, ""u_ventilation"": -0.06000000000000005}",dew_or_humidity,-0.00374999999999992,-0.11420833210398762,690,conservative_stabilize_high_vpd,0,{},{},False
"[""humidity_or_dew_risk""]",True,"{""u_co2"": 0.0, ""u_heating"": 0.0, ""u_lighting"": 0.0, ""u_screen"": 0.0, ""u_shading"": 0.0, ""u_ventilation"": 0.0}",dew_or_humidity,0.008624999552965251,-0.10183333255102245,690,conservative_stabilize_dew,0,{},{},False
"[""humidity_or_dew_risk""]",True,"{""u_co2"": 0.0, ""u_heating"": 0.01000000536441803, ""u_lighting"": 0.0, ""u_screen"": 0.0, ""u_shading"": 0.0, ""u_ventilation"": -0.04999998807907102}",dew_or_humidity,0.00662499848008169,-0.10383333362390601,690,conservative_stabilize_canopy_dew,0,{},{},False
"[""humidity_or_dew_risk""]",True,"{""u_co2"": 0.0, ""u_heating"": 0.0, ""u_lighting"": 0.0, ""u_screen"": 0.0, ""u_shading"": 0.06, ""u_ventilation"": -0.06000000000000005}",dew_or_humidity,-0.00374999999999992,-0.11420833210398762,690,conservative_stabilize_dry_vent_guard,0,{},{},False
"[""humidity_or_dew_risk""]",True,"{""u_co2"": 0.0, ""u_heating"": 0.0, ""u_lighting"": 0.0, ""u_screen"": 0.0, ""u_shading"": 0.06, ""u_ventilation"": -0.06000000000000005}",dew_or_humidity,-0.005624999999999991,-0.11608333210398769,691,conservative_stabilize_dry,0,{},{},False
"[""humidity_or_dew_risk""]",True,"{""u_co2"": 0.0, ""u_heating"": 0.0, ""u_lighting"": 0.0, ""u_screen"": 0.0, ""u_shading"": 0.06, ""u_ventilation"": -0.06000000000000005}",dew_or_humidity,-0.00374999999999992,-0.11420833210398762,691,conservative_stabilize_high_vpd,0,{},{},False
"[""humidity_or_dew_risk""]",True,"{""u_co2"": 0.0, ""u_heating"": 0.0, ""u_lighting"": 0.0, ""u_screen"": 0.0, ""u_shading"": 0.0, ""u_ventilation"": 0.0}",dew_or_humidity,0.008624999552965251,-0.10183333255102245,691,conservative_stabilize_dew,0,{},{},False
"[""humidity_or_dew_risk""]",True,"{""u_co2"": 0.0, ""u_heating"": 0.01000000536441803, ""u_lighting"": 0.0, ""u_screen"": 0.0, ""u_shading"": 0.0, ""u_ventilation"": -0.04999998807907102}",dew_or_humidity,0.00662499848008169,-0.10383333362390601,691,conservative_stabilize_canopy_dew,0,{},{},False
"[""humidity_or_dew_risk""]",True,"{""u_co2"": 0.0, ""u_heating"": 0.0, ""u_lighting"": 0.0, ""u_screen"": 0.0, ""u_shading"": 0.06, ""u_ventilation"": -0.06000000000000005}",dew_or_humidity,-0.00374999999999992,-0.11420833210398762,691,conservative_stabilize_dry_vent_guard,0,{},{},False
"[""humidity_or_dew_risk""]",True,"{""u_co2"": 0.0, ""u_heating"": 0.0, ""u_lighting"": 0.0, ""u_screen"": 0.0, ""u_shading"": 0.06, ""u_ventilation"": -0.06000000000000005}",dew_or_humidity,-0.005624999999999991,-0.11608333210398769,692,conservative_stabilize_dry,0,{},{},False
"[""humidity_or_dew_risk""]",True,"{""u_co2"": 0.0, ""u_heating"": 0.0, ""u_lighting"": 0.0, ""u_screen"": 0.0, ""u_shading"": 0.06, ""u_ventilation"": -0.06000000000000005}",dew_or_humidity,-0.00374999999999992,-0.11420833210398762,692,conservative_stabilize_high_vpd,0,{},{},False
"[""humidity_or_dew_risk""]",True,"{""u_co2"": 0.0, ""u_heating"": 0.0, ""u_lighting"": 0.0, ""u_screen"": 0.0, ""u_shading"": 0.0, ""u_ventilation"": 0.0}",dew_or_humidity,0.008624999552965251,-0.10183333255102245,692,conservative_stabilize_dew,0,{},{},False
"[""humidity_or_dew_risk""]",True,"{""u_co2"": 0.0, ""u_heating"": 0.01000000536441803, ""u_lighting"": 0.0, ""u_screen"": 0.0, ""u_shading"": 0.0, ""u_ventilation"": -0.04999998807907102}",dew_or_humidity,0.00662499848008169,-0.10383333362390601,692,conservative_stabilize_canopy_dew,0,{},{},False
"[""humidity_or_dew_risk""]",True,"{""u_co2"": 0.0, ""u_heating"": 0.0, ""u_lighting"": 0.0, ""u_screen"": 0.0, ""u_shading"": 0.06, ""u_ventilation"": -0.06000000000000005}",dew_or_humidity,-0.00374999999999992,-0.11420833210398762,692,conservative_stabilize_dry_vent_guard,0,{},{},False
"[""humidity_or_dew_risk""]",True,"{""u_co2"": 0.0, ""u_heating"": 0.0, ""u_lighting"": 0.0, ""u_screen"": 0.0, ""u_shading"": 0.06, ""u_ventilation"": -0.06000000000000005}",dew_or_humidity,-0.005624999999999991,-0.11608333210398769,693,conservative_stabilize_dry,0,{},{},False
"[""humidity_or_dew_risk""]",True,"{""u_co2"": 0.0, ""u_heating"": 0.0, ""u_lighting"": 0.0, ""u_screen"": 0.0, ""u_shading"": 0.06, ""u_ventilation"": -0.06000000000000005}",dew_or_humidity,-0.00374999999999992,-0.11420833210398762,693,conservative_stabilize_high_vpd,0,{},{},False
"[""humidity_or_dew_risk""]",True,"{""u_co2"": 0.0, ""u_heating"": 0.0, ""u_lighting"": 0.0, ""u_screen"": 0.0, ""u_shading"": 0.0, ""u_ventilation"": 0.0}",dew_or_humidity,0.008624999552965251,-0.10183333255102245,693,conservative_stabilize_dew,0,{},{},False
"[""humidity_or_dew_risk""]",True,"{""u_co2"": 0.0, ""u_heating"": 0.01000000536441803, ""u_lighting"": 0.0, ""u_screen"": 0.0, ""u_shading"": 0.0, ""u_ventilation"": -0.04999998807907102}",dew_or_humidity,0.00662499848008169,-0.10383333362390601,693,conservative_stabilize_canopy_dew,0,{},{},False
"[""humidity_or_dew_risk""]",True,"{""u_co2"": 0.0, ""u_heating"": 0.0, ""u_lighting"": 0.0, ""u_screen"": 0.0, ""u_shading"": 0.06, ""u_ventilation"": -0.06000000000000005}",dew_or_humidity,-0.00374999999999992,-0.11420833210398762,693,conservative_stabilize_dry_vent_guard,0,{},{},False
