active_regime,baseline_candidate_id,baseline_selected_score,baseline_source_prior,baseline_template_name,bonus,canopy_dew_margin,conservative_margin,counterfactual_winner_id,counterfactual_winner_score,dew_margin_air,hour_of_day,rh_air,risk_flags,selected_minus_conservative,step,temp_air,vpd_air
NORMAL_BALANCED,previous_plan_prior:screen_dwell_hold:4,1.06,previous_plan_prior,screen_dwell_hold,0.06,6.323517773922273,0.058625000100583025,conservative_prior:conservative_stabilize:5,1.061374999899417,9.593215985334712,9.75,54.403473946942555,"{""any_risk"": true, ""canopy_dew_margin_lt0"": false, ""canopy_dew_margin_lt1"": false, ""dew_risk"": false, ""dry_or_high_vpd_risk"": true, ""dry_risk"": true, ""dry_vent_risk"": false, ""high_vpd"": false, ""humidity_or_dew_risk"": false, ""rh_ge_90"": false}","{""base_final_score"": 0.002625000100582975, ""final_score"": 0.058625000100583025, ""prior_confidence_bonus"": 0.055999999999999994, ""projected_energy_proxy"": 0.0, ""projected_low_reversal"": 0.0, ""projected_smoothness"": 0.005833333556850784, ""raw_energy_proxy"": 0.0, ""raw_low_reversal"": 0.0, ""raw_smoothness"": 0.005833333556850784, ""rewrite_penalty"": 0.0, ""risk_static_hold_penalty"": 0.0, ""uncertainty_penalty"": 0.0}",327,21.488572192599968,1.1683724760271632
NORMAL_BALANCED,previous_plan_prior:previous_shift_all:2,1.06,previous_plan_prior,previous_shift_all,0.06,3.8123392355743277,0.058625000100583025,conservative_prior:conservative_stabilize:5,1.061374999899417,8.673290555706778,12.25,58.38812310006019,"{""any_risk"": true, ""canopy_dew_margin_lt0"": false, ""canopy_dew_margin_lt1"": false, ""dew_risk"": false, ""dry_or_high_vpd_risk"": true, ""dry_risk"": false, ""dry_vent_risk"": false, ""high_vpd"": true, ""humidity_or_dew_risk"": false, ""rh_ge_90"": false}","{""base_final_score"": 0.002625000100582975, ""final_score"": 0.058625000100583025, ""prior_confidence_bonus"": 0.055999999999999994, ""projected_energy_proxy"": 0.0, ""projected_low_reversal"": 0.0, ""projected_smoothness"": 0.005833333556850784, ""raw_energy_proxy"": 0.0, ""raw_low_reversal"": 0.0, ""raw_smoothness"": 0.005833333556850784, ""rewrite_penalty"": 0.0, ""risk_static_hold_penalty"": 0.0, ""uncertainty_penalty"": 0.0}",337,23.913070165909904,1.2350918615288222
NORMAL_BALANCED,previous_plan_prior:screen_dwell_hold:4,1.06,previous_plan_prior,screen_dwell_hold,0.06,9.071713944232576,0.058625000100583025,conservative_prior:conservative_stabilize:5,1.061374999899417,9.414052717719771,14.75,54.543955133982806,"{""any_risk"": true, ""canopy_dew_margin_lt0"": false, ""canopy_dew_margin_lt1"": false, ""dew_risk"": false, ""dry_or_high_vpd_risk"": true, ""dry_risk"": true, ""dry_vent_risk"": false, ""high_vpd"": false, ""humidity_or_dew_risk"": false, ""rh_ge_90"": false}","{""base_final_score"": 0.002625000100582975, ""final_score"": 0.058625000100583025, ""prior_confidence_bonus"": 0.055999999999999994, ""projected_energy_proxy"": 0.0, ""projected_low_reversal"": 0.0, ""projected_smoothness"": 0.005833333556850784, ""raw_energy_proxy"": 0.0, ""raw_low_reversal"": 0.0, ""raw_smoothness"": 0.005833333556850784, ""rewrite_penalty"": 0.0, ""risk_static_hold_penalty"": 0.0, ""uncertainty_penalty"": 0.0}",347,19.54675330428213,1.033350685721216
NORMAL_BALANCED,previous_plan_prior:screen_dwell_hold:4,1.06,previous_plan_prior,screen_dwell_hold,0.06,9.37381788537914,0.058625000100583025,conservative_prior:conservative_stabilize:5,1.061374999899417,9.955370255032037,15.25,52.6799345212631,"{""any_risk"": true, ""canopy_dew_margin_lt0"": false, ""canopy_dew_margin_lt1"": false, ""dew_risk"": false, ""dry_or_high_vpd_risk"": true, ""dry_risk"": true, ""dry_vent_risk"": false, ""high_vpd"": false, ""humidity_or_dew_risk"": false, ""rh_ge_90"": false}","{""base_final_score"": 0.002625000100582975, ""final_score"": 0.058625000100583025, ""prior_confidence_bonus"": 0.055999999999999994, ""projected_energy_proxy"": 0.0, ""projected_low_reversal"": 0.0, ""projected_smoothness"": 0.005833333556850784, ""raw_energy_proxy"": 0.0, ""raw_low_reversal"": 0.0, ""raw_smoothness"": 0.005833333556850784, ""rewrite_penalty"": 0.0, ""risk_static_hold_penalty"": 0.0, ""uncertainty_penalty"": 0.0}",349,19.838896274914593,1.0954030044238166
NORMAL_BALANCED,previous_plan_prior:screen_dwell_hold:4,1.06,previous_plan_prior,screen_dwell_hold,0.06,6.281917277059092,0.058625000100583025,conservative_prior:conservative_stabilize:5,1.061374999899417,9.604764376759382,8.25,54.340651978632344,"{""any_risk"": true, ""canopy_dew_margin_lt0"": false, ""canopy_dew_margin_lt1"": false, ""dew_risk"": false, ""dry_or_high_vpd_risk"": true, ""dry_risk"": true, ""dry_vent_risk"": false, ""high_vpd"": false, ""humidity_or_dew_risk"": false, ""rh_ge_90"": false}","{""base_final_score"": 0.002625000100582975, ""final_score"": 0.058625000100583025, ""prior_confidence_bonus"": 0.055999999999999994, ""projected_energy_proxy"": 0.0, ""projected_low_reversal"": 0.0, ""projected_smoothness"": 0.005833333556850784, ""raw_energy_proxy"": 0.0, ""raw_low_reversal"": 0.0, ""raw_smoothness"": 0.005833333556850784, ""rewrite_penalty"": 0.0, ""risk_static_hold_penalty"": 0.0, ""uncertainty_penalty"": 0.0}",417,21.40633686873053,1.1641077763240355
NORMAL_BALANCED,previous_plan_prior:screen_dwell_hold:4,1.06,previous_plan_prior,screen_dwell_hold,0.06,2.885229749487932,0.058625000100583025,conservative_prior:conservative_stabilize:5,1.061374999899417,9.371692524977812,8.75,55.69450189657129,"{""any_risk"": true, ""canopy_dew_margin_lt0"": false, ""canopy_dew_margin_lt1"": false, ""dew_risk"": false, ""dry_or_high_vpd_risk"": true, ""dry_risk"": false, ""dry_vent_risk"": false, ""high_vpd"": true, ""humidity_or_dew_risk"": false, ""rh_ge_90"": false}","{""base_final_score"": 0.002625000100582975, ""final_score"": 0.058625000100583025, ""prior_confidence_bonus"": 0.055999999999999994, ""projected_energy_proxy"": 0.0, ""projected_low_reversal"": 0.0, ""projected_smoothness"": 0.005833333556850784, ""raw_energy_proxy"": 0.0, ""raw_low_reversal"": 0.0, ""raw_smoothness"": 0.005833333556850784, ""rewrite_penalty"": 0.0, ""risk_static_hold_penalty"": 0.0, ""uncertainty_penalty"": 0.0}",515,23.408984542349476,1.2757504453085513
NORMAL_BALANCED,previous_plan_prior:screen_dwell_hold:4,1.06,previous_plan_prior,screen_dwell_hold,0.06,2.1122255873962956,0.056374999731779285,conservative_prior:conservative_stabilize:5,1.0636250002682208,7.961051993212802,12.75,61.295667010719875,"{""any_risk"": true, ""canopy_dew_margin_lt0"": false, ""canopy_dew_margin_lt1"": false, ""dew_risk"": false, ""dry_or_high_vpd_risk"": true, ""dry_risk"": false, ""dry_vent_risk"": true, ""high_vpd"": true, ""humidity_or_dew_risk"": false, ""rh_ge_90"": false}","{""base_final_score"": 0.0003749997317792353, ""final_score"": 0.056374999731779285, ""prior_confidence_bonus"": 0.055999999999999994, ""projected_energy_proxy"": 0.0, ""projected_low_reversal"": 0.0, ""projected_smoothness"": 0.0008333327372869181, ""raw_energy_proxy"": 0.0, ""raw_low_reversal"": 0.0, ""raw_smoothness"": 0.0008333327372869181, ""rewrite_penalty"": 0.0, ""risk_static_hold_penalty"": 0.0, ""uncertainty_penalty"": 0.0}",147,24.707863796716055,1.2047857653139369
NORMAL_BALANCED,previous_plan_prior:previous_shift_all:2,1.06,previous_plan_prior,previous_shift_all,0.06,1.8237903825715307,0.056374999731779285,conservative_prior:conservative_stabilize:5,1.0636250002682208,8.819954765877348,13.0,58.33907553642014,"{""any_risk"": true, ""canopy_dew_margin_lt0"": false, ""canopy_dew_margin_lt1"": false, ""dew_risk"": false, ""dry_or_high_vpd_risk"": true, ""dry_risk"": false, ""dry_vent_risk"": true, ""high_vpd"": true, ""humidity_or_dew_risk"": false, ""rh_ge_90"": false}","{""base_final_score"": 0.0003749997317792353, ""final_score"": 0.056374999731779285, ""prior_confidence_bonus"": 0.055999999999999994, ""projected_energy_proxy"": 0.0, ""projected_low_reversal"": 0.0, ""projected_smoothness"": 0.0008333327372869181, ""raw_energy_proxy"": 0.0, ""raw_low_reversal"": 0.0, ""raw_smoothness"": 0.0008333327372869181, ""rewrite_penalty"": 0.0, ""risk_static_hold_penalty"": 0.0, ""uncertainty_penalty"": 0.0}",148,25.95084847817154,1.3962148257163356
NORMAL_BALANCED,previous_plan_prior:previous_shift_all:2,1.06,previous_plan_prior,previous_shift_all,0.06,1.7408834385472218,0.056374999731779285,conservative_prior:conservative_stabilize:5,1.0636250002682208,9.009974414961356,13.25,57.73331210615125,"{""any_risk"": true, ""canopy_dew_margin_lt0"": false, ""canopy_dew_margin_lt1"": false, ""dew_risk"": false, ""dry_or_high_vpd_risk"": true, ""dry_risk"": false, ""dry_vent_risk"": true, ""high_vpd"": true, ""humidity_or_dew_risk"": false, ""rh_ge_90"": false}","{""base_final_score"": 0.0003749997317792353, ""final_score"": 0.056374999731779285, ""prior_confidence_bonus"": 0.055999999999999994, ""projected_energy_proxy"": 0.0, ""projected_low_reversal"": 0.0, ""projected_smoothness"": 0.0008333327372869181, ""raw_energy_proxy"": 0.0, ""raw_low_reversal"": 0.0, ""raw_smoothness"": 0.0008333327372869181, ""rewrite_penalty"": 0.0, ""risk_static_hold_penalty"": 0.0, ""uncertainty_penalty"": 0.0}",149,26.323899759732676,1.4480664926274105
NORMAL_BALANCED,previous_plan_prior:previous_shift_all:2,1.06,previous_plan_prior,previous_shift_all,0.06,1.963681735301897,0.056374999731779285,conservative_prior:conservative_stabilize:5,1.0636250002682208,8.646108037002072,13.5,58.95467966631317,"{""any_risk"": true, ""canopy_dew_margin_lt0"": false, ""canopy_dew_margin_lt1"": false, ""dew_risk"": false, ""dry_or_high_vpd_risk"": true, ""dry_risk"": false, ""dry_vent_risk"": true, ""high_vpd"": true, ""humidity_or_dew_risk"": false, ""rh_ge_90"": false}","{""base_final_score"": 0.0003749997317792353, ""final_score"": 0.056374999731779285, ""prior_confidence_bonus"": 0.055999999999999994, ""projected_energy_proxy"": 0.0, ""projected_low_reversal"": 0.0, ""projected_smoothness"": 0.0008333327372869181, ""raw_energy_proxy"": 0.0, ""raw_low_reversal"": 0.0, ""raw_smoothness"": 0.0008333327372869181, ""rewrite_penalty"": 0.0, ""risk_static_hold_penalty"": 0.0, ""uncertainty_penalty"": 0.0}",150,25.831774430129,1.365927385989567
NORMAL_BALANCED,previous_plan_prior:previous_shift_all:2,1.06,previous_plan_prior,previous_shift_all,0.06,2.2797041019417037,0.056374999731779285,conservative_prior:conservative_stabilize:5,1.0636250002682208,8.290483044137616,13.75,60.15452053990635,"{""any_risk"": true, ""canopy_dew_margin_lt0"": false, ""canopy_dew_margin_lt1"": false, ""dew_risk"": false, ""dry_or_high_vpd_risk"": true, ""dry_risk"": false, ""dry_vent_risk"": true, ""high_vpd"": true, ""humidity_or_dew_risk"": false, ""rh_ge_90"": false}","{""base_final_score"": 0.0003749997317792353, ""final_score"": 0.056374999731779285, ""prior_confidence_bonus"": 0.055999999999999994, ""projected_energy_proxy"": 0.0, ""projected_low_reversal"": 0.0, ""projected_smoothness"": 0.0008333327372869181, ""raw_energy_proxy"": 0.0, ""raw_low_reversal"": 0.0, ""raw_smoothness"": 0.0008333327372869181, ""rewrite_penalty"": 0.0, ""risk_static_hold_penalty"": 0.0, ""uncertainty_penalty"": 0.0}",151,25.246369424841415,1.2807424431579622
NORMAL_BALANCED,previous_plan_prior:previous_shift_all:2,1.06,previous_plan_prior,previous_shift_all,0.06,3.6358792573908634,0.056374999731779285,conservative_prior:conservative_stabilize:5,1.0636250002682208,10.1041177277378,10.0,53.458179694769285,"{""any_risk"": true, ""canopy_dew_margin_lt0"": false, ""canopy_dew_margin_lt1"": false, ""dew_risk"": false, ""dry_or_high_vpd_risk"": true, ""dry_risk"": true, ""dry_vent_risk"": true, ""high_vpd"": true, ""humidity_or_dew_risk"": false, ""rh_ge_90"": false}","{""base_final_score"": 0.0003749997317792353, ""final_score"": 0.056374999731779285, ""prior_confidence_bonus"": 0.055999999999999994, ""projected_energy_proxy"": 0.0, ""projected_low_reversal"": 0.0, ""projected_smoothness"": 0.0008333327372869181, ""raw_energy_proxy"": 0.0, ""raw_low_reversal"": 0.0, ""raw_smoothness"": 0.0008333327372869181, ""rewrite_penalty"": 0.0, ""risk_static_hold_penalty"": 0.0, ""uncertainty_penalty"": 0.0}",328,24.75448627619811,1.4527875555007945
NORMAL_BALANCED,previous_plan_prior:previous_shift_all:2,1.06,previous_plan_prior,previous_shift_all,0.06,3.6841907253908524,0.056374999731779285,conservative_prior:conservative_stabilize:5,1.0636250002682208,10.612081132847798,10.25,51.87587327345088,"{""any_risk"": true, ""canopy_dew_margin_lt0"": false, ""canopy_dew_margin_lt1"": false, ""dew_risk"": false, ""dry_or_high_vpd_risk"": true, ""dry_risk"": true, ""dry_vent_risk"": true, ""high_vpd"": true, ""humidity_or_dew_risk"": false, ""rh_ge_90"": false}","{""base_final_score"": 0.0003749997317792353, ""final_score"": 0.056374999731779285, ""prior_confidence_bonus"": 0.055999999999999994, ""projected_energy_proxy"": 0.0, ""projected_low_reversal"": 0.0, ""projected_smoothness"": 0.0008333327372869181, ""raw_energy_proxy"": 0.0, ""raw_low_reversal"": 0.0, ""raw_smoothness"": 0.0008333327372869181, ""rewrite_penalty"": 0.0, ""risk_static_hold_penalty"": 0.0, ""uncertainty_penalty"": 0.0}",329,25.29541262081237,1.5513566063180169
NORMAL_BALANCED,previous_plan_prior:previous_shift_all:2,1.06,previous_plan_prior,previous_shift_all,0.06,3.4845829184671526,0.056374999731779285,conservative_prior:conservative_stabilize:5,1.0636250002682208,10.698515551018316,10.5,51.686250794621095,"{""any_risk"": true, ""canopy_dew_margin_lt0"": false, ""canopy_dew_margin_lt1"": false, ""dew_risk"": false, ""dry_or_high_vpd_risk"": true, ""dry_risk"": true, ""dry_vent_risk"": true, ""high_vpd"": true, ""humidity_or_dew_risk"": false, ""rh_ge_90"": false}","{""base_final_score"": 0.0003749997317792353, ""final_score"": 0.056374999731779285, ""prior_confidence_bonus"": 0.055999999999999994, ""projected_energy_proxy"": 0.0, ""projected_low_reversal"": 0.0, ""projected_smoothness"": 0.0008333327372869181, ""raw_energy_proxy"": 0.0, ""raw_low_reversal"": 0.0, ""raw_smoothness"": 0.0008333327372869181, ""rewrite_penalty"": 0.0, ""risk_static_hold_penalty"": 0.0, ""uncertainty_penalty"": 0.0}",330,25.66786088469156,1.592277385998778
NORMAL_BALANCED,previous_plan_prior:previous_shift_all:2,1.06,previous_plan_prior,previous_shift_all,0.06,3.2297511246124255,0.056374999731779285,conservative_prior:conservative_stabilize:5,1.0636250002682208,10.725463644253777,10.75,51.695405871901585,"{""any_risk"": true, ""canopy_dew_margin_lt0"": false, ""canopy_dew_margin_lt1"": false, ""dew_risk"": false, ""dry_or_high_vpd_risk"": true, ""dry_risk"": true, ""dry_vent_risk"": true, ""high_vpd"": true, ""humidity_or_dew_risk"": false, ""rh_ge_90"": false}","{""base_final_score"": 0.0003749997317792353, ""final_score"": 0.056374999731779285, ""prior_confidence_bonus"": 0.055999999999999994, ""projected_energy_proxy"": 0.0, ""projected_low_reversal"": 0.0, ""projected_smoothness"": 0.0008333327372869181, ""raw_energy_proxy"": 0.0, ""raw_low_reversal"": 0.0, ""raw_smoothness"": 0.0008333327372869181, ""rewrite_penalty"": 0.0, ""risk_static_hold_penalty"": 0.0, ""uncertainty_penalty"": 0.0}",331,26.04088379374779,1.6275083589275892
NORMAL_BALANCED,previous_plan_prior:previous_shift_all:2,1.06,previous_plan_prior,previous_shift_all,0.06,2.9693533494612723,0.056374999731779285,conservative_prior:conservative_stabilize:5,1.0636250002682208,10.74109053014124,11.0,51.74183604493684,"{""any_risk"": true, ""canopy_dew_margin_lt0"": false, ""canopy_dew_margin_lt1"": false, ""dew_risk"": false, ""dry_or_high_vpd_risk"": true, ""dry_risk"": true, ""dry_vent_risk"": true, ""high_vpd"": true, ""humidity_or_dew_risk"": false, ""rh_ge_90"": false}","{""base_final_score"": 0.0003749997317792353, ""final_score"": 0.056374999731779285, ""prior_confidence_bonus"": 0.055999999999999994, ""projected_energy_proxy"": 0.0, ""projected_low_reversal"": 0.0, ""projected_smoothness"": 0.0008333327372869181, ""raw_energy_proxy"": 0.0, ""raw_low_reversal"": 0.0, ""raw_smoothness"": 0.0008333327372869181, ""rewrite_penalty"": 0.0, ""risk_static_hold_penalty"": 0.0, ""uncertainty_penalty"": 0.0}",332,26.412947422608287,1.6620371174397184
NORMAL_BALANCED,previous_plan_prior:previous_shift_all:2,1.06,previous_plan_prior,previous_shift_all,0.06,2.722370359712304,0.056374999731779285,conservative_prior:conservative_stabilize:5,1.0636250002682208,10.752774256289758,11.25,51.79783594592986,"{""any_risk"": true, ""canopy_dew_margin_lt0"": false, ""canopy_dew_margin_lt1"": false, ""dew_risk"": false, ""dry_or_high_vpd_risk"": true, ""dry_risk"": true, ""dry_vent_risk"": true, ""high_vpd"": true, ""humidity_or_dew_risk"": false, ""rh_ge_90"": false}","{""base_final_score"": 0.0003749997317792353, ""final_score"": 0.056374999731779285, ""prior_confidence_bonus"": 0.055999999999999994, ""projected_energy_proxy"": 0.0, ""projected_low_reversal"": 0.0, ""projected_smoothness"": 0.0008333327372869181, ""raw_energy_proxy"": 0.0, ""raw_low_reversal"": 0.0, ""raw_smoothness"": 0.0008333327372869181, ""rewrite_penalty"": 0.0, ""risk_static_hold_penalty"": 0.0, ""uncertainty_penalty"": 0.0}",333,26.77220849355655,1.695578869261264
NORMAL_BALANCED,previous_plan_prior:previous_shift_all:2,1.06,previous_plan_prior,previous_shift_all,0.06,2.8378299268554006,0.056374999731779285,conservative_prior:conservative_stabilize:5,1.0636250002682208,10.244641414987091,11.5,53.36330045573909,"{""any_risk"": true, ""canopy_dew_margin_lt0"": false, ""canopy_dew_margin_lt1"": false, ""dew_risk"": false, ""dry_or_high_vpd_risk"": true, ""dry_risk"": true, ""dry_vent_risk"": true, ""high_vpd"": true, ""humidity_or_dew_risk"": false, ""rh_ge_90"": false}","{""base_final_score"": 0.0003749997317792353, ""final_score"": 0.056374999731779285, ""prior_confidence_bonus"": 0.055999999999999994, ""projected_energy_proxy"": 0.0, ""projected_low_reversal"": 0.0, ""projected_smoothness"": 0.0008333327372869181, ""raw_energy_proxy"": 0.0, ""raw_low_reversal"": 0.0, ""raw_smoothness"": 0.0008333327372869181, ""rewrite_penalty"": 0.0, ""risk_static_hold_penalty"": 0.0, ""uncertainty_penalty"": 0.0}",334,26.242516112397944,1.5901324920779896
NORMAL_BALANCED,previous_plan_prior:previous_shift_all:2,1.06,previous_plan_prior,previous_shift_all,0.06,3.1045080467293626,0.056374999731779285,conservative_prior:conservative_stabilize:5,1.0636250002682208,9.748831346814958,11.75,54.90178649761487,"{""any_risk"": true, ""canopy_dew_margin_lt0"": false, ""canopy_dew_margin_lt1"": false, ""dew_risk"": false, ""dry_or_high_vpd_risk"": true, ""dry_risk"": true, ""dry_vent_risk"": true, ""high_vpd"": true, ""humidity_or_dew_risk"": false, ""rh_ge_90"": false}","{""base_final_score"": 0.0003749997317792353, ""final_score"": 0.056374999731779285, ""prior_confidence_bonus"": 0.055999999999999994, ""projected_energy_proxy"": 0.0, ""projected_low_reversal"": 0.0, ""projected_smoothness"": 0.0008333327372869181, ""raw_energy_proxy"": 0.0, ""raw_low_reversal"": 0.0, ""raw_smoothness"": 0.0008333327372869181, ""rewrite_penalty"": 0.0, ""risk_static_hold_penalty"": 0.0, ""uncertainty_penalty"": 0.0}",335,25.563830145904493,1.4771644616794477
NORMAL_BALANCED,previous_plan_prior:previous_shift_all:2,1.06,previous_plan_prior,previous_shift_all,0.06,3.43636661741656,0.056374999731779285,conservative_prior:conservative_stabilize:5,1.0636250002682208,9.22946796425716,12.0,56.55553498059691,"{""any_risk"": true, ""canopy_dew_margin_lt0"": false, ""canopy_dew_margin_lt1"": false, ""dew_risk"": false, ""dry_or_high_vpd_risk"": true, ""dry_risk"": false, ""dry_vent_risk"": true, ""high_vpd"": true, ""humidity_or_dew_risk"": false, ""rh_ge_90"": false}","{""base_final_score"": 0.0003749997317792353, ""final_score"": 0.056374999731779285, ""prior_confidence_bonus"": 0.055999999999999994, ""projected_energy_proxy"": 0.0, ""projected_low_reversal"": 0.0, ""projected_smoothness"": 0.0008333327372869181, ""raw_energy_proxy"": 0.0, ""raw_low_reversal"": 0.0, ""raw_smoothness"": 0.0008333327372869181, ""rewrite_penalty"": 0.0, ""risk_static_hold_penalty"": 0.0, ""uncertainty_penalty"": 0.0}",336,24.785058993745064,1.358580712124477
NORMAL_BALANCED,previous_plan_prior:previous_shift_all:2,1.06,previous_plan_prior,previous_shift_all,0.06,2.861449150504045,0.056374999731779285,conservative_prior:conservative_stabilize:5,1.0636250002682208,8.890756544000306,8.5,57.641921711275685,"{""any_risk"": true, ""canopy_dew_margin_lt0"": false, ""canopy_dew_margin_lt1"": false, ""dew_risk"": false, ""dry_or_high_vpd_risk"": true, ""dry_risk"": false, ""dry_vent_risk"": true, ""high_vpd"": true, ""humidity_or_dew_risk"": false, ""rh_ge_90"": false}","{""base_final_score"": 0.0003749997317792353, ""final_score"": 0.056374999731779285, ""prior_confidence_bonus"": 0.055999999999999994, ""projected_energy_proxy"": 0.0, ""projected_low_reversal"": 0.0, ""projected_smoothness"": 0.0008333327372869181, ""raw_energy_proxy"": 0.0, ""raw_low_reversal"": 0.0, ""raw_smoothness"": 0.0008333327372869181, ""rewrite_penalty"": 0.0, ""risk_static_hold_penalty"": 0.0, ""uncertainty_penalty"": 0.0}",418,24.170296688781278,1.2767945703295254
NORMAL_BALANCED,previous_plan_prior:previous_shift_all:2,1.06,previous_plan_prior,previous_shift_all,0.06,-1.2616665605056205,0.056374999731779285,conservative_prior:conservative_stabilize:5,1.0636250002682208,9.456157616757206,9.0,56.48044449802184,"{""any_risk"": true, ""canopy_dew_margin_lt0"": true, ""canopy_dew_margin_lt1"": true, ""dew_risk"": true, ""dry_or_high_vpd_risk"": true, ""dry_risk"": false, ""dry_vent_risk"": true, ""high_vpd"": true, ""humidity_or_dew_risk"": true, ""rh_ge_90"": false}","{""base_final_score"": 0.0003749997317792353, ""final_score"": 0.056374999731779285, ""prior_confidence_bonus"": 0.055999999999999994, ""projected_energy_proxy"": 0.0, ""projected_low_reversal"": 0.0, ""projected_smoothness"": 0.0008333327372869181, ""raw_energy_proxy"": 0.0, ""raw_low_reversal"": 0.0, ""raw_smoothness"": 0.0008333327372869181, ""rewrite_penalty"": 0.0, ""risk_static_hold_penalty"": 0.0, ""uncertainty_penalty"": 0.0}",516,27.743459968169855,1.6204413170818737
NORMAL_BALANCED,previous_plan_prior:previous_shift_all:2,1.06,previous_plan_prior,previous_shift_all,0.06,-0.5626602454932801,0.056374999731779285,conservative_prior:conservative_stabilize:5,1.0636250002682208,9.492685155863427,9.5,56.246076591047284,"{""any_risk"": true, ""canopy_dew_margin_lt0"": true, ""canopy_dew_margin_lt1"": true, ""dew_risk"": true, ""dry_or_high_vpd_risk"": true, ""dry_risk"": false, ""dry_vent_risk"": true, ""high_vpd"": true, ""humidity_or_dew_risk"": true, ""rh_ge_90"": false}","{""base_final_score"": 0.0003749997317792353, ""final_score"": 0.056374999731779285, ""prior_confidence_bonus"": 0.055999999999999994, ""projected_energy_proxy"": 0.0, ""projected_low_reversal"": 0.0, ""projected_smoothness"": 0.0008333327372869181, ""raw_energy_proxy"": 0.0, ""raw_low_reversal"": 0.0, ""raw_smoothness"": 0.0008333327372869181, ""rewrite_penalty"": 0.0, ""risk_static_hold_penalty"": 0.0, ""uncertainty_penalty"": 0.0}",518,27.319752606818582,1.5893294871831878
NORMAL_BALANCED,previous_plan_prior:previous_shift_all:2,1.06,previous_plan_prior,previous_shift_all,0.06,-0.6865096997131985,0.056374999731779285,conservative_prior:conservative_stabilize:5,1.0636250002682208,9.25534941602092,10.0,57.119653847492,"{""any_risk"": true, ""canopy_dew_margin_lt0"": true, ""canopy_dew_margin_lt1"": true, ""dew_risk"": true, ""dry_or_high_vpd_risk"": true, ""dry_risk"": false, ""dry_vent_risk"": true, ""high_vpd"": true, ""humidity_or_dew_risk"": true, ""rh_ge_90"": false}","{""base_final_score"": 0.0003749997317792353, ""final_score"": 0.056374999731779285, ""prior_confidence_bonus"": 0.055999999999999994, ""projected_energy_proxy"": 0.0, ""projected_low_reversal"": 0.0, ""projected_smoothness"": 0.0008333327372869181, ""raw_energy_proxy"": 0.0, ""raw_low_reversal"": 0.0, ""raw_smoothness"": 0.0008333327372869181, ""rewrite_penalty"": 0.0, ""risk_static_hold_penalty"": 0.0, ""uncertainty_penalty"": 0.0}",520,27.436947417403612,1.568312406336445
NORMAL_BALANCED,previous_plan_prior:previous_shift_all:2,1.06,previous_plan_prior,previous_shift_all,0.06,-0.7525899879942699,0.056374999731779285,conservative_prior:conservative_stabilize:5,1.0636250002682208,9.365351839815222,10.5,56.82644935479121,"{""any_risk"": true, ""canopy_dew_margin_lt0"": true, ""canopy_dew_margin_lt1"": true, ""dew_risk"": true, ""dry_or_high_vpd_risk"": true, ""dry_risk"": false, ""dry_vent_risk"": true, ""high_vpd"": true, ""humidity_or_dew_risk"": true, ""rh_ge_90"": false}","{""base_final_score"": 0.0003749997317792353, ""final_score"": 0.056374999731779285, ""prior_confidence_bonus"": 0.055999999999999994, ""projected_energy_proxy"": 0.0, ""projected_low_reversal"": 0.0, ""projected_smoothness"": 0.0008333327372869181, ""raw_energy_proxy"": 0.0, ""raw_low_reversal"": 0.0, ""raw_smoothness"": 0.0008333327372869181, ""rewrite_penalty"": 0.0, ""risk_static_hold_penalty"": 0.0, ""uncertainty_penalty"": 0.0}",522,27.840514804847178,1.6166821087162488
NORMAL_BALANCED,previous_plan_prior:previous_shift_all:2,1.06,previous_plan_prior,previous_shift_all,0.06,1.0327574312835637,0.056374999731779285,conservative_prior:conservative_stabilize:5,1.0636250002682208,9.92047493861488,12.5,54.801782048047585,"{""any_risk"": true, ""canopy_dew_margin_lt0"": false, ""canopy_dew_margin_lt1"": false, ""dew_risk"": false, ""dry_or_high_vpd_risk"": true, ""dry_risk"": true, ""dry_vent_risk"": true, ""high_vpd"": true, ""humidity_or_dew_risk"": false, ""rh_ge_90"": false}","{""base_final_score"": 0.0003749997317792353, ""final_score"": 0.056374999731779285, ""prior_confidence_bonus"": 0.055999999999999994, ""projected_energy_proxy"": 0.0, ""projected_low_reversal"": 0.0, ""projected_smoothness"": 0.0008333327372869181, ""raw_energy_proxy"": 0.0, ""raw_low_reversal"": 0.0, ""raw_smoothness"": 0.0008333327372869181, ""rewrite_penalty"": 0.0, ""risk_static_hold_penalty"": 0.0, ""uncertainty_penalty"": 0.0}",530,27.520000352312426,1.6611314003850348
NORMAL_BALANCED,previous_plan_prior:previous_shift_all:2,1.06,previous_plan_prior,previous_shift_all,0.06,1.1501441055151567,0.056374999731779285,conservative_prior:conservative_stabilize:5,1.0636250002682208,8.686596655912972,13.0,58.930541446226904,"{""any_risk"": true, ""canopy_dew_margin_lt0"": false, ""canopy_dew_margin_lt1"": false, ""dew_risk"": false, ""dry_or_high_vpd_risk"": true, ""dry_risk"": false, ""dry_vent_risk"": true, ""high_vpd"": true, ""humidity_or_dew_risk"": false, ""rh_ge_90"": false}","{""base_final_score"": 0.0003749997317792353, ""final_score"": 0.056374999731779285, ""prior_confidence_bonus"": 0.055999999999999994, ""projected_energy_proxy"": 0.0, ""projected_low_reversal"": 0.0, ""projected_smoothness"": 0.0008333327372869181, ""raw_energy_proxy"": 0.0, ""raw_low_reversal"": 0.0, ""raw_smoothness"": 0.0008333327372869181, ""rewrite_penalty"": 0.0, ""risk_static_hold_penalty"": 0.0, ""uncertainty_penalty"": 0.0}",532,26.35780557681392,1.4098647145616452
NORMAL_BALANCED,previous_plan_prior:previous_shift_all:2,1.06,previous_plan_prior,previous_shift_all,0.06,0.11277812166455448,0.056374999731779285,conservative_prior:conservative_stabilize:5,1.0636250002682208,8.016380287780699,13.25,61.566475965704385,"{""any_risk"": true, ""canopy_dew_margin_lt0"": false, ""canopy_dew_margin_lt1"": true, ""dew_risk"": true, ""dry_or_high_vpd_risk"": true, ""dry_risk"": false, ""dry_vent_risk"": true, ""high_vpd"": true, ""humidity_or_dew_risk"": true, ""rh_ge_90"": false}","{""base_final_score"": 0.0003749997317792353, ""final_score"": 0.056374999731779285, ""prior_confidence_bonus"": 0.055999999999999994, ""projected_energy_proxy"": 0.0, ""projected_low_reversal"": 0.0, ""projected_smoothness"": 0.0008333327372869181, ""raw_energy_proxy"": 0.0, ""raw_low_reversal"": 0.0, ""raw_smoothness"": 0.0008333327372869181, ""rewrite_penalty"": 0.0, ""risk_static_hold_penalty"": 0.0, ""uncertainty_penalty"": 0.0}",533,26.8076779794075,1.3547738199084725
NORMAL_BALANCED,previous_plan_prior:previous_shift_all:2,1.06,previous_plan_prior,previous_shift_all,0.06,0.0011972408179765637,0.056374999731779285,conservative_prior:conservative_stabilize:5,1.0636250002682208,7.734074433664663,13.5,62.639719977665806,"{""any_risk"": true, ""canopy_dew_margin_lt0"": false, ""canopy_dew_margin_lt1"": true, ""dew_risk"": true, ""dry_or_high_vpd_risk"": true, ""dry_risk"": false, ""dry_vent_risk"": true, ""high_vpd"": true, ""humidity_or_dew_risk"": true, ""rh_ge_90"": false}","{""base_final_score"": 0.0003749997317792353, ""final_score"": 0.056374999731779285, ""prior_confidence_bonus"": 0.055999999999999994, ""projected_energy_proxy"": 0.0, ""projected_low_reversal"": 0.0, ""projected_smoothness"": 0.0008333327372869181, ""raw_energy_proxy"": 0.0, ""raw_low_reversal"": 0.0, ""raw_smoothness"": 0.0008333327372869181, ""rewrite_penalty"": 0.0, ""risk_static_hold_penalty"": 0.0, ""uncertainty_penalty"": 0.0}",534,26.72017478908021,1.3101870978034946
NORMAL_BALANCED,previous_plan_prior:previous_shift_all:2,1.06,previous_plan_prior,previous_shift_all,0.06,0.27123685057867775,0.056374999731779285,conservative_prior:conservative_stabilize:5,1.0636250002682208,7.766439126168791,13.75,62.47828254260211,"{""any_risk"": true, ""canopy_dew_margin_lt0"": false, ""canopy_dew_margin_lt1"": true, ""dew_risk"": true, ""dry_or_high_vpd_risk"": true, ""dry_risk"": false, ""dry_vent_risk"": true, ""high_vpd"": true, ""humidity_or_dew_risk"": true, ""rh_ge_90"": false}","{""base_final_score"": 0.0003749997317792353, ""final_score"": 0.056374999731779285, ""prior_confidence_bonus"": 0.055999999999999994, ""projected_energy_proxy"": 0.0, ""projected_low_reversal"": 0.0, ""projected_smoothness"": 0.0008333327372869181, ""raw_energy_proxy"": 0.0, ""raw_low_reversal"": 0.0, ""raw_smoothness"": 0.0008333327372869181, ""rewrite_penalty"": 0.0, ""risk_static_hold_penalty"": 0.0, ""uncertainty_penalty"": 0.0}",535,26.56399706492666,1.303815118226582
NORMAL_BALANCED,previous_plan_prior:previous_shift_all:2,1.06,previous_plan_prior,previous_shift_all,0.06,0.6779963868580268,0.056374999731779285,conservative_prior:conservative_stabilize:5,1.0636250002682208,7.932561599084615,14.0,61.796673711750884,"{""any_risk"": true, ""canopy_dew_margin_lt0"": false, ""canopy_dew_margin_lt1"": true, ""dew_risk"": true, ""dry_or_high_vpd_risk"": true, ""dry_risk"": false, ""dry_vent_risk"": true, ""high_vpd"": true, ""humidity_or_dew_risk"": true, ""rh_ge_90"": false}","{""base_final_score"": 0.0003749997317792353, ""final_score"": 0.056374999731779285, ""prior_confidence_bonus"": 0.055999999999999994, ""projected_energy_proxy"": 0.0, ""projected_low_reversal"": 0.0, ""projected_smoothness"": 0.0008333327372869181, ""raw_energy_proxy"": 0.0, ""raw_low_reversal"": 0.0, ""raw_smoothness"": 0.0008333327372869181, ""rewrite_penalty"": 0.0, ""risk_static_hold_penalty"": 0.0, ""uncertainty_penalty"": 0.0}",536,26.40244165262167,1.3149287833734555
NORMAL_BALANCED,previous_plan_prior:previous_shift_all:2,1.06,previous_plan_prior,previous_shift_all,0.06,1.1095142148654666,0.056374999731779285,conservative_prior:conservative_stabilize:5,1.0636250002682208,8.139900059396169,14.25,60.96543617664871,"{""any_risk"": true, ""canopy_dew_margin_lt0"": false, ""canopy_dew_margin_lt1"": false, ""dew_risk"": false, ""dry_or_high_vpd_risk"": true, ""dry_risk"": false, ""dry_vent_risk"": true, ""high_vpd"": true, ""humidity_or_dew_risk"": false, ""rh_ge_90"": false}","{""base_final_score"": 0.0003749997317792353, ""final_score"": 0.056374999731779285, ""prior_confidence_bonus"": 0.055999999999999994, ""projected_energy_proxy"": 0.0, ""projected_low_reversal"": 0.0, ""projected_smoothness"": 0.0008333327372869181, ""raw_energy_proxy"": 0.0, ""raw_low_reversal"": 0.0, ""raw_smoothness"": 0.0008333327372869181, ""rewrite_penalty"": 0.0, ""risk_static_hold_penalty"": 0.0, ""uncertainty_penalty"": 0.0}",537,26.254835320738113,1.3318965541448506
NORMAL_BALANCED,previous_plan_prior:previous_shift_all:2,1.06,previous_plan_prior,previous_shift_all,0.06,1.533872644574231,0.056374999731779285,conservative_prior:conservative_stabilize:5,1.0636250002682208,8.045759063302068,14.5,61.22351602925321,"{""any_risk"": true, ""canopy_dew_margin_lt0"": false, ""canopy_dew_margin_lt1"": false, ""dew_risk"": false, ""dry_or_high_vpd_risk"": true, ""dry_risk"": false, ""dry_vent_risk"": true, ""high_vpd"": true, ""humidity_or_dew_risk"": false, ""rh_ge_90"": false}","{""base_final_score"": 0.0003749997317792353, ""final_score"": 0.056374999731779285, ""prior_confidence_bonus"": 0.055999999999999994, ""projected_energy_proxy"": 0.0, ""projected_low_reversal"": 0.0, ""projected_smoothness"": 0.0008333327372869181, ""raw_energy_proxy"": 0.0, ""raw_low_reversal"": 0.0, ""raw_smoothness"": 0.0008333327372869181, ""rewrite_penalty"": 0.0, ""risk_static_hold_penalty"": 0.0, ""uncertainty_penalty"": 0.0}",538,25.8098253934926,1.2887484309372215
NORMAL_BALANCED,previous_plan_prior:previous_shift_all:2,1.06,previous_plan_prior,previous_shift_all,0.06,1.9494609561931426,0.056374999731779285,conservative_prior:conservative_stabilize:5,1.0636250002682208,7.9472224617676375,14.75,61.50166011290346,"{""any_risk"": true, ""canopy_dew_margin_lt0"": false, ""canopy_dew_margin_lt1"": false, ""dew_risk"": false, ""dry_or_high_vpd_risk"": true, ""dry_risk"": false, ""dry_vent_risk"": true, ""high_vpd"": true, ""humidity_or_dew_risk"": false, ""rh_ge_90"": false}","{""base_final_score"": 0.0003749997317792353, ""final_score"": 0.056374999731779285, ""prior_confidence_bonus"": 0.055999999999999994, ""projected_energy_proxy"": 0.0, ""projected_low_reversal"": 0.0, ""projected_smoothness"": 0.0008333327372869181, ""raw_energy_proxy"": 0.0, ""raw_low_reversal"": 0.0, ""raw_smoothness"": 0.0008333327372869181, ""rewrite_penalty"": 0.0, ""risk_static_hold_penalty"": 0.0, ""uncertainty_penalty"": 0.0}",539,25.365625855723728,1.246242296639482
NORMAL_BALANCED,previous_plan_prior:previous_shift_all:2,1.06,previous_plan_prior,previous_shift_all,0.06,2.348491096204558,0.056374999731779285,conservative_prior:conservative_stabilize:5,1.0636250002682208,7.853550120298181,15.0,61.76805588947125,"{""any_risk"": true, ""canopy_dew_margin_lt0"": false, ""canopy_dew_margin_lt1"": false, ""dew_risk"": false, ""dry_or_high_vpd_risk"": true, ""dry_risk"": false, ""dry_vent_risk"": true, ""high_vpd"": true, ""humidity_or_dew_risk"": false, ""rh_ge_90"": false}","{""base_final_score"": 0.0003749997317792353, ""final_score"": 0.056374999731779285, ""prior_confidence_bonus"": 0.055999999999999994, ""projected_energy_proxy"": 0.0, ""projected_low_reversal"": 0.0, ""projected_smoothness"": 0.0008333327372869181, ""raw_energy_proxy"": 0.0, ""raw_low_reversal"": 0.0, ""raw_smoothness"": 0.0008333327372869181, ""rewrite_penalty"": 0.0, ""risk_static_hold_penalty"": 0.0, ""uncertainty_penalty"": 0.0}",540,24.93943534013061,1.2066323865284543
NORMAL_BALANCED,previous_plan_prior:screen_dwell_hold:4,1.06,previous_plan_prior,screen_dwell_hold,0.06,-2.2686503801698485,0.05600000000000005,conservative_prior:conservative_stabilize:5,1.064,9.142816052103122,9.25,57.79677524120706,"{""any_risk"": true, ""canopy_dew_margin_lt0"": true, ""canopy_dew_margin_lt1"": true, ""dew_risk"": true, ""dry_or_high_vpd_risk"": true, ""dry_risk"": false, ""dry_vent_risk"": false, ""high_vpd"": true, ""humidity_or_dew_risk"": true, ""rh_ge_90"": false}","{""base_final_score"": 0.0, ""final_score"": 0.05600000000000005, ""prior_confidence_bonus"": 0.055999999999999994, ""projected_energy_proxy"": 0.0, ""projected_low_reversal"": 0.0, ""projected_smoothness"": 0.0, ""raw_energy_proxy"": 0.0, ""raw_low_reversal"": 0.0, ""raw_smoothness"": 0.0, ""rewrite_penalty"": 0.0, ""risk_static_hold_penalty"": 0.0, ""uncertainty_penalty"": 0.0}",517,28.558785403623368,1.6477359430766803
NORMAL_BALANCED,previous_plan_prior:previous_shift_all:2,1.06,previous_plan_prior,previous_shift_all,0.06,-2.11980499522436,0.05600000000000005,conservative_prior:conservative_stabilize:5,1.064,9.123041972920287,9.75,57.88361818482696,"{""any_risk"": true, ""canopy_dew_margin_lt0"": true, ""canopy_dew_margin_lt1"": true, ""dew_risk"": true, ""dry_or_high_vpd_risk"": true, ""dry_risk"": false, ""dry_vent_risk"": false, ""high_vpd"": true, ""humidity_or_dew_risk"": true, ""rh_ge_90"": false}","{""base_final_score"": 0.0, ""final_score"": 0.05600000000000005, ""prior_confidence_bonus"": 0.055999999999999994, ""projected_energy_proxy"": 0.0, ""projected_low_reversal"": 0.0, ""projected_smoothness"": 0.0, ""raw_energy_proxy"": 0.0, ""raw_low_reversal"": 0.0, ""raw_smoothness"": 0.0, ""rewrite_penalty"": 0.0, ""risk_static_hold_penalty"": 0.0, ""uncertainty_penalty"": 0.0}",519,28.624245082313017,1.6505964533360913
NORMAL_BALANCED,previous_plan_prior:previous_shift_all:2,1.06,previous_plan_prior,previous_shift_all,0.06,-2.179178600059604,0.05600000000000005,conservative_prior:conservative_stabilize:5,1.064,8.868114440925577,10.25,58.81320447398285,"{""any_risk"": true, ""canopy_dew_margin_lt0"": true, ""canopy_dew_margin_lt1"": true, ""dew_risk"": true, ""dry_or_high_vpd_risk"": true, ""dry_risk"": false, ""dry_vent_risk"": false, ""high_vpd"": true, ""humidity_or_dew_risk"": true, ""rh_ge_90"": false}","{""base_final_score"": 0.0, ""final_score"": 0.05600000000000005, ""prior_confidence_bonus"": 0.055999999999999994, ""projected_energy_proxy"": 0.0, ""projected_low_reversal"": 0.0, ""projected_smoothness"": 0.0, ""raw_energy_proxy"": 0.0, ""raw_low_reversal"": 0.0, ""raw_smoothness"": 0.0, ""rewrite_penalty"": 0.0, ""risk_static_hold_penalty"": 0.0, ""uncertainty_penalty"": 0.0}",521,28.655851565874915,1.6171236359402499
NORMAL_BALANCED,previous_plan_prior:previous_shift_all:2,1.06,previous_plan_prior,previous_shift_all,0.06,-2.3529321855666154,0.05600000000000005,conservative_prior:conservative_stabilize:5,1.064,9.324653111989711,10.75,57.381410614229004,"{""any_risk"": true, ""canopy_dew_margin_lt0"": true, ""canopy_dew_margin_lt1"": true, ""dew_risk"": true, ""dry_or_high_vpd_risk"": true, ""dry_risk"": false, ""dry_vent_risk"": false, ""high_vpd"": true, ""humidity_or_dew_risk"": true, ""rh_ge_90"": false}","{""base_final_score"": 0.0, ""final_score"": 0.05600000000000005, ""prior_confidence_bonus"": 0.055999999999999994, ""projected_energy_proxy"": 0.0, ""projected_low_reversal"": 0.0, ""projected_smoothness"": 0.0, ""raw_energy_proxy"": 0.0, ""raw_low_reversal"": 0.0, ""raw_smoothness"": 0.0, ""rewrite_penalty"": 0.0, ""risk_static_hold_penalty"": 0.0, ""uncertainty_penalty"": 0.0}",523,29.51907207529249,1.758871570127371
NORMAL_BALANCED,previous_plan_prior:previous_shift_all:2,1.06,previous_plan_prior,previous_shift_all,0.06,-0.8079538229024124,0.05600000000000005,conservative_prior:conservative_stabilize:5,1.064,9.884994599859912,11.0,55.21030446494242,"{""any_risk"": true, ""canopy_dew_margin_lt0"": true, ""canopy_dew_margin_lt1"": true, ""dew_risk"": true, ""dry_or_high_vpd_risk"": true, ""dry_risk"": false, ""dry_vent_risk"": false, ""high_vpd"": true, ""humidity_or_dew_risk"": true, ""rh_ge_90"": false}","{""base_final_score"": 0.0, ""final_score"": 0.05600000000000005, ""prior_confidence_bonus"": 0.055999999999999994, ""projected_energy_proxy"": 0.0, ""projected_low_reversal"": 0.0, ""projected_smoothness"": 0.0, ""raw_energy_proxy"": 0.0, ""raw_low_reversal"": 0.0, ""raw_smoothness"": 0.0, ""rewrite_penalty"": 0.0, ""risk_static_hold_penalty"": 0.0, ""uncertainty_penalty"": 0.0}",524,28.65470911542647,1.758468468511252
NORMAL_BALANCED,previous_plan_prior:previous_shift_all:2,1.06,previous_plan_prior,previous_shift_all,0.06,-0.36699729205856,0.05600000000000005,conservative_prior:conservative_stabilize:5,1.064,10.44645527389321,11.25,53.36645335382814,"{""any_risk"": true, ""canopy_dew_margin_lt0"": true, ""canopy_dew_margin_lt1"": true, ""dew_risk"": true, ""dry_or_high_vpd_risk"": true, ""dry_risk"": true, ""dry_vent_risk"": false, ""high_vpd"": true, ""humidity_or_dew_risk"": true, ""rh_ge_90"": false}","{""base_final_score"": 0.0, ""final_score"": 0.05600000000000005, ""prior_confidence_bonus"": 0.055999999999999994, ""projected_energy_proxy"": 0.0, ""projected_low_reversal"": 0.0, ""projected_smoothness"": 0.0, ""raw_energy_proxy"": 0.0, ""raw_low_reversal"": 0.0, ""raw_smoothness"": 0.0, ""rewrite_penalty"": 0.0, ""risk_static_hold_penalty"": 0.0, ""uncertainty_penalty"": 0.0}",525,28.89359624530659,1.8563522470299416
NORMAL_BALANCED,previous_plan_prior:previous_shift_all:2,1.06,previous_plan_prior,previous_shift_all,0.06,-0.030250897760812023,0.05600000000000005,conservative_prior:conservative_stabilize:5,1.064,10.494114451992456,11.5,53.16310885178364,"{""any_risk"": true, ""canopy_dew_margin_lt0"": true, ""canopy_dew_margin_lt1"": true, ""dew_risk"": true, ""dry_or_high_vpd_risk"": true, ""dry_risk"": true, ""dry_vent_risk"": false, ""high_vpd"": true, ""humidity_or_dew_risk"": true, ""rh_ge_90"": false}","{""base_final_score"": 0.0, ""final_score"": 0.05600000000000005, ""prior_confidence_bonus"": 0.055999999999999994, ""projected_energy_proxy"": 0.0, ""projected_low_reversal"": 0.0, ""projected_smoothness"": 0.0, ""raw_energy_proxy"": 0.0, ""raw_low_reversal"": 0.0, ""raw_smoothness"": 0.0, ""rewrite_penalty"": 0.0, ""risk_static_hold_penalty"": 0.0, ""uncertainty_penalty"": 0.0}",526,28.720869699643842,1.8459028888199025
NORMAL_BALANCED,previous_plan_prior:previous_shift_all:2,1.06,previous_plan_prior,previous_shift_all,0.06,0.28538727181414103,0.05600000000000005,conservative_prior:conservative_stabilize:5,1.064,10.496670313085048,11.75,53.10321559963851,"{""any_risk"": true, ""canopy_dew_margin_lt0"": false, ""canopy_dew_margin_lt1"": true, ""dew_risk"": true, ""dry_or_high_vpd_risk"": true, ""dry_risk"": true, ""dry_vent_risk"": false, ""high_vpd"": true, ""humidity_or_dew_risk"": true, ""rh_ge_90"": false}","{""base_final_score"": 0.0, ""final_score"": 0.05600000000000005, ""prior_confidence_bonus"": 0.055999999999999994, ""projected_energy_proxy"": 0.0, ""projected_low_reversal"": 0.0, ""projected_smoothness"": 0.0, ""raw_energy_proxy"": 0.0, ""raw_low_reversal"": 0.0, ""raw_smoothness"": 0.0, ""rewrite_penalty"": 0.0, ""risk_static_hold_penalty"": 0.0, ""uncertainty_penalty"": 0.0}",527,28.5213548528856,1.8270162345894612
NORMAL_BALANCED,previous_plan_prior:previous_shift_all:2,1.06,previous_plan_prior,previous_shift_all,0.06,0.6024813753522231,0.05600000000000005,conservative_prior:conservative_stabilize:5,1.064,10.489972131530504,12.0,53.070604710145524,"{""any_risk"": true, ""canopy_dew_margin_lt0"": false, ""canopy_dew_margin_lt1"": true, ""dew_risk"": true, ""dry_or_high_vpd_risk"": true, ""dry_risk"": true, ""dry_vent_risk"": false, ""high_vpd"": true, ""humidity_or_dew_risk"": true, ""rh_ge_90"": false}","{""base_final_score"": 0.0, ""final_score"": 0.05600000000000005, ""prior_confidence_bonus"": 0.055999999999999994, ""projected_energy_proxy"": 0.0, ""projected_low_reversal"": 0.0, ""projected_smoothness"": 0.0, ""raw_energy_proxy"": 0.0, ""raw_low_reversal"": 0.0, ""raw_smoothness"": 0.0, ""rewrite_penalty"": 0.0, ""risk_static_hold_penalty"": 0.0, ""uncertainty_penalty"": 0.0}",528,28.308232226457527,1.805809918055912
NORMAL_BALANCED,previous_plan_prior:previous_shift_all:2,1.06,previous_plan_prior,previous_shift_all,0.06,0.40282987818934757,0.05600000000000005,conservative_prior:conservative_stabilize:5,1.064,10.362895723806947,12.25,53.54282700115008,"{""any_risk"": true, ""canopy_dew_margin_lt0"": false, ""canopy_dew_margin_lt1"": true, ""dew_risk"": true, ""dry_or_high_vpd_risk"": true, ""dry_risk"": true, ""dry_vent_risk"": false, ""high_vpd"": true, ""humidity_or_dew_risk"": true, ""rh_ge_90"": false}","{""base_final_score"": 0.0, ""final_score"": 0.05600000000000005, ""prior_confidence_bonus"": 0.055999999999999994, ""projected_energy_proxy"": 0.0, ""projected_low_reversal"": 0.0, ""projected_smoothness"": 0.0, ""raw_energy_proxy"": 0.0, ""raw_low_reversal"": 0.0, ""raw_smoothness"": 0.0, ""rewrite_penalty"": 0.0, ""risk_static_hold_penalty"": 0.0, ""uncertainty_penalty"": 0.0}",529,28.490285669012266,1.8066311050764385
NORMAL_BALANCED,previous_plan_prior:previous_shift_all:2,1.06,previous_plan_prior,previous_shift_all,0.06,-0.4785615052533032,0.05600000000000005,conservative_prior:conservative_stabilize:5,1.064,9.095225354923429,12.75,57.906522029309336,"{""any_risk"": true, ""canopy_dew_margin_lt0"": true, ""canopy_dew_margin_lt1"": true, ""dew_risk"": true, ""dry_or_high_vpd_risk"": true, ""dry_risk"": false, ""dry_vent_risk"": false, ""high_vpd"": true, ""humidity_or_dew_risk"": true, ""rh_ge_90"": false}","{""base_final_score"": 0.0, ""final_score"": 0.05600000000000005, ""prior_confidence_bonus"": 0.055999999999999994, ""projected_energy_proxy"": 0.0, ""projected_low_reversal"": 0.0, ""projected_smoothness"": 0.0, ""raw_energy_proxy"": 0.0, ""raw_low_reversal"": 0.0, ""raw_smoothness"": 0.0, ""rewrite_penalty"": 0.0, ""risk_static_hold_penalty"": 0.0, ""uncertainty_penalty"": 0.0}",531,28.305429117527215,1.6194635221056515
HUMIDITY_EXCESS_DISEASE_RISK,previous_plan_prior:previous_shift_all:2,1.0438750008514426,previous_plan_prior,previous_shift_all,0.08,2.0169508109015695,0.0797500004044076,conservative_prior:conservative_stabilize:5,1.044125000447035,1.468432643211539,22.5,91.12616585613408,"{""any_risk"": true, ""canopy_dew_margin_lt0"": false, ""canopy_dew_margin_lt1"": false, ""dew_risk"": false, ""dry_or_high_vpd_risk"": false, ""dry_risk"": false, ""dry_vent_risk"": false, ""high_vpd"": false, ""humidity_or_dew_risk"": true, ""rh_ge_90"": true}","{""base_final_score"": 0.023750000404407556, ""final_score"": 0.0797500004044076, ""prior_confidence_bonus"": 0.055999999999999994, ""projected_energy_proxy"": 0.1599999964237213, ""projected_low_reversal"": 0.0, ""projected_smoothness"": -0.018333330845192397, ""raw_energy_proxy"": 0.1599999964237213, ""raw_low_reversal"": 0.0, ""raw_smoothness"": -0.018333330845192397, ""rewrite_penalty"": 0.0, ""risk_static_hold_penalty"": 0.0, ""uncertainty_penalty"": 0.0}",666,17.730626045168673,0.18006232278364223
HUMIDITY_EXCESS_DISEASE_RISK,previous_plan_prior:previous_shift_all:2,1.0438750008514426,previous_plan_prior,previous_shift_all,0.08,1.9608829257400764,0.0797500004044076,conservative_prior:conservative_stabilize:5,1.044125000447035,1.5253952776903965,22.75,90.80379267055197,"{""any_risk"": true, ""canopy_dew_margin_lt0"": false, ""canopy_dew_margin_lt1"": false, ""dew_risk"": false, ""dry_or_high_vpd_risk"": false, ""dry_risk"": false, ""dry_vent_risk"": false, ""high_vpd"": false, ""humidity_or_dew_risk"": true, ""rh_ge_90"": true}","{""base_final_score"": 0.023750000404407556, ""final_score"": 0.0797500004044076, ""prior_confidence_bonus"": 0.055999999999999994, ""projected_energy_proxy"": 0.1599999964237213, ""projected_low_reversal"": 0.0, ""projected_smoothness"": -0.018333330845192397, ""raw_energy_proxy"": 0.1599999964237213, ""raw_low_reversal"": 0.0, ""raw_smoothness"": -0.018333330845192397, ""rewrite_penalty"": 0.0, ""risk_static_hold_penalty"": 0.0, ""uncertainty_penalty"": 0.0}",667,17.83940434399459,0.18788651073743956
HUMIDITY_EXCESS_DISEASE_RISK,previous_plan_prior:previous_shift_all:2,1.0438750008514426,previous_plan_prior,previous_shift_all,0.08,1.9270013545253732,0.0797500004044076,conservative_prior:conservative_stabilize:5,1.044125000447035,1.5288490588880315,23.0,90.78613912346653,"{""any_risk"": true, ""canopy_dew_margin_lt0"": false, ""canopy_dew_margin_lt1"": false, ""dew_risk"": false, ""dry_or_high_vpd_risk"": false, ""dry_risk"": false, ""dry_vent_risk"": false, ""high_vpd"": false, ""humidity_or_dew_risk"": true, ""rh_ge_90"": true}","{""base_final_score"": 0.023750000404407556, ""final_score"": 0.0797500004044076, ""prior_confidence_bonus"": 0.055999999999999994, ""projected_energy_proxy"": 0.1599999964237213, ""projected_low_reversal"": 0.0, ""projected_smoothness"": -0.018333330845192397, ""raw_energy_proxy"": 0.1599999964237213, ""raw_low_reversal"": 0.0, ""raw_smoothness"": -0.018333330845192397, ""rewrite_penalty"": 0.0, ""risk_static_hold_penalty"": 0.0, ""uncertainty_penalty"": 0.0}",668,17.872750923280805,0.18864273570879564
HUMIDITY_EXCESS_DISEASE_RISK,previous_plan_prior:previous_shift_all:2,1.0438750008514426,previous_plan_prior,previous_shift_all,0.08,1.8901924412063273,0.0797500004044076,conservative_prior:conservative_stabilize:5,1.044125000447035,1.5323689801510696,23.25,90.76833283959687,"{""any_risk"": true, ""canopy_dew_margin_lt0"": false, ""canopy_dew_margin_lt1"": false, ""dew_risk"": false, ""dry_or_high_vpd_risk"": false, ""dry_risk"": false, ""dry_vent_risk"": false, ""high_vpd"": false, ""humidity_or_dew_risk"": true, ""rh_ge_90"": true}","{""base_final_score"": 0.023750000404407556, ""final_score"": 0.0797500004044076, ""prior_confidence_bonus"": 0.055999999999999994, ""projected_energy_proxy"": 0.1599999964237213, ""projected_low_reversal"": 0.0, ""projected_smoothness"": -0.018333330845192397, ""raw_energy_proxy"": 0.1599999964237213, ""raw_low_reversal"": 0.0, ""raw_smoothness"": -0.018333330845192397, ""rewrite_penalty"": 0.0, ""risk_static_hold_penalty"": 0.0, ""uncertainty_penalty"": 0.0}",669,17.909236280942824,0.18944174832473198
HUMIDITY_EXCESS_DISEASE_RISK,previous_plan_prior:previous_shift_all:2,1.0438750008514426,previous_plan_prior,previous_shift_all,0.08,1.779808414918854,0.0797500004044076,conservative_prior:conservative_stabilize:5,1.044125000447035,1.4531858548627241,23.5,91.22820183782046,"{""any_risk"": true, ""canopy_dew_margin_lt0"": false, ""canopy_dew_margin_lt1"": false, ""dew_risk"": false, ""dry_or_high_vpd_risk"": false, ""dry_risk"": false, ""dry_vent_risk"": false, ""high_vpd"": false, ""humidity_or_dew_risk"": true, ""rh_ge_90"": true}","{""base_final_score"": 0.023750000404407556, ""final_score"": 0.0797500004044076, ""prior_confidence_bonus"": 0.055999999999999994, ""projected_energy_proxy"": 0.1599999964237213, ""projected_low_reversal"": 0.0, ""projected_smoothness"": -0.018333330845192397, ""raw_energy_proxy"": 0.1599999964237213, ""raw_low_reversal"": 0.0, ""raw_smoothness"": -0.018333330845192397, ""rewrite_penalty"": 0.0, ""risk_static_hold_penalty"": 0.0, ""uncertainty_penalty"": 0.0}",670,17.93685605690307,0.1803178933636959
NORMAL_BALANCED,previous_plan_prior:previous_shift_all:2,1.0271249994635583,previous_plan_prior,previous_shift_all,0.08,4.143636413924662,0.0797499979436399,conservative_prior:conservative_stabilize:5,1.0273750015199183,1.621424311491987,5.0,90.0845941016909,"{""any_risk"": true, ""canopy_dew_margin_lt0"": false, ""canopy_dew_margin_lt1"": false, ""dew_risk"": false, ""dry_or_high_vpd_risk"": false, ""dry_risk"": false, ""dry_vent_risk"": false, ""high_vpd"": false, ""humidity_or_dew_risk"": true, ""rh_ge_90"": true}","{""base_final_score"": 0.023749997943639856, ""final_score"": 0.0797499979436399, ""prior_confidence_bonus"": 0.055999999999999994, ""projected_energy_proxy"": 0.1599999964237213, ""projected_low_reversal"": 0.0, ""projected_smoothness"": -0.018333336313565596, ""raw_energy_proxy"": 0.1599999964237213, ""raw_low_reversal"": 0.0, ""raw_smoothness"": -0.018333336313565596, ""rewrite_penalty"": 0.0, ""risk_static_hold_penalty"": 0.0, ""uncertainty_penalty"": 0.0}",212,15.585123215722355,0.17555575742774873
NORMAL_BALANCED,previous_plan_prior:previous_shift_all:2,1.0271249994635583,previous_plan_prior,previous_shift_all,0.08,3.9129059419676473,0.0797499979436399,conservative_prior:conservative_stabilize:5,1.0273750015199183,1.5029764451467482,5.25,90.78455297380845,"{""any_risk"": true, ""canopy_dew_margin_lt0"": false, ""canopy_dew_margin_lt1"": false, ""dew_risk"": false, ""dry_or_high_vpd_risk"": false, ""dry_risk"": false, ""dry_vent_risk"": false, ""high_vpd"": false, ""humidity_or_dew_risk"": true, ""rh_ge_90"": true}","{""base_final_score"": 0.023749997943639856, ""final_score"": 0.0797499979436399, ""prior_confidence_bonus"": 0.055999999999999994, ""projected_energy_proxy"": 0.1599999964237213, ""projected_low_reversal"": 0.0, ""projected_smoothness"": -0.018333336313565596, ""raw_energy_proxy"": 0.1599999964237213, ""raw_low_reversal"": 0.0, ""raw_smoothness"": -0.018333336313565596, ""rewrite_penalty"": 0.0, ""risk_static_hold_penalty"": 0.0, ""uncertainty_penalty"": 0.0}",213,15.671714618823822,0.16407030971409742
NORMAL_BALANCED,previous_plan_prior:previous_shift_all:2,1.0271249994635583,previous_plan_prior,previous_shift_all,0.08,3.54774185515088,0.0797499979436399,conservative_prior:conservative_stabilize:5,1.0273750015199183,1.586020713783812,5.5,90.32892516923759,"{""any_risk"": true, ""canopy_dew_margin_lt0"": false, ""canopy_dew_margin_lt1"": false, ""dew_risk"": false, ""dry_or_high_vpd_risk"": false, ""dry_risk"": false, ""dry_vent_risk"": false, ""high_vpd"": false, ""humidity_or_dew_risk"": true, ""rh_ge_90"": true}","{""base_final_score"": 0.023749997943639856, ""final_score"": 0.0797499979436399, ""prior_confidence_bonus"": 0.055999999999999994, ""projected_energy_proxy"": 0.1599999964237213, ""projected_low_reversal"": 0.0, ""projected_smoothness"": -0.018333336313565596, ""raw_energy_proxy"": 0.1599999964237213, ""raw_low_reversal"": 0.0, ""raw_smoothness"": -0.018333336313565596, ""rewrite_penalty"": 0.0, ""risk_static_hold_penalty"": 0.0, ""uncertainty_penalty"": 0.0}",214,16.09868061948349,0.17694677210638052
NORMAL_BALANCED,previous_plan_prior:previous_shift_all:2,1.0280000007152559,previous_plan_prior,previous_shift_all,0.08,4.251321609614344,0.07724999964237234,conservative_prior:conservative_stabilize:5,1.0307500010728836,1.538319390960643,8.75,90.53856482919439,"{""any_risk"": true, ""canopy_dew_margin_lt0"": false, ""canopy_dew_margin_lt1"": false, ""dew_risk"": false, ""dry_or_high_vpd_risk"": false, ""dry_risk"": false, ""dry_vent_risk"": false, ""high_vpd"": false, ""humidity_or_dew_risk"": true, ""rh_ge_90"": true}","{""base_final_score"": 0.021249999642372286, ""final_score"": 0.07724999964237234, ""prior_confidence_bonus"": 0.055999999999999994, ""projected_energy_proxy"": 0.07999999821186066, ""projected_low_reversal"": 0.0, ""projected_smoothness"": 0.011666666666666714, ""raw_energy_proxy"": 0.07999999821186066, ""raw_low_reversal"": 0.0, ""raw_smoothness"": 0.011666666666666714, ""rewrite_penalty"": 0.0, ""risk_static_hold_penalty"": 0.0, ""uncertainty_penalty"": 0.0}",611,15.129959125356864,0.1626940064569491
NORMAL_BALANCED,previous_plan_prior:previous_shift_all:2,1.0280000007152559,previous_plan_prior,previous_shift_all,0.08,4.033505439197189,0.07724999964237234,conservative_prior:conservative_stabilize:5,1.0307500010728836,1.5464742738173438,9.0,90.50509487413153,"{""any_risk"": true, ""canopy_dew_margin_lt0"": false, ""canopy_dew_margin_lt1"": false, ""dew_risk"": false, ""dry_or_high_vpd_risk"": false, ""dry_risk"": false, ""dry_vent_risk"": false, ""high_vpd"": false, ""humidity_or_dew_risk"": true, ""rh_ge_90"": true}","{""base_final_score"": 0.021249999642372286, ""final_score"": 0.07724999964237234, ""prior_confidence_bonus"": 0.055999999999999994, ""projected_energy_proxy"": 0.07999999821186066, ""projected_low_reversal"": 0.0, ""projected_smoothness"": 0.011666666666666714, ""raw_energy_proxy"": 0.07999999821186066, ""raw_low_reversal"": 0.0, ""raw_smoothness"": 0.011666666666666714, ""rewrite_penalty"": 0.0, ""risk_static_hold_penalty"": 0.0, ""uncertainty_penalty"": 0.0}",612,15.332507978712835,0.16540853113359322
NORMAL_BALANCED,previous_plan_prior:previous_shift_all:2,1.0280000007152559,previous_plan_prior,previous_shift_all,0.08,3.7976143241630442,0.07724999964237234,conservative_prior:conservative_stabilize:5,1.0307500010728836,1.5514002071697952,9.25,90.49192818951327,"{""any_risk"": true, ""canopy_dew_margin_lt0"": false, ""canopy_dew_margin_lt1"": false, ""dew_risk"": false, ""dry_or_high_vpd_risk"": false, ""dry_risk"": false, ""dry_vent_risk"": false, ""high_vpd"": false, ""humidity_or_dew_risk"": true, ""rh_ge_90"": true}","{""base_final_score"": 0.021249999642372286, ""final_score"": 0.07724999964237234, ""prior_confidence_bonus"": 0.055999999999999994, ""projected_energy_proxy"": 0.07999999821186066, ""projected_low_reversal"": 0.0, ""projected_smoothness"": 0.011666666666666714, ""raw_energy_proxy"": 0.07999999821186066, ""raw_low_reversal"": 0.0, ""raw_smoothness"": 0.011666666666666714, ""rewrite_penalty"": 0.0, ""risk_static_hold_penalty"": 0.0, ""uncertainty_penalty"": 0.0}",613,15.552381326189126,0.16799088150693198
NORMAL_BALANCED,previous_plan_prior:previous_shift_all:2,1.0280000007152559,previous_plan_prior,previous_shift_all,0.08,3.5157464365711064,0.07724999964237234,conservative_prior:conservative_stabilize:5,1.0307500010728836,1.586037706871931,9.5,90.31085205114186,"{""any_risk"": true, ""canopy_dew_margin_lt0"": false, ""canopy_dew_margin_lt1"": false, ""dew_risk"": false, ""dry_or_high_vpd_risk"": false, ""dry_risk"": false, ""dry_vent_risk"": false, ""high_vpd"": false, ""humidity_or_dew_risk"": true, ""rh_ge_90"": true}","{""base_final_score"": 0.021249999642372286, ""final_score"": 0.07724999964237234, ""prior_confidence_bonus"": 0.055999999999999994, ""projected_energy_proxy"": 0.07999999821186066, ""projected_low_reversal"": 0.0, ""projected_smoothness"": 0.011666666666666714, ""raw_energy_proxy"": 0.07999999821186066, ""raw_low_reversal"": 0.0, ""raw_smoothness"": 0.011666666666666714, ""rewrite_penalty"": 0.0, ""risk_static_hold_penalty"": 0.0, ""uncertainty_penalty"": 0.0}",614,15.85154035671128,0.1745005279292676
NORMAL_BALANCED,previous_plan_prior:previous_shift_all:3,1.0280000007152559,previous_plan_prior,previous_shift_all,0.08,3.673663788040237,0.07587500000000014,conservative_prior:conservative_stabilize:6,1.0321250007152558,1.673663788040237,0.0,90.0,"{""any_risk"": true, ""canopy_dew_margin_lt0"": false, ""canopy_dew_margin_lt1"": false, ""dew_risk"": false, ""dry_or_high_vpd_risk"": false, ""dry_risk"": false, ""dry_vent_risk"": false, ""high_vpd"": false, ""humidity_or_dew_risk"": true, ""rh_ge_90"": true}","{""base_final_score"": 0.019875000000000087, ""final_score"": 0.07587500000000014, ""prior_confidence_bonus"": 0.055999999999999994, ""projected_energy_proxy"": 0.0, ""projected_low_reversal"": 0.0, ""projected_smoothness"": 0.04416666666666669, ""raw_energy_proxy"": 0.0, ""raw_low_reversal"": 0.0, ""raw_smoothness"": 0.04416666666666669, ""rewrite_penalty"": 0.0, ""risk_static_hold_penalty"": 0.0, ""uncertainty_penalty"": 0.0}",0,18.5,0.2129615152993741
NORMAL_BALANCED,previous_plan_prior:screen_dwell_hold:4,1.06,previous_plan_prior,screen_dwell_hold,0.08,9.326802034981066,0.063875000100583,conservative_prior:conservative_stabilize:5,1.0761249998994171,9.684487991496203,15.75,53.59656707650643,"{""any_risk"": true, ""canopy_dew_margin_lt0"": false, ""canopy_dew_margin_lt1"": false, ""dew_risk"": false, ""dry_or_high_vpd_risk"": true, ""dry_risk"": true, ""dry_vent_risk"": false, ""high_vpd"": false, ""humidity_or_dew_risk"": false, ""rh_ge_90"": false}","{""base_final_score"": 0.007875000100582952, ""final_score"": 0.063875000100583, ""prior_confidence_bonus"": 0.055999999999999994, ""projected_energy_proxy"": 0.0, ""projected_low_reversal"": 0.0, ""projected_smoothness"": 0.017500000223517387, ""raw_energy_proxy"": 0.0, ""raw_low_reversal"": 0.0, ""raw_smoothness"": 0.017500000223517387, ""rewrite_penalty"": 0.0, ""risk_static_hold_penalty"": 0.0, ""uncertainty_penalty"": 0.0}",351,19.66251425758654,1.0624972137768702
NORMAL_BALANCED,previous_plan_prior:screen_dwell_hold:4,1.06,previous_plan_prior,screen_dwell_hold,0.08,9.305830848482444,0.063875000100583,conservative_prior:conservative_stabilize:5,1.0761249998994171,9.394958463289083,16.25,54.583727892648966,"{""any_risk"": true, ""canopy_dew_margin_lt0"": false, ""canopy_dew_margin_lt1"": false, ""dew_risk"": false, ""dry_or_high_vpd_risk"": true, ""dry_risk"": true, ""dry_vent_risk"": false, ""high_vpd"": false, ""humidity_or_dew_risk"": false, ""rh_ge_90"": false}","{""base_final_score"": 0.007875000100582952, ""final_score"": 0.063875000100583, ""prior_confidence_bonus"": 0.055999999999999994, ""projected_energy_proxy"": 0.0, ""projected_low_reversal"": 0.0, ""projected_smoothness"": 0.017500000223517387, ""raw_energy_proxy"": 0.0, ""raw_low_reversal"": 0.0, ""raw_smoothness"": 0.017500000223517387, ""rewrite_penalty"": 0.0, ""risk_static_hold_penalty"": 0.0, ""uncertainty_penalty"": 0.0}",353,19.432649573724117,1.0251511466794947
NORMAL_BALANCED,previous_plan_prior:previous_shift_all:2,1.0280000007152559,previous_plan_prior,previous_shift_all,0.08,3.235993278285239,0.06125000000000014,conservative_prior:conservative_stabilize:5,1.0467500007152557,1.62157851256298,9.75,90.12590260237128,"{""any_risk"": true, ""canopy_dew_margin_lt0"": false, ""canopy_dew_margin_lt1"": false, ""dew_risk"": false, ""dry_or_high_vpd_risk"": false, ""dry_risk"": false, ""dry_vent_risk"": false, ""high_vpd"": false, ""humidity_or_dew_risk"": true, ""rh_ge_90"": true}","{""base_final_score"": 0.005250000000000088, ""final_score"": 0.06125000000000014, ""prior_confidence_bonus"": 0.055999999999999994, ""projected_energy_proxy"": 0.0, ""projected_low_reversal"": 0.0, ""projected_smoothness"": 0.011666666666666714, ""raw_energy_proxy"": 0.0, ""raw_low_reversal"": 0.0, ""raw_smoothness"": 0.011666666666666714, ""rewrite_penalty"": 0.0, ""risk_static_hold_penalty"": 0.0, ""uncertainty_penalty"": 0.0}",615,16.153286369144805,0.1812919433450165
NORMAL_BALANCED,previous_plan_prior:previous_shift_all:2,1.0280000007152559,previous_plan_prior,previous_shift_all,0.08,2.963176088375441,0.06125000000000014,conservative_prior:conservative_stabilize:5,1.0467500007152557,1.6388290936106706,10.0,90.04655417957383,"{""any_risk"": true, ""canopy_dew_margin_lt0"": false, ""canopy_dew_margin_lt1"": false, ""dew_risk"": false, ""dry_or_high_vpd_risk"": false, ""dry_risk"": false, ""dry_vent_risk"": false, ""high_vpd"": false, ""humidity_or_dew_risk"": true, ""rh_ge_90"": true}","{""base_final_score"": 0.005250000000000088, ""final_score"": 0.06125000000000014, ""prior_confidence_bonus"": 0.055999999999999994, ""projected_energy_proxy"": 0.0, ""projected_low_reversal"": 0.0, ""projected_smoothness"": 0.011666666666666714, ""raw_energy_proxy"": 0.0, ""raw_low_reversal"": 0.0, ""raw_smoothness"": 0.011666666666666714, ""rewrite_penalty"": 0.0, ""risk_static_hold_penalty"": 0.0, ""uncertainty_penalty"": 0.0}",616,16.433509858551258,0.1860414289281647
NORMAL_BALANCED,previous_plan_prior:previous_shift_all:2,1.06,previous_plan_prior,previous_shift_all,0.08,0.9296253130633545,0.06125000000000003,conservative_prior:conservative_stabilize:5,1.07875,2.435963711372498,11.75,85.83024326696095,"{""any_risk"": true, ""canopy_dew_margin_lt0"": false, ""canopy_dew_margin_lt1"": true, ""dew_risk"": true, ""dry_or_high_vpd_risk"": false, ""dry_risk"": false, ""dry_vent_risk"": false, ""high_vpd"": false, ""humidity_or_dew_risk"": true, ""rh_ge_90"": false}","{""base_final_score"": 0.005249999999999977, ""final_score"": 0.06125000000000003, ""prior_confidence_bonus"": 0.055999999999999994, ""projected_energy_proxy"": 0.0, ""projected_low_reversal"": 0.0, ""projected_smoothness"": 0.011666666666666714, ""raw_energy_proxy"": 0.0, ""raw_low_reversal"": 0.0, ""raw_smoothness"": 0.011666666666666714, ""rewrite_penalty"": 0.0, ""risk_static_hold_penalty"": 0.0, ""uncertainty_penalty"": 0.0}",623,19.341919781547237,0.3180446206418997
NORMAL_BALANCED,previous_plan_prior:previous_shift_all:2,1.06,previous_plan_prior,previous_shift_all,0.08,0.6772034463784564,0.06125000000000003,conservative_prior:conservative_stabilize:5,1.07875,2.3342440427764295,12.0,86.40161289351018,"{""any_risk"": true, ""canopy_dew_margin_lt0"": false, ""canopy_dew_margin_lt1"": true, ""dew_risk"": true, ""dry_or_high_vpd_risk"": false, ""dry_risk"": false, ""dry_vent_risk"": false, ""high_vpd"": false, ""humidity_or_dew_risk"": true, ""rh_ge_90"": false}","{""base_final_score"": 0.005249999999999977, ""final_score"": 0.06125000000000003, ""prior_confidence_bonus"": 0.055999999999999994, ""projected_energy_proxy"": 0.0, ""projected_low_reversal"": 0.0, ""projected_smoothness"": 0.011666666666666714, ""raw_energy_proxy"": 0.0, ""raw_low_reversal"": 0.0, ""raw_smoothness"": 0.011666666666666714, ""rewrite_penalty"": 0.0, ""risk_static_hold_penalty"": 0.0, ""uncertainty_penalty"": 0.0}",624,19.513375229631112,0.3084912806784809
NORMAL_BALANCED,previous_plan_prior:previous_shift_all:2,1.06,previous_plan_prior,previous_shift_all,0.08,0.6501516315074589,0.06125000000000003,conservative_prior:conservative_stabilize:5,1.07875,2.2796485174737136,12.5,86.70129035888763,"{""any_risk"": true, ""canopy_dew_margin_lt0"": false, ""canopy_dew_margin_lt1"": true, ""dew_risk"": true, ""dry_or_high_vpd_risk"": false, ""dry_risk"": false, ""dry_vent_risk"": false, ""high_vpd"": false, ""humidity_or_dew_risk"": true, ""rh_ge_90"": false}","{""base_final_score"": 0.005249999999999977, ""final_score"": 0.06125000000000003, ""prior_confidence_bonus"": 0.055999999999999994, ""projected_energy_proxy"": 0.0, ""projected_low_reversal"": 0.0, ""projected_smoothness"": 0.011666666666666714, ""raw_energy_proxy"": 0.0, ""raw_low_reversal"": 0.0, ""raw_smoothness"": 0.011666666666666714, ""rewrite_penalty"": 0.0, ""risk_static_hold_penalty"": 0.0, ""uncertainty_penalty"": 0.0}",626,19.52524900090818,0.30191549135269413
NORMAL_BALANCED,previous_plan_prior:screen_dwell_hold:4,1.06,previous_plan_prior,screen_dwell_hold,0.08,6.323517773922273,0.058625000100583025,conservative_prior:conservative_stabilize:5,1.081374999899417,9.593215985334712,9.75,54.403473946942555,"{""any_risk"": true, ""canopy_dew_margin_lt0"": false, ""canopy_dew_margin_lt1"": false, ""dew_risk"": false, ""dry_or_high_vpd_risk"": true, ""dry_risk"": true, ""dry_vent_risk"": false, ""high_vpd"": false, ""humidity_or_dew_risk"": false, ""rh_ge_90"": false}","{""base_final_score"": 0.002625000100582975, ""final_score"": 0.058625000100583025, ""prior_confidence_bonus"": 0.055999999999999994, ""projected_energy_proxy"": 0.0, ""projected_low_reversal"": 0.0, ""projected_smoothness"": 0.005833333556850784, ""raw_energy_proxy"": 0.0, ""raw_low_reversal"": 0.0, ""raw_smoothness"": 0.005833333556850784, ""rewrite_penalty"": 0.0, ""risk_static_hold_penalty"": 0.0, ""uncertainty_penalty"": 0.0}",327,21.488572192599968,1.1683724760271632
NORMAL_BALANCED,previous_plan_prior:previous_shift_all:2,1.06,previous_plan_prior,previous_shift_all,0.08,3.8123392355743277,0.058625000100583025,conservative_prior:conservative_stabilize:5,1.081374999899417,8.673290555706778,12.25,58.38812310006019,"{""any_risk"": true, ""canopy_dew_margin_lt0"": false, ""canopy_dew_margin_lt1"": false, ""dew_risk"": false, ""dry_or_high_vpd_risk"": true, ""dry_risk"": false, ""dry_vent_risk"": false, ""high_vpd"": true, ""humidity_or_dew_risk"": false, ""rh_ge_90"": false}","{""base_final_score"": 0.002625000100582975, ""final_score"": 0.058625000100583025, ""prior_confidence_bonus"": 0.055999999999999994, ""projected_energy_proxy"": 0.0, ""projected_low_reversal"": 0.0, ""projected_smoothness"": 0.005833333556850784, ""raw_energy_proxy"": 0.0, ""raw_low_reversal"": 0.0, ""raw_smoothness"": 0.005833333556850784, ""rewrite_penalty"": 0.0, ""risk_static_hold_penalty"": 0.0, ""uncertainty_penalty"": 0.0}",337,23.913070165909904,1.2350918615288222
NORMAL_BALANCED,previous_plan_prior:screen_dwell_hold:4,1.06,previous_plan_prior,screen_dwell_hold,0.08,9.071713944232576,0.058625000100583025,conservative_prior:conservative_stabilize:5,1.081374999899417,9.414052717719771,14.75,54.543955133982806,"{""any_risk"": true, ""canopy_dew_margin_lt0"": false, ""canopy_dew_margin_lt1"": false, ""dew_risk"": false, ""dry_or_high_vpd_risk"": true, ""dry_risk"": true, ""dry_vent_risk"": false, ""high_vpd"": false, ""humidity_or_dew_risk"": false, ""rh_ge_90"": false}","{""base_final_score"": 0.002625000100582975, ""final_score"": 0.058625000100583025, ""prior_confidence_bonus"": 0.055999999999999994, ""projected_energy_proxy"": 0.0, ""projected_low_reversal"": 0.0, ""projected_smoothness"": 0.005833333556850784, ""raw_energy_proxy"": 0.0, ""raw_low_reversal"": 0.0, ""raw_smoothness"": 0.005833333556850784, ""rewrite_penalty"": 0.0, ""risk_static_hold_penalty"": 0.0, ""uncertainty_penalty"": 0.0}",347,19.54675330428213,1.033350685721216
NORMAL_BALANCED,previous_plan_prior:screen_dwell_hold:4,1.06,previous_plan_prior,screen_dwell_hold,0.08,9.37381788537914,0.058625000100583025,conservative_prior:conservative_stabilize:5,1.081374999899417,9.955370255032037,15.25,52.6799345212631,"{""any_risk"": true, ""canopy_dew_margin_lt0"": false, ""canopy_dew_margin_lt1"": false, ""dew_risk"": false, ""dry_or_high_vpd_risk"": true, ""dry_risk"": true, ""dry_vent_risk"": false, ""high_vpd"": false, ""humidity_or_dew_risk"": false, ""rh_ge_90"": false}","{""base_final_score"": 0.002625000100582975, ""final_score"": 0.058625000100583025, ""prior_confidence_bonus"": 0.055999999999999994, ""projected_energy_proxy"": 0.0, ""projected_low_reversal"": 0.0, ""projected_smoothness"": 0.005833333556850784, ""raw_energy_proxy"": 0.0, ""raw_low_reversal"": 0.0, ""raw_smoothness"": 0.005833333556850784, ""rewrite_penalty"": 0.0, ""risk_static_hold_penalty"": 0.0, ""uncertainty_penalty"": 0.0}",349,19.838896274914593,1.0954030044238166
NORMAL_BALANCED,previous_plan_prior:screen_dwell_hold:4,1.06,previous_plan_prior,screen_dwell_hold,0.08,6.281917277059092,0.058625000100583025,conservative_prior:conservative_stabilize:5,1.081374999899417,9.604764376759382,8.25,54.340651978632344,"{""any_risk"": true, ""canopy_dew_margin_lt0"": false, ""canopy_dew_margin_lt1"": false, ""dew_risk"": false, ""dry_or_high_vpd_risk"": true, ""dry_risk"": true, ""dry_vent_risk"": false, ""high_vpd"": false, ""humidity_or_dew_risk"": false, ""rh_ge_90"": false}","{""base_final_score"": 0.002625000100582975, ""final_score"": 0.058625000100583025, ""prior_confidence_bonus"": 0.055999999999999994, ""projected_energy_proxy"": 0.0, ""projected_low_reversal"": 0.0, ""projected_smoothness"": 0.005833333556850784, ""raw_energy_proxy"": 0.0, ""raw_low_reversal"": 0.0, ""raw_smoothness"": 0.005833333556850784, ""rewrite_penalty"": 0.0, ""risk_static_hold_penalty"": 0.0, ""uncertainty_penalty"": 0.0}",417,21.40633686873053,1.1641077763240355
NORMAL_BALANCED,previous_plan_prior:screen_dwell_hold:4,1.06,previous_plan_prior,screen_dwell_hold,0.08,2.885229749487932,0.058625000100583025,conservative_prior:conservative_stabilize:5,1.081374999899417,9.371692524977812,8.75,55.69450189657129,"{""any_risk"": true, ""canopy_dew_margin_lt0"": false, ""canopy_dew_margin_lt1"": false, ""dew_risk"": false, ""dry_or_high_vpd_risk"": true, ""dry_risk"": false, ""dry_vent_risk"": false, ""high_vpd"": true, ""humidity_or_dew_risk"": false, ""rh_ge_90"": false}","{""base_final_score"": 0.002625000100582975, ""final_score"": 0.058625000100583025, ""prior_confidence_bonus"": 0.055999999999999994, ""projected_energy_proxy"": 0.0, ""projected_low_reversal"": 0.0, ""projected_smoothness"": 0.005833333556850784, ""raw_energy_proxy"": 0.0, ""raw_low_reversal"": 0.0, ""raw_smoothness"": 0.005833333556850784, ""rewrite_penalty"": 0.0, ""risk_static_hold_penalty"": 0.0, ""uncertainty_penalty"": 0.0}",515,23.408984542349476,1.2757504453085513
NORMAL_BALANCED,previous_plan_prior:screen_dwell_hold:4,1.06,previous_plan_prior,screen_dwell_hold,0.08,2.1122255873962956,0.056374999731779285,conservative_prior:conservative_stabilize:5,1.0836250002682208,7.961051993212802,12.75,61.295667010719875,"{""any_risk"": true, ""canopy_dew_margin_lt0"": false, ""canopy_dew_margin_lt1"": false, ""dew_risk"": false, ""dry_or_high_vpd_risk"": true, ""dry_risk"": false, ""dry_vent_risk"": true, ""high_vpd"": true, ""humidity_or_dew_risk"": false, ""rh_ge_90"": false}","{""base_final_score"": 0.0003749997317792353, ""final_score"": 0.056374999731779285, ""prior_confidence_bonus"": 0.055999999999999994, ""projected_energy_proxy"": 0.0, ""projected_low_reversal"": 0.0, ""projected_smoothness"": 0.0008333327372869181, ""raw_energy_proxy"": 0.0, ""raw_low_reversal"": 0.0, ""raw_smoothness"": 0.0008333327372869181, ""rewrite_penalty"": 0.0, ""risk_static_hold_penalty"": 0.0, ""uncertainty_penalty"": 0.0}",147,24.707863796716055,1.2047857653139369
NORMAL_BALANCED,previous_plan_prior:previous_shift_all:2,1.06,previous_plan_prior,previous_shift_all,0.08,1.8237903825715307,0.056374999731779285,conservative_prior:conservative_stabilize:5,1.0836250002682208,8.819954765877348,13.0,58.33907553642014,"{""any_risk"": true, ""canopy_dew_margin_lt0"": false, ""canopy_dew_margin_lt1"": false, ""dew_risk"": false, ""dry_or_high_vpd_risk"": true, ""dry_risk"": false, ""dry_vent_risk"": true, ""high_vpd"": true, ""humidity_or_dew_risk"": false, ""rh_ge_90"": false}","{""base_final_score"": 0.0003749997317792353, ""final_score"": 0.056374999731779285, ""prior_confidence_bonus"": 0.055999999999999994, ""projected_energy_proxy"": 0.0, ""projected_low_reversal"": 0.0, ""projected_smoothness"": 0.0008333327372869181, ""raw_energy_proxy"": 0.0, ""raw_low_reversal"": 0.0, ""raw_smoothness"": 0.0008333327372869181, ""rewrite_penalty"": 0.0, ""risk_static_hold_penalty"": 0.0, ""uncertainty_penalty"": 0.0}",148,25.95084847817154,1.3962148257163356
NORMAL_BALANCED,previous_plan_prior:previous_shift_all:2,1.06,previous_plan_prior,previous_shift_all,0.08,1.7408834385472218,0.056374999731779285,conservative_prior:conservative_stabilize:5,1.0836250002682208,9.009974414961356,13.25,57.73331210615125,"{""any_risk"": true, ""canopy_dew_margin_lt0"": false, ""canopy_dew_margin_lt1"": false, ""dew_risk"": false, ""dry_or_high_vpd_risk"": true, ""dry_risk"": false, ""dry_vent_risk"": true, ""high_vpd"": true, ""humidity_or_dew_risk"": false, ""rh_ge_90"": false}","{""base_final_score"": 0.0003749997317792353, ""final_score"": 0.056374999731779285, ""prior_confidence_bonus"": 0.055999999999999994, ""projected_energy_proxy"": 0.0, ""projected_low_reversal"": 0.0, ""projected_smoothness"": 0.0008333327372869181, ""raw_energy_proxy"": 0.0, ""raw_low_reversal"": 0.0, ""raw_smoothness"": 0.0008333327372869181, ""rewrite_penalty"": 0.0, ""risk_static_hold_penalty"": 0.0, ""uncertainty_penalty"": 0.0}",149,26.323899759732676,1.4480664926274105
NORMAL_BALANCED,previous_plan_prior:previous_shift_all:2,1.06,previous_plan_prior,previous_shift_all,0.08,1.963681735301897,0.056374999731779285,conservative_prior:conservative_stabilize:5,1.0836250002682208,8.646108037002072,13.5,58.95467966631317,"{""any_risk"": true, ""canopy_dew_margin_lt0"": false, ""canopy_dew_margin_lt1"": false, ""dew_risk"": false, ""dry_or_high_vpd_risk"": true, ""dry_risk"": false, ""dry_vent_risk"": true, ""high_vpd"": true, ""humidity_or_dew_risk"": false, ""rh_ge_90"": false}","{""base_final_score"": 0.0003749997317792353, ""final_score"": 0.056374999731779285, ""prior_confidence_bonus"": 0.055999999999999994, ""projected_energy_proxy"": 0.0, ""projected_low_reversal"": 0.0, ""projected_smoothness"": 0.0008333327372869181, ""raw_energy_proxy"": 0.0, ""raw_low_reversal"": 0.0, ""raw_smoothness"": 0.0008333327372869181, ""rewrite_penalty"": 0.0, ""risk_static_hold_penalty"": 0.0, ""uncertainty_penalty"": 0.0}",150,25.831774430129,1.365927385989567
NORMAL_BALANCED,previous_plan_prior:previous_shift_all:2,1.06,previous_plan_prior,previous_shift_all,0.08,2.2797041019417037,0.056374999731779285,conservative_prior:conservative_stabilize:5,1.0836250002682208,8.290483044137616,13.75,60.15452053990635,"{""any_risk"": true, ""canopy_dew_margin_lt0"": false, ""canopy_dew_margin_lt1"": false, ""dew_risk"": false, ""dry_or_high_vpd_risk"": true, ""dry_risk"": false, ""dry_vent_risk"": true, ""high_vpd"": true, ""humidity_or_dew_risk"": false, ""rh_ge_90"": false}","{""base_final_score"": 0.0003749997317792353, ""final_score"": 0.056374999731779285, ""prior_confidence_bonus"": 0.055999999999999994, ""projected_energy_proxy"": 0.0, ""projected_low_reversal"": 0.0, ""projected_smoothness"": 0.0008333327372869181, ""raw_energy_proxy"": 0.0, ""raw_low_reversal"": 0.0, ""raw_smoothness"": 0.0008333327372869181, ""rewrite_penalty"": 0.0, ""risk_static_hold_penalty"": 0.0, ""uncertainty_penalty"": 0.0}",151,25.246369424841415,1.2807424431579622
NORMAL_BALANCED,previous_plan_prior:previous_shift_all:2,1.06,previous_plan_prior,previous_shift_all,0.08,3.6358792573908634,0.056374999731779285,conservative_prior:conservative_stabilize:5,1.0836250002682208,10.1041177277378,10.0,53.458179694769285,"{""any_risk"": true, ""canopy_dew_margin_lt0"": false, ""canopy_dew_margin_lt1"": false, ""dew_risk"": false, ""dry_or_high_vpd_risk"": true, ""dry_risk"": true, ""dry_vent_risk"": true, ""high_vpd"": true, ""humidity_or_dew_risk"": false, ""rh_ge_90"": false}","{""base_final_score"": 0.0003749997317792353, ""final_score"": 0.056374999731779285, ""prior_confidence_bonus"": 0.055999999999999994, ""projected_energy_proxy"": 0.0, ""projected_low_reversal"": 0.0, ""projected_smoothness"": 0.0008333327372869181, ""raw_energy_proxy"": 0.0, ""raw_low_reversal"": 0.0, ""raw_smoothness"": 0.0008333327372869181, ""rewrite_penalty"": 0.0, ""risk_static_hold_penalty"": 0.0, ""uncertainty_penalty"": 0.0}",328,24.75448627619811,1.4527875555007945
NORMAL_BALANCED,previous_plan_prior:previous_shift_all:2,1.06,previous_plan_prior,previous_shift_all,0.08,3.6841907253908524,0.056374999731779285,conservative_prior:conservative_stabilize:5,1.0836250002682208,10.612081132847798,10.25,51.87587327345088,"{""any_risk"": true, ""canopy_dew_margin_lt0"": false, ""canopy_dew_margin_lt1"": false, ""dew_risk"": false, ""dry_or_high_vpd_risk"": true, ""dry_risk"": true, ""dry_vent_risk"": true, ""high_vpd"": true, ""humidity_or_dew_risk"": false, ""rh_ge_90"": false}","{""base_final_score"": 0.0003749997317792353, ""final_score"": 0.056374999731779285, ""prior_confidence_bonus"": 0.055999999999999994, ""projected_energy_proxy"": 0.0, ""projected_low_reversal"": 0.0, ""projected_smoothness"": 0.0008333327372869181, ""raw_energy_proxy"": 0.0, ""raw_low_reversal"": 0.0, ""raw_smoothness"": 0.0008333327372869181, ""rewrite_penalty"": 0.0, ""risk_static_hold_penalty"": 0.0, ""uncertainty_penalty"": 0.0}",329,25.29541262081237,1.5513566063180169
NORMAL_BALANCED,previous_plan_prior:previous_shift_all:2,1.06,previous_plan_prior,previous_shift_all,0.08,3.4845829184671526,0.056374999731779285,conservative_prior:conservative_stabilize:5,1.0836250002682208,10.698515551018316,10.5,51.686250794621095,"{""any_risk"": true, ""canopy_dew_margin_lt0"": false, ""canopy_dew_margin_lt1"": false, ""dew_risk"": false, ""dry_or_high_vpd_risk"": true, ""dry_risk"": true, ""dry_vent_risk"": true, ""high_vpd"": true, ""humidity_or_dew_risk"": false, ""rh_ge_90"": false}","{""base_final_score"": 0.0003749997317792353, ""final_score"": 0.056374999731779285, ""prior_confidence_bonus"": 0.055999999999999994, ""projected_energy_proxy"": 0.0, ""projected_low_reversal"": 0.0, ""projected_smoothness"": 0.0008333327372869181, ""raw_energy_proxy"": 0.0, ""raw_low_reversal"": 0.0, ""raw_smoothness"": 0.0008333327372869181, ""rewrite_penalty"": 0.0, ""risk_static_hold_penalty"": 0.0, ""uncertainty_penalty"": 0.0}",330,25.66786088469156,1.592277385998778
NORMAL_BALANCED,previous_plan_prior:previous_shift_all:2,1.06,previous_plan_prior,previous_shift_all,0.08,3.2297511246124255,0.056374999731779285,conservative_prior:conservative_stabilize:5,1.0836250002682208,10.725463644253777,10.75,51.695405871901585,"{""any_risk"": true, ""canopy_dew_margin_lt0"": false, ""canopy_dew_margin_lt1"": false, ""dew_risk"": false, ""dry_or_high_vpd_risk"": true, ""dry_risk"": true, ""dry_vent_risk"": true, ""high_vpd"": true, ""humidity_or_dew_risk"": false, ""rh_ge_90"": false}","{""base_final_score"": 0.0003749997317792353, ""final_score"": 0.056374999731779285, ""prior_confidence_bonus"": 0.055999999999999994, ""projected_energy_proxy"": 0.0, ""projected_low_reversal"": 0.0, ""projected_smoothness"": 0.0008333327372869181, ""raw_energy_proxy"": 0.0, ""raw_low_reversal"": 0.0, ""raw_smoothness"": 0.0008333327372869181, ""rewrite_penalty"": 0.0, ""risk_static_hold_penalty"": 0.0, ""uncertainty_penalty"": 0.0}",331,26.04088379374779,1.6275083589275892
NORMAL_BALANCED,previous_plan_prior:previous_shift_all:2,1.06,previous_plan_prior,previous_shift_all,0.08,2.9693533494612723,0.056374999731779285,conservative_prior:conservative_stabilize:5,1.0836250002682208,10.74109053014124,11.0,51.74183604493684,"{""any_risk"": true, ""canopy_dew_margin_lt0"": false, ""canopy_dew_margin_lt1"": false, ""dew_risk"": false, ""dry_or_high_vpd_risk"": true, ""dry_risk"": true, ""dry_vent_risk"": true, ""high_vpd"": true, ""humidity_or_dew_risk"": false, ""rh_ge_90"": false}","{""base_final_score"": 0.0003749997317792353, ""final_score"": 0.056374999731779285, ""prior_confidence_bonus"": 0.055999999999999994, ""projected_energy_proxy"": 0.0, ""projected_low_reversal"": 0.0, ""projected_smoothness"": 0.0008333327372869181, ""raw_energy_proxy"": 0.0, ""raw_low_reversal"": 0.0, ""raw_smoothness"": 0.0008333327372869181, ""rewrite_penalty"": 0.0, ""risk_static_hold_penalty"": 0.0, ""uncertainty_penalty"": 0.0}",332,26.412947422608287,1.6620371174397184
NORMAL_BALANCED,previous_plan_prior:previous_shift_all:2,1.06,previous_plan_prior,previous_shift_all,0.08,2.722370359712304,0.056374999731779285,conservative_prior:conservative_stabilize:5,1.0836250002682208,10.752774256289758,11.25,51.79783594592986,"{""any_risk"": true, ""canopy_dew_margin_lt0"": false, ""canopy_dew_margin_lt1"": false, ""dew_risk"": false, ""dry_or_high_vpd_risk"": true, ""dry_risk"": true, ""dry_vent_risk"": true, ""high_vpd"": true, ""humidity_or_dew_risk"": false, ""rh_ge_90"": false}","{""base_final_score"": 0.0003749997317792353, ""final_score"": 0.056374999731779285, ""prior_confidence_bonus"": 0.055999999999999994, ""projected_energy_proxy"": 0.0, ""projected_low_reversal"": 0.0, ""projected_smoothness"": 0.0008333327372869181, ""raw_energy_proxy"": 0.0, ""raw_low_reversal"": 0.0, ""raw_smoothness"": 0.0008333327372869181, ""rewrite_penalty"": 0.0, ""risk_static_hold_penalty"": 0.0, ""uncertainty_penalty"": 0.0}",333,26.77220849355655,1.695578869261264
NORMAL_BALANCED,previous_plan_prior:previous_shift_all:2,1.06,previous_plan_prior,previous_shift_all,0.08,2.8378299268554006,0.056374999731779285,conservative_prior:conservative_stabilize:5,1.0836250002682208,10.244641414987091,11.5,53.36330045573909,"{""any_risk"": true, ""canopy_dew_margin_lt0"": false, ""canopy_dew_margin_lt1"": false, ""dew_risk"": false, ""dry_or_high_vpd_risk"": true, ""dry_risk"": true, ""dry_vent_risk"": true, ""high_vpd"": true, ""humidity_or_dew_risk"": false, ""rh_ge_90"": false}","{""base_final_score"": 0.0003749997317792353, ""final_score"": 0.056374999731779285, ""prior_confidence_bonus"": 0.055999999999999994, ""projected_energy_proxy"": 0.0, ""projected_low_reversal"": 0.0, ""projected_smoothness"": 0.0008333327372869181, ""raw_energy_proxy"": 0.0, ""raw_low_reversal"": 0.0, ""raw_smoothness"": 0.0008333327372869181, ""rewrite_penalty"": 0.0, ""risk_static_hold_penalty"": 0.0, ""uncertainty_penalty"": 0.0}",334,26.242516112397944,1.5901324920779896
NORMAL_BALANCED,previous_plan_prior:previous_shift_all:2,1.06,previous_plan_prior,previous_shift_all,0.08,3.1045080467293626,0.056374999731779285,conservative_prior:conservative_stabilize:5,1.0836250002682208,9.748831346814958,11.75,54.90178649761487,"{""any_risk"": true, ""canopy_dew_margin_lt0"": false, ""canopy_dew_margin_lt1"": false, ""dew_risk"": false, ""dry_or_high_vpd_risk"": true, ""dry_risk"": true, ""dry_vent_risk"": true, ""high_vpd"": true, ""humidity_or_dew_risk"": false, ""rh_ge_90"": false}","{""base_final_score"": 0.0003749997317792353, ""final_score"": 0.056374999731779285, ""prior_confidence_bonus"": 0.055999999999999994, ""projected_energy_proxy"": 0.0, ""projected_low_reversal"": 0.0, ""projected_smoothness"": 0.0008333327372869181, ""raw_energy_proxy"": 0.0, ""raw_low_reversal"": 0.0, ""raw_smoothness"": 0.0008333327372869181, ""rewrite_penalty"": 0.0, ""risk_static_hold_penalty"": 0.0, ""uncertainty_penalty"": 0.0}",335,25.563830145904493,1.4771644616794477
NORMAL_BALANCED,previous_plan_prior:previous_shift_all:2,1.06,previous_plan_prior,previous_shift_all,0.08,3.43636661741656,0.056374999731779285,conservative_prior:conservative_stabilize:5,1.0836250002682208,9.22946796425716,12.0,56.55553498059691,"{""any_risk"": true, ""canopy_dew_margin_lt0"": false, ""canopy_dew_margin_lt1"": false, ""dew_risk"": false, ""dry_or_high_vpd_risk"": true, ""dry_risk"": false, ""dry_vent_risk"": true, ""high_vpd"": true, ""humidity_or_dew_risk"": false, ""rh_ge_90"": false}","{""base_final_score"": 0.0003749997317792353, ""final_score"": 0.056374999731779285, ""prior_confidence_bonus"": 0.055999999999999994, ""projected_energy_proxy"": 0.0, ""projected_low_reversal"": 0.0, ""projected_smoothness"": 0.0008333327372869181, ""raw_energy_proxy"": 0.0, ""raw_low_reversal"": 0.0, ""raw_smoothness"": 0.0008333327372869181, ""rewrite_penalty"": 0.0, ""risk_static_hold_penalty"": 0.0, ""uncertainty_penalty"": 0.0}",336,24.785058993745064,1.358580712124477
NORMAL_BALANCED,previous_plan_prior:previous_shift_all:2,1.06,previous_plan_prior,previous_shift_all,0.08,2.861449150504045,0.056374999731779285,conservative_prior:conservative_stabilize:5,1.0836250002682208,8.890756544000306,8.5,57.641921711275685,"{""any_risk"": true, ""canopy_dew_margin_lt0"": false, ""canopy_dew_margin_lt1"": false, ""dew_risk"": false, ""dry_or_high_vpd_risk"": true, ""dry_risk"": false, ""dry_vent_risk"": true, ""high_vpd"": true, ""humidity_or_dew_risk"": false, ""rh_ge_90"": false}","{""base_final_score"": 0.0003749997317792353, ""final_score"": 0.056374999731779285, ""prior_confidence_bonus"": 0.055999999999999994, ""projected_energy_proxy"": 0.0, ""projected_low_reversal"": 0.0, ""projected_smoothness"": 0.0008333327372869181, ""raw_energy_proxy"": 0.0, ""raw_low_reversal"": 0.0, ""raw_smoothness"": 0.0008333327372869181, ""rewrite_penalty"": 0.0, ""risk_static_hold_penalty"": 0.0, ""uncertainty_penalty"": 0.0}",418,24.170296688781278,1.2767945703295254
NORMAL_BALANCED,previous_plan_prior:previous_shift_all:2,1.06,previous_plan_prior,previous_shift_all,0.08,-1.2616665605056205,0.056374999731779285,conservative_prior:conservative_stabilize:5,1.0836250002682208,9.456157616757206,9.0,56.48044449802184,"{""any_risk"": true, ""canopy_dew_margin_lt0"": true, ""canopy_dew_margin_lt1"": true, ""dew_risk"": true, ""dry_or_high_vpd_risk"": true, ""dry_risk"": false, ""dry_vent_risk"": true, ""high_vpd"": true, ""humidity_or_dew_risk"": true, ""rh_ge_90"": false}","{""base_final_score"": 0.0003749997317792353, ""final_score"": 0.056374999731779285, ""prior_confidence_bonus"": 0.055999999999999994, ""projected_energy_proxy"": 0.0, ""projected_low_reversal"": 0.0, ""projected_smoothness"": 0.0008333327372869181, ""raw_energy_proxy"": 0.0, ""raw_low_reversal"": 0.0, ""raw_smoothness"": 0.0008333327372869181, ""rewrite_penalty"": 0.0, ""risk_static_hold_penalty"": 0.0, ""uncertainty_penalty"": 0.0}",516,27.743459968169855,1.6204413170818737
NORMAL_BALANCED,previous_plan_prior:previous_shift_all:2,1.06,previous_plan_prior,previous_shift_all,0.08,-0.5626602454932801,0.056374999731779285,conservative_prior:conservative_stabilize:5,1.0836250002682208,9.492685155863427,9.5,56.246076591047284,"{""any_risk"": true, ""canopy_dew_margin_lt0"": true, ""canopy_dew_margin_lt1"": true, ""dew_risk"": true, ""dry_or_high_vpd_risk"": true, ""dry_risk"": false, ""dry_vent_risk"": true, ""high_vpd"": true, ""humidity_or_dew_risk"": true, ""rh_ge_90"": false}","{""base_final_score"": 0.0003749997317792353, ""final_score"": 0.056374999731779285, ""prior_confidence_bonus"": 0.055999999999999994, ""projected_energy_proxy"": 0.0, ""projected_low_reversal"": 0.0, ""projected_smoothness"": 0.0008333327372869181, ""raw_energy_proxy"": 0.0, ""raw_low_reversal"": 0.0, ""raw_smoothness"": 0.0008333327372869181, ""rewrite_penalty"": 0.0, ""risk_static_hold_penalty"": 0.0, ""uncertainty_penalty"": 0.0}",518,27.319752606818582,1.5893294871831878
NORMAL_BALANCED,previous_plan_prior:previous_shift_all:2,1.06,previous_plan_prior,previous_shift_all,0.08,-0.6865096997131985,0.056374999731779285,conservative_prior:conservative_stabilize:5,1.0836250002682208,9.25534941602092,10.0,57.119653847492,"{""any_risk"": true, ""canopy_dew_margin_lt0"": true, ""canopy_dew_margin_lt1"": true, ""dew_risk"": true, ""dry_or_high_vpd_risk"": true, ""dry_risk"": false, ""dry_vent_risk"": true, ""high_vpd"": true, ""humidity_or_dew_risk"": true, ""rh_ge_90"": false}","{""base_final_score"": 0.0003749997317792353, ""final_score"": 0.056374999731779285, ""prior_confidence_bonus"": 0.055999999999999994, ""projected_energy_proxy"": 0.0, ""projected_low_reversal"": 0.0, ""projected_smoothness"": 0.0008333327372869181, ""raw_energy_proxy"": 0.0, ""raw_low_reversal"": 0.0, ""raw_smoothness"": 0.0008333327372869181, ""rewrite_penalty"": 0.0, ""risk_static_hold_penalty"": 0.0, ""uncertainty_penalty"": 0.0}",520,27.436947417403612,1.568312406336445
NORMAL_BALANCED,previous_plan_prior:previous_shift_all:2,1.06,previous_plan_prior,previous_shift_all,0.08,-0.7525899879942699,0.056374999731779285,conservative_prior:conservative_stabilize:5,1.0836250002682208,9.365351839815222,10.5,56.82644935479121,"{""any_risk"": true, ""canopy_dew_margin_lt0"": true, ""canopy_dew_margin_lt1"": true, ""dew_risk"": true, ""dry_or_high_vpd_risk"": true, ""dry_risk"": false, ""dry_vent_risk"": true, ""high_vpd"": true, ""humidity_or_dew_risk"": true, ""rh_ge_90"": false}","{""base_final_score"": 0.0003749997317792353, ""final_score"": 0.056374999731779285, ""prior_confidence_bonus"": 0.055999999999999994, ""projected_energy_proxy"": 0.0, ""projected_low_reversal"": 0.0, ""projected_smoothness"": 0.0008333327372869181, ""raw_energy_proxy"": 0.0, ""raw_low_reversal"": 0.0, ""raw_smoothness"": 0.0008333327372869181, ""rewrite_penalty"": 0.0, ""risk_static_hold_penalty"": 0.0, ""uncertainty_penalty"": 0.0}",522,27.840514804847178,1.6166821087162488
NORMAL_BALANCED,previous_plan_prior:previous_shift_all:2,1.06,previous_plan_prior,previous_shift_all,0.08,1.0327574312835637,0.056374999731779285,conservative_prior:conservative_stabilize:5,1.0836250002682208,9.92047493861488,12.5,54.801782048047585,"{""any_risk"": true, ""canopy_dew_margin_lt0"": false, ""canopy_dew_margin_lt1"": false, ""dew_risk"": false, ""dry_or_high_vpd_risk"": true, ""dry_risk"": true, ""dry_vent_risk"": true, ""high_vpd"": true, ""humidity_or_dew_risk"": false, ""rh_ge_90"": false}","{""base_final_score"": 0.0003749997317792353, ""final_score"": 0.056374999731779285, ""prior_confidence_bonus"": 0.055999999999999994, ""projected_energy_proxy"": 0.0, ""projected_low_reversal"": 0.0, ""projected_smoothness"": 0.0008333327372869181, ""raw_energy_proxy"": 0.0, ""raw_low_reversal"": 0.0, ""raw_smoothness"": 0.0008333327372869181, ""rewrite_penalty"": 0.0, ""risk_static_hold_penalty"": 0.0, ""uncertainty_penalty"": 0.0}",530,27.520000352312426,1.6611314003850348
NORMAL_BALANCED,previous_plan_prior:previous_shift_all:2,1.06,previous_plan_prior,previous_shift_all,0.08,1.1501441055151567,0.056374999731779285,conservative_prior:conservative_stabilize:5,1.0836250002682208,8.686596655912972,13.0,58.930541446226904,"{""any_risk"": true, ""canopy_dew_margin_lt0"": false, ""canopy_dew_margin_lt1"": false, ""dew_risk"": false, ""dry_or_high_vpd_risk"": true, ""dry_risk"": false, ""dry_vent_risk"": true, ""high_vpd"": true, ""humidity_or_dew_risk"": false, ""rh_ge_90"": false}","{""base_final_score"": 0.0003749997317792353, ""final_score"": 0.056374999731779285, ""prior_confidence_bonus"": 0.055999999999999994, ""projected_energy_proxy"": 0.0, ""projected_low_reversal"": 0.0, ""projected_smoothness"": 0.0008333327372869181, ""raw_energy_proxy"": 0.0, ""raw_low_reversal"": 0.0, ""raw_smoothness"": 0.0008333327372869181, ""rewrite_penalty"": 0.0, ""risk_static_hold_penalty"": 0.0, ""uncertainty_penalty"": 0.0}",532,26.35780557681392,1.4098647145616452
NORMAL_BALANCED,previous_plan_prior:previous_shift_all:2,1.06,previous_plan_prior,previous_shift_all,0.08,0.11277812166455448,0.056374999731779285,conservative_prior:conservative_stabilize:5,1.0836250002682208,8.016380287780699,13.25,61.566475965704385,"{""any_risk"": true, ""canopy_dew_margin_lt0"": false, ""canopy_dew_margin_lt1"": true, ""dew_risk"": true, ""dry_or_high_vpd_risk"": true, ""dry_risk"": false, ""dry_vent_risk"": true, ""high_vpd"": true, ""humidity_or_dew_risk"": true, ""rh_ge_90"": false}","{""base_final_score"": 0.0003749997317792353, ""final_score"": 0.056374999731779285, ""prior_confidence_bonus"": 0.055999999999999994, ""projected_energy_proxy"": 0.0, ""projected_low_reversal"": 0.0, ""projected_smoothness"": 0.0008333327372869181, ""raw_energy_proxy"": 0.0, ""raw_low_reversal"": 0.0, ""raw_smoothness"": 0.0008333327372869181, ""rewrite_penalty"": 0.0, ""risk_static_hold_penalty"": 0.0, ""uncertainty_penalty"": 0.0}",533,26.8076779794075,1.3547738199084725
NORMAL_BALANCED,previous_plan_prior:previous_shift_all:2,1.06,previous_plan_prior,previous_shift_all,0.08,0.0011972408179765637,0.056374999731779285,conservative_prior:conservative_stabilize:5,1.0836250002682208,7.734074433664663,13.5,62.639719977665806,"{""any_risk"": true, ""canopy_dew_margin_lt0"": false, ""canopy_dew_margin_lt1"": true, ""dew_risk"": true, ""dry_or_high_vpd_risk"": true, ""dry_risk"": false, ""dry_vent_risk"": true, ""high_vpd"": true, ""humidity_or_dew_risk"": true, ""rh_ge_90"": false}","{""base_final_score"": 0.0003749997317792353, ""final_score"": 0.056374999731779285, ""prior_confidence_bonus"": 0.055999999999999994, ""projected_energy_proxy"": 0.0, ""projected_low_reversal"": 0.0, ""projected_smoothness"": 0.0008333327372869181, ""raw_energy_proxy"": 0.0, ""raw_low_reversal"": 0.0, ""raw_smoothness"": 0.0008333327372869181, ""rewrite_penalty"": 0.0, ""risk_static_hold_penalty"": 0.0, ""uncertainty_penalty"": 0.0}",534,26.72017478908021,1.3101870978034946
NORMAL_BALANCED,previous_plan_prior:previous_shift_all:2,1.06,previous_plan_prior,previous_shift_all,0.08,0.27123685057867775,0.056374999731779285,conservative_prior:conservative_stabilize:5,1.0836250002682208,7.766439126168791,13.75,62.47828254260211,"{""any_risk"": true, ""canopy_dew_margin_lt0"": false, ""canopy_dew_margin_lt1"": true, ""dew_risk"": true, ""dry_or_high_vpd_risk"": true, ""dry_risk"": false, ""dry_vent_risk"": true, ""high_vpd"": true, ""humidity_or_dew_risk"": true, ""rh_ge_90"": false}","{""base_final_score"": 0.0003749997317792353, ""final_score"": 0.056374999731779285, ""prior_confidence_bonus"": 0.055999999999999994, ""projected_energy_proxy"": 0.0, ""projected_low_reversal"": 0.0, ""projected_smoothness"": 0.0008333327372869181, ""raw_energy_proxy"": 0.0, ""raw_low_reversal"": 0.0, ""raw_smoothness"": 0.0008333327372869181, ""rewrite_penalty"": 0.0, ""risk_static_hold_penalty"": 0.0, ""uncertainty_penalty"": 0.0}",535,26.56399706492666,1.303815118226582
NORMAL_BALANCED,previous_plan_prior:previous_shift_all:2,1.06,previous_plan_prior,previous_shift_all,0.08,0.6779963868580268,0.056374999731779285,conservative_prior:conservative_stabilize:5,1.0836250002682208,7.932561599084615,14.0,61.796673711750884,"{""any_risk"": true, ""canopy_dew_margin_lt0"": false, ""canopy_dew_margin_lt1"": true, ""dew_risk"": true, ""dry_or_high_vpd_risk"": true, ""dry_risk"": false, ""dry_vent_risk"": true, ""high_vpd"": true, ""humidity_or_dew_risk"": true, ""rh_ge_90"": false}","{""base_final_score"": 0.0003749997317792353, ""final_score"": 0.056374999731779285, ""prior_confidence_bonus"": 0.055999999999999994, ""projected_energy_proxy"": 0.0, ""projected_low_reversal"": 0.0, ""projected_smoothness"": 0.0008333327372869181, ""raw_energy_proxy"": 0.0, ""raw_low_reversal"": 0.0, ""raw_smoothness"": 0.0008333327372869181, ""rewrite_penalty"": 0.0, ""risk_static_hold_penalty"": 0.0, ""uncertainty_penalty"": 0.0}",536,26.40244165262167,1.3149287833734555
NORMAL_BALANCED,previous_plan_prior:previous_shift_all:2,1.06,previous_plan_prior,previous_shift_all,0.08,1.1095142148654666,0.056374999731779285,conservative_prior:conservative_stabilize:5,1.0836250002682208,8.139900059396169,14.25,60.96543617664871,"{""any_risk"": true, ""canopy_dew_margin_lt0"": false, ""canopy_dew_margin_lt1"": false, ""dew_risk"": false, ""dry_or_high_vpd_risk"": true, ""dry_risk"": false, ""dry_vent_risk"": true, ""high_vpd"": true, ""humidity_or_dew_risk"": false, ""rh_ge_90"": false}","{""base_final_score"": 0.0003749997317792353, ""final_score"": 0.056374999731779285, ""prior_confidence_bonus"": 0.055999999999999994, ""projected_energy_proxy"": 0.0, ""projected_low_reversal"": 0.0, ""projected_smoothness"": 0.0008333327372869181, ""raw_energy_proxy"": 0.0, ""raw_low_reversal"": 0.0, ""raw_smoothness"": 0.0008333327372869181, ""rewrite_penalty"": 0.0, ""risk_static_hold_penalty"": 0.0, ""uncertainty_penalty"": 0.0}",537,26.254835320738113,1.3318965541448506
NORMAL_BALANCED,previous_plan_prior:previous_shift_all:2,1.06,previous_plan_prior,previous_shift_all,0.08,1.533872644574231,0.056374999731779285,conservative_prior:conservative_stabilize:5,1.0836250002682208,8.045759063302068,14.5,61.22351602925321,"{""any_risk"": true, ""canopy_dew_margin_lt0"": false, ""canopy_dew_margin_lt1"": false, ""dew_risk"": false, ""dry_or_high_vpd_risk"": true, ""dry_risk"": false, ""dry_vent_risk"": true, ""high_vpd"": true, ""humidity_or_dew_risk"": false, ""rh_ge_90"": false}","{""base_final_score"": 0.0003749997317792353, ""final_score"": 0.056374999731779285, ""prior_confidence_bonus"": 0.055999999999999994, ""projected_energy_proxy"": 0.0, ""projected_low_reversal"": 0.0, ""projected_smoothness"": 0.0008333327372869181, ""raw_energy_proxy"": 0.0, ""raw_low_reversal"": 0.0, ""raw_smoothness"": 0.0008333327372869181, ""rewrite_penalty"": 0.0, ""risk_static_hold_penalty"": 0.0, ""uncertainty_penalty"": 0.0}",538,25.8098253934926,1.2887484309372215
NORMAL_BALANCED,previous_plan_prior:previous_shift_all:2,1.06,previous_plan_prior,previous_shift_all,0.08,1.9494609561931426,0.056374999731779285,conservative_prior:conservative_stabilize:5,1.0836250002682208,7.9472224617676375,14.75,61.50166011290346,"{""any_risk"": true, ""canopy_dew_margin_lt0"": false, ""canopy_dew_margin_lt1"": false, ""dew_risk"": false, ""dry_or_high_vpd_risk"": true, ""dry_risk"": false, ""dry_vent_risk"": true, ""high_vpd"": true, ""humidity_or_dew_risk"": false, ""rh_ge_90"": false}","{""base_final_score"": 0.0003749997317792353, ""final_score"": 0.056374999731779285, ""prior_confidence_bonus"": 0.055999999999999994, ""projected_energy_proxy"": 0.0, ""projected_low_reversal"": 0.0, ""projected_smoothness"": 0.0008333327372869181, ""raw_energy_proxy"": 0.0, ""raw_low_reversal"": 0.0, ""raw_smoothness"": 0.0008333327372869181, ""rewrite_penalty"": 0.0, ""risk_static_hold_penalty"": 0.0, ""uncertainty_penalty"": 0.0}",539,25.365625855723728,1.246242296639482
NORMAL_BALANCED,previous_plan_prior:previous_shift_all:2,1.06,previous_plan_prior,previous_shift_all,0.08,2.348491096204558,0.056374999731779285,conservative_prior:conservative_stabilize:5,1.0836250002682208,7.853550120298181,15.0,61.76805588947125,"{""any_risk"": true, ""canopy_dew_margin_lt0"": false, ""canopy_dew_margin_lt1"": false, ""dew_risk"": false, ""dry_or_high_vpd_risk"": true, ""dry_risk"": false, ""dry_vent_risk"": true, ""high_vpd"": true, ""humidity_or_dew_risk"": false, ""rh_ge_90"": false}","{""base_final_score"": 0.0003749997317792353, ""final_score"": 0.056374999731779285, ""prior_confidence_bonus"": 0.055999999999999994, ""projected_energy_proxy"": 0.0, ""projected_low_reversal"": 0.0, ""projected_smoothness"": 0.0008333327372869181, ""raw_energy_proxy"": 0.0, ""raw_low_reversal"": 0.0, ""raw_smoothness"": 0.0008333327372869181, ""rewrite_penalty"": 0.0, ""risk_static_hold_penalty"": 0.0, ""uncertainty_penalty"": 0.0}",540,24.93943534013061,1.2066323865284543
NORMAL_BALANCED,previous_plan_prior:screen_dwell_hold:4,1.06,previous_plan_prior,screen_dwell_hold,0.08,-2.2686503801698485,0.05600000000000005,conservative_prior:conservative_stabilize:5,1.084,9.142816052103122,9.25,57.79677524120706,"{""any_risk"": true, ""canopy_dew_margin_lt0"": true, ""canopy_dew_margin_lt1"": true, ""dew_risk"": true, ""dry_or_high_vpd_risk"": true, ""dry_risk"": false, ""dry_vent_risk"": false, ""high_vpd"": true, ""humidity_or_dew_risk"": true, ""rh_ge_90"": false}","{""base_final_score"": 0.0, ""final_score"": 0.05600000000000005, ""prior_confidence_bonus"": 0.055999999999999994, ""projected_energy_proxy"": 0.0, ""projected_low_reversal"": 0.0, ""projected_smoothness"": 0.0, ""raw_energy_proxy"": 0.0, ""raw_low_reversal"": 0.0, ""raw_smoothness"": 0.0, ""rewrite_penalty"": 0.0, ""risk_static_hold_penalty"": 0.0, ""uncertainty_penalty"": 0.0}",517,28.558785403623368,1.6477359430766803
NORMAL_BALANCED,previous_plan_prior:previous_shift_all:2,1.06,previous_plan_prior,previous_shift_all,0.08,-2.11980499522436,0.05600000000000005,conservative_prior:conservative_stabilize:5,1.084,9.123041972920287,9.75,57.88361818482696,"{""any_risk"": true, ""canopy_dew_margin_lt0"": true, ""canopy_dew_margin_lt1"": true, ""dew_risk"": true, ""dry_or_high_vpd_risk"": true, ""dry_risk"": false, ""dry_vent_risk"": false, ""high_vpd"": true, ""humidity_or_dew_risk"": true, ""rh_ge_90"": false}","{""base_final_score"": 0.0, ""final_score"": 0.05600000000000005, ""prior_confidence_bonus"": 0.055999999999999994, ""projected_energy_proxy"": 0.0, ""projected_low_reversal"": 0.0, ""projected_smoothness"": 0.0, ""raw_energy_proxy"": 0.0, ""raw_low_reversal"": 0.0, ""raw_smoothness"": 0.0, ""rewrite_penalty"": 0.0, ""risk_static_hold_penalty"": 0.0, ""uncertainty_penalty"": 0.0}",519,28.624245082313017,1.6505964533360913
NORMAL_BALANCED,previous_plan_prior:previous_shift_all:2,1.06,previous_plan_prior,previous_shift_all,0.08,-2.179178600059604,0.05600000000000005,conservative_prior:conservative_stabilize:5,1.084,8.868114440925577,10.25,58.81320447398285,"{""any_risk"": true, ""canopy_dew_margin_lt0"": true, ""canopy_dew_margin_lt1"": true, ""dew_risk"": true, ""dry_or_high_vpd_risk"": true, ""dry_risk"": false, ""dry_vent_risk"": false, ""high_vpd"": true, ""humidity_or_dew_risk"": true, ""rh_ge_90"": false}","{""base_final_score"": 0.0, ""final_score"": 0.05600000000000005, ""prior_confidence_bonus"": 0.055999999999999994, ""projected_energy_proxy"": 0.0, ""projected_low_reversal"": 0.0, ""projected_smoothness"": 0.0, ""raw_energy_proxy"": 0.0, ""raw_low_reversal"": 0.0, ""raw_smoothness"": 0.0, ""rewrite_penalty"": 0.0, ""risk_static_hold_penalty"": 0.0, ""uncertainty_penalty"": 0.0}",521,28.655851565874915,1.6171236359402499
NORMAL_BALANCED,previous_plan_prior:previous_shift_all:2,1.06,previous_plan_prior,previous_shift_all,0.08,-2.3529321855666154,0.05600000000000005,conservative_prior:conservative_stabilize:5,1.084,9.324653111989711,10.75,57.381410614229004,"{""any_risk"": true, ""canopy_dew_margin_lt0"": true, ""canopy_dew_margin_lt1"": true, ""dew_risk"": true, ""dry_or_high_vpd_risk"": true, ""dry_risk"": false, ""dry_vent_risk"": false, ""high_vpd"": true, ""humidity_or_dew_risk"": true, ""rh_ge_90"": false}","{""base_final_score"": 0.0, ""final_score"": 0.05600000000000005, ""prior_confidence_bonus"": 0.055999999999999994, ""projected_energy_proxy"": 0.0, ""projected_low_reversal"": 0.0, ""projected_smoothness"": 0.0, ""raw_energy_proxy"": 0.0, ""raw_low_reversal"": 0.0, ""raw_smoothness"": 0.0, ""rewrite_penalty"": 0.0, ""risk_static_hold_penalty"": 0.0, ""uncertainty_penalty"": 0.0}",523,29.51907207529249,1.758871570127371
NORMAL_BALANCED,previous_plan_prior:previous_shift_all:2,1.06,previous_plan_prior,previous_shift_all,0.08,-0.8079538229024124,0.05600000000000005,conservative_prior:conservative_stabilize:5,1.084,9.884994599859912,11.0,55.21030446494242,"{""any_risk"": true, ""canopy_dew_margin_lt0"": true, ""canopy_dew_margin_lt1"": true, ""dew_risk"": true, ""dry_or_high_vpd_risk"": true, ""dry_risk"": false, ""dry_vent_risk"": false, ""high_vpd"": true, ""humidity_or_dew_risk"": true, ""rh_ge_90"": false}","{""base_final_score"": 0.0, ""final_score"": 0.05600000000000005, ""prior_confidence_bonus"": 0.055999999999999994, ""projected_energy_proxy"": 0.0, ""projected_low_reversal"": 0.0, ""projected_smoothness"": 0.0, ""raw_energy_proxy"": 0.0, ""raw_low_reversal"": 0.0, ""raw_smoothness"": 0.0, ""rewrite_penalty"": 0.0, ""risk_static_hold_penalty"": 0.0, ""uncertainty_penalty"": 0.0}",524,28.65470911542647,1.758468468511252
NORMAL_BALANCED,previous_plan_prior:previous_shift_all:2,1.06,previous_plan_prior,previous_shift_all,0.08,-0.36699729205856,0.05600000000000005,conservative_prior:conservative_stabilize:5,1.084,10.44645527389321,11.25,53.36645335382814,"{""any_risk"": true, ""canopy_dew_margin_lt0"": true, ""canopy_dew_margin_lt1"": true, ""dew_risk"": true, ""dry_or_high_vpd_risk"": true, ""dry_risk"": true, ""dry_vent_risk"": false, ""high_vpd"": true, ""humidity_or_dew_risk"": true, ""rh_ge_90"": false}","{""base_final_score"": 0.0, ""final_score"": 0.05600000000000005, ""prior_confidence_bonus"": 0.055999999999999994, ""projected_energy_proxy"": 0.0, ""projected_low_reversal"": 0.0, ""projected_smoothness"": 0.0, ""raw_energy_proxy"": 0.0, ""raw_low_reversal"": 0.0, ""raw_smoothness"": 0.0, ""rewrite_penalty"": 0.0, ""risk_static_hold_penalty"": 0.0, ""uncertainty_penalty"": 0.0}",525,28.89359624530659,1.8563522470299416
NORMAL_BALANCED,previous_plan_prior:previous_shift_all:2,1.06,previous_plan_prior,previous_shift_all,0.08,-0.030250897760812023,0.05600000000000005,conservative_prior:conservative_stabilize:5,1.084,10.494114451992456,11.5,53.16310885178364,"{""any_risk"": true, ""canopy_dew_margin_lt0"": true, ""canopy_dew_margin_lt1"": true, ""dew_risk"": true, ""dry_or_high_vpd_risk"": true, ""dry_risk"": true, ""dry_vent_risk"": false, ""high_vpd"": true, ""humidity_or_dew_risk"": true, ""rh_ge_90"": false}","{""base_final_score"": 0.0, ""final_score"": 0.05600000000000005, ""prior_confidence_bonus"": 0.055999999999999994, ""projected_energy_proxy"": 0.0, ""projected_low_reversal"": 0.0, ""projected_smoothness"": 0.0, ""raw_energy_proxy"": 0.0, ""raw_low_reversal"": 0.0, ""raw_smoothness"": 0.0, ""rewrite_penalty"": 0.0, ""risk_static_hold_penalty"": 0.0, ""uncertainty_penalty"": 0.0}",526,28.720869699643842,1.8459028888199025
NORMAL_BALANCED,previous_plan_prior:previous_shift_all:2,1.06,previous_plan_prior,previous_shift_all,0.08,0.28538727181414103,0.05600000000000005,conservative_prior:conservative_stabilize:5,1.084,10.496670313085048,11.75,53.10321559963851,"{""any_risk"": true, ""canopy_dew_margin_lt0"": false, ""canopy_dew_margin_lt1"": true, ""dew_risk"": true, ""dry_or_high_vpd_risk"": true, ""dry_risk"": true, ""dry_vent_risk"": false, ""high_vpd"": true, ""humidity_or_dew_risk"": true, ""rh_ge_90"": false}","{""base_final_score"": 0.0, ""final_score"": 0.05600000000000005, ""prior_confidence_bonus"": 0.055999999999999994, ""projected_energy_proxy"": 0.0, ""projected_low_reversal"": 0.0, ""projected_smoothness"": 0.0, ""raw_energy_proxy"": 0.0, ""raw_low_reversal"": 0.0, ""raw_smoothness"": 0.0, ""rewrite_penalty"": 0.0, ""risk_static_hold_penalty"": 0.0, ""uncertainty_penalty"": 0.0}",527,28.5213548528856,1.8270162345894612
NORMAL_BALANCED,previous_plan_prior:previous_shift_all:2,1.06,previous_plan_prior,previous_shift_all,0.08,0.6024813753522231,0.05600000000000005,conservative_prior:conservative_stabilize:5,1.084,10.489972131530504,12.0,53.070604710145524,"{""any_risk"": true, ""canopy_dew_margin_lt0"": false, ""canopy_dew_margin_lt1"": true, ""dew_risk"": true, ""dry_or_high_vpd_risk"": true, ""dry_risk"": true, ""dry_vent_risk"": false, ""high_vpd"": true, ""humidity_or_dew_risk"": true, ""rh_ge_90"": false}","{""base_final_score"": 0.0, ""final_score"": 0.05600000000000005, ""prior_confidence_bonus"": 0.055999999999999994, ""projected_energy_proxy"": 0.0, ""projected_low_reversal"": 0.0, ""projected_smoothness"": 0.0, ""raw_energy_proxy"": 0.0, ""raw_low_reversal"": 0.0, ""raw_smoothness"": 0.0, ""rewrite_penalty"": 0.0, ""risk_static_hold_penalty"": 0.0, ""uncertainty_penalty"": 0.0}",528,28.308232226457527,1.805809918055912
NORMAL_BALANCED,previous_plan_prior:previous_shift_all:2,1.06,previous_plan_prior,previous_shift_all,0.08,0.40282987818934757,0.05600000000000005,conservative_prior:conservative_stabilize:5,1.084,10.362895723806947,12.25,53.54282700115008,"{""any_risk"": true, ""canopy_dew_margin_lt0"": false, ""canopy_dew_margin_lt1"": true, ""dew_risk"": true, ""dry_or_high_vpd_risk"": true, ""dry_risk"": true, ""dry_vent_risk"": false, ""high_vpd"": true, ""humidity_or_dew_risk"": true, ""rh_ge_90"": false}","{""base_final_score"": 0.0, ""final_score"": 0.05600000000000005, ""prior_confidence_bonus"": 0.055999999999999994, ""projected_energy_proxy"": 0.0, ""projected_low_reversal"": 0.0, ""projected_smoothness"": 0.0, ""raw_energy_proxy"": 0.0, ""raw_low_reversal"": 0.0, ""raw_smoothness"": 0.0, ""rewrite_penalty"": 0.0, ""risk_static_hold_penalty"": 0.0, ""uncertainty_penalty"": 0.0}",529,28.490285669012266,1.8066311050764385
NORMAL_BALANCED,previous_plan_prior:previous_shift_all:2,1.06,previous_plan_prior,previous_shift_all,0.08,-0.4785615052533032,0.05600000000000005,conservative_prior:conservative_stabilize:5,1.084,9.095225354923429,12.75,57.906522029309336,"{""any_risk"": true, ""canopy_dew_margin_lt0"": true, ""canopy_dew_margin_lt1"": true, ""dew_risk"": true, ""dry_or_high_vpd_risk"": true, ""dry_risk"": false, ""dry_vent_risk"": false, ""high_vpd"": true, ""humidity_or_dew_risk"": true, ""rh_ge_90"": false}","{""base_final_score"": 0.0, ""final_score"": 0.05600000000000005, ""prior_confidence_bonus"": 0.055999999999999994, ""projected_energy_proxy"": 0.0, ""projected_low_reversal"": 0.0, ""projected_smoothness"": 0.0, ""raw_energy_proxy"": 0.0, ""raw_low_reversal"": 0.0, ""raw_smoothness"": 0.0, ""rewrite_penalty"": 0.0, ""risk_static_hold_penalty"": 0.0, ""uncertainty_penalty"": 0.0}",531,28.305429117527215,1.6194635221056515
HUMIDITY_EXCESS_DISEASE_RISK,previous_plan_prior:previous_shift_all:2,1.0458333350117903,previous_plan_prior,previous_shift_all,0.1,1.7947253632887836,0.09845833349187194,conservative_prior:conservative_stabilize:5,1.0473750015199184,1.4252320077100755,22.0,91.38921255381202,"{""any_risk"": true, ""canopy_dew_margin_lt0"": false, ""canopy_dew_margin_lt1"": false, ""dew_risk"": false, ""dry_or_high_vpd_risk"": false, ""dry_risk"": false, ""dry_vent_risk"": false, ""high_vpd"": false, ""humidity_or_dew_risk"": true, ""rh_ge_90"": true}","{""base_final_score"": 0.04245833349187189, ""final_score"": 0.09845833349187194, ""prior_confidence_bonus"": 0.055999999999999994, ""projected_energy_proxy"": 0.23666666174928352, ""projected_low_reversal"": 0.0, ""projected_smoothness"": -0.010833330795521845, ""raw_energy_proxy"": 0.23666666174928352, ""raw_low_reversal"": 0.0, ""raw_smoothness"": -0.010833330795521845, ""rewrite_penalty"": 0.0, ""risk_static_hold_penalty"": 0.0, ""uncertainty_penalty"": 0.0}",664,17.919105188278042,0.1768105135165797
HUMIDITY_EXCESS_DISEASE_RISK,previous_plan_prior:previous_shift_all:2,1.0458333350117903,previous_plan_prior,previous_shift_all,0.1,2.029708990417511,0.09845833349187194,conservative_prior:conservative_stabilize:5,1.0473750015199184,1.4238717430669041,22.25,91.38155343712567,"{""any_risk"": true, ""canopy_dew_margin_lt0"": false, ""canopy_dew_margin_lt1"": false, ""dew_risk"": false, ""dry_or_high_vpd_risk"": false, ""dry_risk"": false, ""dry_vent_risk"": false, ""high_vpd"": false, ""humidity_or_dew_risk"": true, ""rh_ge_90"": true}","{""base_final_score"": 0.04245833349187189, ""final_score"": 0.09845833349187194, ""prior_confidence_bonus"": 0.055999999999999994, ""projected_energy_proxy"": 0.23666666174928352, ""projected_low_reversal"": 0.0, ""projected_smoothness"": -0.010833330795521845, ""raw_energy_proxy"": 0.23666666174928352, ""raw_low_reversal"": 0.0, ""raw_smoothness"": -0.010833330795521845, ""rewrite_penalty"": 0.0, ""risk_static_hold_penalty"": 0.0, ""uncertainty_penalty"": 0.0}",665,17.678259252350493,0.1743039749807749
HUMIDITY_EXCESS_DISEASE_RISK,previous_plan_prior:previous_shift_all:2,1.0458333350117903,previous_plan_prior,previous_shift_all,0.1,1.6612312614419231,0.09845833349187194,conservative_prior:conservative_stabilize:5,1.0473750015199184,1.3759871242343422,23.75,91.67902249164793,"{""any_risk"": true, ""canopy_dew_margin_lt0"": false, ""canopy_dew_margin_lt1"": false, ""dew_risk"": false, ""dry_or_high_vpd_risk"": false, ""dry_risk"": false, ""dry_vent_risk"": false, ""high_vpd"": false, ""humidity_or_dew_risk"": true, ""rh_ge_90"": true}","{""base_final_score"": 0.04245833349187189, ""final_score"": 0.09845833349187194, ""prior_confidence_bonus"": 0.055999999999999994, ""projected_energy_proxy"": 0.23666666174928352, ""projected_low_reversal"": 0.0, ""projected_smoothness"": -0.010833330795521845, ""raw_energy_proxy"": 0.23666666174928352, ""raw_low_reversal"": 0.0, ""raw_smoothness"": -0.010833330795521845, ""rewrite_penalty"": 0.0, ""risk_static_hold_penalty"": 0.0, ""uncertainty_penalty"": 0.0}",671,17.975046386870236,0.17146193756335196
HUMIDITY_EXCESS_DISEASE_RISK,previous_plan_prior:previous_shift_all:2,1.0458333350117903,previous_plan_prior,previous_shift_all,0.1,1.559713221802948,0.09845833349187194,conservative_prior:conservative_stabilize:5,1.0473750015199184,1.293906723934107,0.0,92.15877136820858,"{""any_risk"": true, ""canopy_dew_margin_lt0"": false, ""canopy_dew_margin_lt1"": false, ""dew_risk"": false, ""dry_or_high_vpd_risk"": false, ""dry_risk"": false, ""dry_vent_risk"": false, ""high_vpd"": false, ""humidity_or_dew_risk"": true, ""rh_ge_90"": true}","{""base_final_score"": 0.04245833349187189, ""final_score"": 0.09845833349187194, ""prior_confidence_bonus"": 0.055999999999999994, ""projected_energy_proxy"": 0.23666666174928352, ""projected_low_reversal"": 0.0, ""projected_smoothness"": -0.010833330795521845, ""raw_energy_proxy"": 0.23666666174928352, ""raw_low_reversal"": 0.0, ""raw_smoothness"": -0.010833330795521845, ""rewrite_penalty"": 0.0, ""risk_static_hold_penalty"": 0.0, ""uncertainty_penalty"": 0.0}",672,17.991521758645654,0.16174372134090706
HUMIDITY_EXCESS_DISEASE_RISK,previous_plan_prior:previous_shift_all:3,1.06,previous_plan_prior,previous_shift_all,0.1,2.533481546832226,0.09566115149855614,conservative_prior:conservative_stabilize:6,1.064338848501444,1.5868112812690942,4.25,90.40849689538456,"{""any_risk"": true, ""canopy_dew_margin_lt0"": false, ""canopy_dew_margin_lt1"": false, ""dew_risk"": false, ""dry_or_high_vpd_risk"": false, ""dry_risk"": false, ""dry_vent_risk"": false, ""high_vpd"": false, ""humidity_or_dew_risk"": true, ""rh_ge_90"": true}","{""base_final_score"": 0.03966115149855609, ""final_score"": 0.09566115149855614, ""prior_confidence_bonus"": 0.055999999999999994, ""projected_energy_proxy"": 0.1599999964237213, ""projected_low_reversal"": 0.0, ""projected_smoothness"": 0.01702478269735974, ""raw_energy_proxy"": 0.1599999964237213, ""raw_low_reversal"": 0.0, ""raw_smoothness"": 0.01702478269735974, ""rewrite_penalty"": 0.0, ""risk_static_hold_penalty"": 0.0, ""uncertainty_penalty"": 0.0}",689,17.26468416720533,0.1889839786449555
HUMIDITY_EXCESS_DISEASE_RISK,previous_plan_prior:previous_shift_all:3,1.06,previous_plan_prior,previous_shift_all,0.1,2.4218116042061215,0.09521763929724703,conservative_prior:conservative_stabilize:6,1.0647823607027531,1.6477039655504715,4.0,90.0705836727817,"{""any_risk"": true, ""canopy_dew_margin_lt0"": false, ""canopy_dew_margin_lt1"": false, ""dew_risk"": false, ""dry_or_high_vpd_risk"": false, ""dry_risk"": false, ""dry_vent_risk"": false, ""high_vpd"": false, ""humidity_or_dew_risk"": true, ""rh_ge_90"": true}","{""base_final_score"": 0.039217639297246976, ""final_score"": 0.09521763929724703, ""prior_confidence_bonus"": 0.055999999999999994, ""projected_energy_proxy"": 0.1599999964237213, ""projected_low_reversal"": 0.0, ""projected_smoothness"": 0.016039200027783695, ""raw_energy_proxy"": 0.1599999964237213, ""raw_low_reversal"": 0.0, ""raw_smoothness"": 0.016039200027783695, ""rewrite_penalty"": 0.0, ""risk_static_hold_penalty"": 0.0, ""uncertainty_penalty"": 0.0}",688,17.446745408143432,0.19790582810813984
NORMAL_BALANCED,previous_plan_prior:previous_shift_all:2,1.058125,previous_plan_prior,previous_shift_all,0.1,0.43105292491108926,0.09137499928474424,conservative_prior:conservative_stabilize:5,1.0667500007152557,2.2319031231780926,12.25,86.97752421702599,"{""any_risk"": true, ""canopy_dew_margin_lt0"": false, ""canopy_dew_margin_lt1"": true, ""dew_risk"": true, ""dry_or_high_vpd_risk"": false, ""dry_risk"": false, ""dry_vent_risk"": false, ""high_vpd"": false, ""humidity_or_dew_risk"": true, ""rh_ge_90"": false}","{""base_final_score"": 0.03537499928474419, ""final_score"": 0.09137499928474424, ""prior_confidence_bonus"": 0.055999999999999994, ""projected_energy_proxy"": 0.1599999964237213, ""projected_low_reversal"": 0.0, ""projected_smoothness"": 0.007500000000000062, ""raw_energy_proxy"": 0.1599999964237213, ""raw_low_reversal"": 0.0, ""raw_smoothness"": 0.007500000000000062, ""rewrite_penalty"": 0.0, ""risk_static_hold_penalty"": 0.0, ""uncertainty_penalty"": 0.0}",625,19.677605160078677,0.2984543963189432
HUMIDITY_EXCESS_DISEASE_RISK,previous_plan_prior:previous_shift_all:2,1.056250000225594,previous_plan_prior,previous_shift_all,0.1,0.5119581349019988,0.08949999951033816,conservative_prior:conservative_stabilize:5,1.0667500007152557,1.3824209860286096,18.25,91.71062693520415,"{""any_risk"": true, ""canopy_dew_margin_lt0"": false, ""canopy_dew_margin_lt1"": true, ""dew_risk"": true, ""dry_or_high_vpd_risk"": false, ""dry_risk"": false, ""dry_vent_risk"": false, ""high_vpd"": false, ""humidity_or_dew_risk"": true, ""rh_ge_90"": true}","{""base_final_score"": 0.03349999951033811, ""final_score"": 0.08949999951033816, ""prior_confidence_bonus"": 0.055999999999999994, ""projected_energy_proxy"": 0.1599999964237213, ""projected_low_reversal"": 0.0, ""projected_smoothness"": 0.0033333338346529517, ""raw_energy_proxy"": 0.1599999964237213, ""raw_low_reversal"": 0.0, ""raw_smoothness"": 0.0033333338346529517, ""rewrite_penalty"": 0.0, ""risk_static_hold_penalty"": 0.0, ""uncertainty_penalty"": 0.0}",649,19.08221111917358,0.18307228649200205
HUMIDITY_EXCESS_DISEASE_RISK,previous_plan_prior:previous_shift_all:2,1.056250000225594,previous_plan_prior,previous_shift_all,0.1,0.5463754818379769,0.08949999951033816,conservative_prior:conservative_stabilize:5,1.0667500007152557,1.3632953158851144,18.5,91.81831616845548,"{""any_risk"": true, ""canopy_dew_margin_lt0"": false, ""canopy_dew_margin_lt1"": true, ""dew_risk"": true, ""dry_or_high_vpd_risk"": false, ""dry_risk"": false, ""dry_vent_risk"": false, ""high_vpd"": false, ""humidity_or_dew_risk"": true, ""rh_ge_90"": true}","{""base_final_score"": 0.03349999951033811, ""final_score"": 0.08949999951033816, ""prior_confidence_bonus"": 0.055999999999999994, ""projected_energy_proxy"": 0.1599999964237213, ""projected_low_reversal"": 0.0, ""projected_smoothness"": 0.0033333338346529517, ""raw_energy_proxy"": 0.1599999964237213, ""raw_low_reversal"": 0.0, ""raw_smoothness"": 0.0033333338346529517, ""rewrite_penalty"": 0.0, ""risk_static_hold_penalty"": 0.0, ""uncertainty_penalty"": 0.0}",650,19.03718561352247,0.18018734702480937
HUMIDITY_EXCESS_DISEASE_RISK,previous_plan_prior:previous_shift_all:2,1.056250000225594,previous_plan_prior,previous_shift_all,0.1,0.6561556993573561,0.08949999951033816,conservative_prior:conservative_stabilize:5,1.0667500007152557,1.3683245032137528,20.0,91.78549644208209,"{""any_risk"": true, ""canopy_dew_margin_lt0"": false, ""canopy_dew_margin_lt1"": true, ""dew_risk"": true, ""dry_or_high_vpd_risk"": false, ""dry_risk"": false, ""dry_vent_risk"": false, ""high_vpd"": false, ""humidity_or_dew_risk"": true, ""rh_ge_90"": true}","{""base_final_score"": 0.03349999951033811, ""final_score"": 0.08949999951033816, ""prior_confidence_bonus"": 0.055999999999999994, ""projected_energy_proxy"": 0.1599999964237213, ""projected_low_reversal"": 0.0, ""projected_smoothness"": 0.0033333338346529517, ""raw_energy_proxy"": 0.1599999964237213, ""raw_low_reversal"": 0.0, ""raw_smoothness"": 0.0033333338346529517, ""rewrite_penalty"": 0.0, ""risk_static_hold_penalty"": 0.0, ""uncertainty_penalty"": 0.0}",656,18.976041831352067,0.18022142453010231
HUMIDITY_EXCESS_DISEASE_RISK,previous_plan_prior:previous_shift_all:2,1.050581097828438,previous_plan_prior,previous_shift_all,0.1,1.5903910638984264,0.08645609738140303,conservative_prior:conservative_stabilize:5,1.064125000447035,1.5259910914476151,2.75,90.82369313370226,"{""any_risk"": true, ""canopy_dew_margin_lt0"": false, ""canopy_dew_margin_lt1"": false, ""dew_risk"": false, ""dry_or_high_vpd_risk"": false, ""dry_risk"": false, ""dry_vent_risk"": false, ""high_vpd"": false, ""humidity_or_dew_risk"": true, ""rh_ge_90"": true}","{""base_final_score"": 0.03045609738140298, ""final_score"": 0.08645609738140303, ""prior_confidence_bonus"": 0.055999999999999994, ""projected_energy_proxy"": 0.1599999964237213, ""projected_low_reversal"": 0.0, ""projected_smoothness"": -0.003430893118535727, ""raw_energy_proxy"": 0.1599999964237213, ""raw_low_reversal"": 0.0, ""raw_smoothness"": -0.003430893118535727, ""rewrite_penalty"": 0.0, ""risk_static_hold_penalty"": 0.0, ""uncertainty_penalty"": 0.0}",683,18.17937283065497,0.19153020241762256
HUMIDITY_EXCESS_DISEASE_RISK,previous_plan_prior:previous_shift_all:2,1.0438750008514426,previous_plan_prior,previous_shift_all,0.1,2.0169508109015695,0.0797500004044076,conservative_prior:conservative_stabilize:5,1.064125000447035,1.468432643211539,22.5,91.12616585613408,"{""any_risk"": true, ""canopy_dew_margin_lt0"": false, ""canopy_dew_margin_lt1"": false, ""dew_risk"": false, ""dry_or_high_vpd_risk"": false, ""dry_risk"": false, ""dry_vent_risk"": false, ""high_vpd"": false, ""humidity_or_dew_risk"": true, ""rh_ge_90"": true}","{""base_final_score"": 0.023750000404407556, ""final_score"": 0.0797500004044076, ""prior_confidence_bonus"": 0.055999999999999994, ""projected_energy_proxy"": 0.1599999964237213, ""projected_low_reversal"": 0.0, ""projected_smoothness"": -0.018333330845192397, ""raw_energy_proxy"": 0.1599999964237213, ""raw_low_reversal"": 0.0, ""raw_smoothness"": -0.018333330845192397, ""rewrite_penalty"": 0.0, ""risk_static_hold_penalty"": 0.0, ""uncertainty_penalty"": 0.0}",666,17.730626045168673,0.18006232278364223
HUMIDITY_EXCESS_DISEASE_RISK,previous_plan_prior:previous_shift_all:2,1.0438750008514426,previous_plan_prior,previous_shift_all,0.1,1.9608829257400764,0.0797500004044076,conservative_prior:conservative_stabilize:5,1.064125000447035,1.5253952776903965,22.75,90.80379267055197,"{""any_risk"": true, ""canopy_dew_margin_lt0"": false, ""canopy_dew_margin_lt1"": false, ""dew_risk"": false, ""dry_or_high_vpd_risk"": false, ""dry_risk"": false, ""dry_vent_risk"": false, ""high_vpd"": false, ""humidity_or_dew_risk"": true, ""rh_ge_90"": true}","{""base_final_score"": 0.023750000404407556, ""final_score"": 0.0797500004044076, ""prior_confidence_bonus"": 0.055999999999999994, ""projected_energy_proxy"": 0.1599999964237213, ""projected_low_reversal"": 0.0, ""projected_smoothness"": -0.018333330845192397, ""raw_energy_proxy"": 0.1599999964237213, ""raw_low_reversal"": 0.0, ""raw_smoothness"": -0.018333330845192397, ""rewrite_penalty"": 0.0, ""risk_static_hold_penalty"": 0.0, ""uncertainty_penalty"": 0.0}",667,17.83940434399459,0.18788651073743956
HUMIDITY_EXCESS_DISEASE_RISK,previous_plan_prior:previous_shift_all:2,1.0438750008514426,previous_plan_prior,previous_shift_all,0.1,1.9270013545253732,0.0797500004044076,conservative_prior:conservative_stabilize:5,1.064125000447035,1.5288490588880315,23.0,90.78613912346653,"{""any_risk"": true, ""canopy_dew_margin_lt0"": false, ""canopy_dew_margin_lt1"": false, ""dew_risk"": false, ""dry_or_high_vpd_risk"": false, ""dry_risk"": false, ""dry_vent_risk"": false, ""high_vpd"": false, ""humidity_or_dew_risk"": true, ""rh_ge_90"": true}","{""base_final_score"": 0.023750000404407556, ""final_score"": 0.0797500004044076, ""prior_confidence_bonus"": 0.055999999999999994, ""projected_energy_proxy"": 0.1599999964237213, ""projected_low_reversal"": 0.0, ""projected_smoothness"": -0.018333330845192397, ""raw_energy_proxy"": 0.1599999964237213, ""raw_low_reversal"": 0.0, ""raw_smoothness"": -0.018333330845192397, ""rewrite_penalty"": 0.0, ""risk_static_hold_penalty"": 0.0, ""uncertainty_penalty"": 0.0}",668,17.872750923280805,0.18864273570879564
HUMIDITY_EXCESS_DISEASE_RISK,previous_plan_prior:previous_shift_all:2,1.0438750008514426,previous_plan_prior,previous_shift_all,0.1,1.8901924412063273,0.0797500004044076,conservative_prior:conservative_stabilize:5,1.064125000447035,1.5323689801510696,23.25,90.76833283959687,"{""any_risk"": true, ""canopy_dew_margin_lt0"": false, ""canopy_dew_margin_lt1"": false, ""dew_risk"": false, ""dry_or_high_vpd_risk"": false, ""dry_risk"": false, ""dry_vent_risk"": false, ""high_vpd"": false, ""humidity_or_dew_risk"": true, ""rh_ge_90"": true}","{""base_final_score"": 0.023750000404407556, ""final_score"": 0.0797500004044076, ""prior_confidence_bonus"": 0.055999999999999994, ""projected_energy_proxy"": 0.1599999964237213, ""projected_low_reversal"": 0.0, ""projected_smoothness"": -0.018333330845192397, ""raw_energy_proxy"": 0.1599999964237213, ""raw_low_reversal"": 0.0, ""raw_smoothness"": -0.018333330845192397, ""rewrite_penalty"": 0.0, ""risk_static_hold_penalty"": 0.0, ""uncertainty_penalty"": 0.0}",669,17.909236280942824,0.18944174832473198
HUMIDITY_EXCESS_DISEASE_RISK,previous_plan_prior:previous_shift_all:2,1.0438750008514426,previous_plan_prior,previous_shift_all,0.1,1.779808414918854,0.0797500004044076,conservative_prior:conservative_stabilize:5,1.064125000447035,1.4531858548627241,23.5,91.22820183782046,"{""any_risk"": true, ""canopy_dew_margin_lt0"": false, ""canopy_dew_margin_lt1"": false, ""dew_risk"": false, ""dry_or_high_vpd_risk"": false, ""dry_risk"": false, ""dry_vent_risk"": false, ""high_vpd"": false, ""humidity_or_dew_risk"": true, ""rh_ge_90"": true}","{""base_final_score"": 0.023750000404407556, ""final_score"": 0.0797500004044076, ""prior_confidence_bonus"": 0.055999999999999994, ""projected_energy_proxy"": 0.1599999964237213, ""projected_low_reversal"": 0.0, ""projected_smoothness"": -0.018333330845192397, ""raw_energy_proxy"": 0.1599999964237213, ""raw_low_reversal"": 0.0, ""raw_smoothness"": -0.018333330845192397, ""rewrite_penalty"": 0.0, ""risk_static_hold_penalty"": 0.0, ""uncertainty_penalty"": 0.0}",670,17.93685605690307,0.1803178933636959
NORMAL_BALANCED,previous_plan_prior:previous_shift_all:2,1.0271249994635583,previous_plan_prior,previous_shift_all,0.1,4.143636413924662,0.0797499979436399,conservative_prior:conservative_stabilize:5,1.0473750015199184,1.621424311491987,5.0,90.0845941016909,"{""any_risk"": true, ""canopy_dew_margin_lt0"": false, ""canopy_dew_margin_lt1"": false, ""dew_risk"": false, ""dry_or_high_vpd_risk"": false, ""dry_risk"": false, ""dry_vent_risk"": false, ""high_vpd"": false, ""humidity_or_dew_risk"": true, ""rh_ge_90"": true}","{""base_final_score"": 0.023749997943639856, ""final_score"": 0.0797499979436399, ""prior_confidence_bonus"": 0.055999999999999994, ""projected_energy_proxy"": 0.1599999964237213, ""projected_low_reversal"": 0.0, ""projected_smoothness"": -0.018333336313565596, ""raw_energy_proxy"": 0.1599999964237213, ""raw_low_reversal"": 0.0, ""raw_smoothness"": -0.018333336313565596, ""rewrite_penalty"": 0.0, ""risk_static_hold_penalty"": 0.0, ""uncertainty_penalty"": 0.0}",212,15.585123215722355,0.17555575742774873
NORMAL_BALANCED,previous_plan_prior:previous_shift_all:2,1.0271249994635583,previous_plan_prior,previous_shift_all,0.1,3.9129059419676473,0.0797499979436399,conservative_prior:conservative_stabilize:5,1.0473750015199184,1.5029764451467482,5.25,90.78455297380845,"{""any_risk"": true, ""canopy_dew_margin_lt0"": false, ""canopy_dew_margin_lt1"": false, ""dew_risk"": false, ""dry_or_high_vpd_risk"": false, ""dry_risk"": false, ""dry_vent_risk"": false, ""high_vpd"": false, ""humidity_or_dew_risk"": true, ""rh_ge_90"": true}","{""base_final_score"": 0.023749997943639856, ""final_score"": 0.0797499979436399, ""prior_confidence_bonus"": 0.055999999999999994, ""projected_energy_proxy"": 0.1599999964237213, ""projected_low_reversal"": 0.0, ""projected_smoothness"": -0.018333336313565596, ""raw_energy_proxy"": 0.1599999964237213, ""raw_low_reversal"": 0.0, ""raw_smoothness"": -0.018333336313565596, ""rewrite_penalty"": 0.0, ""risk_static_hold_penalty"": 0.0, ""uncertainty_penalty"": 0.0}",213,15.671714618823822,0.16407030971409742
NORMAL_BALANCED,previous_plan_prior:previous_shift_all:2,1.0271249994635583,previous_plan_prior,previous_shift_all,0.1,3.54774185515088,0.0797499979436399,conservative_prior:conservative_stabilize:5,1.0473750015199184,1.586020713783812,5.5,90.32892516923759,"{""any_risk"": true, ""canopy_dew_margin_lt0"": false, ""canopy_dew_margin_lt1"": false, ""dew_risk"": false, ""dry_or_high_vpd_risk"": false, ""dry_risk"": false, ""dry_vent_risk"": false, ""high_vpd"": false, ""humidity_or_dew_risk"": true, ""rh_ge_90"": true}","{""base_final_score"": 0.023749997943639856, ""final_score"": 0.0797499979436399, ""prior_confidence_bonus"": 0.055999999999999994, ""projected_energy_proxy"": 0.1599999964237213, ""projected_low_reversal"": 0.0, ""projected_smoothness"": -0.018333336313565596, ""raw_energy_proxy"": 0.1599999964237213, ""raw_low_reversal"": 0.0, ""raw_smoothness"": -0.018333336313565596, ""rewrite_penalty"": 0.0, ""risk_static_hold_penalty"": 0.0, ""uncertainty_penalty"": 0.0}",214,16.09868061948349,0.17694677210638052
NORMAL_BALANCED,previous_plan_prior:previous_shift_all:2,1.0280000007152559,previous_plan_prior,previous_shift_all,0.1,4.251321609614344,0.07724999964237234,conservative_prior:conservative_stabilize:5,1.0507500010728836,1.538319390960643,8.75,90.53856482919439,"{""any_risk"": true, ""canopy_dew_margin_lt0"": false, ""canopy_dew_margin_lt1"": false, ""dew_risk"": false, ""dry_or_high_vpd_risk"": false, ""dry_risk"": false, ""dry_vent_risk"": false, ""high_vpd"": false, ""humidity_or_dew_risk"": true, ""rh_ge_90"": true}","{""base_final_score"": 0.021249999642372286, ""final_score"": 0.07724999964237234, ""prior_confidence_bonus"": 0.055999999999999994, ""projected_energy_proxy"": 0.07999999821186066, ""projected_low_reversal"": 0.0, ""projected_smoothness"": 0.011666666666666714, ""raw_energy_proxy"": 0.07999999821186066, ""raw_low_reversal"": 0.0, ""raw_smoothness"": 0.011666666666666714, ""rewrite_penalty"": 0.0, ""risk_static_hold_penalty"": 0.0, ""uncertainty_penalty"": 0.0}",611,15.129959125356864,0.1626940064569491
NORMAL_BALANCED,previous_plan_prior:previous_shift_all:2,1.0280000007152559,previous_plan_prior,previous_shift_all,0.1,4.033505439197189,0.07724999964237234,conservative_prior:conservative_stabilize:5,1.0507500010728836,1.5464742738173438,9.0,90.50509487413153,"{""any_risk"": true, ""canopy_dew_margin_lt0"": false, ""canopy_dew_margin_lt1"": false, ""dew_risk"": false, ""dry_or_high_vpd_risk"": false, ""dry_risk"": false, ""dry_vent_risk"": false, ""high_vpd"": false, ""humidity_or_dew_risk"": true, ""rh_ge_90"": true}","{""base_final_score"": 0.021249999642372286, ""final_score"": 0.07724999964237234, ""prior_confidence_bonus"": 0.055999999999999994, ""projected_energy_proxy"": 0.07999999821186066, ""projected_low_reversal"": 0.0, ""projected_smoothness"": 0.011666666666666714, ""raw_energy_proxy"": 0.07999999821186066, ""raw_low_reversal"": 0.0, ""raw_smoothness"": 0.011666666666666714, ""rewrite_penalty"": 0.0, ""risk_static_hold_penalty"": 0.0, ""uncertainty_penalty"": 0.0}",612,15.332507978712835,0.16540853113359322
NORMAL_BALANCED,previous_plan_prior:previous_shift_all:2,1.0280000007152559,previous_plan_prior,previous_shift_all,0.1,3.7976143241630442,0.07724999964237234,conservative_prior:conservative_stabilize:5,1.0507500010728836,1.5514002071697952,9.25,90.49192818951327,"{""any_risk"": true, ""canopy_dew_margin_lt0"": false, ""canopy_dew_margin_lt1"": false, ""dew_risk"": false, ""dry_or_high_vpd_risk"": false, ""dry_risk"": false, ""dry_vent_risk"": false, ""high_vpd"": false, ""humidity_or_dew_risk"": true, ""rh_ge_90"": true}","{""base_final_score"": 0.021249999642372286, ""final_score"": 0.07724999964237234, ""prior_confidence_bonus"": 0.055999999999999994, ""projected_energy_proxy"": 0.07999999821186066, ""projected_low_reversal"": 0.0, ""projected_smoothness"": 0.011666666666666714, ""raw_energy_proxy"": 0.07999999821186066, ""raw_low_reversal"": 0.0, ""raw_smoothness"": 0.011666666666666714, ""rewrite_penalty"": 0.0, ""risk_static_hold_penalty"": 0.0, ""uncertainty_penalty"": 0.0}",613,15.552381326189126,0.16799088150693198
NORMAL_BALANCED,previous_plan_prior:previous_shift_all:2,1.0280000007152559,previous_plan_prior,previous_shift_all,0.1,3.5157464365711064,0.07724999964237234,conservative_prior:conservative_stabilize:5,1.0507500010728836,1.586037706871931,9.5,90.31085205114186,"{""any_risk"": true, ""canopy_dew_margin_lt0"": false, ""canopy_dew_margin_lt1"": false, ""dew_risk"": false, ""dry_or_high_vpd_risk"": false, ""dry_risk"": false, ""dry_vent_risk"": false, ""high_vpd"": false, ""humidity_or_dew_risk"": true, ""rh_ge_90"": true}","{""base_final_score"": 0.021249999642372286, ""final_score"": 0.07724999964237234, ""prior_confidence_bonus"": 0.055999999999999994, ""projected_energy_proxy"": 0.07999999821186066, ""projected_low_reversal"": 0.0, ""projected_smoothness"": 0.011666666666666714, ""raw_energy_proxy"": 0.07999999821186066, ""raw_low_reversal"": 0.0, ""raw_smoothness"": 0.011666666666666714, ""rewrite_penalty"": 0.0, ""risk_static_hold_penalty"": 0.0, ""uncertainty_penalty"": 0.0}",614,15.85154035671128,0.1745005279292676
NORMAL_BALANCED,previous_plan_prior:previous_shift_all:3,1.0280000007152559,previous_plan_prior,previous_shift_all,0.1,3.673663788040237,0.07587500000000014,conservative_prior:conservative_stabilize:6,1.0521250007152558,1.673663788040237,0.0,90.0,"{""any_risk"": true, ""canopy_dew_margin_lt0"": false, ""canopy_dew_margin_lt1"": false, ""dew_risk"": false, ""dry_or_high_vpd_risk"": false, ""dry_risk"": false, ""dry_vent_risk"": false, ""high_vpd"": false, ""humidity_or_dew_risk"": true, ""rh_ge_90"": true}","{""base_final_score"": 0.019875000000000087, ""final_score"": 0.07587500000000014, ""prior_confidence_bonus"": 0.055999999999999994, ""projected_energy_proxy"": 0.0, ""projected_low_reversal"": 0.0, ""projected_smoothness"": 0.04416666666666669, ""raw_energy_proxy"": 0.0, ""raw_low_reversal"": 0.0, ""raw_smoothness"": 0.04416666666666669, ""rewrite_penalty"": 0.0, ""risk_static_hold_penalty"": 0.0, ""uncertainty_penalty"": 0.0}",0,18.5,0.2129615152993741
NORMAL_BALANCED,previous_plan_prior:screen_dwell_hold:4,1.06,previous_plan_prior,screen_dwell_hold,0.1,9.326802034981066,0.063875000100583,conservative_prior:conservative_stabilize:5,1.0961249998994171,9.684487991496203,15.75,53.59656707650643,"{""any_risk"": true, ""canopy_dew_margin_lt0"": false, ""canopy_dew_margin_lt1"": false, ""dew_risk"": false, ""dry_or_high_vpd_risk"": true, ""dry_risk"": true, ""dry_vent_risk"": false, ""high_vpd"": false, ""humidity_or_dew_risk"": false, ""rh_ge_90"": false}","{""base_final_score"": 0.007875000100582952, ""final_score"": 0.063875000100583, ""prior_confidence_bonus"": 0.055999999999999994, ""projected_energy_proxy"": 0.0, ""projected_low_reversal"": 0.0, ""projected_smoothness"": 0.017500000223517387, ""raw_energy_proxy"": 0.0, ""raw_low_reversal"": 0.0, ""raw_smoothness"": 0.017500000223517387, ""rewrite_penalty"": 0.0, ""risk_static_hold_penalty"": 0.0, ""uncertainty_penalty"": 0.0}",351,19.66251425758654,1.0624972137768702
NORMAL_BALANCED,previous_plan_prior:screen_dwell_hold:4,1.06,previous_plan_prior,screen_dwell_hold,0.1,9.305830848482444,0.063875000100583,conservative_prior:conservative_stabilize:5,1.0961249998994171,9.394958463289083,16.25,54.583727892648966,"{""any_risk"": true, ""canopy_dew_margin_lt0"": false, ""canopy_dew_margin_lt1"": false, ""dew_risk"": false, ""dry_or_high_vpd_risk"": true, ""dry_risk"": true, ""dry_vent_risk"": false, ""high_vpd"": false, ""humidity_or_dew_risk"": false, ""rh_ge_90"": false}","{""base_final_score"": 0.007875000100582952, ""final_score"": 0.063875000100583, ""prior_confidence_bonus"": 0.055999999999999994, ""projected_energy_proxy"": 0.0, ""projected_low_reversal"": 0.0, ""projected_smoothness"": 0.017500000223517387, ""raw_energy_proxy"": 0.0, ""raw_low_reversal"": 0.0, ""raw_smoothness"": 0.017500000223517387, ""rewrite_penalty"": 0.0, ""risk_static_hold_penalty"": 0.0, ""uncertainty_penalty"": 0.0}",353,19.432649573724117,1.0251511466794947
NORMAL_BALANCED,previous_plan_prior:previous_shift_all:2,1.0280000007152559,previous_plan_prior,previous_shift_all,0.1,3.235993278285239,0.06125000000000014,conservative_prior:conservative_stabilize:5,1.0667500007152557,1.62157851256298,9.75,90.12590260237128,"{""any_risk"": true, ""canopy_dew_margin_lt0"": false, ""canopy_dew_margin_lt1"": false, ""dew_risk"": false, ""dry_or_high_vpd_risk"": false, ""dry_risk"": false, ""dry_vent_risk"": false, ""high_vpd"": false, ""humidity_or_dew_risk"": true, ""rh_ge_90"": true}","{""base_final_score"": 0.005250000000000088, ""final_score"": 0.06125000000000014, ""prior_confidence_bonus"": 0.055999999999999994, ""projected_energy_proxy"": 0.0, ""projected_low_reversal"": 0.0, ""projected_smoothness"": 0.011666666666666714, ""raw_energy_proxy"": 0.0, ""raw_low_reversal"": 0.0, ""raw_smoothness"": 0.011666666666666714, ""rewrite_penalty"": 0.0, ""risk_static_hold_penalty"": 0.0, ""uncertainty_penalty"": 0.0}",615,16.153286369144805,0.1812919433450165
NORMAL_BALANCED,previous_plan_prior:previous_shift_all:2,1.0280000007152559,previous_plan_prior,previous_shift_all,0.1,2.963176088375441,0.06125000000000014,conservative_prior:conservative_stabilize:5,1.0667500007152557,1.6388290936106706,10.0,90.04655417957383,"{""any_risk"": true, ""canopy_dew_margin_lt0"": false, ""canopy_dew_margin_lt1"": false, ""dew_risk"": false, ""dry_or_high_vpd_risk"": false, ""dry_risk"": false, ""dry_vent_risk"": false, ""high_vpd"": false, ""humidity_or_dew_risk"": true, ""rh_ge_90"": true}","{""base_final_score"": 0.005250000000000088, ""final_score"": 0.06125000000000014, ""prior_confidence_bonus"": 0.055999999999999994, ""projected_energy_proxy"": 0.0, ""projected_low_reversal"": 0.0, ""projected_smoothness"": 0.011666666666666714, ""raw_energy_proxy"": 0.0, ""raw_low_reversal"": 0.0, ""raw_smoothness"": 0.011666666666666714, ""rewrite_penalty"": 0.0, ""risk_static_hold_penalty"": 0.0, ""uncertainty_penalty"": 0.0}",616,16.433509858551258,0.1860414289281647
NORMAL_BALANCED,previous_plan_prior:previous_shift_all:2,1.06,previous_plan_prior,previous_shift_all,0.1,0.9296253130633545,0.06125000000000003,conservative_prior:conservative_stabilize:5,1.0987500000000001,2.435963711372498,11.75,85.83024326696095,"{""any_risk"": true, ""canopy_dew_margin_lt0"": false, ""canopy_dew_margin_lt1"": true, ""dew_risk"": true, ""dry_or_high_vpd_risk"": false, ""dry_risk"": false, ""dry_vent_risk"": false, ""high_vpd"": false, ""humidity_or_dew_risk"": true, ""rh_ge_90"": false}","{""base_final_score"": 0.005249999999999977, ""final_score"": 0.06125000000000003, ""prior_confidence_bonus"": 0.055999999999999994, ""projected_energy_proxy"": 0.0, ""projected_low_reversal"": 0.0, ""projected_smoothness"": 0.011666666666666714, ""raw_energy_proxy"": 0.0, ""raw_low_reversal"": 0.0, ""raw_smoothness"": 0.011666666666666714, ""rewrite_penalty"": 0.0, ""risk_static_hold_penalty"": 0.0, ""uncertainty_penalty"": 0.0}",623,19.341919781547237,0.3180446206418997
NORMAL_BALANCED,previous_plan_prior:previous_shift_all:2,1.06,previous_plan_prior,previous_shift_all,0.1,0.6772034463784564,0.06125000000000003,conservative_prior:conservative_stabilize:5,1.0987500000000001,2.3342440427764295,12.0,86.40161289351018,"{""any_risk"": true, ""canopy_dew_margin_lt0"": false, ""canopy_dew_margin_lt1"": true, ""dew_risk"": true, ""dry_or_high_vpd_risk"": false, ""dry_risk"": false, ""dry_vent_risk"": false, ""high_vpd"": false, ""humidity_or_dew_risk"": true, ""rh_ge_90"": false}","{""base_final_score"": 0.005249999999999977, ""final_score"": 0.06125000000000003, ""prior_confidence_bonus"": 0.055999999999999994, ""projected_energy_proxy"": 0.0, ""projected_low_reversal"": 0.0, ""projected_smoothness"": 0.011666666666666714, ""raw_energy_proxy"": 0.0, ""raw_low_reversal"": 0.0, ""raw_smoothness"": 0.011666666666666714, ""rewrite_penalty"": 0.0, ""risk_static_hold_penalty"": 0.0, ""uncertainty_penalty"": 0.0}",624,19.513375229631112,0.3084912806784809
NORMAL_BALANCED,previous_plan_prior:previous_shift_all:2,1.06,previous_plan_prior,previous_shift_all,0.1,0.6501516315074589,0.06125000000000003,conservative_prior:conservative_stabilize:5,1.0987500000000001,2.2796485174737136,12.5,86.70129035888763,"{""any_risk"": true, ""canopy_dew_margin_lt0"": false, ""canopy_dew_margin_lt1"": true, ""dew_risk"": true, ""dry_or_high_vpd_risk"": false, ""dry_risk"": false, ""dry_vent_risk"": false, ""high_vpd"": false, ""humidity_or_dew_risk"": true, ""rh_ge_90"": false}","{""base_final_score"": 0.005249999999999977, ""final_score"": 0.06125000000000003, ""prior_confidence_bonus"": 0.055999999999999994, ""projected_energy_proxy"": 0.0, ""projected_low_reversal"": 0.0, ""projected_smoothness"": 0.011666666666666714, ""raw_energy_proxy"": 0.0, ""raw_low_reversal"": 0.0, ""raw_smoothness"": 0.011666666666666714, ""rewrite_penalty"": 0.0, ""risk_static_hold_penalty"": 0.0, ""uncertainty_penalty"": 0.0}",626,19.52524900090818,0.30191549135269413
NORMAL_BALANCED,previous_plan_prior:screen_dwell_hold:4,1.06,previous_plan_prior,screen_dwell_hold,0.1,6.323517773922273,0.058625000100583025,conservative_prior:conservative_stabilize:5,1.1013749998994171,9.593215985334712,9.75,54.403473946942555,"{""any_risk"": true, ""canopy_dew_margin_lt0"": false, ""canopy_dew_margin_lt1"": false, ""dew_risk"": false, ""dry_or_high_vpd_risk"": true, ""dry_risk"": true, ""dry_vent_risk"": false, ""high_vpd"": false, ""humidity_or_dew_risk"": false, ""rh_ge_90"": false}","{""base_final_score"": 0.002625000100582975, ""final_score"": 0.058625000100583025, ""prior_confidence_bonus"": 0.055999999999999994, ""projected_energy_proxy"": 0.0, ""projected_low_reversal"": 0.0, ""projected_smoothness"": 0.005833333556850784, ""raw_energy_proxy"": 0.0, ""raw_low_reversal"": 0.0, ""raw_smoothness"": 0.005833333556850784, ""rewrite_penalty"": 0.0, ""risk_static_hold_penalty"": 0.0, ""uncertainty_penalty"": 0.0}",327,21.488572192599968,1.1683724760271632
NORMAL_BALANCED,previous_plan_prior:previous_shift_all:2,1.06,previous_plan_prior,previous_shift_all,0.1,3.8123392355743277,0.058625000100583025,conservative_prior:conservative_stabilize:5,1.1013749998994171,8.673290555706778,12.25,58.38812310006019,"{""any_risk"": true, ""canopy_dew_margin_lt0"": false, ""canopy_dew_margin_lt1"": false, ""dew_risk"": false, ""dry_or_high_vpd_risk"": true, ""dry_risk"": false, ""dry_vent_risk"": false, ""high_vpd"": true, ""humidity_or_dew_risk"": false, ""rh_ge_90"": false}","{""base_final_score"": 0.002625000100582975, ""final_score"": 0.058625000100583025, ""prior_confidence_bonus"": 0.055999999999999994, ""projected_energy_proxy"": 0.0, ""projected_low_reversal"": 0.0, ""projected_smoothness"": 0.005833333556850784, ""raw_energy_proxy"": 0.0, ""raw_low_reversal"": 0.0, ""raw_smoothness"": 0.005833333556850784, ""rewrite_penalty"": 0.0, ""risk_static_hold_penalty"": 0.0, ""uncertainty_penalty"": 0.0}",337,23.913070165909904,1.2350918615288222
NORMAL_BALANCED,previous_plan_prior:screen_dwell_hold:4,1.06,previous_plan_prior,screen_dwell_hold,0.1,9.071713944232576,0.058625000100583025,conservative_prior:conservative_stabilize:5,1.1013749998994171,9.414052717719771,14.75,54.543955133982806,"{""any_risk"": true, ""canopy_dew_margin_lt0"": false, ""canopy_dew_margin_lt1"": false, ""dew_risk"": false, ""dry_or_high_vpd_risk"": true, ""dry_risk"": true, ""dry_vent_risk"": false, ""high_vpd"": false, ""humidity_or_dew_risk"": false, ""rh_ge_90"": false}","{""base_final_score"": 0.002625000100582975, ""final_score"": 0.058625000100583025, ""prior_confidence_bonus"": 0.055999999999999994, ""projected_energy_proxy"": 0.0, ""projected_low_reversal"": 0.0, ""projected_smoothness"": 0.005833333556850784, ""raw_energy_proxy"": 0.0, ""raw_low_reversal"": 0.0, ""raw_smoothness"": 0.005833333556850784, ""rewrite_penalty"": 0.0, ""risk_static_hold_penalty"": 0.0, ""uncertainty_penalty"": 0.0}",347,19.54675330428213,1.033350685721216
NORMAL_BALANCED,previous_plan_prior:screen_dwell_hold:4,1.06,previous_plan_prior,screen_dwell_hold,0.1,9.37381788537914,0.058625000100583025,conservative_prior:conservative_stabilize:5,1.1013749998994171,9.955370255032037,15.25,52.6799345212631,"{""any_risk"": true, ""canopy_dew_margin_lt0"": false, ""canopy_dew_margin_lt1"": false, ""dew_risk"": false, ""dry_or_high_vpd_risk"": true, ""dry_risk"": true, ""dry_vent_risk"": false, ""high_vpd"": false, ""humidity_or_dew_risk"": false, ""rh_ge_90"": false}","{""base_final_score"": 0.002625000100582975, ""final_score"": 0.058625000100583025, ""prior_confidence_bonus"": 0.055999999999999994, ""projected_energy_proxy"": 0.0, ""projected_low_reversal"": 0.0, ""projected_smoothness"": 0.005833333556850784, ""raw_energy_proxy"": 0.0, ""raw_low_reversal"": 0.0, ""raw_smoothness"": 0.005833333556850784, ""rewrite_penalty"": 0.0, ""risk_static_hold_penalty"": 0.0, ""uncertainty_penalty"": 0.0}",349,19.838896274914593,1.0954030044238166
NORMAL_BALANCED,previous_plan_prior:screen_dwell_hold:4,1.06,previous_plan_prior,screen_dwell_hold,0.1,6.281917277059092,0.058625000100583025,conservative_prior:conservative_stabilize:5,1.1013749998994171,9.604764376759382,8.25,54.340651978632344,"{""any_risk"": true, ""canopy_dew_margin_lt0"": false, ""canopy_dew_margin_lt1"": false, ""dew_risk"": false, ""dry_or_high_vpd_risk"": true, ""dry_risk"": true, ""dry_vent_risk"": false, ""high_vpd"": false, ""humidity_or_dew_risk"": false, ""rh_ge_90"": false}","{""base_final_score"": 0.002625000100582975, ""final_score"": 0.058625000100583025, ""prior_confidence_bonus"": 0.055999999999999994, ""projected_energy_proxy"": 0.0, ""projected_low_reversal"": 0.0, ""projected_smoothness"": 0.005833333556850784, ""raw_energy_proxy"": 0.0, ""raw_low_reversal"": 0.0, ""raw_smoothness"": 0.005833333556850784, ""rewrite_penalty"": 0.0, ""risk_static_hold_penalty"": 0.0, ""uncertainty_penalty"": 0.0}",417,21.40633686873053,1.1641077763240355
NORMAL_BALANCED,previous_plan_prior:screen_dwell_hold:4,1.06,previous_plan_prior,screen_dwell_hold,0.1,2.885229749487932,0.058625000100583025,conservative_prior:conservative_stabilize:5,1.1013749998994171,9.371692524977812,8.75,55.69450189657129,"{""any_risk"": true, ""canopy_dew_margin_lt0"": false, ""canopy_dew_margin_lt1"": false, ""dew_risk"": false, ""dry_or_high_vpd_risk"": true, ""dry_risk"": false, ""dry_vent_risk"": false, ""high_vpd"": true, ""humidity_or_dew_risk"": false, ""rh_ge_90"": false}","{""base_final_score"": 0.002625000100582975, ""final_score"": 0.058625000100583025, ""prior_confidence_bonus"": 0.055999999999999994, ""projected_energy_proxy"": 0.0, ""projected_low_reversal"": 0.0, ""projected_smoothness"": 0.005833333556850784, ""raw_energy_proxy"": 0.0, ""raw_low_reversal"": 0.0, ""raw_smoothness"": 0.005833333556850784, ""rewrite_penalty"": 0.0, ""risk_static_hold_penalty"": 0.0, ""uncertainty_penalty"": 0.0}",515,23.408984542349476,1.2757504453085513
NORMAL_BALANCED,previous_plan_prior:screen_dwell_hold:4,1.06,previous_plan_prior,screen_dwell_hold,0.1,2.1122255873962956,0.056374999731779285,conservative_prior:conservative_stabilize:5,1.1036250002682209,7.961051993212802,12.75,61.295667010719875,"{""any_risk"": true, ""canopy_dew_margin_lt0"": false, ""canopy_dew_margin_lt1"": false, ""dew_risk"": false, ""dry_or_high_vpd_risk"": true, ""dry_risk"": false, ""dry_vent_risk"": true, ""high_vpd"": true, ""humidity_or_dew_risk"": false, ""rh_ge_90"": false}","{""base_final_score"": 0.0003749997317792353, ""final_score"": 0.056374999731779285, ""prior_confidence_bonus"": 0.055999999999999994, ""projected_energy_proxy"": 0.0, ""projected_low_reversal"": 0.0, ""projected_smoothness"": 0.0008333327372869181, ""raw_energy_proxy"": 0.0, ""raw_low_reversal"": 0.0, ""raw_smoothness"": 0.0008333327372869181, ""rewrite_penalty"": 0.0, ""risk_static_hold_penalty"": 0.0, ""uncertainty_penalty"": 0.0}",147,24.707863796716055,1.2047857653139369
NORMAL_BALANCED,previous_plan_prior:previous_shift_all:2,1.06,previous_plan_prior,previous_shift_all,0.1,1.8237903825715307,0.056374999731779285,conservative_prior:conservative_stabilize:5,1.1036250002682209,8.819954765877348,13.0,58.33907553642014,"{""any_risk"": true, ""canopy_dew_margin_lt0"": false, ""canopy_dew_margin_lt1"": false, ""dew_risk"": false, ""dry_or_high_vpd_risk"": true, ""dry_risk"": false, ""dry_vent_risk"": true, ""high_vpd"": true, ""humidity_or_dew_risk"": false, ""rh_ge_90"": false}","{""base_final_score"": 0.0003749997317792353, ""final_score"": 0.056374999731779285, ""prior_confidence_bonus"": 0.055999999999999994, ""projected_energy_proxy"": 0.0, ""projected_low_reversal"": 0.0, ""projected_smoothness"": 0.0008333327372869181, ""raw_energy_proxy"": 0.0, ""raw_low_reversal"": 0.0, ""raw_smoothness"": 0.0008333327372869181, ""rewrite_penalty"": 0.0, ""risk_static_hold_penalty"": 0.0, ""uncertainty_penalty"": 0.0}",148,25.95084847817154,1.3962148257163356
NORMAL_BALANCED,previous_plan_prior:previous_shift_all:2,1.06,previous_plan_prior,previous_shift_all,0.1,1.7408834385472218,0.056374999731779285,conservative_prior:conservative_stabilize:5,1.1036250002682209,9.009974414961356,13.25,57.73331210615125,"{""any_risk"": true, ""canopy_dew_margin_lt0"": false, ""canopy_dew_margin_lt1"": false, ""dew_risk"": false, ""dry_or_high_vpd_risk"": true, ""dry_risk"": false, ""dry_vent_risk"": true, ""high_vpd"": true, ""humidity_or_dew_risk"": false, ""rh_ge_90"": false}","{""base_final_score"": 0.0003749997317792353, ""final_score"": 0.056374999731779285, ""prior_confidence_bonus"": 0.055999999999999994, ""projected_energy_proxy"": 0.0, ""projected_low_reversal"": 0.0, ""projected_smoothness"": 0.0008333327372869181, ""raw_energy_proxy"": 0.0, ""raw_low_reversal"": 0.0, ""raw_smoothness"": 0.0008333327372869181, ""rewrite_penalty"": 0.0, ""risk_static_hold_penalty"": 0.0, ""uncertainty_penalty"": 0.0}",149,26.323899759732676,1.4480664926274105
NORMAL_BALANCED,previous_plan_prior:previous_shift_all:2,1.06,previous_plan_prior,previous_shift_all,0.1,1.963681735301897,0.056374999731779285,conservative_prior:conservative_stabilize:5,1.1036250002682209,8.646108037002072,13.5,58.95467966631317,"{""any_risk"": true, ""canopy_dew_margin_lt0"": false, ""canopy_dew_margin_lt1"": false, ""dew_risk"": false, ""dry_or_high_vpd_risk"": true, ""dry_risk"": false, ""dry_vent_risk"": true, ""high_vpd"": true, ""humidity_or_dew_risk"": false, ""rh_ge_90"": false}","{""base_final_score"": 0.0003749997317792353, ""final_score"": 0.056374999731779285, ""prior_confidence_bonus"": 0.055999999999999994, ""projected_energy_proxy"": 0.0, ""projected_low_reversal"": 0.0, ""projected_smoothness"": 0.0008333327372869181, ""raw_energy_proxy"": 0.0, ""raw_low_reversal"": 0.0, ""raw_smoothness"": 0.0008333327372869181, ""rewrite_penalty"": 0.0, ""risk_static_hold_penalty"": 0.0, ""uncertainty_penalty"": 0.0}",150,25.831774430129,1.365927385989567
NORMAL_BALANCED,previous_plan_prior:previous_shift_all:2,1.06,previous_plan_prior,previous_shift_all,0.1,2.2797041019417037,0.056374999731779285,conservative_prior:conservative_stabilize:5,1.1036250002682209,8.290483044137616,13.75,60.15452053990635,"{""any_risk"": true, ""canopy_dew_margin_lt0"": false, ""canopy_dew_margin_lt1"": false, ""dew_risk"": false, ""dry_or_high_vpd_risk"": true, ""dry_risk"": false, ""dry_vent_risk"": true, ""high_vpd"": true, ""humidity_or_dew_risk"": false, ""rh_ge_90"": false}","{""base_final_score"": 0.0003749997317792353, ""final_score"": 0.056374999731779285, ""prior_confidence_bonus"": 0.055999999999999994, ""projected_energy_proxy"": 0.0, ""projected_low_reversal"": 0.0, ""projected_smoothness"": 0.0008333327372869181, ""raw_energy_proxy"": 0.0, ""raw_low_reversal"": 0.0, ""raw_smoothness"": 0.0008333327372869181, ""rewrite_penalty"": 0.0, ""risk_static_hold_penalty"": 0.0, ""uncertainty_penalty"": 0.0}",151,25.246369424841415,1.2807424431579622
NORMAL_BALANCED,previous_plan_prior:previous_shift_all:2,1.06,previous_plan_prior,previous_shift_all,0.1,3.6358792573908634,0.056374999731779285,conservative_prior:conservative_stabilize:5,1.1036250002682209,10.1041177277378,10.0,53.458179694769285,"{""any_risk"": true, ""canopy_dew_margin_lt0"": false, ""canopy_dew_margin_lt1"": false, ""dew_risk"": false, ""dry_or_high_vpd_risk"": true, ""dry_risk"": true, ""dry_vent_risk"": true, ""high_vpd"": true, ""humidity_or_dew_risk"": false, ""rh_ge_90"": false}","{""base_final_score"": 0.0003749997317792353, ""final_score"": 0.056374999731779285, ""prior_confidence_bonus"": 0.055999999999999994, ""projected_energy_proxy"": 0.0, ""projected_low_reversal"": 0.0, ""projected_smoothness"": 0.0008333327372869181, ""raw_energy_proxy"": 0.0, ""raw_low_reversal"": 0.0, ""raw_smoothness"": 0.0008333327372869181, ""rewrite_penalty"": 0.0, ""risk_static_hold_penalty"": 0.0, ""uncertainty_penalty"": 0.0}",328,24.75448627619811,1.4527875555007945
NORMAL_BALANCED,previous_plan_prior:previous_shift_all:2,1.06,previous_plan_prior,previous_shift_all,0.1,3.6841907253908524,0.056374999731779285,conservative_prior:conservative_stabilize:5,1.1036250002682209,10.612081132847798,10.25,51.87587327345088,"{""any_risk"": true, ""canopy_dew_margin_lt0"": false, ""canopy_dew_margin_lt1"": false, ""dew_risk"": false, ""dry_or_high_vpd_risk"": true, ""dry_risk"": true, ""dry_vent_risk"": true, ""high_vpd"": true, ""humidity_or_dew_risk"": false, ""rh_ge_90"": false}","{""base_final_score"": 0.0003749997317792353, ""final_score"": 0.056374999731779285, ""prior_confidence_bonus"": 0.055999999999999994, ""projected_energy_proxy"": 0.0, ""projected_low_reversal"": 0.0, ""projected_smoothness"": 0.0008333327372869181, ""raw_energy_proxy"": 0.0, ""raw_low_reversal"": 0.0, ""raw_smoothness"": 0.0008333327372869181, ""rewrite_penalty"": 0.0, ""risk_static_hold_penalty"": 0.0, ""uncertainty_penalty"": 0.0}",329,25.29541262081237,1.5513566063180169
NORMAL_BALANCED,previous_plan_prior:previous_shift_all:2,1.06,previous_plan_prior,previous_shift_all,0.1,3.4845829184671526,0.056374999731779285,conservative_prior:conservative_stabilize:5,1.1036250002682209,10.698515551018316,10.5,51.686250794621095,"{""any_risk"": true, ""canopy_dew_margin_lt0"": false, ""canopy_dew_margin_lt1"": false, ""dew_risk"": false, ""dry_or_high_vpd_risk"": true, ""dry_risk"": true, ""dry_vent_risk"": true, ""high_vpd"": true, ""humidity_or_dew_risk"": false, ""rh_ge_90"": false}","{""base_final_score"": 0.0003749997317792353, ""final_score"": 0.056374999731779285, ""prior_confidence_bonus"": 0.055999999999999994, ""projected_energy_proxy"": 0.0, ""projected_low_reversal"": 0.0, ""projected_smoothness"": 0.0008333327372869181, ""raw_energy_proxy"": 0.0, ""raw_low_reversal"": 0.0, ""raw_smoothness"": 0.0008333327372869181, ""rewrite_penalty"": 0.0, ""risk_static_hold_penalty"": 0.0, ""uncertainty_penalty"": 0.0}",330,25.66786088469156,1.592277385998778
NORMAL_BALANCED,previous_plan_prior:previous_shift_all:2,1.06,previous_plan_prior,previous_shift_all,0.1,3.2297511246124255,0.056374999731779285,conservative_prior:conservative_stabilize:5,1.1036250002682209,10.725463644253777,10.75,51.695405871901585,"{""any_risk"": true, ""canopy_dew_margin_lt0"": false, ""canopy_dew_margin_lt1"": false, ""dew_risk"": false, ""dry_or_high_vpd_risk"": true, ""dry_risk"": true, ""dry_vent_risk"": true, ""high_vpd"": true, ""humidity_or_dew_risk"": false, ""rh_ge_90"": false}","{""base_final_score"": 0.0003749997317792353, ""final_score"": 0.056374999731779285, ""prior_confidence_bonus"": 0.055999999999999994, ""projected_energy_proxy"": 0.0, ""projected_low_reversal"": 0.0, ""projected_smoothness"": 0.0008333327372869181, ""raw_energy_proxy"": 0.0, ""raw_low_reversal"": 0.0, ""raw_smoothness"": 0.0008333327372869181, ""rewrite_penalty"": 0.0, ""risk_static_hold_penalty"": 0.0, ""uncertainty_penalty"": 0.0}",331,26.04088379374779,1.6275083589275892
NORMAL_BALANCED,previous_plan_prior:previous_shift_all:2,1.06,previous_plan_prior,previous_shift_all,0.1,2.9693533494612723,0.056374999731779285,conservative_prior:conservative_stabilize:5,1.1036250002682209,10.74109053014124,11.0,51.74183604493684,"{""any_risk"": true, ""canopy_dew_margin_lt0"": false, ""canopy_dew_margin_lt1"": false, ""dew_risk"": false, ""dry_or_high_vpd_risk"": true, ""dry_risk"": true, ""dry_vent_risk"": true, ""high_vpd"": true, ""humidity_or_dew_risk"": false, ""rh_ge_90"": false}","{""base_final_score"": 0.0003749997317792353, ""final_score"": 0.056374999731779285, ""prior_confidence_bonus"": 0.055999999999999994, ""projected_energy_proxy"": 0.0, ""projected_low_reversal"": 0.0, ""projected_smoothness"": 0.0008333327372869181, ""raw_energy_proxy"": 0.0, ""raw_low_reversal"": 0.0, ""raw_smoothness"": 0.0008333327372869181, ""rewrite_penalty"": 0.0, ""risk_static_hold_penalty"": 0.0, ""uncertainty_penalty"": 0.0}",332,26.412947422608287,1.6620371174397184
NORMAL_BALANCED,previous_plan_prior:previous_shift_all:2,1.06,previous_plan_prior,previous_shift_all,0.1,2.722370359712304,0.056374999731779285,conservative_prior:conservative_stabilize:5,1.1036250002682209,10.752774256289758,11.25,51.79783594592986,"{""any_risk"": true, ""canopy_dew_margin_lt0"": false, ""canopy_dew_margin_lt1"": false, ""dew_risk"": false, ""dry_or_high_vpd_risk"": true, ""dry_risk"": true, ""dry_vent_risk"": true, ""high_vpd"": true, ""humidity_or_dew_risk"": false, ""rh_ge_90"": false}","{""base_final_score"": 0.0003749997317792353, ""final_score"": 0.056374999731779285, ""prior_confidence_bonus"": 0.055999999999999994, ""projected_energy_proxy"": 0.0, ""projected_low_reversal"": 0.0, ""projected_smoothness"": 0.0008333327372869181, ""raw_energy_proxy"": 0.0, ""raw_low_reversal"": 0.0, ""raw_smoothness"": 0.0008333327372869181, ""rewrite_penalty"": 0.0, ""risk_static_hold_penalty"": 0.0, ""uncertainty_penalty"": 0.0}",333,26.77220849355655,1.695578869261264
NORMAL_BALANCED,previous_plan_prior:previous_shift_all:2,1.06,previous_plan_prior,previous_shift_all,0.1,2.8378299268554006,0.056374999731779285,conservative_prior:conservative_stabilize:5,1.1036250002682209,10.244641414987091,11.5,53.36330045573909,"{""any_risk"": true, ""canopy_dew_margin_lt0"": false, ""canopy_dew_margin_lt1"": false, ""dew_risk"": false, ""dry_or_high_vpd_risk"": true, ""dry_risk"": true, ""dry_vent_risk"": true, ""high_vpd"": true, ""humidity_or_dew_risk"": false, ""rh_ge_90"": false}","{""base_final_score"": 0.0003749997317792353, ""final_score"": 0.056374999731779285, ""prior_confidence_bonus"": 0.055999999999999994, ""projected_energy_proxy"": 0.0, ""projected_low_reversal"": 0.0, ""projected_smoothness"": 0.0008333327372869181, ""raw_energy_proxy"": 0.0, ""raw_low_reversal"": 0.0, ""raw_smoothness"": 0.0008333327372869181, ""rewrite_penalty"": 0.0, ""risk_static_hold_penalty"": 0.0, ""uncertainty_penalty"": 0.0}",334,26.242516112397944,1.5901324920779896
NORMAL_BALANCED,previous_plan_prior:previous_shift_all:2,1.06,previous_plan_prior,previous_shift_all,0.1,3.1045080467293626,0.056374999731779285,conservative_prior:conservative_stabilize:5,1.1036250002682209,9.748831346814958,11.75,54.90178649761487,"{""any_risk"": true, ""canopy_dew_margin_lt0"": false, ""canopy_dew_margin_lt1"": false, ""dew_risk"": false, ""dry_or_high_vpd_risk"": true, ""dry_risk"": true, ""dry_vent_risk"": true, ""high_vpd"": true, ""humidity_or_dew_risk"": false, ""rh_ge_90"": false}","{""base_final_score"": 0.0003749997317792353, ""final_score"": 0.056374999731779285, ""prior_confidence_bonus"": 0.055999999999999994, ""projected_energy_proxy"": 0.0, ""projected_low_reversal"": 0.0, ""projected_smoothness"": 0.0008333327372869181, ""raw_energy_proxy"": 0.0, ""raw_low_reversal"": 0.0, ""raw_smoothness"": 0.0008333327372869181, ""rewrite_penalty"": 0.0, ""risk_static_hold_penalty"": 0.0, ""uncertainty_penalty"": 0.0}",335,25.563830145904493,1.4771644616794477
NORMAL_BALANCED,previous_plan_prior:previous_shift_all:2,1.06,previous_plan_prior,previous_shift_all,0.1,3.43636661741656,0.056374999731779285,conservative_prior:conservative_stabilize:5,1.1036250002682209,9.22946796425716,12.0,56.55553498059691,"{""any_risk"": true, ""canopy_dew_margin_lt0"": false, ""canopy_dew_margin_lt1"": false, ""dew_risk"": false, ""dry_or_high_vpd_risk"": true, ""dry_risk"": false, ""dry_vent_risk"": true, ""high_vpd"": true, ""humidity_or_dew_risk"": false, ""rh_ge_90"": false}","{""base_final_score"": 0.0003749997317792353, ""final_score"": 0.056374999731779285, ""prior_confidence_bonus"": 0.055999999999999994, ""projected_energy_proxy"": 0.0, ""projected_low_reversal"": 0.0, ""projected_smoothness"": 0.0008333327372869181, ""raw_energy_proxy"": 0.0, ""raw_low_reversal"": 0.0, ""raw_smoothness"": 0.0008333327372869181, ""rewrite_penalty"": 0.0, ""risk_static_hold_penalty"": 0.0, ""uncertainty_penalty"": 0.0}",336,24.785058993745064,1.358580712124477
NORMAL_BALANCED,previous_plan_prior:previous_shift_all:2,1.06,previous_plan_prior,previous_shift_all,0.1,2.861449150504045,0.056374999731779285,conservative_prior:conservative_stabilize:5,1.1036250002682209,8.890756544000306,8.5,57.641921711275685,"{""any_risk"": true, ""canopy_dew_margin_lt0"": false, ""canopy_dew_margin_lt1"": false, ""dew_risk"": false, ""dry_or_high_vpd_risk"": true, ""dry_risk"": false, ""dry_vent_risk"": true, ""high_vpd"": true, ""humidity_or_dew_risk"": false, ""rh_ge_90"": false}","{""base_final_score"": 0.0003749997317792353, ""final_score"": 0.056374999731779285, ""prior_confidence_bonus"": 0.055999999999999994, ""projected_energy_proxy"": 0.0, ""projected_low_reversal"": 0.0, ""projected_smoothness"": 0.0008333327372869181, ""raw_energy_proxy"": 0.0, ""raw_low_reversal"": 0.0, ""raw_smoothness"": 0.0008333327372869181, ""rewrite_penalty"": 0.0, ""risk_static_hold_penalty"": 0.0, ""uncertainty_penalty"": 0.0}",418,24.170296688781278,1.2767945703295254
NORMAL_BALANCED,previous_plan_prior:previous_shift_all:2,1.06,previous_plan_prior,previous_shift_all,0.1,-1.2616665605056205,0.056374999731779285,conservative_prior:conservative_stabilize:5,1.1036250002682209,9.456157616757206,9.0,56.48044449802184,"{""any_risk"": true, ""canopy_dew_margin_lt0"": true, ""canopy_dew_margin_lt1"": true, ""dew_risk"": true, ""dry_or_high_vpd_risk"": true, ""dry_risk"": false, ""dry_vent_risk"": true, ""high_vpd"": true, ""humidity_or_dew_risk"": true, ""rh_ge_90"": false}","{""base_final_score"": 0.0003749997317792353, ""final_score"": 0.056374999731779285, ""prior_confidence_bonus"": 0.055999999999999994, ""projected_energy_proxy"": 0.0, ""projected_low_reversal"": 0.0, ""projected_smoothness"": 0.0008333327372869181, ""raw_energy_proxy"": 0.0, ""raw_low_reversal"": 0.0, ""raw_smoothness"": 0.0008333327372869181, ""rewrite_penalty"": 0.0, ""risk_static_hold_penalty"": 0.0, ""uncertainty_penalty"": 0.0}",516,27.743459968169855,1.6204413170818737
NORMAL_BALANCED,previous_plan_prior:previous_shift_all:2,1.06,previous_plan_prior,previous_shift_all,0.1,-0.5626602454932801,0.056374999731779285,conservative_prior:conservative_stabilize:5,1.1036250002682209,9.492685155863427,9.5,56.246076591047284,"{""any_risk"": true, ""canopy_dew_margin_lt0"": true, ""canopy_dew_margin_lt1"": true, ""dew_risk"": true, ""dry_or_high_vpd_risk"": true, ""dry_risk"": false, ""dry_vent_risk"": true, ""high_vpd"": true, ""humidity_or_dew_risk"": true, ""rh_ge_90"": false}","{""base_final_score"": 0.0003749997317792353, ""final_score"": 0.056374999731779285, ""prior_confidence_bonus"": 0.055999999999999994, ""projected_energy_proxy"": 0.0, ""projected_low_reversal"": 0.0, ""projected_smoothness"": 0.0008333327372869181, ""raw_energy_proxy"": 0.0, ""raw_low_reversal"": 0.0, ""raw_smoothness"": 0.0008333327372869181, ""rewrite_penalty"": 0.0, ""risk_static_hold_penalty"": 0.0, ""uncertainty_penalty"": 0.0}",518,27.319752606818582,1.5893294871831878
NORMAL_BALANCED,previous_plan_prior:previous_shift_all:2,1.06,previous_plan_prior,previous_shift_all,0.1,-0.6865096997131985,0.056374999731779285,conservative_prior:conservative_stabilize:5,1.1036250002682209,9.25534941602092,10.0,57.119653847492,"{""any_risk"": true, ""canopy_dew_margin_lt0"": true, ""canopy_dew_margin_lt1"": true, ""dew_risk"": true, ""dry_or_high_vpd_risk"": true, ""dry_risk"": false, ""dry_vent_risk"": true, ""high_vpd"": true, ""humidity_or_dew_risk"": true, ""rh_ge_90"": false}","{""base_final_score"": 0.0003749997317792353, ""final_score"": 0.056374999731779285, ""prior_confidence_bonus"": 0.055999999999999994, ""projected_energy_proxy"": 0.0, ""projected_low_reversal"": 0.0, ""projected_smoothness"": 0.0008333327372869181, ""raw_energy_proxy"": 0.0, ""raw_low_reversal"": 0.0, ""raw_smoothness"": 0.0008333327372869181, ""rewrite_penalty"": 0.0, ""risk_static_hold_penalty"": 0.0, ""uncertainty_penalty"": 0.0}",520,27.436947417403612,1.568312406336445
NORMAL_BALANCED,previous_plan_prior:previous_shift_all:2,1.06,previous_plan_prior,previous_shift_all,0.1,-0.7525899879942699,0.056374999731779285,conservative_prior:conservative_stabilize:5,1.1036250002682209,9.365351839815222,10.5,56.82644935479121,"{""any_risk"": true, ""canopy_dew_margin_lt0"": true, ""canopy_dew_margin_lt1"": true, ""dew_risk"": true, ""dry_or_high_vpd_risk"": true, ""dry_risk"": false, ""dry_vent_risk"": true, ""high_vpd"": true, ""humidity_or_dew_risk"": true, ""rh_ge_90"": false}","{""base_final_score"": 0.0003749997317792353, ""final_score"": 0.056374999731779285, ""prior_confidence_bonus"": 0.055999999999999994, ""projected_energy_proxy"": 0.0, ""projected_low_reversal"": 0.0, ""projected_smoothness"": 0.0008333327372869181, ""raw_energy_proxy"": 0.0, ""raw_low_reversal"": 0.0, ""raw_smoothness"": 0.0008333327372869181, ""rewrite_penalty"": 0.0, ""risk_static_hold_penalty"": 0.0, ""uncertainty_penalty"": 0.0}",522,27.840514804847178,1.6166821087162488
NORMAL_BALANCED,previous_plan_prior:previous_shift_all:2,1.06,previous_plan_prior,previous_shift_all,0.1,1.0327574312835637,0.056374999731779285,conservative_prior:conservative_stabilize:5,1.1036250002682209,9.92047493861488,12.5,54.801782048047585,"{""any_risk"": true, ""canopy_dew_margin_lt0"": false, ""canopy_dew_margin_lt1"": false, ""dew_risk"": false, ""dry_or_high_vpd_risk"": true, ""dry_risk"": true, ""dry_vent_risk"": true, ""high_vpd"": true, ""humidity_or_dew_risk"": false, ""rh_ge_90"": false}","{""base_final_score"": 0.0003749997317792353, ""final_score"": 0.056374999731779285, ""prior_confidence_bonus"": 0.055999999999999994, ""projected_energy_proxy"": 0.0, ""projected_low_reversal"": 0.0, ""projected_smoothness"": 0.0008333327372869181, ""raw_energy_proxy"": 0.0, ""raw_low_reversal"": 0.0, ""raw_smoothness"": 0.0008333327372869181, ""rewrite_penalty"": 0.0, ""risk_static_hold_penalty"": 0.0, ""uncertainty_penalty"": 0.0}",530,27.520000352312426,1.6611314003850348
NORMAL_BALANCED,previous_plan_prior:previous_shift_all:2,1.06,previous_plan_prior,previous_shift_all,0.1,1.1501441055151567,0.056374999731779285,conservative_prior:conservative_stabilize:5,1.1036250002682209,8.686596655912972,13.0,58.930541446226904,"{""any_risk"": true, ""canopy_dew_margin_lt0"": false, ""canopy_dew_margin_lt1"": false, ""dew_risk"": false, ""dry_or_high_vpd_risk"": true, ""dry_risk"": false, ""dry_vent_risk"": true, ""high_vpd"": true, ""humidity_or_dew_risk"": false, ""rh_ge_90"": false}","{""base_final_score"": 0.0003749997317792353, ""final_score"": 0.056374999731779285, ""prior_confidence_bonus"": 0.055999999999999994, ""projected_energy_proxy"": 0.0, ""projected_low_reversal"": 0.0, ""projected_smoothness"": 0.0008333327372869181, ""raw_energy_proxy"": 0.0, ""raw_low_reversal"": 0.0, ""raw_smoothness"": 0.0008333327372869181, ""rewrite_penalty"": 0.0, ""risk_static_hold_penalty"": 0.0, ""uncertainty_penalty"": 0.0}",532,26.35780557681392,1.4098647145616452
NORMAL_BALANCED,previous_plan_prior:previous_shift_all:2,1.06,previous_plan_prior,previous_shift_all,0.1,0.11277812166455448,0.056374999731779285,conservative_prior:conservative_stabilize:5,1.1036250002682209,8.016380287780699,13.25,61.566475965704385,"{""any_risk"": true, ""canopy_dew_margin_lt0"": false, ""canopy_dew_margin_lt1"": true, ""dew_risk"": true, ""dry_or_high_vpd_risk"": true, ""dry_risk"": false, ""dry_vent_risk"": true, ""high_vpd"": true, ""humidity_or_dew_risk"": true, ""rh_ge_90"": false}","{""base_final_score"": 0.0003749997317792353, ""final_score"": 0.056374999731779285, ""prior_confidence_bonus"": 0.055999999999999994, ""projected_energy_proxy"": 0.0, ""projected_low_reversal"": 0.0, ""projected_smoothness"": 0.0008333327372869181, ""raw_energy_proxy"": 0.0, ""raw_low_reversal"": 0.0, ""raw_smoothness"": 0.0008333327372869181, ""rewrite_penalty"": 0.0, ""risk_static_hold_penalty"": 0.0, ""uncertainty_penalty"": 0.0}",533,26.8076779794075,1.3547738199084725
NORMAL_BALANCED,previous_plan_prior:previous_shift_all:2,1.06,previous_plan_prior,previous_shift_all,0.1,0.0011972408179765637,0.056374999731779285,conservative_prior:conservative_stabilize:5,1.1036250002682209,7.734074433664663,13.5,62.639719977665806,"{""any_risk"": true, ""canopy_dew_margin_lt0"": false, ""canopy_dew_margin_lt1"": true, ""dew_risk"": true, ""dry_or_high_vpd_risk"": true, ""dry_risk"": false, ""dry_vent_risk"": true, ""high_vpd"": true, ""humidity_or_dew_risk"": true, ""rh_ge_90"": false}","{""base_final_score"": 0.0003749997317792353, ""final_score"": 0.056374999731779285, ""prior_confidence_bonus"": 0.055999999999999994, ""projected_energy_proxy"": 0.0, ""projected_low_reversal"": 0.0, ""projected_smoothness"": 0.0008333327372869181, ""raw_energy_proxy"": 0.0, ""raw_low_reversal"": 0.0, ""raw_smoothness"": 0.0008333327372869181, ""rewrite_penalty"": 0.0, ""risk_static_hold_penalty"": 0.0, ""uncertainty_penalty"": 0.0}",534,26.72017478908021,1.3101870978034946
NORMAL_BALANCED,previous_plan_prior:previous_shift_all:2,1.06,previous_plan_prior,previous_shift_all,0.1,0.27123685057867775,0.056374999731779285,conservative_prior:conservative_stabilize:5,1.1036250002682209,7.766439126168791,13.75,62.47828254260211,"{""any_risk"": true, ""canopy_dew_margin_lt0"": false, ""canopy_dew_margin_lt1"": true, ""dew_risk"": true, ""dry_or_high_vpd_risk"": true, ""dry_risk"": false, ""dry_vent_risk"": true, ""high_vpd"": true, ""humidity_or_dew_risk"": true, ""rh_ge_90"": false}","{""base_final_score"": 0.0003749997317792353, ""final_score"": 0.056374999731779285, ""prior_confidence_bonus"": 0.055999999999999994, ""projected_energy_proxy"": 0.0, ""projected_low_reversal"": 0.0, ""projected_smoothness"": 0.0008333327372869181, ""raw_energy_proxy"": 0.0, ""raw_low_reversal"": 0.0, ""raw_smoothness"": 0.0008333327372869181, ""rewrite_penalty"": 0.0, ""risk_static_hold_penalty"": 0.0, ""uncertainty_penalty"": 0.0}",535,26.56399706492666,1.303815118226582
NORMAL_BALANCED,previous_plan_prior:previous_shift_all:2,1.06,previous_plan_prior,previous_shift_all,0.1,0.6779963868580268,0.056374999731779285,conservative_prior:conservative_stabilize:5,1.1036250002682209,7.932561599084615,14.0,61.796673711750884,"{""any_risk"": true, ""canopy_dew_margin_lt0"": false, ""canopy_dew_margin_lt1"": true, ""dew_risk"": true, ""dry_or_high_vpd_risk"": true, ""dry_risk"": false, ""dry_vent_risk"": true, ""high_vpd"": true, ""humidity_or_dew_risk"": true, ""rh_ge_90"": false}","{""base_final_score"": 0.0003749997317792353, ""final_score"": 0.056374999731779285, ""prior_confidence_bonus"": 0.055999999999999994, ""projected_energy_proxy"": 0.0, ""projected_low_reversal"": 0.0, ""projected_smoothness"": 0.0008333327372869181, ""raw_energy_proxy"": 0.0, ""raw_low_reversal"": 0.0, ""raw_smoothness"": 0.0008333327372869181, ""rewrite_penalty"": 0.0, ""risk_static_hold_penalty"": 0.0, ""uncertainty_penalty"": 0.0}",536,26.40244165262167,1.3149287833734555
NORMAL_BALANCED,previous_plan_prior:previous_shift_all:2,1.06,previous_plan_prior,previous_shift_all,0.1,1.1095142148654666,0.056374999731779285,conservative_prior:conservative_stabilize:5,1.1036250002682209,8.139900059396169,14.25,60.96543617664871,"{""any_risk"": true, ""canopy_dew_margin_lt0"": false, ""canopy_dew_margin_lt1"": false, ""dew_risk"": false, ""dry_or_high_vpd_risk"": true, ""dry_risk"": false, ""dry_vent_risk"": true, ""high_vpd"": true, ""humidity_or_dew_risk"": false, ""rh_ge_90"": false}","{""base_final_score"": 0.0003749997317792353, ""final_score"": 0.056374999731779285, ""prior_confidence_bonus"": 0.055999999999999994, ""projected_energy_proxy"": 0.0, ""projected_low_reversal"": 0.0, ""projected_smoothness"": 0.0008333327372869181, ""raw_energy_proxy"": 0.0, ""raw_low_reversal"": 0.0, ""raw_smoothness"": 0.0008333327372869181, ""rewrite_penalty"": 0.0, ""risk_static_hold_penalty"": 0.0, ""uncertainty_penalty"": 0.0}",537,26.254835320738113,1.3318965541448506
NORMAL_BALANCED,previous_plan_prior:previous_shift_all:2,1.06,previous_plan_prior,previous_shift_all,0.1,1.533872644574231,0.056374999731779285,conservative_prior:conservative_stabilize:5,1.1036250002682209,8.045759063302068,14.5,61.22351602925321,"{""any_risk"": true, ""canopy_dew_margin_lt0"": false, ""canopy_dew_margin_lt1"": false, ""dew_risk"": false, ""dry_or_high_vpd_risk"": true, ""dry_risk"": false, ""dry_vent_risk"": true, ""high_vpd"": true, ""humidity_or_dew_risk"": false, ""rh_ge_90"": false}","{""base_final_score"": 0.0003749997317792353, ""final_score"": 0.056374999731779285, ""prior_confidence_bonus"": 0.055999999999999994, ""projected_energy_proxy"": 0.0, ""projected_low_reversal"": 0.0, ""projected_smoothness"": 0.0008333327372869181, ""raw_energy_proxy"": 0.0, ""raw_low_reversal"": 0.0, ""raw_smoothness"": 0.0008333327372869181, ""rewrite_penalty"": 0.0, ""risk_static_hold_penalty"": 0.0, ""uncertainty_penalty"": 0.0}",538,25.8098253934926,1.2887484309372215
NORMAL_BALANCED,previous_plan_prior:previous_shift_all:2,1.06,previous_plan_prior,previous_shift_all,0.1,1.9494609561931426,0.056374999731779285,conservative_prior:conservative_stabilize:5,1.1036250002682209,7.9472224617676375,14.75,61.50166011290346,"{""any_risk"": true, ""canopy_dew_margin_lt0"": false, ""canopy_dew_margin_lt1"": false, ""dew_risk"": false, ""dry_or_high_vpd_risk"": true, ""dry_risk"": false, ""dry_vent_risk"": true, ""high_vpd"": true, ""humidity_or_dew_risk"": false, ""rh_ge_90"": false}","{""base_final_score"": 0.0003749997317792353, ""final_score"": 0.056374999731779285, ""prior_confidence_bonus"": 0.055999999999999994, ""projected_energy_proxy"": 0.0, ""projected_low_reversal"": 0.0, ""projected_smoothness"": 0.0008333327372869181, ""raw_energy_proxy"": 0.0, ""raw_low_reversal"": 0.0, ""raw_smoothness"": 0.0008333327372869181, ""rewrite_penalty"": 0.0, ""risk_static_hold_penalty"": 0.0, ""uncertainty_penalty"": 0.0}",539,25.365625855723728,1.246242296639482
NORMAL_BALANCED,previous_plan_prior:previous_shift_all:2,1.06,previous_plan_prior,previous_shift_all,0.1,2.348491096204558,0.056374999731779285,conservative_prior:conservative_stabilize:5,1.1036250002682209,7.853550120298181,15.0,61.76805588947125,"{""any_risk"": true, ""canopy_dew_margin_lt0"": false, ""canopy_dew_margin_lt1"": false, ""dew_risk"": false, ""dry_or_high_vpd_risk"": true, ""dry_risk"": false, ""dry_vent_risk"": true, ""high_vpd"": true, ""humidity_or_dew_risk"": false, ""rh_ge_90"": false}","{""base_final_score"": 0.0003749997317792353, ""final_score"": 0.056374999731779285, ""prior_confidence_bonus"": 0.055999999999999994, ""projected_energy_proxy"": 0.0, ""projected_low_reversal"": 0.0, ""projected_smoothness"": 0.0008333327372869181, ""raw_energy_proxy"": 0.0, ""raw_low_reversal"": 0.0, ""raw_smoothness"": 0.0008333327372869181, ""rewrite_penalty"": 0.0, ""risk_static_hold_penalty"": 0.0, ""uncertainty_penalty"": 0.0}",540,24.93943534013061,1.2066323865284543
NORMAL_BALANCED,previous_plan_prior:screen_dwell_hold:4,1.06,previous_plan_prior,screen_dwell_hold,0.1,-2.2686503801698485,0.05600000000000005,conservative_prior:conservative_stabilize:5,1.104,9.142816052103122,9.25,57.79677524120706,"{""any_risk"": true, ""canopy_dew_margin_lt0"": true, ""canopy_dew_margin_lt1"": true, ""dew_risk"": true, ""dry_or_high_vpd_risk"": true, ""dry_risk"": false, ""dry_vent_risk"": false, ""high_vpd"": true, ""humidity_or_dew_risk"": true, ""rh_ge_90"": false}","{""base_final_score"": 0.0, ""final_score"": 0.05600000000000005, ""prior_confidence_bonus"": 0.055999999999999994, ""projected_energy_proxy"": 0.0, ""projected_low_reversal"": 0.0, ""projected_smoothness"": 0.0, ""raw_energy_proxy"": 0.0, ""raw_low_reversal"": 0.0, ""raw_smoothness"": 0.0, ""rewrite_penalty"": 0.0, ""risk_static_hold_penalty"": 0.0, ""uncertainty_penalty"": 0.0}",517,28.558785403623368,1.6477359430766803
NORMAL_BALANCED,previous_plan_prior:previous_shift_all:2,1.06,previous_plan_prior,previous_shift_all,0.1,-2.11980499522436,0.05600000000000005,conservative_prior:conservative_stabilize:5,1.104,9.123041972920287,9.75,57.88361818482696,"{""any_risk"": true, ""canopy_dew_margin_lt0"": true, ""canopy_dew_margin_lt1"": true, ""dew_risk"": true, ""dry_or_high_vpd_risk"": true, ""dry_risk"": false, ""dry_vent_risk"": false, ""high_vpd"": true, ""humidity_or_dew_risk"": true, ""rh_ge_90"": false}","{""base_final_score"": 0.0, ""final_score"": 0.05600000000000005, ""prior_confidence_bonus"": 0.055999999999999994, ""projected_energy_proxy"": 0.0, ""projected_low_reversal"": 0.0, ""projected_smoothness"": 0.0, ""raw_energy_proxy"": 0.0, ""raw_low_reversal"": 0.0, ""raw_smoothness"": 0.0, ""rewrite_penalty"": 0.0, ""risk_static_hold_penalty"": 0.0, ""uncertainty_penalty"": 0.0}",519,28.624245082313017,1.6505964533360913
NORMAL_BALANCED,previous_plan_prior:previous_shift_all:2,1.06,previous_plan_prior,previous_shift_all,0.1,-2.179178600059604,0.05600000000000005,conservative_prior:conservative_stabilize:5,1.104,8.868114440925577,10.25,58.81320447398285,"{""any_risk"": true, ""canopy_dew_margin_lt0"": true, ""canopy_dew_margin_lt1"": true, ""dew_risk"": true, ""dry_or_high_vpd_risk"": true, ""dry_risk"": false, ""dry_vent_risk"": false, ""high_vpd"": true, ""humidity_or_dew_risk"": true, ""rh_ge_90"": false}","{""base_final_score"": 0.0, ""final_score"": 0.05600000000000005, ""prior_confidence_bonus"": 0.055999999999999994, ""projected_energy_proxy"": 0.0, ""projected_low_reversal"": 0.0, ""projected_smoothness"": 0.0, ""raw_energy_proxy"": 0.0, ""raw_low_reversal"": 0.0, ""raw_smoothness"": 0.0, ""rewrite_penalty"": 0.0, ""risk_static_hold_penalty"": 0.0, ""uncertainty_penalty"": 0.0}",521,28.655851565874915,1.6171236359402499
NORMAL_BALANCED,previous_plan_prior:previous_shift_all:2,1.06,previous_plan_prior,previous_shift_all,0.1,-2.3529321855666154,0.05600000000000005,conservative_prior:conservative_stabilize:5,1.104,9.324653111989711,10.75,57.381410614229004,"{""any_risk"": true, ""canopy_dew_margin_lt0"": true, ""canopy_dew_margin_lt1"": true, ""dew_risk"": true, ""dry_or_high_vpd_risk"": true, ""dry_risk"": false, ""dry_vent_risk"": false, ""high_vpd"": true, ""humidity_or_dew_risk"": true, ""rh_ge_90"": false}","{""base_final_score"": 0.0, ""final_score"": 0.05600000000000005, ""prior_confidence_bonus"": 0.055999999999999994, ""projected_energy_proxy"": 0.0, ""projected_low_reversal"": 0.0, ""projected_smoothness"": 0.0, ""raw_energy_proxy"": 0.0, ""raw_low_reversal"": 0.0, ""raw_smoothness"": 0.0, ""rewrite_penalty"": 0.0, ""risk_static_hold_penalty"": 0.0, ""uncertainty_penalty"": 0.0}",523,29.51907207529249,1.758871570127371
NORMAL_BALANCED,previous_plan_prior:previous_shift_all:2,1.06,previous_plan_prior,previous_shift_all,0.1,-0.8079538229024124,0.05600000000000005,conservative_prior:conservative_stabilize:5,1.104,9.884994599859912,11.0,55.21030446494242,"{""any_risk"": true, ""canopy_dew_margin_lt0"": true, ""canopy_dew_margin_lt1"": true, ""dew_risk"": true, ""dry_or_high_vpd_risk"": true, ""dry_risk"": false, ""dry_vent_risk"": false, ""high_vpd"": true, ""humidity_or_dew_risk"": true, ""rh_ge_90"": false}","{""base_final_score"": 0.0, ""final_score"": 0.05600000000000005, ""prior_confidence_bonus"": 0.055999999999999994, ""projected_energy_proxy"": 0.0, ""projected_low_reversal"": 0.0, ""projected_smoothness"": 0.0, ""raw_energy_proxy"": 0.0, ""raw_low_reversal"": 0.0, ""raw_smoothness"": 0.0, ""rewrite_penalty"": 0.0, ""risk_static_hold_penalty"": 0.0, ""uncertainty_penalty"": 0.0}",524,28.65470911542647,1.758468468511252
NORMAL_BALANCED,previous_plan_prior:previous_shift_all:2,1.06,previous_plan_prior,previous_shift_all,0.1,-0.36699729205856,0.05600000000000005,conservative_prior:conservative_stabilize:5,1.104,10.44645527389321,11.25,53.36645335382814,"{""any_risk"": true, ""canopy_dew_margin_lt0"": true, ""canopy_dew_margin_lt1"": true, ""dew_risk"": true, ""dry_or_high_vpd_risk"": true, ""dry_risk"": true, ""dry_vent_risk"": false, ""high_vpd"": true, ""humidity_or_dew_risk"": true, ""rh_ge_90"": false}","{""base_final_score"": 0.0, ""final_score"": 0.05600000000000005, ""prior_confidence_bonus"": 0.055999999999999994, ""projected_energy_proxy"": 0.0, ""projected_low_reversal"": 0.0, ""projected_smoothness"": 0.0, ""raw_energy_proxy"": 0.0, ""raw_low_reversal"": 0.0, ""raw_smoothness"": 0.0, ""rewrite_penalty"": 0.0, ""risk_static_hold_penalty"": 0.0, ""uncertainty_penalty"": 0.0}",525,28.89359624530659,1.8563522470299416
NORMAL_BALANCED,previous_plan_prior:previous_shift_all:2,1.06,previous_plan_prior,previous_shift_all,0.1,-0.030250897760812023,0.05600000000000005,conservative_prior:conservative_stabilize:5,1.104,10.494114451992456,11.5,53.16310885178364,"{""any_risk"": true, ""canopy_dew_margin_lt0"": true, ""canopy_dew_margin_lt1"": true, ""dew_risk"": true, ""dry_or_high_vpd_risk"": true, ""dry_risk"": true, ""dry_vent_risk"": false, ""high_vpd"": true, ""humidity_or_dew_risk"": true, ""rh_ge_90"": false}","{""base_final_score"": 0.0, ""final_score"": 0.05600000000000005, ""prior_confidence_bonus"": 0.055999999999999994, ""projected_energy_proxy"": 0.0, ""projected_low_reversal"": 0.0, ""projected_smoothness"": 0.0, ""raw_energy_proxy"": 0.0, ""raw_low_reversal"": 0.0, ""raw_smoothness"": 0.0, ""rewrite_penalty"": 0.0, ""risk_static_hold_penalty"": 0.0, ""uncertainty_penalty"": 0.0}",526,28.720869699643842,1.8459028888199025
NORMAL_BALANCED,previous_plan_prior:previous_shift_all:2,1.06,previous_plan_prior,previous_shift_all,0.1,0.28538727181414103,0.05600000000000005,conservative_prior:conservative_stabilize:5,1.104,10.496670313085048,11.75,53.10321559963851,"{""any_risk"": true, ""canopy_dew_margin_lt0"": false, ""canopy_dew_margin_lt1"": true, ""dew_risk"": true, ""dry_or_high_vpd_risk"": true, ""dry_risk"": true, ""dry_vent_risk"": false, ""high_vpd"": true, ""humidity_or_dew_risk"": true, ""rh_ge_90"": false}","{""base_final_score"": 0.0, ""final_score"": 0.05600000000000005, ""prior_confidence_bonus"": 0.055999999999999994, ""projected_energy_proxy"": 0.0, ""projected_low_reversal"": 0.0, ""projected_smoothness"": 0.0, ""raw_energy_proxy"": 0.0, ""raw_low_reversal"": 0.0, ""raw_smoothness"": 0.0, ""rewrite_penalty"": 0.0, ""risk_static_hold_penalty"": 0.0, ""uncertainty_penalty"": 0.0}",527,28.5213548528856,1.8270162345894612
NORMAL_BALANCED,previous_plan_prior:previous_shift_all:2,1.06,previous_plan_prior,previous_shift_all,0.1,0.6024813753522231,0.05600000000000005,conservative_prior:conservative_stabilize:5,1.104,10.489972131530504,12.0,53.070604710145524,"{""any_risk"": true, ""canopy_dew_margin_lt0"": false, ""canopy_dew_margin_lt1"": true, ""dew_risk"": true, ""dry_or_high_vpd_risk"": true, ""dry_risk"": true, ""dry_vent_risk"": false, ""high_vpd"": true, ""humidity_or_dew_risk"": true, ""rh_ge_90"": false}","{""base_final_score"": 0.0, ""final_score"": 0.05600000000000005, ""prior_confidence_bonus"": 0.055999999999999994, ""projected_energy_proxy"": 0.0, ""projected_low_reversal"": 0.0, ""projected_smoothness"": 0.0, ""raw_energy_proxy"": 0.0, ""raw_low_reversal"": 0.0, ""raw_smoothness"": 0.0, ""rewrite_penalty"": 0.0, ""risk_static_hold_penalty"": 0.0, ""uncertainty_penalty"": 0.0}",528,28.308232226457527,1.805809918055912
NORMAL_BALANCED,previous_plan_prior:previous_shift_all:2,1.06,previous_plan_prior,previous_shift_all,0.1,0.40282987818934757,0.05600000000000005,conservative_prior:conservative_stabilize:5,1.104,10.362895723806947,12.25,53.54282700115008,"{""any_risk"": true, ""canopy_dew_margin_lt0"": false, ""canopy_dew_margin_lt1"": true, ""dew_risk"": true, ""dry_or_high_vpd_risk"": true, ""dry_risk"": true, ""dry_vent_risk"": false, ""high_vpd"": true, ""humidity_or_dew_risk"": true, ""rh_ge_90"": false}","{""base_final_score"": 0.0, ""final_score"": 0.05600000000000005, ""prior_confidence_bonus"": 0.055999999999999994, ""projected_energy_proxy"": 0.0, ""projected_low_reversal"": 0.0, ""projected_smoothness"": 0.0, ""raw_energy_proxy"": 0.0, ""raw_low_reversal"": 0.0, ""raw_smoothness"": 0.0, ""rewrite_penalty"": 0.0, ""risk_static_hold_penalty"": 0.0, ""uncertainty_penalty"": 0.0}",529,28.490285669012266,1.8066311050764385
NORMAL_BALANCED,previous_plan_prior:previous_shift_all:2,1.06,previous_plan_prior,previous_shift_all,0.1,-0.4785615052533032,0.05600000000000005,conservative_prior:conservative_stabilize:5,1.104,9.095225354923429,12.75,57.906522029309336,"{""any_risk"": true, ""canopy_dew_margin_lt0"": true, ""canopy_dew_margin_lt1"": true, ""dew_risk"": true, ""dry_or_high_vpd_risk"": true, ""dry_risk"": false, ""dry_vent_risk"": false, ""high_vpd"": true, ""humidity_or_dew_risk"": true, ""rh_ge_90"": false}","{""base_final_score"": 0.0, ""final_score"": 0.05600000000000005, ""prior_confidence_bonus"": 0.055999999999999994, ""projected_energy_proxy"": 0.0, ""projected_low_reversal"": 0.0, ""projected_smoothness"": 0.0, ""raw_energy_proxy"": 0.0, ""raw_low_reversal"": 0.0, ""raw_smoothness"": 0.0, ""rewrite_penalty"": 0.0, ""risk_static_hold_penalty"": 0.0, ""uncertainty_penalty"": 0.0}",531,28.305429117527215,1.6194635221056515
HUMIDITY_EXCESS_DISEASE_RISK,previous_plan_prior:previous_shift_all:2,1.057833333623906,previous_plan_prior,previous_shift_all,0.12,2.306324324531534,0.1104583321039877,conservative_prior:conservative_stabilize:5,1.0673750015199184,1.3696639857312007,4.5,91.67134408069776,"{""any_risk"": true, ""canopy_dew_margin_lt0"": false, ""canopy_dew_margin_lt1"": false, ""dew_risk"": false, ""dry_or_high_vpd_risk"": false, ""dry_risk"": false, ""dry_vent_risk"": false, ""high_vpd"": false, ""humidity_or_dew_risk"": true, ""rh_ge_90"": true}","{""base_final_score"": 0.05445833210398765, ""final_score"": 0.1104583321039877, ""prior_confidence_bonus"": 0.055999999999999994, ""projected_energy_proxy"": 0.23666666174928352, ""projected_low_reversal"": 0.0, ""projected_smoothness"": 0.01583333278695742, ""raw_energy_proxy"": 0.23666666174928352, ""raw_low_reversal"": 0.0, ""raw_smoothness"": 0.01583333278695742, ""rewrite_penalty"": 0.0, ""risk_static_hold_penalty"": 0.0, ""uncertainty_penalty"": 0.0}",690,17.26278614970007,0.16408206354956015
HUMIDITY_EXCESS_DISEASE_RISK,previous_plan_prior:previous_shift_all:2,1.057833333623906,previous_plan_prior,previous_shift_all,0.12,2.2051619806112495,0.1104583321039877,conservative_prior:conservative_stabilize:5,1.0673750015199184,1.3630917996355816,4.75,91.7150111488141,"{""any_risk"": true, ""canopy_dew_margin_lt0"": false, ""canopy_dew_margin_lt1"": false, ""dew_risk"": false, ""dry_or_high_vpd_risk"": false, ""dry_risk"": false, ""dry_vent_risk"": false, ""high_vpd"": false, ""humidity_or_dew_risk"": true, ""rh_ge_90"": true}","{""base_final_score"": 0.05445833210398765, ""final_score"": 0.1104583321039877, ""prior_confidence_bonus"": 0.055999999999999994, ""projected_energy_proxy"": 0.23666666174928352, ""projected_low_reversal"": 0.0, ""projected_smoothness"": 0.01583333278695742, ""raw_energy_proxy"": 0.23666666174928352, ""raw_low_reversal"": 0.0, ""raw_smoothness"": 0.01583333278695742, ""rewrite_penalty"": 0.0, ""risk_static_hold_penalty"": 0.0, ""uncertainty_penalty"": 0.0}",691,17.34615253662294,0.16408427854666913
HUMIDITY_EXCESS_DISEASE_RISK,previous_plan_prior:previous_shift_all:3,1.057833333623906,previous_plan_prior,previous_shift_all,0.12,2.0792381980704278,0.1104583321039877,conservative_prior:conservative_stabilize:6,1.0673750015199184,1.4001997753246584,5.0,91.50793929564624,"{""any_risk"": true, ""canopy_dew_margin_lt0"": false, ""canopy_dew_margin_lt1"": false, ""dew_risk"": false, ""dry_or_high_vpd_risk"": false, ""dry_risk"": false, ""dry_vent_risk"": false, ""high_vpd"": false, ""humidity_or_dew_risk"": true, ""rh_ge_90"": true}","{""base_final_score"": 0.05445833210398765, ""final_score"": 0.1104583321039877, ""prior_confidence_bonus"": 0.055999999999999994, ""projected_energy_proxy"": 0.23666666174928352, ""projected_low_reversal"": 0.0, ""projected_smoothness"": 0.01583333278695742, ""raw_energy_proxy"": 0.23666666174928352, ""raw_low_reversal"": 0.0, ""raw_smoothness"": 0.01583333278695742, ""rewrite_penalty"": 0.0, ""risk_static_hold_penalty"": 0.0, ""uncertainty_penalty"": 0.0}",692,17.499524939429314,0.16982245576152077
HUMIDITY_EXCESS_DISEASE_RISK,previous_plan_prior:previous_shift_all:3,1.057833333623906,previous_plan_prior,previous_shift_all,0.12,1.9566660469762738,0.1104583321039877,conservative_prior:conservative_stabilize:6,1.0673750015199184,1.45336969689739,5.25,91.20940666507661,"{""any_risk"": true, ""canopy_dew_margin_lt0"": false, ""canopy_dew_margin_lt1"": false, ""dew_risk"": false, ""dry_or_high_vpd_risk"": false, ""dry_risk"": false, ""dry_vent_risk"": false, ""high_vpd"": false, ""humidity_or_dew_risk"": true, ""rh_ge_90"": true}","{""base_final_score"": 0.05445833210398765, ""final_score"": 0.1104583321039877, ""prior_confidence_bonus"": 0.055999999999999994, ""projected_energy_proxy"": 0.23666666174928352, ""projected_low_reversal"": 0.0, ""projected_smoothness"": 0.01583333278695742, ""raw_energy_proxy"": 0.23666666174928352, ""raw_low_reversal"": 0.0, ""raw_smoothness"": 0.01583333278695742, ""rewrite_penalty"": 0.0, ""risk_static_hold_penalty"": 0.0, ""uncertainty_penalty"": 0.0}",693,17.667482975942907,0.17766483432121552
NORMAL_BALANCED,previous_plan_prior:previous_shift_all:2,1.057833333623906,previous_plan_prior,previous_shift_all,0.12,0.28780724597215723,0.10708333255102254,conservative_prior:conservative_stabilize:5,1.0707500010728834,2.0827752606328502,12.75,87.80169905358856,"{""any_risk"": true, ""canopy_dew_margin_lt0"": false, ""canopy_dew_margin_lt1"": true, ""dew_risk"": true, ""dry_or_high_vpd_risk"": false, ""dry_risk"": false, ""dry_vent_risk"": false, ""high_vpd"": false, ""humidity_or_dew_risk"": true, ""rh_ge_90"": false}","{""base_final_score"": 0.05108333255102249, ""final_score"": 0.10708333255102254, ""prior_confidence_bonus"": 0.055999999999999994, ""projected_energy_proxy"": 0.23666666174928352, ""projected_low_reversal"": 0.0, ""projected_smoothness"": 0.008333333780368268, ""raw_energy_proxy"": 0.23666666174928352, ""raw_low_reversal"": 0.0, ""raw_smoothness"": 0.008333333780368268, ""rewrite_penalty"": 0.0, ""risk_static_hold_penalty"": 0.0, ""uncertainty_penalty"": 0.0}",627,19.70991136580467,0.2801265861151051
NORMAL_BALANCED,previous_plan_prior:previous_shift_all:2,1.057833333623906,previous_plan_prior,previous_shift_all,0.12,0.37410710051157636,0.10708333255102254,conservative_prior:conservative_stabilize:5,1.0707500010728834,2.101024754818539,13.0,87.69641852132207,"{""any_risk"": true, ""canopy_dew_margin_lt0"": false, ""canopy_dew_margin_lt1"": true, ""dew_risk"": true, ""dry_or_high_vpd_risk"": false, ""dry_risk"": false, ""dry_vent_risk"": false, ""high_vpd"": false, ""humidity_or_dew_risk"": true, ""rh_ge_90"": false}","{""base_final_score"": 0.05108333255102249, ""final_score"": 0.10708333255102254, ""prior_confidence_bonus"": 0.055999999999999994, ""projected_energy_proxy"": 0.23666666174928352, ""projected_low_reversal"": 0.0, ""projected_smoothness"": 0.008333333780368268, ""raw_energy_proxy"": 0.23666666174928352, ""raw_low_reversal"": 0.0, ""raw_smoothness"": 0.008333333780368268, ""rewrite_penalty"": 0.0, ""risk_static_hold_penalty"": 0.0, ""uncertainty_penalty"": 0.0}",628,19.660550199971603,0.2816801864263892
NORMAL_BALANCED,previous_plan_prior:previous_shift_all:2,1.057833333623906,previous_plan_prior,previous_shift_all,0.12,0.2591069973364881,0.10708333255102254,conservative_prior:conservative_stabilize:5,1.0707500010728834,2.048004574843617,13.25,87.99685310380892,"{""any_risk"": true, ""canopy_dew_margin_lt0"": false, ""canopy_dew_margin_lt1"": true, ""dew_risk"": true, ""dry_or_high_vpd_risk"": false, ""dry_risk"": false, ""dry_vent_risk"": false, ""high_vpd"": false, ""humidity_or_dew_risk"": true, ""rh_ge_90"": false}","{""base_final_score"": 0.05108333255102249, ""final_score"": 0.10708333255102254, ""prior_confidence_bonus"": 0.055999999999999994, ""projected_energy_proxy"": 0.23666666174928352, ""projected_low_reversal"": 0.0, ""projected_smoothness"": 0.008333333780368268, ""raw_energy_proxy"": 0.23666666174928352, ""raw_low_reversal"": 0.0, ""raw_smoothness"": 0.008333333780368268, ""rewrite_penalty"": 0.0, ""risk_static_hold_penalty"": 0.0, ""uncertainty_penalty"": 0.0}",629,19.741008239897006,0.27617723286493595
NORMAL_BALANCED,previous_plan_prior:previous_shift_all:2,1.057833333623906,previous_plan_prior,previous_shift_all,0.12,0.16504767861138703,0.10708333255102254,conservative_prior:conservative_stabilize:5,1.0707500010728834,1.9420477645896774,13.5,88.58595462703026,"{""any_risk"": true, ""canopy_dew_margin_lt0"": false, ""canopy_dew_margin_lt1"": true, ""dew_risk"": true, ""dry_or_high_vpd_risk"": false, ""dry_risk"": false, ""dry_vent_risk"": false, ""high_vpd"": false, ""humidity_or_dew_risk"": true, ""rh_ge_90"": false}","{""base_final_score"": 0.05108333255102249, ""final_score"": 0.10708333255102254, ""prior_confidence_bonus"": 0.055999999999999994, ""projected_energy_proxy"": 0.23666666174928352, ""projected_low_reversal"": 0.0, ""projected_smoothness"": 0.008333333780368268, ""raw_energy_proxy"": 0.23666666174928352, ""raw_low_reversal"": 0.0, ""raw_smoothness"": 0.008333333780368268, ""rewrite_penalty"": 0.0, ""risk_static_hold_penalty"": 0.0, ""uncertainty_penalty"": 0.0}",630,19.747849544562108,0.26273421246192796
NORMAL_BALANCED,previous_plan_prior:previous_shift_all:2,1.057833333623906,previous_plan_prior,previous_shift_all,0.12,0.07093373434688388,0.10708333255102254,conservative_prior:conservative_stabilize:5,1.0707500010728834,1.8340755812697758,13.75,89.18959285530995,"{""any_risk"": true, ""canopy_dew_margin_lt0"": false, ""canopy_dew_margin_lt1"": true, ""dew_risk"": true, ""dry_or_high_vpd_risk"": false, ""dry_risk"": false, ""dry_vent_risk"": false, ""high_vpd"": false, ""humidity_or_dew_risk"": true, ""rh_ge_90"": false}","{""base_final_score"": 0.05108333255102249, ""final_score"": 0.10708333255102254, ""prior_confidence_bonus"": 0.055999999999999994, ""projected_energy_proxy"": 0.23666666174928352, ""projected_low_reversal"": 0.0, ""projected_smoothness"": 0.008333333780368268, ""raw_energy_proxy"": 0.23666666174928352, ""raw_low_reversal"": 0.0, ""raw_smoothness"": 0.008333333780368268, ""rewrite_penalty"": 0.0, ""risk_static_hold_penalty"": 0.0, ""uncertainty_penalty"": 0.0}",631,19.752896616061484,0.2489172703711953
NORMAL_BALANCED,previous_plan_prior:previous_shift_all:2,1.057833333623906,previous_plan_prior,previous_shift_all,0.12,-0.022163777801257112,0.10708333255102254,conservative_prior:conservative_stabilize:5,1.0707500010728834,1.7241595859504812,14.0,89.80752625902267,"{""any_risk"": true, ""canopy_dew_margin_lt0"": true, ""canopy_dew_margin_lt1"": true, ""dew_risk"": true, ""dry_or_high_vpd_risk"": false, ""dry_risk"": false, ""dry_vent_risk"": false, ""high_vpd"": false, ""humidity_or_dew_risk"": true, ""rh_ge_90"": false}","{""base_final_score"": 0.05108333255102249, ""final_score"": 0.10708333255102254, ""prior_confidence_bonus"": 0.055999999999999994, ""projected_energy_proxy"": 0.23666666174928352, ""projected_low_reversal"": 0.0, ""projected_smoothness"": 0.008333333780368268, ""raw_energy_proxy"": 0.23666666174928352, ""raw_low_reversal"": 0.0, ""raw_smoothness"": 0.008333333780368268, ""rewrite_penalty"": 0.0, ""risk_static_hold_penalty"": 0.0, ""uncertainty_penalty"": 0.0}",632,19.755121782904848,0.23472130673570088
HUMIDITY_EXCESS_DISEASE_RISK,previous_plan_prior:previous_shift_all:2,1.055958333623906,previous_plan_prior,previous_shift_all,0.12,-0.10919107229639025,0.10520833255102247,conservative_prior:conservative_stabilize:5,1.0707500010728834,1.6152120550036209,14.25,90.4233345598327,"{""any_risk"": true, ""canopy_dew_margin_lt0"": true, ""canopy_dew_margin_lt1"": true, ""dew_risk"": true, ""dry_or_high_vpd_risk"": false, ""dry_risk"": false, ""dry_vent_risk"": false, ""high_vpd"": false, ""humidity_or_dew_risk"": true, ""rh_ge_90"": true}","{""base_final_score"": 0.049208332551022416, ""final_score"": 0.10520833255102247, ""prior_confidence_bonus"": 0.055999999999999994, ""projected_energy_proxy"": 0.23666666174928352, ""projected_low_reversal"": 0.0, ""projected_smoothness"": 0.0041666671137015054, ""raw_energy_proxy"": 0.23666666174928352, ""raw_low_reversal"": 0.0, ""raw_smoothness"": 0.0041666671137015054, ""rewrite_penalty"": 0.0, ""risk_static_hold_penalty"": 0.0, ""uncertainty_penalty"": 0.0}",633,19.752328551823712,0.22050172634305348
HUMIDITY_EXCESS_DISEASE_RISK,previous_plan_prior:previous_shift_all:2,1.055958333623906,previous_plan_prior,previous_shift_all,0.12,-0.06401577588132668,0.10520833255102247,conservative_prior:conservative_stabilize:5,1.0707500010728834,1.5333009961260942,14.5,90.88155672450971,"{""any_risk"": true, ""canopy_dew_margin_lt0"": true, ""canopy_dew_margin_lt1"": true, ""dew_risk"": true, ""dry_or_high_vpd_risk"": false, ""dry_risk"": false, ""dry_vent_risk"": false, ""high_vpd"": false, ""humidity_or_dew_risk"": true, ""rh_ge_90"": true}","{""base_final_score"": 0.049208332551022416, ""final_score"": 0.10520833255102247, ""prior_confidence_bonus"": 0.055999999999999994, ""projected_energy_proxy"": 0.23666666174928352, ""projected_low_reversal"": 0.0, ""projected_smoothness"": 0.0041666671137015054, ""raw_energy_proxy"": 0.23666666174928352, ""raw_low_reversal"": 0.0, ""raw_smoothness"": 0.0041666671137015054, ""rewrite_penalty"": 0.0, ""risk_static_hold_penalty"": 0.0, ""uncertainty_penalty"": 0.0}",634,19.643639200648597,0.20854010996259897
HUMIDITY_EXCESS_DISEASE_RISK,previous_plan_prior:previous_shift_all:2,1.055958333623906,previous_plan_prior,previous_shift_all,0.12,-0.0579315533687037,0.10520833255102247,conservative_prior:conservative_stabilize:5,1.0707500010728834,1.4493516339638113,14.75,91.35660558785479,"{""any_risk"": true, ""canopy_dew_margin_lt0"": true, ""canopy_dew_margin_lt1"": true, ""dew_risk"": true, ""dry_or_high_vpd_risk"": false, ""dry_risk"": false, ""dry_vent_risk"": false, ""high_vpd"": false, ""humidity_or_dew_risk"": true, ""rh_ge_90"": true}","{""base_final_score"": 0.049208332551022416, ""final_score"": 0.10520833255102247, ""prior_confidence_bonus"": 0.055999999999999994, ""projected_energy_proxy"": 0.23666666174928352, ""projected_low_reversal"": 0.0, ""projected_smoothness"": 0.0041666671137015054, ""raw_energy_proxy"": 0.23666666174928352, ""raw_low_reversal"": 0.0, ""raw_smoothness"": 0.0041666671137015054, ""rewrite_penalty"": 0.0, ""risk_static_hold_penalty"": 0.0, ""uncertainty_penalty"": 0.0}",635,19.571198281887344,0.19678855372272672
HUMIDITY_EXCESS_DISEASE_RISK,previous_plan_prior:previous_shift_all:2,1.055958333623906,previous_plan_prior,previous_shift_all,0.12,-0.05209605317504895,0.10520833255102247,conservative_prior:conservative_stabilize:5,1.0707500010728834,1.3630136369799715,15.0,91.84794722899161,"{""any_risk"": true, ""canopy_dew_margin_lt0"": true, ""canopy_dew_margin_lt1"": true, ""dew_risk"": true, ""dry_or_high_vpd_risk"": false, ""dry_risk"": false, ""dry_vent_risk"": false, ""high_vpd"": false, ""humidity_or_dew_risk"": true, ""rh_ge_90"": true}","{""base_final_score"": 0.049208332551022416, ""final_score"": 0.10520833255102247, ""prior_confidence_bonus"": 0.055999999999999994, ""projected_energy_proxy"": 0.23666666174928352, ""projected_low_reversal"": 0.0, ""projected_smoothness"": 0.0041666671137015054, ""raw_energy_proxy"": 0.23666666174928352, ""raw_low_reversal"": 0.0, ""raw_smoothness"": 0.0041666671137015054, ""rewrite_penalty"": 0.0, ""risk_static_hold_penalty"": 0.0, ""uncertainty_penalty"": 0.0}",636,19.49586931385277,0.18473536568894552
HUMIDITY_EXCESS_DISEASE_RISK,previous_plan_prior:previous_shift_all:2,1.055958333623906,previous_plan_prior,previous_shift_all,0.12,-0.0434708804766224,0.10520833255102247,conservative_prior:conservative_stabilize:5,1.0707500010728834,1.2814545423810628,15.25,92.31457683051366,"{""any_risk"": true, ""canopy_dew_margin_lt0"": true, ""canopy_dew_margin_lt1"": true, ""dew_risk"": true, ""dry_or_high_vpd_risk"": false, ""dry_risk"": false, ""dry_vent_risk"": false, ""high_vpd"": false, ""humidity_or_dew_risk"": true, ""rh_ge_90"": true}","{""base_final_score"": 0.049208332551022416, ""final_score"": 0.10520833255102247, ""prior_confidence_bonus"": 0.055999999999999994, ""projected_energy_proxy"": 0.23666666174928352, ""projected_low_reversal"": 0.0, ""projected_smoothness"": 0.0041666671137015054, ""raw_energy_proxy"": 0.23666666174928352, ""raw_low_reversal"": 0.0, ""raw_smoothness"": 0.0041666671137015054, ""rewrite_penalty"": 0.0, ""risk_static_hold_penalty"": 0.0, ""uncertainty_penalty"": 0.0}",637,19.421759053196393,0.17336048957512037
HUMIDITY_EXCESS_DISEASE_RISK,previous_plan_prior:previous_shift_all:2,1.055958333623906,previous_plan_prior,previous_shift_all,0.12,0.03729852751740381,0.10520833255102247,conservative_prior:conservative_stabilize:5,1.0707500010728834,1.343227641932561,15.5,91.95730408149164,"{""any_risk"": true, ""canopy_dew_margin_lt0"": false, ""canopy_dew_margin_lt1"": true, ""dew_risk"": true, ""dry_or_high_vpd_risk"": false, ""dry_risk"": false, ""dry_vent_risk"": false, ""high_vpd"": false, ""humidity_or_dew_risk"": true, ""rh_ge_90"": true}","{""base_final_score"": 0.049208332551022416, ""final_score"": 0.10520833255102247, ""prior_confidence_bonus"": 0.055999999999999994, ""projected_energy_proxy"": 0.23666666174928352, ""projected_low_reversal"": 0.0, ""projected_smoothness"": 0.0041666671137015054, ""raw_energy_proxy"": 0.23666666174928352, ""raw_low_reversal"": 0.0, ""raw_smoothness"": 0.0041666671137015054, ""rewrite_penalty"": 0.0, ""risk_static_hold_penalty"": 0.0, ""uncertainty_penalty"": 0.0}",638,19.41788919701671,0.18137585968163872
HUMIDITY_EXCESS_DISEASE_RISK,previous_plan_prior:previous_shift_all:2,1.055958333623906,previous_plan_prior,previous_shift_all,0.12,0.11652764008261585,0.10520833255102247,conservative_prior:conservative_stabilize:5,1.0707500010728834,1.4006698422911654,15.75,91.62589421100958,"{""any_risk"": true, ""canopy_dew_margin_lt0"": false, ""canopy_dew_margin_lt1"": true, ""dew_risk"": true, ""dry_or_high_vpd_risk"": false, ""dry_risk"": false, ""dry_vent_risk"": false, ""high_vpd"": false, ""humidity_or_dew_risk"": true, ""rh_ge_90"": true}","{""base_final_score"": 0.049208332551022416, ""final_score"": 0.10520833255102247, ""prior_confidence_bonus"": 0.055999999999999994, ""projected_energy_proxy"": 0.23666666174928352, ""projected_low_reversal"": 0.0, ""projected_smoothness"": 0.0041666671137015054, ""raw_energy_proxy"": 0.23666666174928352, ""raw_low_reversal"": 0.0, ""raw_smoothness"": 0.0041666671137015054, ""rewrite_penalty"": 0.0, ""risk_static_hold_penalty"": 0.0, ""uncertainty_penalty"": 0.0}",639,19.410242542325662,0.18875991471026887
HUMIDITY_EXCESS_DISEASE_RISK,previous_plan_prior:previous_shift_all:2,1.055958333623906,previous_plan_prior,previous_shift_all,0.12,0.19471842129947348,0.10520833255102247,conservative_prior:conservative_stabilize:5,1.0707500010728834,1.4560799005975475,16.0,91.3070163297557,"{""any_risk"": true, ""canopy_dew_margin_lt0"": false, ""canopy_dew_margin_lt1"": true, ""dew_risk"": true, ""dry_or_high_vpd_risk"": false, ""dry_risk"": false, ""dry_vent_risk"": false, ""high_vpd"": false, ""humidity_or_dew_risk"": true, ""rh_ge_90"": true}","{""base_final_score"": 0.049208332551022416, ""final_score"": 0.10520833255102247, ""prior_confidence_bonus"": 0.055999999999999994, ""projected_energy_proxy"": 0.23666666174928352, ""projected_low_reversal"": 0.0, ""projected_smoothness"": 0.0041666671137015054, ""raw_energy_proxy"": 0.23666666174928352, ""raw_low_reversal"": 0.0, ""raw_smoothness"": 0.0041666671137015054, ""rewrite_penalty"": 0.0, ""risk_static_hold_penalty"": 0.0, ""uncertainty_penalty"": 0.0}",640,19.40060309872173,0.1958302837094828
HUMIDITY_EXCESS_DISEASE_RISK,previous_plan_prior:previous_shift_all:2,1.055958333623906,previous_plan_prior,previous_shift_all,0.12,0.2719746082500585,0.10520833255102247,conservative_prior:conservative_stabilize:5,1.0707500010728834,1.5064950366233987,16.25,91.01728973011157,"{""any_risk"": true, ""canopy_dew_margin_lt0"": false, ""canopy_dew_margin_lt1"": true, ""dew_risk"": true, ""dry_or_high_vpd_risk"": false, ""dry_risk"": false, ""dry_vent_risk"": false, ""high_vpd"": false, ""humidity_or_dew_risk"": true, ""rh_ge_90"": true}","{""base_final_score"": 0.049208332551022416, ""final_score"": 0.10520833255102247, ""prior_confidence_bonus"": 0.055999999999999994, ""projected_energy_proxy"": 0.23666666174928352, ""projected_low_reversal"": 0.0, ""projected_smoothness"": 0.0041666671137015054, ""raw_energy_proxy"": 0.23666666174928352, ""raw_low_reversal"": 0.0, ""raw_smoothness"": 0.0041666671137015054, ""rewrite_penalty"": 0.0, ""risk_static_hold_penalty"": 0.0, ""uncertainty_penalty"": 0.0}",641,19.38588844822972,0.20217196552193067
HUMIDITY_EXCESS_DISEASE_RISK,previous_plan_prior:previous_shift_all:2,1.055958333623906,previous_plan_prior,previous_shift_all,0.12,0.3253759759746373,0.10520833255102247,conservative_prior:conservative_stabilize:5,1.0707500010728834,1.430423011504665,16.5,91.44575067515144,"{""any_risk"": true, ""canopy_dew_margin_lt0"": false, ""canopy_dew_margin_lt1"": true, ""dew_risk"": true, ""dry_or_high_vpd_risk"": false, ""dry_risk"": false, ""dry_vent_risk"": false, ""high_vpd"": false, ""humidity_or_dew_risk"": true, ""rh_ge_90"": true}","{""base_final_score"": 0.049208332551022416, ""final_score"": 0.10520833255102247, ""prior_confidence_bonus"": 0.055999999999999994, ""projected_energy_proxy"": 0.23666666174928352, ""projected_low_reversal"": 0.0, ""projected_smoothness"": 0.0041666671137015054, ""raw_energy_proxy"": 0.23666666174928352, ""raw_low_reversal"": 0.0, ""raw_smoothness"": 0.0041666671137015054, ""rewrite_penalty"": 0.0, ""risk_static_hold_penalty"": 0.0, ""uncertainty_penalty"": 0.0}",642,19.267040157163734,0.19111009961583286
HUMIDITY_EXCESS_DISEASE_RISK,previous_plan_prior:previous_shift_all:2,1.055958333623906,previous_plan_prior,previous_shift_all,0.12,0.37880066386503586,0.10520833255102247,conservative_prior:conservative_stabilize:5,1.0707500010728834,1.356924499135637,16.75,91.86196500974533,"{""any_risk"": true, ""canopy_dew_margin_lt0"": false, ""canopy_dew_margin_lt1"": true, ""dew_risk"": true, ""dry_or_high_vpd_risk"": false, ""dry_risk"": false, ""dry_vent_risk"": false, ""high_vpd"": false, ""humidity_or_dew_risk"": true, ""rh_ge_90"": true}","{""base_final_score"": 0.049208332551022416, ""final_score"": 0.10520833255102247, ""prior_confidence_bonus"": 0.055999999999999994, ""projected_energy_proxy"": 0.23666666174928352, ""projected_low_reversal"": 0.0, ""projected_smoothness"": 0.0041666671137015054, ""raw_energy_proxy"": 0.23666666174928352, ""raw_low_reversal"": 0.0, ""raw_smoothness"": 0.0041666671137015054, ""rewrite_penalty"": 0.0, ""risk_static_hold_penalty"": 0.0, ""uncertainty_penalty"": 0.0}",643,19.149169810345917,0.18048161520278055
HUMIDITY_EXCESS_DISEASE_RISK,previous_plan_prior:previous_shift_all:2,1.055958333623906,previous_plan_prior,previous_shift_all,0.12,0.4336228075168762,0.10520833255102247,conservative_prior:conservative_stabilize:5,1.0707500010728834,1.2851340040005539,17.0,92.27062000263406,"{""any_risk"": true, ""canopy_dew_margin_lt0"": false, ""canopy_dew_margin_lt1"": true, ""dew_risk"": true, ""dry_or_high_vpd_risk"": false, ""dry_risk"": false, ""dry_vent_risk"": false, ""high_vpd"": false, ""humidity_or_dew_risk"": true, ""rh_ge_90"": true}","{""base_final_score"": 0.049208332551022416, ""final_score"": 0.10520833255102247, ""prior_confidence_bonus"": 0.055999999999999994, ""projected_energy_proxy"": 0.23666666174928352, ""projected_low_reversal"": 0.0, ""projected_smoothness"": 0.0041666671137015054, ""raw_energy_proxy"": 0.23666666174928352, ""raw_low_reversal"": 0.0, ""raw_smoothness"": 0.0041666671137015054, ""rewrite_penalty"": 0.0, ""risk_static_hold_penalty"": 0.0, ""uncertainty_penalty"": 0.0}",644,19.030085855453535,0.1701507828613808
HUMIDITY_EXCESS_DISEASE_RISK,previous_plan_prior:previous_shift_all:2,1.055958333623906,previous_plan_prior,previous_shift_all,0.12,0.4906005945413767,0.10520833255102247,conservative_prior:conservative_stabilize:5,1.0707500010728834,1.2256643013339463,17.25,92.61027998357933,"{""any_risk"": true, ""canopy_dew_margin_lt0"": false, ""canopy_dew_margin_lt1"": true, ""dew_risk"": true, ""dry_or_high_vpd_risk"": false, ""dry_risk"": false, ""dry_vent_risk"": false, ""high_vpd"": false, ""humidity_or_dew_risk"": true, ""rh_ge_90"": true}","{""base_final_score"": 0.049208332551022416, ""final_score"": 0.10520833255102247, ""prior_confidence_bonus"": 0.055999999999999994, ""projected_energy_proxy"": 0.23666666174928352, ""projected_low_reversal"": 0.0, ""projected_smoothness"": 0.0041666671137015054, ""raw_energy_proxy"": 0.23666666174928352, ""raw_low_reversal"": 0.0, ""raw_smoothness"": 0.0041666671137015054, ""rewrite_penalty"": 0.0, ""risk_static_hold_penalty"": 0.0, ""uncertainty_penalty"": 0.0}",645,18.91986824263533,0.16155876823771587
HUMIDITY_EXCESS_DISEASE_RISK,previous_plan_prior:previous_shift_all:2,1.055958333623906,previous_plan_prior,previous_shift_all,0.12,0.48551756821479586,0.10520833255102247,conservative_prior:conservative_stabilize:5,1.0707500010728834,1.2245459366468125,17.5,92.6173479652687,"{""any_risk"": true, ""canopy_dew_margin_lt0"": false, ""canopy_dew_margin_lt1"": true, ""dew_risk"": true, ""dry_or_high_vpd_risk"": false, ""dry_risk"": false, ""dry_vent_risk"": false, ""high_vpd"": false, ""humidity_or_dew_risk"": true, ""rh_ge_90"": true}","{""base_final_score"": 0.049208332551022416, ""final_score"": 0.10520833255102247, ""prior_confidence_bonus"": 0.055999999999999994, ""projected_energy_proxy"": 0.23666666174928352, ""projected_low_reversal"": 0.0, ""projected_smoothness"": 0.0041666671137015054, ""raw_energy_proxy"": 0.23666666174928352, ""raw_low_reversal"": 0.0, ""raw_smoothness"": 0.0041666671137015054, ""rewrite_penalty"": 0.0, ""risk_static_hold_penalty"": 0.0, ""uncertainty_penalty"": 0.0}",646,18.929767937273468,0.1615040143377041
HUMIDITY_EXCESS_DISEASE_RISK,previous_plan_prior:previous_shift_all:2,1.055958333623906,previous_plan_prior,previous_shift_all,0.12,0.483781545984197,0.10520833255102247,conservative_prior:conservative_stabilize:5,1.0707500010728834,1.2303343844393986,17.75,92.58437088623103,"{""any_risk"": true, ""canopy_dew_margin_lt0"": false, ""canopy_dew_margin_lt1"": true, ""dew_risk"": true, ""dry_or_high_vpd_risk"": false, ""dry_risk"": false, ""dry_vent_risk"": false, ""high_vpd"": false, ""humidity_or_dew_risk"": true, ""rh_ge_90"": true}","{""base_final_score"": 0.049208332551022416, ""final_score"": 0.10520833255102247, ""prior_confidence_bonus"": 0.055999999999999994, ""projected_energy_proxy"": 0.23666666174928352, ""projected_low_reversal"": 0.0, ""projected_smoothness"": 0.0041666671137015054, ""raw_energy_proxy"": 0.23666666174928352, ""raw_low_reversal"": 0.0, ""raw_smoothness"": 0.0041666671137015054, ""rewrite_penalty"": 0.0, ""risk_static_hold_penalty"": 0.0, ""uncertainty_penalty"": 0.0}",647,18.943321136829965,0.1623627154102437
HUMIDITY_EXCESS_DISEASE_RISK,previous_plan_prior:previous_shift_all:2,1.0540833338494997,previous_plan_prior,previous_shift_all,0.12,0.49139198238910353,0.10333333277661616,conservative_prior:conservative_stabilize:5,1.0707500010728834,1.2538992055358058,18.0,92.44844153209169,"{""any_risk"": true, ""canopy_dew_margin_lt0"": false, ""canopy_dew_margin_lt1"": true, ""dew_risk"": true, ""dry_or_high_vpd_risk"": false, ""dry_risk"": false, ""dry_vent_risk"": false, ""high_vpd"": false, ""humidity_or_dew_risk"": true, ""rh_ge_90"": true}","{""base_final_score"": 0.04733333277661611, ""final_score"": 0.10333333277661616, ""prior_confidence_bonus"": 0.055999999999999994, ""projected_energy_proxy"": 0.23666666174928352, ""projected_low_reversal"": 0.0, ""projected_smoothness"": 9.483543950139506e-10, ""raw_energy_proxy"": 0.23666666174928352, ""raw_low_reversal"": 0.0, ""raw_smoothness"": 9.483543950139506e-10, ""rewrite_penalty"": 0.0, ""risk_static_hold_penalty"": 0.0, ""uncertainty_penalty"": 0.0}",648,18.965734974453678,0.16557027688479042
HUMIDITY_EXCESS_DISEASE_RISK,previous_plan_prior:previous_shift_all:2,1.0540833338494997,previous_plan_prior,previous_shift_all,0.12,0.5815051777109517,0.10333333277661616,conservative_prior:conservative_stabilize:5,1.0707500010728834,1.3419247355187487,18.75,91.93896939436839,"{""any_risk"": true, ""canopy_dew_margin_lt0"": false, ""canopy_dew_margin_lt1"": true, ""dew_risk"": true, ""dry_or_high_vpd_risk"": false, ""dry_risk"": false, ""dry_vent_risk"": false, ""high_vpd"": false, ""humidity_or_dew_risk"": true, ""rh_ge_90"": true}","{""base_final_score"": 0.04733333277661611, ""final_score"": 0.10333333277661616, ""prior_confidence_bonus"": 0.055999999999999994, ""projected_energy_proxy"": 0.23666666174928352, ""projected_low_reversal"": 0.0, ""projected_smoothness"": 9.483543950139506e-10, ""raw_energy_proxy"": 0.23666666174928352, ""raw_low_reversal"": 0.0, ""raw_smoothness"": 9.483543950139506e-10, ""rewrite_penalty"": 0.0, ""risk_static_hold_penalty"": 0.0, ""uncertainty_penalty"": 0.0}",651,18.988584311339704,0.17699277172254232
HUMIDITY_EXCESS_DISEASE_RISK,previous_plan_prior:previous_shift_all:2,1.0540833338494997,previous_plan_prior,previous_shift_all,0.12,0.6143286460118453,0.10333333277661616,conservative_prior:conservative_stabilize:5,1.0707500010728834,1.344713760941854,19.0,91.92145871619549,"{""any_risk"": true, ""canopy_dew_margin_lt0"": false, ""canopy_dew_margin_lt1"": true, ""dew_risk"": true, ""dry_or_high_vpd_risk"": false, ""dry_risk"": false, ""dry_vent_risk"": false, ""high_vpd"": false, ""humidity_or_dew_risk"": true, ""rh_ge_90"": true}","{""base_final_score"": 0.04733333277661611, ""final_score"": 0.10333333277661616, ""prior_confidence_bonus"": 0.055999999999999994, ""projected_energy_proxy"": 0.23666666174928352, ""projected_low_reversal"": 0.0, ""projected_smoothness"": 9.483543950139506e-10, ""raw_energy_proxy"": 0.23666666174928352, ""raw_low_reversal"": 0.0, ""raw_smoothness"": 9.483543950139506e-10, ""rewrite_penalty"": 0.0, ""risk_static_hold_penalty"": 0.0, ""uncertainty_penalty"": 0.0}",652,18.96597054242251,0.17712714334328625
HUMIDITY_EXCESS_DISEASE_RISK,previous_plan_prior:previous_shift_all:2,1.0540833338494997,previous_plan_prior,previous_shift_all,0.12,0.6439971836272917,0.10333333277661616,conservative_prior:conservative_stabilize:5,1.0707500010728834,1.3518677760264204,19.25,91.87912300353595,"{""any_risk"": true, ""canopy_dew_margin_lt0"": false, ""canopy_dew_margin_lt1"": true, ""dew_risk"": true, ""dry_or_high_vpd_risk"": false, ""dry_risk"": false, ""dry_vent_risk"": false, ""high_vpd"": false, ""humidity_or_dew_risk"": true, ""rh_ge_90"": true}","{""base_final_score"": 0.04733333277661611, ""final_score"": 0.10333333277661616, ""prior_confidence_bonus"": 0.055999999999999994, ""projected_energy_proxy"": 0.23666666174928352, ""projected_low_reversal"": 0.0, ""projected_smoothness"": 9.483543950139506e-10, ""raw_energy_proxy"": 0.23666666174928352, ""raw_low_reversal"": 0.0, ""raw_smoothness"": 9.483543950139506e-10, ""rewrite_penalty"": 0.0, ""risk_static_hold_penalty"": 0.0, ""uncertainty_penalty"": 0.0}",653,18.950624150087194,0.17788494029440405
HUMIDITY_EXCESS_DISEASE_RISK,previous_plan_prior:previous_shift_all:2,1.0540833338494997,previous_plan_prior,previous_shift_all,0.12,0.6487674491558231,0.10333333277661616,conservative_prior:conservative_stabilize:5,1.0707500010728834,1.358166411430691,19.5,91.84320530679332,"{""any_risk"": true, ""canopy_dew_margin_lt0"": false, ""canopy_dew_margin_lt1"": true, ""dew_risk"": true, ""dry_or_high_vpd_risk"": false, ""dry_risk"": false, ""dry_vent_risk"": false, ""high_vpd"": false, ""humidity_or_dew_risk"": true, ""rh_ge_90"": true}","{""base_final_score"": 0.04733333277661611, ""final_score"": 0.10333333277661616, ""prior_confidence_bonus"": 0.055999999999999994, ""projected_energy_proxy"": 0.23666666174928352, ""projected_low_reversal"": 0.0, ""projected_smoothness"": 9.483543950139506e-10, ""raw_energy_proxy"": 0.23666666174928352, ""raw_low_reversal"": 0.0, ""raw_smoothness"": 9.483543950139506e-10, ""rewrite_penalty"": 0.0, ""risk_static_hold_penalty"": 0.0, ""uncertainty_penalty"": 0.0}",654,18.959224254042546,0.17876762417421063
HUMIDITY_EXCESS_DISEASE_RISK,previous_plan_prior:previous_shift_all:2,1.0540833338494997,previous_plan_prior,previous_shift_all,0.12,0.6525896063720964,0.10333333277661616,conservative_prior:conservative_stabilize:5,1.0707500010728834,1.3634505772592291,19.75,91.81316460063324,"{""any_risk"": true, ""canopy_dew_margin_lt0"": false, ""canopy_dew_margin_lt1"": true, ""dew_risk"": true, ""dry_or_high_vpd_risk"": false, ""dry_risk"": false, ""dry_vent_risk"": false, ""high_vpd"": false, ""humidity_or_dew_risk"": true, ""rh_ge_90"": true}","{""base_final_score"": 0.04733333277661611, ""final_score"": 0.10333333277661616, ""prior_confidence_bonus"": 0.055999999999999994, ""projected_energy_proxy"": 0.23666666174928352, ""projected_low_reversal"": 0.0, ""projected_smoothness"": 9.483543950139506e-10, ""raw_energy_proxy"": 0.23666666174928352, ""raw_low_reversal"": 0.0, ""raw_smoothness"": 9.483543950139506e-10, ""rewrite_penalty"": 0.0, ""risk_static_hold_penalty"": 0.0, ""uncertainty_penalty"": 0.0}",655,18.967725813848723,0.17952122248053695
HUMIDITY_EXCESS_DISEASE_RISK,previous_plan_prior:previous_shift_all:2,1.0540833338494997,previous_plan_prior,previous_shift_all,0.12,0.6633175423880502,0.10333333277661616,conservative_prior:conservative_stabilize:5,1.0707500010728834,1.3509941590063654,20.25,91.88465016424034,"{""any_risk"": true, ""canopy_dew_margin_lt0"": false, ""canopy_dew_margin_lt1"": true, ""dew_risk"": true, ""dry_or_high_vpd_risk"": false, ""dry_risk"": false, ""dry_vent_risk"": false, ""high_vpd"": false, ""humidity_or_dew_risk"": true, ""rh_ge_90"": true}","{""base_final_score"": 0.04733333277661611, ""final_score"": 0.10333333277661616, ""prior_confidence_bonus"": 0.055999999999999994, ""projected_energy_proxy"": 0.23666666174928352, ""projected_low_reversal"": 0.0, ""projected_smoothness"": 9.483543950139506e-10, ""raw_energy_proxy"": 0.23666666174928352, ""raw_low_reversal"": 0.0, ""raw_smoothness"": 9.483543950139506e-10, ""rewrite_penalty"": 0.0, ""risk_static_hold_penalty"": 0.0, ""uncertainty_penalty"": 0.0}",657,18.958384831594103,0.17784998512870115
HUMIDITY_EXCESS_DISEASE_RISK,previous_plan_prior:previous_shift_all:2,1.0540833338494997,previous_plan_prior,previous_shift_all,0.12,0.7698462713377054,0.10333333277661616,conservative_prior:conservative_stabilize:5,1.0707500010728834,1.3582240468353781,20.5,91.83712350581911,"{""any_risk"": true, ""canopy_dew_margin_lt0"": false, ""canopy_dew_margin_lt1"": true, ""dew_risk"": true, ""dry_or_high_vpd_risk"": false, ""dry_risk"": false, ""dry_vent_risk"": false, ""high_vpd"": false, ""humidity_or_dew_risk"": true, ""rh_ge_90"": true}","{""base_final_score"": 0.04733333277661611, ""final_score"": 0.10333333277661616, ""prior_confidence_bonus"": 0.055999999999999994, ""projected_energy_proxy"": 0.23666666174928352, ""projected_low_reversal"": 0.0, ""projected_smoothness"": 9.483543950139506e-10, ""raw_energy_proxy"": 0.23666666174928352, ""raw_low_reversal"": 0.0, ""raw_smoothness"": 9.483543950139506e-10, ""rewrite_penalty"": 0.0, ""risk_static_hold_penalty"": 0.0, ""uncertainty_penalty"": 0.0}",658,18.865129351505903,0.17785311343042434
HUMIDITY_EXCESS_DISEASE_RISK,previous_plan_prior:previous_shift_all:2,1.0540833338494997,previous_plan_prior,previous_shift_all,0.12,0.8752555125812087,0.10333333277661616,conservative_prior:conservative_stabilize:5,1.0707500010728834,1.3714371336935542,20.75,91.75530120494635,"{""any_risk"": true, ""canopy_dew_margin_lt0"": false, ""canopy_dew_margin_lt1"": true, ""dew_risk"": true, ""dry_or_high_vpd_risk"": false, ""dry_risk"": false, ""dry_vent_risk"": false, ""high_vpd"": false, ""humidity_or_dew_risk"": true, ""rh_ge_90"": true}","{""base_final_score"": 0.04733333277661611, ""final_score"": 0.10333333277661616, ""prior_confidence_bonus"": 0.055999999999999994, ""projected_energy_proxy"": 0.23666666174928352, ""projected_low_reversal"": 0.0, ""projected_smoothness"": 9.483543950139506e-10, ""raw_energy_proxy"": 0.23666666174928352, ""raw_low_reversal"": 0.0, ""raw_smoothness"": 9.483543950139506e-10, ""rewrite_penalty"": 0.0, ""risk_static_hold_penalty"": 0.0, ""uncertainty_penalty"": 0.0}",659,18.778126361234218,0.17866215049227596
HUMIDITY_EXCESS_DISEASE_RISK,previous_plan_prior:previous_shift_all:2,1.0540833338494997,previous_plan_prior,previous_shift_all,0.12,0.9798726862215652,0.10333333277661616,conservative_prior:conservative_stabilize:5,1.0707500010728834,1.3827134326389725,21.0,91.68451916284168,"{""any_risk"": true, ""canopy_dew_margin_lt0"": false, ""canopy_dew_margin_lt1"": true, ""dew_risk"": true, ""dry_or_high_vpd_risk"": false, ""dry_risk"": false, ""dry_vent_risk"": false, ""high_vpd"": false, ""humidity_or_dew_risk"": true, ""rh_ge_90"": true}","{""base_final_score"": 0.04733333277661611, ""final_score"": 0.10333333277661616, ""prior_confidence_bonus"": 0.055999999999999994, ""projected_energy_proxy"": 0.23666666174928352, ""projected_low_reversal"": 0.0, ""projected_smoothness"": 9.483543950139506e-10, ""raw_energy_proxy"": 0.23666666174928352, ""raw_low_reversal"": 0.0, ""raw_smoothness"": 9.483543950139506e-10, ""rewrite_penalty"": 0.0, ""risk_static_hold_penalty"": 0.0, ""uncertainty_penalty"": 0.0}",660,18.68913093531032,0.17919625516595766
HUMIDITY_EXCESS_DISEASE_RISK,previous_plan_prior:previous_shift_all:2,1.0540833338494997,previous_plan_prior,previous_shift_all,0.12,1.088175755864885,0.10333333277661616,conservative_prior:conservative_stabilize:5,1.0707500010728834,1.392591495655779,21.25,91.62140771226655,"{""any_risk"": true, ""canopy_dew_margin_lt0"": false, ""canopy_dew_margin_lt1"": false, ""dew_risk"": false, ""dry_or_high_vpd_risk"": false, ""dry_risk"": false, ""dry_vent_risk"": false, ""high_vpd"": false, ""humidity_or_dew_risk"": true, ""rh_ge_90"": true}","{""base_final_score"": 0.04733333277661611, ""final_score"": 0.10333333277661616, ""prior_confidence_bonus"": 0.055999999999999994, ""projected_energy_proxy"": 0.23666666174928352, ""projected_low_reversal"": 0.0, ""projected_smoothness"": 9.483543950139506e-10, ""raw_energy_proxy"": 0.23666666174928352, ""raw_low_reversal"": 0.0, ""raw_smoothness"": 9.483543950139506e-10, ""rewrite_penalty"": 0.0, ""risk_static_hold_penalty"": 0.0, ""uncertainty_penalty"": 0.0}",661,18.59416424735632,0.17948677240263058
HUMIDITY_EXCESS_DISEASE_RISK,previous_plan_prior:previous_shift_all:2,1.0540833338494997,previous_plan_prior,previous_shift_all,0.12,1.329874399371171,0.10333333277661616,conservative_prior:conservative_stabilize:5,1.0707500010728834,1.3984180888986444,21.5,91.57291776557557,"{""any_risk"": true, ""canopy_dew_margin_lt0"": false, ""canopy_dew_margin_lt1"": false, ""dew_risk"": false, ""dry_or_high_vpd_risk"": false, ""dry_risk"": false, ""dry_vent_risk"": false, ""high_vpd"": false, ""humidity_or_dew_risk"": true, ""rh_ge_90"": true}","{""base_final_score"": 0.04733333277661611, ""final_score"": 0.10333333277661616, ""prior_confidence_bonus"": 0.055999999999999994, ""projected_energy_proxy"": 0.23666666174928352, ""projected_low_reversal"": 0.0, ""projected_smoothness"": 9.483543950139506e-10, ""raw_energy_proxy"": 0.23666666174928352, ""raw_low_reversal"": 0.0, ""raw_smoothness"": 9.483543950139506e-10, ""rewrite_penalty"": 0.0, ""risk_static_hold_penalty"": 0.0, ""uncertainty_penalty"": 0.0}",662,18.359972484403066,0.17789658839480121
HUMIDITY_EXCESS_DISEASE_RISK,previous_plan_prior:previous_shift_all:2,1.0540833338494997,previous_plan_prior,previous_shift_all,0.12,1.563864274004004,0.10333333277661616,conservative_prior:conservative_stabilize:5,1.0707500010728834,1.409730138680768,21.75,91.49316079451903,"{""any_risk"": true, ""canopy_dew_margin_lt0"": false, ""canopy_dew_margin_lt1"": false, ""dew_risk"": false, ""dry_or_high_vpd_risk"": false, ""dry_risk"": false, ""dry_vent_risk"": false, ""high_vpd"": false, ""humidity_or_dew_risk"": true, ""rh_ge_90"": true}","{""base_final_score"": 0.04733333277661611, ""final_score"": 0.10333333277661616, ""prior_confidence_bonus"": 0.055999999999999994, ""projected_energy_proxy"": 0.23666666174928352, ""projected_low_reversal"": 0.0, ""projected_smoothness"": 9.483543950139506e-10, ""raw_energy_proxy"": 0.23666666174928352, ""raw_low_reversal"": 0.0, ""raw_smoothness"": 9.483543950139506e-10, ""rewrite_penalty"": 0.0, ""risk_static_hold_penalty"": 0.0, ""uncertainty_penalty"": 0.0}",663,18.136884633610983,0.17708379370770574
NORMAL_BALANCED,previous_plan_prior:previous_shift_all:2,1.0495833334450921,previous_plan_prior,previous_shift_all,0.12,5.444788571085272,0.10220833192517376,conservative_prior:conservative_stabilize:5,1.0673750015199184,1.6173171062303808,18.25,90.12450674242925,"{""any_risk"": true, ""canopy_dew_margin_lt0"": false, ""canopy_dew_margin_lt1"": false, ""dew_risk"": false, ""dry_or_high_vpd_risk"": false, ""dry_risk"": false, ""dry_vent_risk"": false, ""high_vpd"": false, ""humidity_or_dew_risk"": true, ""rh_ge_90"": true}","{""base_final_score"": 0.04620833192517371, ""final_score"": 0.10220833192517376, ""prior_confidence_bonus"": 0.055999999999999994, ""projected_energy_proxy"": 0.23666666174928352, ""projected_low_reversal"": 0.0, ""projected_smoothness"": -0.002500000943740255, ""raw_energy_proxy"": 0.23666666174928352, ""raw_low_reversal"": 0.0, ""raw_smoothness"": -0.002500000943740255, ""rewrite_penalty"": 0.0, ""risk_static_hold_penalty"": 0.0, ""uncertainty_penalty"": 0.0}",73,15.799621997959754,0.17726696617945753
HUMIDITY_EXCESS_DISEASE_RISK,previous_plan_prior:previous_shift_all:2,1.0484583347435694,previous_plan_prior,previous_shift_all,0.12,1.4394446354087478,0.10108333322365104,conservative_prior:conservative_stabilize:5,1.0673750015199184,1.2549535175780626,0.25,92.39125822859322,"{""any_risk"": true, ""canopy_dew_margin_lt0"": false, ""canopy_dew_margin_lt1"": false, ""dew_risk"": false, ""dry_or_high_vpd_risk"": false, ""dry_risk"": false, ""dry_vent_risk"": false, ""high_vpd"": false, ""humidity_or_dew_risk"": true, ""rh_ge_90"": true}","{""base_final_score"": 0.04508333322365099, ""final_score"": 0.10108333322365104, ""prior_confidence_bonus"": 0.055999999999999994, ""projected_energy_proxy"": 0.23666666174928352, ""projected_low_reversal"": 0.0, ""projected_smoothness"": -0.004999998058234922, ""raw_energy_proxy"": 0.23666666174928352, ""raw_low_reversal"": 0.0, ""raw_smoothness"": -0.004999998058234922, ""rewrite_penalty"": 0.0, ""risk_static_hold_penalty"": 0.0, ""uncertainty_penalty"": 0.0}",673,18.070591216832455,0.15773014495217583
HUMIDITY_EXCESS_DISEASE_RISK,previous_plan_prior:previous_shift_all:2,1.0484583347435694,previous_plan_prior,previous_shift_all,0.12,1.4134630137165232,0.10108333322365104,conservative_prior:conservative_stabilize:5,1.0673750015199184,1.2213123786581903,0.5,92.58786931608405,"{""any_risk"": true, ""canopy_dew_margin_lt0"": false, ""canopy_dew_margin_lt1"": false, ""dew_risk"": false, ""dry_or_high_vpd_risk"": false, ""dry_risk"": false, ""dry_vent_risk"": false, ""high_vpd"": false, ""humidity_or_dew_risk"": true, ""rh_ge_90"": true}","{""base_final_score"": 0.04508333322365099, ""final_score"": 0.10108333322365104, ""prior_confidence_bonus"": 0.055999999999999994, ""projected_energy_proxy"": 0.23666666174928352, ""projected_low_reversal"": 0.0, ""projected_smoothness"": -0.004999998058234922, ""raw_energy_proxy"": 0.23666666174928352, ""raw_low_reversal"": 0.0, ""raw_smoothness"": -0.004999998058234922, ""rewrite_penalty"": 0.0, ""risk_static_hold_penalty"": 0.0, ""uncertainty_penalty"": 0.0}",674,18.060924926509564,0.1535610643453936
HUMIDITY_EXCESS_DISEASE_RISK,previous_plan_prior:previous_shift_all:2,1.0484583347435694,previous_plan_prior,previous_shift_all,0.12,1.3870523467099467,0.10108333322365104,conservative_prior:conservative_stabilize:5,1.0673750015199184,1.2063648910728944,0.75,92.67612018113736,"{""any_risk"": true, ""canopy_dew_margin_lt0"": false, ""canopy_dew_margin_lt1"": false, ""dew_risk"": false, ""dry_or_high_vpd_risk"": false, ""dry_risk"": false, ""dry_vent_risk"": false, ""high_vpd"": false, ""humidity_or_dew_risk"": true, ""rh_ge_90"": true}","{""base_final_score"": 0.04508333322365099, ""final_score"": 0.10108333322365104, ""prior_confidence_bonus"": 0.055999999999999994, ""projected_energy_proxy"": 0.23666666174928352, ""projected_low_reversal"": 0.0, ""projected_smoothness"": -0.004999998058234922, ""raw_energy_proxy"": 0.23666666174928352, ""raw_low_reversal"": 0.0, ""raw_smoothness"": -0.004999998058234922, ""rewrite_penalty"": 0.0, ""risk_static_hold_penalty"": 0.0, ""uncertainty_penalty"": 0.0}",675,18.070479614624617,0.1518238571813662
HUMIDITY_EXCESS_DISEASE_RISK,previous_plan_prior:previous_shift_all:2,1.0484583347435694,previous_plan_prior,previous_shift_all,0.12,1.360655534103266,0.10108333322365104,conservative_prior:conservative_stabilize:5,1.0673750015199184,1.1923911308121014,1.0,92.75877066310281,"{""any_risk"": true, ""canopy_dew_margin_lt0"": false, ""canopy_dew_margin_lt1"": false, ""dew_risk"": false, ""dry_or_high_vpd_risk"": false, ""dry_risk"": false, ""dry_vent_risk"": false, ""high_vpd"": false, ""humidity_or_dew_risk"": true, ""rh_ge_90"": true}","{""base_final_score"": 0.04508333322365099, ""final_score"": 0.10108333322365104, ""prior_confidence_bonus"": 0.055999999999999994, ""projected_energy_proxy"": 0.23666666174928352, ""projected_low_reversal"": 0.0, ""projected_smoothness"": -0.004999998058234922, ""raw_energy_proxy"": 0.23666666174928352, ""raw_low_reversal"": 0.0, ""raw_smoothness"": -0.004999998058234922, ""rewrite_penalty"": 0.0, ""risk_static_hold_penalty"": 0.0, ""uncertainty_penalty"": 0.0}",676,18.081128257053745,0.15021099150942935
HUMIDITY_EXCESS_DISEASE_RISK,previous_plan_prior:previous_shift_all:2,1.0484583347435694,previous_plan_prior,previous_shift_all,0.12,1.334264800453255,0.10108333322365104,conservative_prior:conservative_stabilize:5,1.0673750015199184,1.1805519568926535,1.25,92.82904656065256,"{""any_risk"": true, ""canopy_dew_margin_lt0"": false, ""canopy_dew_margin_lt1"": false, ""dew_risk"": false, ""dry_or_high_vpd_risk"": false, ""dry_risk"": false, ""dry_vent_risk"": false, ""high_vpd"": false, ""humidity_or_dew_risk"": true, ""rh_ge_90"": true}","{""base_final_score"": 0.04508333322365099, ""final_score"": 0.10108333322365104, ""prior_confidence_bonus"": 0.055999999999999994, ""projected_energy_proxy"": 0.23666666174928352, ""projected_low_reversal"": 0.0, ""projected_smoothness"": -0.004999998058234922, ""raw_energy_proxy"": 0.23666666174928352, ""raw_low_reversal"": 0.0, ""raw_smoothness"": -0.004999998058234922, ""rewrite_penalty"": 0.0, ""risk_static_hold_penalty"": 0.0, ""uncertainty_penalty"": 0.0}",677,18.094048488566234,0.14887400462020786
HUMIDITY_EXCESS_DISEASE_RISK,previous_plan_prior:previous_shift_all:2,1.0484583347435694,previous_plan_prior,previous_shift_all,0.12,1.2868293050758126,0.10108333322365104,conservative_prior:conservative_stabilize:5,1.0673750015199184,1.1806455782548255,1.5,92.83099865388861,"{""any_risk"": true, ""canopy_dew_margin_lt0"": false, ""canopy_dew_margin_lt1"": false, ""dew_risk"": false, ""dry_or_high_vpd_risk"": false, ""dry_risk"": false, ""dry_vent_risk"": false, ""high_vpd"": false, ""humidity_or_dew_risk"": true, ""rh_ge_90"": true}","{""base_final_score"": 0.04508333322365099, ""final_score"": 0.10108333322365104, ""prior_confidence_bonus"": 0.055999999999999994, ""projected_energy_proxy"": 0.23666666174928352, ""projected_low_reversal"": 0.0, ""projected_smoothness"": -0.004999998058234922, ""raw_energy_proxy"": 0.23666666174928352, ""raw_low_reversal"": 0.0, ""raw_smoothness"": -0.004999998058234922, ""rewrite_penalty"": 0.0, ""risk_static_hold_penalty"": 0.0, ""uncertainty_penalty"": 0.0}",678,18.140283975468616,0.14926637195144085
HUMIDITY_EXCESS_DISEASE_RISK,previous_plan_prior:previous_shift_all:2,1.0484583347435694,previous_plan_prior,previous_shift_all,0.12,1.2379550266131503,0.10108333322365104,conservative_prior:conservative_stabilize:5,1.0673750015199184,1.178386385263014,1.75,92.84674549762383,"{""any_risk"": true, ""canopy_dew_margin_lt0"": false, ""canopy_dew_margin_lt1"": false, ""dew_risk"": false, ""dry_or_high_vpd_risk"": false, ""dry_risk"": false, ""dry_vent_risk"": false, ""high_vpd"": false, ""humidity_or_dew_risk"": true, ""rh_ge_90"": true}","{""base_final_score"": 0.04508333322365099, ""final_score"": 0.10108333322365104, ""prior_confidence_bonus"": 0.055999999999999994, ""projected_energy_proxy"": 0.23666666174928352, ""projected_low_reversal"": 0.0, ""projected_smoothness"": -0.004999998058234922, ""raw_energy_proxy"": 0.23666666174928352, ""raw_low_reversal"": 0.0, ""raw_smoothness"": -0.004999998058234922, ""rewrite_penalty"": 0.0, ""risk_static_hold_penalty"": 0.0, ""uncertainty_penalty"": 0.0}",679,18.186036944497754,0.14936702326594947
HUMIDITY_EXCESS_DISEASE_RISK,previous_plan_prior:previous_shift_all:2,1.0484583347435694,previous_plan_prior,previous_shift_all,0.12,1.1894067785627414,0.10108333322365104,conservative_prior:conservative_stabilize:5,1.0673750015199184,1.1755887521262736,2.0,92.86562306420952,"{""any_risk"": true, ""canopy_dew_margin_lt0"": false, ""canopy_dew_margin_lt1"": false, ""dew_risk"": false, ""dry_or_high_vpd_risk"": false, ""dry_risk"": false, ""dry_vent_risk"": false, ""high_vpd"": false, ""humidity_or_dew_risk"": true, ""rh_ge_90"": true}","{""base_final_score"": 0.04508333322365099, ""final_score"": 0.10108333322365104, ""prior_confidence_bonus"": 0.055999999999999994, ""projected_energy_proxy"": 0.23666666174928352, ""projected_low_reversal"": 0.0, ""projected_smoothness"": -0.004999998058234922, ""raw_energy_proxy"": 0.23666666174928352, ""raw_low_reversal"": 0.0, ""raw_smoothness"": -0.004999998058234922, ""rewrite_penalty"": 0.0, ""risk_static_hold_penalty"": 0.0, ""uncertainty_penalty"": 0.0}",680,18.231352555476732,0.149397202927684
HUMIDITY_EXCESS_DISEASE_RISK,previous_plan_prior:previous_shift_all:2,1.0484583347435694,previous_plan_prior,previous_shift_all,0.12,1.148477901510617,0.10108333322365104,conservative_prior:conservative_stabilize:5,1.0673750015199184,1.1760863889533013,2.25,92.86492861151906,"{""any_risk"": true, ""canopy_dew_margin_lt0"": false, ""canopy_dew_margin_lt1"": false, ""dew_risk"": false, ""dry_or_high_vpd_risk"": false, ""dry_risk"": false, ""dry_vent_risk"": false, ""high_vpd"": false, ""humidity_or_dew_risk"": true, ""rh_ge_90"": true}","{""base_final_score"": 0.04508333322365099, ""final_score"": 0.10108333322365104, ""prior_confidence_bonus"": 0.055999999999999994, ""projected_energy_proxy"": 0.23666666174928352, ""projected_low_reversal"": 0.0, ""projected_smoothness"": -0.004999998058234922, ""raw_energy_proxy"": 0.23666666174928352, ""raw_low_reversal"": 0.0, ""raw_smoothness"": -0.004999998058234922, ""rewrite_penalty"": 0.0, ""risk_static_hold_penalty"": 0.0, ""uncertainty_penalty"": 0.0}",681,18.272739857291146,0.14980028191653605
HUMIDITY_EXCESS_DISEASE_RISK,previous_plan_prior:previous_shift_all:2,1.0484583347435694,previous_plan_prior,previous_shift_all,0.12,1.3571598304520194,0.10108333322365104,conservative_prior:conservative_stabilize:5,1.0673750015199184,1.3406795176306865,2.5,91.90013168878465,"{""any_risk"": true, ""canopy_dew_margin_lt0"": false, ""canopy_dew_margin_lt1"": false, ""dew_risk"": false, ""dry_or_high_vpd_risk"": false, ""dry_risk"": false, ""dry_vent_risk"": false, ""high_vpd"": false, ""humidity_or_dew_risk"": true, ""rh_ge_90"": true}","{""base_final_score"": 0.04508333322365099, ""final_score"": 0.10108333322365104, ""prior_confidence_bonus"": 0.055999999999999994, ""projected_energy_proxy"": 0.23666666174928352, ""projected_low_reversal"": 0.0, ""projected_smoothness"": -0.004999998058234922, ""raw_energy_proxy"": 0.23666666174928352, ""raw_low_reversal"": 0.0, ""raw_smoothness"": -0.004999998058234922, ""rewrite_penalty"": 0.0, ""risk_static_hold_penalty"": 0.0, ""uncertainty_penalty"": 0.0}",682,18.22833216053167,0.1695828958383321
HUMIDITY_EXCESS_DISEASE_RISK,previous_plan_prior:previous_shift_all:2,1.0458333350117903,previous_plan_prior,previous_shift_all,0.12,1.7947253632887836,0.09845833349187194,conservative_prior:conservative_stabilize:5,1.0673750015199184,1.4252320077100755,22.0,91.38921255381202,"{""any_risk"": true, ""canopy_dew_margin_lt0"": false, ""canopy_dew_margin_lt1"": false, ""dew_risk"": false, ""dry_or_high_vpd_risk"": false, ""dry_risk"": false, ""dry_vent_risk"": false, ""high_vpd"": false, ""humidity_or_dew_risk"": true, ""rh_ge_90"": true}","{""base_final_score"": 0.04245833349187189, ""final_score"": 0.09845833349187194, ""prior_confidence_bonus"": 0.055999999999999994, ""projected_energy_proxy"": 0.23666666174928352, ""projected_low_reversal"": 0.0, ""projected_smoothness"": -0.010833330795521845, ""raw_energy_proxy"": 0.23666666174928352, ""raw_low_reversal"": 0.0, ""raw_smoothness"": -0.010833330795521845, ""rewrite_penalty"": 0.0, ""risk_static_hold_penalty"": 0.0, ""uncertainty_penalty"": 0.0}",664,17.919105188278042,0.1768105135165797
HUMIDITY_EXCESS_DISEASE_RISK,previous_plan_prior:previous_shift_all:2,1.0458333350117903,previous_plan_prior,previous_shift_all,0.12,2.029708990417511,0.09845833349187194,conservative_prior:conservative_stabilize:5,1.0673750015199184,1.4238717430669041,22.25,91.38155343712567,"{""any_risk"": true, ""canopy_dew_margin_lt0"": false, ""canopy_dew_margin_lt1"": false, ""dew_risk"": false, ""dry_or_high_vpd_risk"": false, ""dry_risk"": false, ""dry_vent_risk"": false, ""high_vpd"": false, ""humidity_or_dew_risk"": true, ""rh_ge_90"": true}","{""base_final_score"": 0.04245833349187189, ""final_score"": 0.09845833349187194, ""prior_confidence_bonus"": 0.055999999999999994, ""projected_energy_proxy"": 0.23666666174928352, ""projected_low_reversal"": 0.0, ""projected_smoothness"": -0.010833330795521845, ""raw_energy_proxy"": 0.23666666174928352, ""raw_low_reversal"": 0.0, ""raw_smoothness"": -0.010833330795521845, ""rewrite_penalty"": 0.0, ""risk_static_hold_penalty"": 0.0, ""uncertainty_penalty"": 0.0}",665,17.678259252350493,0.1743039749807749
HUMIDITY_EXCESS_DISEASE_RISK,previous_plan_prior:previous_shift_all:2,1.0458333350117903,previous_plan_prior,previous_shift_all,0.12,1.6612312614419231,0.09845833349187194,conservative_prior:conservative_stabilize:5,1.0673750015199184,1.3759871242343422,23.75,91.67902249164793,"{""any_risk"": true, ""canopy_dew_margin_lt0"": false, ""canopy_dew_margin_lt1"": false, ""dew_risk"": false, ""dry_or_high_vpd_risk"": false, ""dry_risk"": false, ""dry_vent_risk"": false, ""high_vpd"": false, ""humidity_or_dew_risk"": true, ""rh_ge_90"": true}","{""base_final_score"": 0.04245833349187189, ""final_score"": 0.09845833349187194, ""prior_confidence_bonus"": 0.055999999999999994, ""projected_energy_proxy"": 0.23666666174928352, ""projected_low_reversal"": 0.0, ""projected_smoothness"": -0.010833330795521845, ""raw_energy_proxy"": 0.23666666174928352, ""raw_low_reversal"": 0.0, ""raw_smoothness"": -0.010833330795521845, ""rewrite_penalty"": 0.0, ""risk_static_hold_penalty"": 0.0, ""uncertainty_penalty"": 0.0}",671,17.975046386870236,0.17146193756335196
HUMIDITY_EXCESS_DISEASE_RISK,previous_plan_prior:previous_shift_all:2,1.0458333350117903,previous_plan_prior,previous_shift_all,0.12,1.559713221802948,0.09845833349187194,conservative_prior:conservative_stabilize:5,1.0673750015199184,1.293906723934107,0.0,92.15877136820858,"{""any_risk"": true, ""canopy_dew_margin_lt0"": false, ""canopy_dew_margin_lt1"": false, ""dew_risk"": false, ""dry_or_high_vpd_risk"": false, ""dry_risk"": false, ""dry_vent_risk"": false, ""high_vpd"": false, ""humidity_or_dew_risk"": true, ""rh_ge_90"": true}","{""base_final_score"": 0.04245833349187189, ""final_score"": 0.09845833349187194, ""prior_confidence_bonus"": 0.055999999999999994, ""projected_energy_proxy"": 0.23666666174928352, ""projected_low_reversal"": 0.0, ""projected_smoothness"": -0.010833330795521845, ""raw_energy_proxy"": 0.23666666174928352, ""raw_low_reversal"": 0.0, ""raw_smoothness"": -0.010833330795521845, ""rewrite_penalty"": 0.0, ""risk_static_hold_penalty"": 0.0, ""uncertainty_penalty"": 0.0}",672,17.991521758645654,0.16174372134090706
HUMIDITY_EXCESS_DISEASE_RISK,previous_plan_prior:previous_shift_all:3,1.06,previous_plan_prior,previous_shift_all,0.12,2.533481546832226,0.09566115149855614,conservative_prior:conservative_stabilize:6,1.084338848501444,1.5868112812690942,4.25,90.40849689538456,"{""any_risk"": true, ""canopy_dew_margin_lt0"": false, ""canopy_dew_margin_lt1"": false, ""dew_risk"": false, ""dry_or_high_vpd_risk"": false, ""dry_risk"": false, ""dry_vent_risk"": false, ""high_vpd"": false, ""humidity_or_dew_risk"": true, ""rh_ge_90"": true}","{""base_final_score"": 0.03966115149855609, ""final_score"": 0.09566115149855614, ""prior_confidence_bonus"": 0.055999999999999994, ""projected_energy_proxy"": 0.1599999964237213, ""projected_low_reversal"": 0.0, ""projected_smoothness"": 0.01702478269735974, ""raw_energy_proxy"": 0.1599999964237213, ""raw_low_reversal"": 0.0, ""raw_smoothness"": 0.01702478269735974, ""rewrite_penalty"": 0.0, ""risk_static_hold_penalty"": 0.0, ""uncertainty_penalty"": 0.0}",689,17.26468416720533,0.1889839786449555
HUMIDITY_EXCESS_DISEASE_RISK,previous_plan_prior:previous_shift_all:3,1.06,previous_plan_prior,previous_shift_all,0.12,2.4218116042061215,0.09521763929724703,conservative_prior:conservative_stabilize:6,1.0847823607027531,1.6477039655504715,4.0,90.0705836727817,"{""any_risk"": true, ""canopy_dew_margin_lt0"": false, ""canopy_dew_margin_lt1"": false, ""dew_risk"": false, ""dry_or_high_vpd_risk"": false, ""dry_risk"": false, ""dry_vent_risk"": false, ""high_vpd"": false, ""humidity_or_dew_risk"": true, ""rh_ge_90"": true}","{""base_final_score"": 0.039217639297246976, ""final_score"": 0.09521763929724703, ""prior_confidence_bonus"": 0.055999999999999994, ""projected_energy_proxy"": 0.1599999964237213, ""projected_low_reversal"": 0.0, ""projected_smoothness"": 0.016039200027783695, ""raw_energy_proxy"": 0.1599999964237213, ""raw_low_reversal"": 0.0, ""raw_smoothness"": 0.016039200027783695, ""rewrite_penalty"": 0.0, ""risk_static_hold_penalty"": 0.0, ""uncertainty_penalty"": 0.0}",688,17.446745408143432,0.19790582810813984
NORMAL_BALANCED,previous_plan_prior:previous_shift_all:2,1.058125,previous_plan_prior,previous_shift_all,0.12,0.43105292491108926,0.09137499928474424,conservative_prior:conservative_stabilize:5,1.0867500007152557,2.2319031231780926,12.25,86.97752421702599,"{""any_risk"": true, ""canopy_dew_margin_lt0"": false, ""canopy_dew_margin_lt1"": true, ""dew_risk"": true, ""dry_or_high_vpd_risk"": false, ""dry_risk"": false, ""dry_vent_risk"": false, ""high_vpd"": false, ""humidity_or_dew_risk"": true, ""rh_ge_90"": false}","{""base_final_score"": 0.03537499928474419, ""final_score"": 0.09137499928474424, ""prior_confidence_bonus"": 0.055999999999999994, ""projected_energy_proxy"": 0.1599999964237213, ""projected_low_reversal"": 0.0, ""projected_smoothness"": 0.007500000000000062, ""raw_energy_proxy"": 0.1599999964237213, ""raw_low_reversal"": 0.0, ""raw_smoothness"": 0.007500000000000062, ""rewrite_penalty"": 0.0, ""risk_static_hold_penalty"": 0.0, ""uncertainty_penalty"": 0.0}",625,19.677605160078677,0.2984543963189432
HUMIDITY_EXCESS_DISEASE_RISK,previous_plan_prior:previous_shift_all:2,1.056250000225594,previous_plan_prior,previous_shift_all,0.12,0.5119581349019988,0.08949999951033816,conservative_prior:conservative_stabilize:5,1.0867500007152557,1.3824209860286096,18.25,91.71062693520415,"{""any_risk"": true, ""canopy_dew_margin_lt0"": false, ""canopy_dew_margin_lt1"": true, ""dew_risk"": true, ""dry_or_high_vpd_risk"": false, ""dry_risk"": false, ""dry_vent_risk"": false, ""high_vpd"": false, ""humidity_or_dew_risk"": true, ""rh_ge_90"": true}","{""base_final_score"": 0.03349999951033811, ""final_score"": 0.08949999951033816, ""prior_confidence_bonus"": 0.055999999999999994, ""projected_energy_proxy"": 0.1599999964237213, ""projected_low_reversal"": 0.0, ""projected_smoothness"": 0.0033333338346529517, ""raw_energy_proxy"": 0.1599999964237213, ""raw_low_reversal"": 0.0, ""raw_smoothness"": 0.0033333338346529517, ""rewrite_penalty"": 0.0, ""risk_static_hold_penalty"": 0.0, ""uncertainty_penalty"": 0.0}",649,19.08221111917358,0.18307228649200205
HUMIDITY_EXCESS_DISEASE_RISK,previous_plan_prior:previous_shift_all:2,1.056250000225594,previous_plan_prior,previous_shift_all,0.12,0.5463754818379769,0.08949999951033816,conservative_prior:conservative_stabilize:5,1.0867500007152557,1.3632953158851144,18.5,91.81831616845548,"{""any_risk"": true, ""canopy_dew_margin_lt0"": false, ""canopy_dew_margin_lt1"": true, ""dew_risk"": true, ""dry_or_high_vpd_risk"": false, ""dry_risk"": false, ""dry_vent_risk"": false, ""high_vpd"": false, ""humidity_or_dew_risk"": true, ""rh_ge_90"": true}","{""base_final_score"": 0.03349999951033811, ""final_score"": 0.08949999951033816, ""prior_confidence_bonus"": 0.055999999999999994, ""projected_energy_proxy"": 0.1599999964237213, ""projected_low_reversal"": 0.0, ""projected_smoothness"": 0.0033333338346529517, ""raw_energy_proxy"": 0.1599999964237213, ""raw_low_reversal"": 0.0, ""raw_smoothness"": 0.0033333338346529517, ""rewrite_penalty"": 0.0, ""risk_static_hold_penalty"": 0.0, ""uncertainty_penalty"": 0.0}",650,19.03718561352247,0.18018734702480937
HUMIDITY_EXCESS_DISEASE_RISK,previous_plan_prior:previous_shift_all:2,1.056250000225594,previous_plan_prior,previous_shift_all,0.12,0.6561556993573561,0.08949999951033816,conservative_prior:conservative_stabilize:5,1.0867500007152557,1.3683245032137528,20.0,91.78549644208209,"{""any_risk"": true, ""canopy_dew_margin_lt0"": false, ""canopy_dew_margin_lt1"": true, ""dew_risk"": true, ""dry_or_high_vpd_risk"": false, ""dry_risk"": false, ""dry_vent_risk"": false, ""high_vpd"": false, ""humidity_or_dew_risk"": true, ""rh_ge_90"": true}","{""base_final_score"": 0.03349999951033811, ""final_score"": 0.08949999951033816, ""prior_confidence_bonus"": 0.055999999999999994, ""projected_energy_proxy"": 0.1599999964237213, ""projected_low_reversal"": 0.0, ""projected_smoothness"": 0.0033333338346529517, ""raw_energy_proxy"": 0.1599999964237213, ""raw_low_reversal"": 0.0, ""raw_smoothness"": 0.0033333338346529517, ""rewrite_penalty"": 0.0, ""risk_static_hold_penalty"": 0.0, ""uncertainty_penalty"": 0.0}",656,18.976041831352067,0.18022142453010231
HUMIDITY_EXCESS_DISEASE_RISK,previous_plan_prior:previous_shift_all:2,1.050581097828438,previous_plan_prior,previous_shift_all,0.12,1.5903910638984264,0.08645609738140303,conservative_prior:conservative_stabilize:5,1.084125000447035,1.5259910914476151,2.75,90.82369313370226,"{""any_risk"": true, ""canopy_dew_margin_lt0"": false, ""canopy_dew_margin_lt1"": false, ""dew_risk"": false, ""dry_or_high_vpd_risk"": false, ""dry_risk"": false, ""dry_vent_risk"": false, ""high_vpd"": false, ""humidity_or_dew_risk"": true, ""rh_ge_90"": true}","{""base_final_score"": 0.03045609738140298, ""final_score"": 0.08645609738140303, ""prior_confidence_bonus"": 0.055999999999999994, ""projected_energy_proxy"": 0.1599999964237213, ""projected_low_reversal"": 0.0, ""projected_smoothness"": -0.003430893118535727, ""raw_energy_proxy"": 0.1599999964237213, ""raw_low_reversal"": 0.0, ""raw_smoothness"": -0.003430893118535727, ""rewrite_penalty"": 0.0, ""risk_static_hold_penalty"": 0.0, ""uncertainty_penalty"": 0.0}",683,18.17937283065497,0.19153020241762256
HUMIDITY_EXCESS_DISEASE_RISK,previous_plan_prior:previous_shift_all:2,1.0438750008514426,previous_plan_prior,previous_shift_all,0.12,2.0169508109015695,0.0797500004044076,conservative_prior:conservative_stabilize:5,1.084125000447035,1.468432643211539,22.5,91.12616585613408,"{""any_risk"": true, ""canopy_dew_margin_lt0"": false, ""canopy_dew_margin_lt1"": false, ""dew_risk"": false, ""dry_or_high_vpd_risk"": false, ""dry_risk"": false, ""dry_vent_risk"": false, ""high_vpd"": false, ""humidity_or_dew_risk"": true, ""rh_ge_90"": true}","{""base_final_score"": 0.023750000404407556, ""final_score"": 0.0797500004044076, ""prior_confidence_bonus"": 0.055999999999999994, ""projected_energy_proxy"": 0.1599999964237213, ""projected_low_reversal"": 0.0, ""projected_smoothness"": -0.018333330845192397, ""raw_energy_proxy"": 0.1599999964237213, ""raw_low_reversal"": 0.0, ""raw_smoothness"": -0.018333330845192397, ""rewrite_penalty"": 0.0, ""risk_static_hold_penalty"": 0.0, ""uncertainty_penalty"": 0.0}",666,17.730626045168673,0.18006232278364223
HUMIDITY_EXCESS_DISEASE_RISK,previous_plan_prior:previous_shift_all:2,1.0438750008514426,previous_plan_prior,previous_shift_all,0.12,1.9608829257400764,0.0797500004044076,conservative_prior:conservative_stabilize:5,1.084125000447035,1.5253952776903965,22.75,90.80379267055197,"{""any_risk"": true, ""canopy_dew_margin_lt0"": false, ""canopy_dew_margin_lt1"": false, ""dew_risk"": false, ""dry_or_high_vpd_risk"": false, ""dry_risk"": false, ""dry_vent_risk"": false, ""high_vpd"": false, ""humidity_or_dew_risk"": true, ""rh_ge_90"": true}","{""base_final_score"": 0.023750000404407556, ""final_score"": 0.0797500004044076, ""prior_confidence_bonus"": 0.055999999999999994, ""projected_energy_proxy"": 0.1599999964237213, ""projected_low_reversal"": 0.0, ""projected_smoothness"": -0.018333330845192397, ""raw_energy_proxy"": 0.1599999964237213, ""raw_low_reversal"": 0.0, ""raw_smoothness"": -0.018333330845192397, ""rewrite_penalty"": 0.0, ""risk_static_hold_penalty"": 0.0, ""uncertainty_penalty"": 0.0}",667,17.83940434399459,0.18788651073743956
HUMIDITY_EXCESS_DISEASE_RISK,previous_plan_prior:previous_shift_all:2,1.0438750008514426,previous_plan_prior,previous_shift_all,0.12,1.9270013545253732,0.0797500004044076,conservative_prior:conservative_stabilize:5,1.084125000447035,1.5288490588880315,23.0,90.78613912346653,"{""any_risk"": true, ""canopy_dew_margin_lt0"": false, ""canopy_dew_margin_lt1"": false, ""dew_risk"": false, ""dry_or_high_vpd_risk"": false, ""dry_risk"": false, ""dry_vent_risk"": false, ""high_vpd"": false, ""humidity_or_dew_risk"": true, ""rh_ge_90"": true}","{""base_final_score"": 0.023750000404407556, ""final_score"": 0.0797500004044076, ""prior_confidence_bonus"": 0.055999999999999994, ""projected_energy_proxy"": 0.1599999964237213, ""projected_low_reversal"": 0.0, ""projected_smoothness"": -0.018333330845192397, ""raw_energy_proxy"": 0.1599999964237213, ""raw_low_reversal"": 0.0, ""raw_smoothness"": -0.018333330845192397, ""rewrite_penalty"": 0.0, ""risk_static_hold_penalty"": 0.0, ""uncertainty_penalty"": 0.0}",668,17.872750923280805,0.18864273570879564
HUMIDITY_EXCESS_DISEASE_RISK,previous_plan_prior:previous_shift_all:2,1.0438750008514426,previous_plan_prior,previous_shift_all,0.12,1.8901924412063273,0.0797500004044076,conservative_prior:conservative_stabilize:5,1.084125000447035,1.5323689801510696,23.25,90.76833283959687,"{""any_risk"": true, ""canopy_dew_margin_lt0"": false, ""canopy_dew_margin_lt1"": false, ""dew_risk"": false, ""dry_or_high_vpd_risk"": false, ""dry_risk"": false, ""dry_vent_risk"": false, ""high_vpd"": false, ""humidity_or_dew_risk"": true, ""rh_ge_90"": true}","{""base_final_score"": 0.023750000404407556, ""final_score"": 0.0797500004044076, ""prior_confidence_bonus"": 0.055999999999999994, ""projected_energy_proxy"": 0.1599999964237213, ""projected_low_reversal"": 0.0, ""projected_smoothness"": -0.018333330845192397, ""raw_energy_proxy"": 0.1599999964237213, ""raw_low_reversal"": 0.0, ""raw_smoothness"": -0.018333330845192397, ""rewrite_penalty"": 0.0, ""risk_static_hold_penalty"": 0.0, ""uncertainty_penalty"": 0.0}",669,17.909236280942824,0.18944174832473198
HUMIDITY_EXCESS_DISEASE_RISK,previous_plan_prior:previous_shift_all:2,1.0438750008514426,previous_plan_prior,previous_shift_all,0.12,1.779808414918854,0.0797500004044076,conservative_prior:conservative_stabilize:5,1.084125000447035,1.4531858548627241,23.5,91.22820183782046,"{""any_risk"": true, ""canopy_dew_margin_lt0"": false, ""canopy_dew_margin_lt1"": false, ""dew_risk"": false, ""dry_or_high_vpd_risk"": false, ""dry_risk"": false, ""dry_vent_risk"": false, ""high_vpd"": false, ""humidity_or_dew_risk"": true, ""rh_ge_90"": true}","{""base_final_score"": 0.023750000404407556, ""final_score"": 0.0797500004044076, ""prior_confidence_bonus"": 0.055999999999999994, ""projected_energy_proxy"": 0.1599999964237213, ""projected_low_reversal"": 0.0, ""projected_smoothness"": -0.018333330845192397, ""raw_energy_proxy"": 0.1599999964237213, ""raw_low_reversal"": 0.0, ""raw_smoothness"": -0.018333330845192397, ""rewrite_penalty"": 0.0, ""risk_static_hold_penalty"": 0.0, ""uncertainty_penalty"": 0.0}",670,17.93685605690307,0.1803178933636959
NORMAL_BALANCED,previous_plan_prior:previous_shift_all:2,1.0271249994635583,previous_plan_prior,previous_shift_all,0.12,4.143636413924662,0.0797499979436399,conservative_prior:conservative_stabilize:5,1.0673750015199184,1.621424311491987,5.0,90.0845941016909,"{""any_risk"": true, ""canopy_dew_margin_lt0"": false, ""canopy_dew_margin_lt1"": false, ""dew_risk"": false, ""dry_or_high_vpd_risk"": false, ""dry_risk"": false, ""dry_vent_risk"": false, ""high_vpd"": false, ""humidity_or_dew_risk"": true, ""rh_ge_90"": true}","{""base_final_score"": 0.023749997943639856, ""final_score"": 0.0797499979436399, ""prior_confidence_bonus"": 0.055999999999999994, ""projected_energy_proxy"": 0.1599999964237213, ""projected_low_reversal"": 0.0, ""projected_smoothness"": -0.018333336313565596, ""raw_energy_proxy"": 0.1599999964237213, ""raw_low_reversal"": 0.0, ""raw_smoothness"": -0.018333336313565596, ""rewrite_penalty"": 0.0, ""risk_static_hold_penalty"": 0.0, ""uncertainty_penalty"": 0.0}",212,15.585123215722355,0.17555575742774873
NORMAL_BALANCED,previous_plan_prior:previous_shift_all:2,1.0271249994635583,previous_plan_prior,previous_shift_all,0.12,3.9129059419676473,0.0797499979436399,conservative_prior:conservative_stabilize:5,1.0673750015199184,1.5029764451467482,5.25,90.78455297380845,"{""any_risk"": true, ""canopy_dew_margin_lt0"": false, ""canopy_dew_margin_lt1"": false, ""dew_risk"": false, ""dry_or_high_vpd_risk"": false, ""dry_risk"": false, ""dry_vent_risk"": false, ""high_vpd"": false, ""humidity_or_dew_risk"": true, ""rh_ge_90"": true}","{""base_final_score"": 0.023749997943639856, ""final_score"": 0.0797499979436399, ""prior_confidence_bonus"": 0.055999999999999994, ""projected_energy_proxy"": 0.1599999964237213, ""projected_low_reversal"": 0.0, ""projected_smoothness"": -0.018333336313565596, ""raw_energy_proxy"": 0.1599999964237213, ""raw_low_reversal"": 0.0, ""raw_smoothness"": -0.018333336313565596, ""rewrite_penalty"": 0.0, ""risk_static_hold_penalty"": 0.0, ""uncertainty_penalty"": 0.0}",213,15.671714618823822,0.16407030971409742
NORMAL_BALANCED,previous_plan_prior:previous_shift_all:2,1.0271249994635583,previous_plan_prior,previous_shift_all,0.12,3.54774185515088,0.0797499979436399,conservative_prior:conservative_stabilize:5,1.0673750015199184,1.586020713783812,5.5,90.32892516923759,"{""any_risk"": true, ""canopy_dew_margin_lt0"": false, ""canopy_dew_margin_lt1"": false, ""dew_risk"": false, ""dry_or_high_vpd_risk"": false, ""dry_risk"": false, ""dry_vent_risk"": false, ""high_vpd"": false, ""humidity_or_dew_risk"": true, ""rh_ge_90"": true}","{""base_final_score"": 0.023749997943639856, ""final_score"": 0.0797499979436399, ""prior_confidence_bonus"": 0.055999999999999994, ""projected_energy_proxy"": 0.1599999964237213, ""projected_low_reversal"": 0.0, ""projected_smoothness"": -0.018333336313565596, ""raw_energy_proxy"": 0.1599999964237213, ""raw_low_reversal"": 0.0, ""raw_smoothness"": -0.018333336313565596, ""rewrite_penalty"": 0.0, ""risk_static_hold_penalty"": 0.0, ""uncertainty_penalty"": 0.0}",214,16.09868061948349,0.17694677210638052
NORMAL_BALANCED,previous_plan_prior:previous_shift_all:2,1.0280000007152559,previous_plan_prior,previous_shift_all,0.12,4.251321609614344,0.07724999964237234,conservative_prior:conservative_stabilize:5,1.0707500010728834,1.538319390960643,8.75,90.53856482919439,"{""any_risk"": true, ""canopy_dew_margin_lt0"": false, ""canopy_dew_margin_lt1"": false, ""dew_risk"": false, ""dry_or_high_vpd_risk"": false, ""dry_risk"": false, ""dry_vent_risk"": false, ""high_vpd"": false, ""humidity_or_dew_risk"": true, ""rh_ge_90"": true}","{""base_final_score"": 0.021249999642372286, ""final_score"": 0.07724999964237234, ""prior_confidence_bonus"": 0.055999999999999994, ""projected_energy_proxy"": 0.07999999821186066, ""projected_low_reversal"": 0.0, ""projected_smoothness"": 0.011666666666666714, ""raw_energy_proxy"": 0.07999999821186066, ""raw_low_reversal"": 0.0, ""raw_smoothness"": 0.011666666666666714, ""rewrite_penalty"": 0.0, ""risk_static_hold_penalty"": 0.0, ""uncertainty_penalty"": 0.0}",611,15.129959125356864,0.1626940064569491
NORMAL_BALANCED,previous_plan_prior:previous_shift_all:2,1.0280000007152559,previous_plan_prior,previous_shift_all,0.12,4.033505439197189,0.07724999964237234,conservative_prior:conservative_stabilize:5,1.0707500010728834,1.5464742738173438,9.0,90.50509487413153,"{""any_risk"": true, ""canopy_dew_margin_lt0"": false, ""canopy_dew_margin_lt1"": false, ""dew_risk"": false, ""dry_or_high_vpd_risk"": false, ""dry_risk"": false, ""dry_vent_risk"": false, ""high_vpd"": false, ""humidity_or_dew_risk"": true, ""rh_ge_90"": true}","{""base_final_score"": 0.021249999642372286, ""final_score"": 0.07724999964237234, ""prior_confidence_bonus"": 0.055999999999999994, ""projected_energy_proxy"": 0.07999999821186066, ""projected_low_reversal"": 0.0, ""projected_smoothness"": 0.011666666666666714, ""raw_energy_proxy"": 0.07999999821186066, ""raw_low_reversal"": 0.0, ""raw_smoothness"": 0.011666666666666714, ""rewrite_penalty"": 0.0, ""risk_static_hold_penalty"": 0.0, ""uncertainty_penalty"": 0.0}",612,15.332507978712835,0.16540853113359322
NORMAL_BALANCED,previous_plan_prior:previous_shift_all:2,1.0280000007152559,previous_plan_prior,previous_shift_all,0.12,3.7976143241630442,0.07724999964237234,conservative_prior:conservative_stabilize:5,1.0707500010728834,1.5514002071697952,9.25,90.49192818951327,"{""any_risk"": true, ""canopy_dew_margin_lt0"": false, ""canopy_dew_margin_lt1"": false, ""dew_risk"": false, ""dry_or_high_vpd_risk"": false, ""dry_risk"": false, ""dry_vent_risk"": false, ""high_vpd"": false, ""humidity_or_dew_risk"": true, ""rh_ge_90"": true}","{""base_final_score"": 0.021249999642372286, ""final_score"": 0.07724999964237234, ""prior_confidence_bonus"": 0.055999999999999994, ""projected_energy_proxy"": 0.07999999821186066, ""projected_low_reversal"": 0.0, ""projected_smoothness"": 0.011666666666666714, ""raw_energy_proxy"": 0.07999999821186066, ""raw_low_reversal"": 0.0, ""raw_smoothness"": 0.011666666666666714, ""rewrite_penalty"": 0.0, ""risk_static_hold_penalty"": 0.0, ""uncertainty_penalty"": 0.0}",613,15.552381326189126,0.16799088150693198
NORMAL_BALANCED,previous_plan_prior:previous_shift_all:2,1.0280000007152559,previous_plan_prior,previous_shift_all,0.12,3.5157464365711064,0.07724999964237234,conservative_prior:conservative_stabilize:5,1.0707500010728834,1.586037706871931,9.5,90.31085205114186,"{""any_risk"": true, ""canopy_dew_margin_lt0"": false, ""canopy_dew_margin_lt1"": false, ""dew_risk"": false, ""dry_or_high_vpd_risk"": false, ""dry_risk"": false, ""dry_vent_risk"": false, ""high_vpd"": false, ""humidity_or_dew_risk"": true, ""rh_ge_90"": true}","{""base_final_score"": 0.021249999642372286, ""final_score"": 0.07724999964237234, ""prior_confidence_bonus"": 0.055999999999999994, ""projected_energy_proxy"": 0.07999999821186066, ""projected_low_reversal"": 0.0, ""projected_smoothness"": 0.011666666666666714, ""raw_energy_proxy"": 0.07999999821186066, ""raw_low_reversal"": 0.0, ""raw_smoothness"": 0.011666666666666714, ""rewrite_penalty"": 0.0, ""risk_static_hold_penalty"": 0.0, ""uncertainty_penalty"": 0.0}",614,15.85154035671128,0.1745005279292676
NORMAL_BALANCED,previous_plan_prior:previous_shift_all:3,1.0280000007152559,previous_plan_prior,previous_shift_all,0.12,3.673663788040237,0.07587500000000014,conservative_prior:conservative_stabilize:6,1.0721250007152556,1.673663788040237,0.0,90.0,"{""any_risk"": true, ""canopy_dew_margin_lt0"": false, ""canopy_dew_margin_lt1"": false, ""dew_risk"": false, ""dry_or_high_vpd_risk"": false, ""dry_risk"": false, ""dry_vent_risk"": false, ""high_vpd"": false, ""humidity_or_dew_risk"": true, ""rh_ge_90"": true}","{""base_final_score"": 0.019875000000000087, ""final_score"": 0.07587500000000014, ""prior_confidence_bonus"": 0.055999999999999994, ""projected_energy_proxy"": 0.0, ""projected_low_reversal"": 0.0, ""projected_smoothness"": 0.04416666666666669, ""raw_energy_proxy"": 0.0, ""raw_low_reversal"": 0.0, ""raw_smoothness"": 0.04416666666666669, ""rewrite_penalty"": 0.0, ""risk_static_hold_penalty"": 0.0, ""uncertainty_penalty"": 0.0}",0,18.5,0.2129615152993741
NORMAL_BALANCED,previous_plan_prior:screen_dwell_hold:4,1.06,previous_plan_prior,screen_dwell_hold,0.12,9.326802034981066,0.063875000100583,conservative_prior:conservative_stabilize:5,1.1161249998994172,9.684487991496203,15.75,53.59656707650643,"{""any_risk"": true, ""canopy_dew_margin_lt0"": false, ""canopy_dew_margin_lt1"": false, ""dew_risk"": false, ""dry_or_high_vpd_risk"": true, ""dry_risk"": true, ""dry_vent_risk"": false, ""high_vpd"": false, ""humidity_or_dew_risk"": false, ""rh_ge_90"": false}","{""base_final_score"": 0.007875000100582952, ""final_score"": 0.063875000100583, ""prior_confidence_bonus"": 0.055999999999999994, ""projected_energy_proxy"": 0.0, ""projected_low_reversal"": 0.0, ""projected_smoothness"": 0.017500000223517387, ""raw_energy_proxy"": 0.0, ""raw_low_reversal"": 0.0, ""raw_smoothness"": 0.017500000223517387, ""rewrite_penalty"": 0.0, ""risk_static_hold_penalty"": 0.0, ""uncertainty_penalty"": 0.0}",351,19.66251425758654,1.0624972137768702
NORMAL_BALANCED,previous_plan_prior:screen_dwell_hold:4,1.06,previous_plan_prior,screen_dwell_hold,0.12,9.305830848482444,0.063875000100583,conservative_prior:conservative_stabilize:5,1.1161249998994172,9.394958463289083,16.25,54.583727892648966,"{""any_risk"": true, ""canopy_dew_margin_lt0"": false, ""canopy_dew_margin_lt1"": false, ""dew_risk"": false, ""dry_or_high_vpd_risk"": true, ""dry_risk"": true, ""dry_vent_risk"": false, ""high_vpd"": false, ""humidity_or_dew_risk"": false, ""rh_ge_90"": false}","{""base_final_score"": 0.007875000100582952, ""final_score"": 0.063875000100583, ""prior_confidence_bonus"": 0.055999999999999994, ""projected_energy_proxy"": 0.0, ""projected_low_reversal"": 0.0, ""projected_smoothness"": 0.017500000223517387, ""raw_energy_proxy"": 0.0, ""raw_low_reversal"": 0.0, ""raw_smoothness"": 0.017500000223517387, ""rewrite_penalty"": 0.0, ""risk_static_hold_penalty"": 0.0, ""uncertainty_penalty"": 0.0}",353,19.432649573724117,1.0251511466794947
NORMAL_BALANCED,previous_plan_prior:previous_shift_all:2,1.0280000007152559,previous_plan_prior,previous_shift_all,0.12,3.235993278285239,0.06125000000000014,conservative_prior:conservative_stabilize:5,1.0867500007152557,1.62157851256298,9.75,90.12590260237128,"{""any_risk"": true, ""canopy_dew_margin_lt0"": false, ""canopy_dew_margin_lt1"": false, ""dew_risk"": false, ""dry_or_high_vpd_risk"": false, ""dry_risk"": false, ""dry_vent_risk"": false, ""high_vpd"": false, ""humidity_or_dew_risk"": true, ""rh_ge_90"": true}","{""base_final_score"": 0.005250000000000088, ""final_score"": 0.06125000000000014, ""prior_confidence_bonus"": 0.055999999999999994, ""projected_energy_proxy"": 0.0, ""projected_low_reversal"": 0.0, ""projected_smoothness"": 0.011666666666666714, ""raw_energy_proxy"": 0.0, ""raw_low_reversal"": 0.0, ""raw_smoothness"": 0.011666666666666714, ""rewrite_penalty"": 0.0, ""risk_static_hold_penalty"": 0.0, ""uncertainty_penalty"": 0.0}",615,16.153286369144805,0.1812919433450165
NORMAL_BALANCED,previous_plan_prior:previous_shift_all:2,1.0280000007152559,previous_plan_prior,previous_shift_all,0.12,2.963176088375441,0.06125000000000014,conservative_prior:conservative_stabilize:5,1.0867500007152557,1.6388290936106706,10.0,90.04655417957383,"{""any_risk"": true, ""canopy_dew_margin_lt0"": false, ""canopy_dew_margin_lt1"": false, ""dew_risk"": false, ""dry_or_high_vpd_risk"": false, ""dry_risk"": false, ""dry_vent_risk"": false, ""high_vpd"": false, ""humidity_or_dew_risk"": true, ""rh_ge_90"": true}","{""base_final_score"": 0.005250000000000088, ""final_score"": 0.06125000000000014, ""prior_confidence_bonus"": 0.055999999999999994, ""projected_energy_proxy"": 0.0, ""projected_low_reversal"": 0.0, ""projected_smoothness"": 0.011666666666666714, ""raw_energy_proxy"": 0.0, ""raw_low_reversal"": 0.0, ""raw_smoothness"": 0.011666666666666714, ""rewrite_penalty"": 0.0, ""risk_static_hold_penalty"": 0.0, ""uncertainty_penalty"": 0.0}",616,16.433509858551258,0.1860414289281647
NORMAL_BALANCED,previous_plan_prior:previous_shift_all:2,1.06,previous_plan_prior,previous_shift_all,0.12,0.9296253130633545,0.06125000000000003,conservative_prior:conservative_stabilize:5,1.11875,2.435963711372498,11.75,85.83024326696095,"{""any_risk"": true, ""canopy_dew_margin_lt0"": false, ""canopy_dew_margin_lt1"": true, ""dew_risk"": true, ""dry_or_high_vpd_risk"": false, ""dry_risk"": false, ""dry_vent_risk"": false, ""high_vpd"": false, ""humidity_or_dew_risk"": true, ""rh_ge_90"": false}","{""base_final_score"": 0.005249999999999977, ""final_score"": 0.06125000000000003, ""prior_confidence_bonus"": 0.055999999999999994, ""projected_energy_proxy"": 0.0, ""projected_low_reversal"": 0.0, ""projected_smoothness"": 0.011666666666666714, ""raw_energy_proxy"": 0.0, ""raw_low_reversal"": 0.0, ""raw_smoothness"": 0.011666666666666714, ""rewrite_penalty"": 0.0, ""risk_static_hold_penalty"": 0.0, ""uncertainty_penalty"": 0.0}",623,19.341919781547237,0.3180446206418997
NORMAL_BALANCED,previous_plan_prior:previous_shift_all:2,1.06,previous_plan_prior,previous_shift_all,0.12,0.6772034463784564,0.06125000000000003,conservative_prior:conservative_stabilize:5,1.11875,2.3342440427764295,12.0,86.40161289351018,"{""any_risk"": true, ""canopy_dew_margin_lt0"": false, ""canopy_dew_margin_lt1"": true, ""dew_risk"": true, ""dry_or_high_vpd_risk"": false, ""dry_risk"": false, ""dry_vent_risk"": false, ""high_vpd"": false, ""humidity_or_dew_risk"": true, ""rh_ge_90"": false}","{""base_final_score"": 0.005249999999999977, ""final_score"": 0.06125000000000003, ""prior_confidence_bonus"": 0.055999999999999994, ""projected_energy_proxy"": 0.0, ""projected_low_reversal"": 0.0, ""projected_smoothness"": 0.011666666666666714, ""raw_energy_proxy"": 0.0, ""raw_low_reversal"": 0.0, ""raw_smoothness"": 0.011666666666666714, ""rewrite_penalty"": 0.0, ""risk_static_hold_penalty"": 0.0, ""uncertainty_penalty"": 0.0}",624,19.513375229631112,0.3084912806784809
NORMAL_BALANCED,previous_plan_prior:previous_shift_all:2,1.06,previous_plan_prior,previous_shift_all,0.12,0.6501516315074589,0.06125000000000003,conservative_prior:conservative_stabilize:5,1.11875,2.2796485174737136,12.5,86.70129035888763,"{""any_risk"": true, ""canopy_dew_margin_lt0"": false, ""canopy_dew_margin_lt1"": true, ""dew_risk"": true, ""dry_or_high_vpd_risk"": false, ""dry_risk"": false, ""dry_vent_risk"": false, ""high_vpd"": false, ""humidity_or_dew_risk"": true, ""rh_ge_90"": false}","{""base_final_score"": 0.005249999999999977, ""final_score"": 0.06125000000000003, ""prior_confidence_bonus"": 0.055999999999999994, ""projected_energy_proxy"": 0.0, ""projected_low_reversal"": 0.0, ""projected_smoothness"": 0.011666666666666714, ""raw_energy_proxy"": 0.0, ""raw_low_reversal"": 0.0, ""raw_smoothness"": 0.011666666666666714, ""rewrite_penalty"": 0.0, ""risk_static_hold_penalty"": 0.0, ""uncertainty_penalty"": 0.0}",626,19.52524900090818,0.30191549135269413
NORMAL_BALANCED,previous_plan_prior:screen_dwell_hold:4,1.06,previous_plan_prior,screen_dwell_hold,0.12,6.323517773922273,0.058625000100583025,conservative_prior:conservative_stabilize:5,1.121374999899417,9.593215985334712,9.75,54.403473946942555,"{""any_risk"": true, ""canopy_dew_margin_lt0"": false, ""canopy_dew_margin_lt1"": false, ""dew_risk"": false, ""dry_or_high_vpd_risk"": true, ""dry_risk"": true, ""dry_vent_risk"": false, ""high_vpd"": false, ""humidity_or_dew_risk"": false, ""rh_ge_90"": false}","{""base_final_score"": 0.002625000100582975, ""final_score"": 0.058625000100583025, ""prior_confidence_bonus"": 0.055999999999999994, ""projected_energy_proxy"": 0.0, ""projected_low_reversal"": 0.0, ""projected_smoothness"": 0.005833333556850784, ""raw_energy_proxy"": 0.0, ""raw_low_reversal"": 0.0, ""raw_smoothness"": 0.005833333556850784, ""rewrite_penalty"": 0.0, ""risk_static_hold_penalty"": 0.0, ""uncertainty_penalty"": 0.0}",327,21.488572192599968,1.1683724760271632
NORMAL_BALANCED,previous_plan_prior:previous_shift_all:2,1.06,previous_plan_prior,previous_shift_all,0.12,3.8123392355743277,0.058625000100583025,conservative_prior:conservative_stabilize:5,1.121374999899417,8.673290555706778,12.25,58.38812310006019,"{""any_risk"": true, ""canopy_dew_margin_lt0"": false, ""canopy_dew_margin_lt1"": false, ""dew_risk"": false, ""dry_or_high_vpd_risk"": true, ""dry_risk"": false, ""dry_vent_risk"": false, ""high_vpd"": true, ""humidity_or_dew_risk"": false, ""rh_ge_90"": false}","{""base_final_score"": 0.002625000100582975, ""final_score"": 0.058625000100583025, ""prior_confidence_bonus"": 0.055999999999999994, ""projected_energy_proxy"": 0.0, ""projected_low_reversal"": 0.0, ""projected_smoothness"": 0.005833333556850784, ""raw_energy_proxy"": 0.0, ""raw_low_reversal"": 0.0, ""raw_smoothness"": 0.005833333556850784, ""rewrite_penalty"": 0.0, ""risk_static_hold_penalty"": 0.0, ""uncertainty_penalty"": 0.0}",337,23.913070165909904,1.2350918615288222
NORMAL_BALANCED,previous_plan_prior:screen_dwell_hold:4,1.06,previous_plan_prior,screen_dwell_hold,0.12,9.071713944232576,0.058625000100583025,conservative_prior:conservative_stabilize:5,1.121374999899417,9.414052717719771,14.75,54.543955133982806,"{""any_risk"": true, ""canopy_dew_margin_lt0"": false, ""canopy_dew_margin_lt1"": false, ""dew_risk"": false, ""dry_or_high_vpd_risk"": true, ""dry_risk"": true, ""dry_vent_risk"": false, ""high_vpd"": false, ""humidity_or_dew_risk"": false, ""rh_ge_90"": false}","{""base_final_score"": 0.002625000100582975, ""final_score"": 0.058625000100583025, ""prior_confidence_bonus"": 0.055999999999999994, ""projected_energy_proxy"": 0.0, ""projected_low_reversal"": 0.0, ""projected_smoothness"": 0.005833333556850784, ""raw_energy_proxy"": 0.0, ""raw_low_reversal"": 0.0, ""raw_smoothness"": 0.005833333556850784, ""rewrite_penalty"": 0.0, ""risk_static_hold_penalty"": 0.0, ""uncertainty_penalty"": 0.0}",347,19.54675330428213,1.033350685721216
NORMAL_BALANCED,previous_plan_prior:screen_dwell_hold:4,1.06,previous_plan_prior,screen_dwell_hold,0.12,9.37381788537914,0.058625000100583025,conservative_prior:conservative_stabilize:5,1.121374999899417,9.955370255032037,15.25,52.6799345212631,"{""any_risk"": true, ""canopy_dew_margin_lt0"": false, ""canopy_dew_margin_lt1"": false, ""dew_risk"": false, ""dry_or_high_vpd_risk"": true, ""dry_risk"": true, ""dry_vent_risk"": false, ""high_vpd"": false, ""humidity_or_dew_risk"": false, ""rh_ge_90"": false}","{""base_final_score"": 0.002625000100582975, ""final_score"": 0.058625000100583025, ""prior_confidence_bonus"": 0.055999999999999994, ""projected_energy_proxy"": 0.0, ""projected_low_reversal"": 0.0, ""projected_smoothness"": 0.005833333556850784, ""raw_energy_proxy"": 0.0, ""raw_low_reversal"": 0.0, ""raw_smoothness"": 0.005833333556850784, ""rewrite_penalty"": 0.0, ""risk_static_hold_penalty"": 0.0, ""uncertainty_penalty"": 0.0}",349,19.838896274914593,1.0954030044238166
NORMAL_BALANCED,previous_plan_prior:screen_dwell_hold:4,1.06,previous_plan_prior,screen_dwell_hold,0.12,6.281917277059092,0.058625000100583025,conservative_prior:conservative_stabilize:5,1.121374999899417,9.604764376759382,8.25,54.340651978632344,"{""any_risk"": true, ""canopy_dew_margin_lt0"": false, ""canopy_dew_margin_lt1"": false, ""dew_risk"": false, ""dry_or_high_vpd_risk"": true, ""dry_risk"": true, ""dry_vent_risk"": false, ""high_vpd"": false, ""humidity_or_dew_risk"": false, ""rh_ge_90"": false}","{""base_final_score"": 0.002625000100582975, ""final_score"": 0.058625000100583025, ""prior_confidence_bonus"": 0.055999999999999994, ""projected_energy_proxy"": 0.0, ""projected_low_reversal"": 0.0, ""projected_smoothness"": 0.005833333556850784, ""raw_energy_proxy"": 0.0, ""raw_low_reversal"": 0.0, ""raw_smoothness"": 0.005833333556850784, ""rewrite_penalty"": 0.0, ""risk_static_hold_penalty"": 0.0, ""uncertainty_penalty"": 0.0}",417,21.40633686873053,1.1641077763240355
NORMAL_BALANCED,previous_plan_prior:screen_dwell_hold:4,1.06,previous_plan_prior,screen_dwell_hold,0.12,2.885229749487932,0.058625000100583025,conservative_prior:conservative_stabilize:5,1.121374999899417,9.371692524977812,8.75,55.69450189657129,"{""any_risk"": true, ""canopy_dew_margin_lt0"": false, ""canopy_dew_margin_lt1"": false, ""dew_risk"": false, ""dry_or_high_vpd_risk"": true, ""dry_risk"": false, ""dry_vent_risk"": false, ""high_vpd"": true, ""humidity_or_dew_risk"": false, ""rh_ge_90"": false}","{""base_final_score"": 0.002625000100582975, ""final_score"": 0.058625000100583025, ""prior_confidence_bonus"": 0.055999999999999994, ""projected_energy_proxy"": 0.0, ""projected_low_reversal"": 0.0, ""projected_smoothness"": 0.005833333556850784, ""raw_energy_proxy"": 0.0, ""raw_low_reversal"": 0.0, ""raw_smoothness"": 0.005833333556850784, ""rewrite_penalty"": 0.0, ""risk_static_hold_penalty"": 0.0, ""uncertainty_penalty"": 0.0}",515,23.408984542349476,1.2757504453085513
NORMAL_BALANCED,previous_plan_prior:screen_dwell_hold:4,1.06,previous_plan_prior,screen_dwell_hold,0.12,2.1122255873962956,0.056374999731779285,conservative_prior:conservative_stabilize:5,1.1236250002682207,7.961051993212802,12.75,61.295667010719875,"{""any_risk"": true, ""canopy_dew_margin_lt0"": false, ""canopy_dew_margin_lt1"": false, ""dew_risk"": false, ""dry_or_high_vpd_risk"": true, ""dry_risk"": false, ""dry_vent_risk"": true, ""high_vpd"": true, ""humidity_or_dew_risk"": false, ""rh_ge_90"": false}","{""base_final_score"": 0.0003749997317792353, ""final_score"": 0.056374999731779285, ""prior_confidence_bonus"": 0.055999999999999994, ""projected_energy_proxy"": 0.0, ""projected_low_reversal"": 0.0, ""projected_smoothness"": 0.0008333327372869181, ""raw_energy_proxy"": 0.0, ""raw_low_reversal"": 0.0, ""raw_smoothness"": 0.0008333327372869181, ""rewrite_penalty"": 0.0, ""risk_static_hold_penalty"": 0.0, ""uncertainty_penalty"": 0.0}",147,24.707863796716055,1.2047857653139369
NORMAL_BALANCED,previous_plan_prior:previous_shift_all:2,1.06,previous_plan_prior,previous_shift_all,0.12,1.8237903825715307,0.056374999731779285,conservative_prior:conservative_stabilize:5,1.1236250002682207,8.819954765877348,13.0,58.33907553642014,"{""any_risk"": true, ""canopy_dew_margin_lt0"": false, ""canopy_dew_margin_lt1"": false, ""dew_risk"": false, ""dry_or_high_vpd_risk"": true, ""dry_risk"": false, ""dry_vent_risk"": true, ""high_vpd"": true, ""humidity_or_dew_risk"": false, ""rh_ge_90"": false}","{""base_final_score"": 0.0003749997317792353, ""final_score"": 0.056374999731779285, ""prior_confidence_bonus"": 0.055999999999999994, ""projected_energy_proxy"": 0.0, ""projected_low_reversal"": 0.0, ""projected_smoothness"": 0.0008333327372869181, ""raw_energy_proxy"": 0.0, ""raw_low_reversal"": 0.0, ""raw_smoothness"": 0.0008333327372869181, ""rewrite_penalty"": 0.0, ""risk_static_hold_penalty"": 0.0, ""uncertainty_penalty"": 0.0}",148,25.95084847817154,1.3962148257163356
NORMAL_BALANCED,previous_plan_prior:previous_shift_all:2,1.06,previous_plan_prior,previous_shift_all,0.12,1.7408834385472218,0.056374999731779285,conservative_prior:conservative_stabilize:5,1.1236250002682207,9.009974414961356,13.25,57.73331210615125,"{""any_risk"": true, ""canopy_dew_margin_lt0"": false, ""canopy_dew_margin_lt1"": false, ""dew_risk"": false, ""dry_or_high_vpd_risk"": true, ""dry_risk"": false, ""dry_vent_risk"": true, ""high_vpd"": true, ""humidity_or_dew_risk"": false, ""rh_ge_90"": false}","{""base_final_score"": 0.0003749997317792353, ""final_score"": 0.056374999731779285, ""prior_confidence_bonus"": 0.055999999999999994, ""projected_energy_proxy"": 0.0, ""projected_low_reversal"": 0.0, ""projected_smoothness"": 0.0008333327372869181, ""raw_energy_proxy"": 0.0, ""raw_low_reversal"": 0.0, ""raw_smoothness"": 0.0008333327372869181, ""rewrite_penalty"": 0.0, ""risk_static_hold_penalty"": 0.0, ""uncertainty_penalty"": 0.0}",149,26.323899759732676,1.4480664926274105
NORMAL_BALANCED,previous_plan_prior:previous_shift_all:2,1.06,previous_plan_prior,previous_shift_all,0.12,1.963681735301897,0.056374999731779285,conservative_prior:conservative_stabilize:5,1.1236250002682207,8.646108037002072,13.5,58.95467966631317,"{""any_risk"": true, ""canopy_dew_margin_lt0"": false, ""canopy_dew_margin_lt1"": false, ""dew_risk"": false, ""dry_or_high_vpd_risk"": true, ""dry_risk"": false, ""dry_vent_risk"": true, ""high_vpd"": true, ""humidity_or_dew_risk"": false, ""rh_ge_90"": false}","{""base_final_score"": 0.0003749997317792353, ""final_score"": 0.056374999731779285, ""prior_confidence_bonus"": 0.055999999999999994, ""projected_energy_proxy"": 0.0, ""projected_low_reversal"": 0.0, ""projected_smoothness"": 0.0008333327372869181, ""raw_energy_proxy"": 0.0, ""raw_low_reversal"": 0.0, ""raw_smoothness"": 0.0008333327372869181, ""rewrite_penalty"": 0.0, ""risk_static_hold_penalty"": 0.0, ""uncertainty_penalty"": 0.0}",150,25.831774430129,1.365927385989567
NORMAL_BALANCED,previous_plan_prior:previous_shift_all:2,1.06,previous_plan_prior,previous_shift_all,0.12,2.2797041019417037,0.056374999731779285,conservative_prior:conservative_stabilize:5,1.1236250002682207,8.290483044137616,13.75,60.15452053990635,"{""any_risk"": true, ""canopy_dew_margin_lt0"": false, ""canopy_dew_margin_lt1"": false, ""dew_risk"": false, ""dry_or_high_vpd_risk"": true, ""dry_risk"": false, ""dry_vent_risk"": true, ""high_vpd"": true, ""humidity_or_dew_risk"": false, ""rh_ge_90"": false}","{""base_final_score"": 0.0003749997317792353, ""final_score"": 0.056374999731779285, ""prior_confidence_bonus"": 0.055999999999999994, ""projected_energy_proxy"": 0.0, ""projected_low_reversal"": 0.0, ""projected_smoothness"": 0.0008333327372869181, ""raw_energy_proxy"": 0.0, ""raw_low_reversal"": 0.0, ""raw_smoothness"": 0.0008333327372869181, ""rewrite_penalty"": 0.0, ""risk_static_hold_penalty"": 0.0, ""uncertainty_penalty"": 0.0}",151,25.246369424841415,1.2807424431579622
NORMAL_BALANCED,previous_plan_prior:previous_shift_all:2,1.06,previous_plan_prior,previous_shift_all,0.12,3.6358792573908634,0.056374999731779285,conservative_prior:conservative_stabilize:5,1.1236250002682207,10.1041177277378,10.0,53.458179694769285,"{""any_risk"": true, ""canopy_dew_margin_lt0"": false, ""canopy_dew_margin_lt1"": false, ""dew_risk"": false, ""dry_or_high_vpd_risk"": true, ""dry_risk"": true, ""dry_vent_risk"": true, ""high_vpd"": true, ""humidity_or_dew_risk"": false, ""rh_ge_90"": false}","{""base_final_score"": 0.0003749997317792353, ""final_score"": 0.056374999731779285, ""prior_confidence_bonus"": 0.055999999999999994, ""projected_energy_proxy"": 0.0, ""projected_low_reversal"": 0.0, ""projected_smoothness"": 0.0008333327372869181, ""raw_energy_proxy"": 0.0, ""raw_low_reversal"": 0.0, ""raw_smoothness"": 0.0008333327372869181, ""rewrite_penalty"": 0.0, ""risk_static_hold_penalty"": 0.0, ""uncertainty_penalty"": 0.0}",328,24.75448627619811,1.4527875555007945
NORMAL_BALANCED,previous_plan_prior:previous_shift_all:2,1.06,previous_plan_prior,previous_shift_all,0.12,3.6841907253908524,0.056374999731779285,conservative_prior:conservative_stabilize:5,1.1236250002682207,10.612081132847798,10.25,51.87587327345088,"{""any_risk"": true, ""canopy_dew_margin_lt0"": false, ""canopy_dew_margin_lt1"": false, ""dew_risk"": false, ""dry_or_high_vpd_risk"": true, ""dry_risk"": true, ""dry_vent_risk"": true, ""high_vpd"": true, ""humidity_or_dew_risk"": false, ""rh_ge_90"": false}","{""base_final_score"": 0.0003749997317792353, ""final_score"": 0.056374999731779285, ""prior_confidence_bonus"": 0.055999999999999994, ""projected_energy_proxy"": 0.0, ""projected_low_reversal"": 0.0, ""projected_smoothness"": 0.0008333327372869181, ""raw_energy_proxy"": 0.0, ""raw_low_reversal"": 0.0, ""raw_smoothness"": 0.0008333327372869181, ""rewrite_penalty"": 0.0, ""risk_static_hold_penalty"": 0.0, ""uncertainty_penalty"": 0.0}",329,25.29541262081237,1.5513566063180169
NORMAL_BALANCED,previous_plan_prior:previous_shift_all:2,1.06,previous_plan_prior,previous_shift_all,0.12,3.4845829184671526,0.056374999731779285,conservative_prior:conservative_stabilize:5,1.1236250002682207,10.698515551018316,10.5,51.686250794621095,"{""any_risk"": true, ""canopy_dew_margin_lt0"": false, ""canopy_dew_margin_lt1"": false, ""dew_risk"": false, ""dry_or_high_vpd_risk"": true, ""dry_risk"": true, ""dry_vent_risk"": true, ""high_vpd"": true, ""humidity_or_dew_risk"": false, ""rh_ge_90"": false}","{""base_final_score"": 0.0003749997317792353, ""final_score"": 0.056374999731779285, ""prior_confidence_bonus"": 0.055999999999999994, ""projected_energy_proxy"": 0.0, ""projected_low_reversal"": 0.0, ""projected_smoothness"": 0.0008333327372869181, ""raw_energy_proxy"": 0.0, ""raw_low_reversal"": 0.0, ""raw_smoothness"": 0.0008333327372869181, ""rewrite_penalty"": 0.0, ""risk_static_hold_penalty"": 0.0, ""uncertainty_penalty"": 0.0}",330,25.66786088469156,1.592277385998778
NORMAL_BALANCED,previous_plan_prior:previous_shift_all:2,1.06,previous_plan_prior,previous_shift_all,0.12,3.2297511246124255,0.056374999731779285,conservative_prior:conservative_stabilize:5,1.1236250002682207,10.725463644253777,10.75,51.695405871901585,"{""any_risk"": true, ""canopy_dew_margin_lt0"": false, ""canopy_dew_margin_lt1"": false, ""dew_risk"": false, ""dry_or_high_vpd_risk"": true, ""dry_risk"": true, ""dry_vent_risk"": true, ""high_vpd"": true, ""humidity_or_dew_risk"": false, ""rh_ge_90"": false}","{""base_final_score"": 0.0003749997317792353, ""final_score"": 0.056374999731779285, ""prior_confidence_bonus"": 0.055999999999999994, ""projected_energy_proxy"": 0.0, ""projected_low_reversal"": 0.0, ""projected_smoothness"": 0.0008333327372869181, ""raw_energy_proxy"": 0.0, ""raw_low_reversal"": 0.0, ""raw_smoothness"": 0.0008333327372869181, ""rewrite_penalty"": 0.0, ""risk_static_hold_penalty"": 0.0, ""uncertainty_penalty"": 0.0}",331,26.04088379374779,1.6275083589275892
NORMAL_BALANCED,previous_plan_prior:previous_shift_all:2,1.06,previous_plan_prior,previous_shift_all,0.12,2.9693533494612723,0.056374999731779285,conservative_prior:conservative_stabilize:5,1.1236250002682207,10.74109053014124,11.0,51.74183604493684,"{""any_risk"": true, ""canopy_dew_margin_lt0"": false, ""canopy_dew_margin_lt1"": false, ""dew_risk"": false, ""dry_or_high_vpd_risk"": true, ""dry_risk"": true, ""dry_vent_risk"": true, ""high_vpd"": true, ""humidity_or_dew_risk"": false, ""rh_ge_90"": false}","{""base_final_score"": 0.0003749997317792353, ""final_score"": 0.056374999731779285, ""prior_confidence_bonus"": 0.055999999999999994, ""projected_energy_proxy"": 0.0, ""projected_low_reversal"": 0.0, ""projected_smoothness"": 0.0008333327372869181, ""raw_energy_proxy"": 0.0, ""raw_low_reversal"": 0.0, ""raw_smoothness"": 0.0008333327372869181, ""rewrite_penalty"": 0.0, ""risk_static_hold_penalty"": 0.0, ""uncertainty_penalty"": 0.0}",332,26.412947422608287,1.6620371174397184
NORMAL_BALANCED,previous_plan_prior:previous_shift_all:2,1.06,previous_plan_prior,previous_shift_all,0.12,2.722370359712304,0.056374999731779285,conservative_prior:conservative_stabilize:5,1.1236250002682207,10.752774256289758,11.25,51.79783594592986,"{""any_risk"": true, ""canopy_dew_margin_lt0"": false, ""canopy_dew_margin_lt1"": false, ""dew_risk"": false, ""dry_or_high_vpd_risk"": true, ""dry_risk"": true, ""dry_vent_risk"": true, ""high_vpd"": true, ""humidity_or_dew_risk"": false, ""rh_ge_90"": false}","{""base_final_score"": 0.0003749997317792353, ""final_score"": 0.056374999731779285, ""prior_confidence_bonus"": 0.055999999999999994, ""projected_energy_proxy"": 0.0, ""projected_low_reversal"": 0.0, ""projected_smoothness"": 0.0008333327372869181, ""raw_energy_proxy"": 0.0, ""raw_low_reversal"": 0.0, ""raw_smoothness"": 0.0008333327372869181, ""rewrite_penalty"": 0.0, ""risk_static_hold_penalty"": 0.0, ""uncertainty_penalty"": 0.0}",333,26.77220849355655,1.695578869261264
NORMAL_BALANCED,previous_plan_prior:previous_shift_all:2,1.06,previous_plan_prior,previous_shift_all,0.12,2.8378299268554006,0.056374999731779285,conservative_prior:conservative_stabilize:5,1.1236250002682207,10.244641414987091,11.5,53.36330045573909,"{""any_risk"": true, ""canopy_dew_margin_lt0"": false, ""canopy_dew_margin_lt1"": false, ""dew_risk"": false, ""dry_or_high_vpd_risk"": true, ""dry_risk"": true, ""dry_vent_risk"": true, ""high_vpd"": true, ""humidity_or_dew_risk"": false, ""rh_ge_90"": false}","{""base_final_score"": 0.0003749997317792353, ""final_score"": 0.056374999731779285, ""prior_confidence_bonus"": 0.055999999999999994, ""projected_energy_proxy"": 0.0, ""projected_low_reversal"": 0.0, ""projected_smoothness"": 0.0008333327372869181, ""raw_energy_proxy"": 0.0, ""raw_low_reversal"": 0.0, ""raw_smoothness"": 0.0008333327372869181, ""rewrite_penalty"": 0.0, ""risk_static_hold_penalty"": 0.0, ""uncertainty_penalty"": 0.0}",334,26.242516112397944,1.5901324920779896
NORMAL_BALANCED,previous_plan_prior:previous_shift_all:2,1.06,previous_plan_prior,previous_shift_all,0.12,3.1045080467293626,0.056374999731779285,conservative_prior:conservative_stabilize:5,1.1236250002682207,9.748831346814958,11.75,54.90178649761487,"{""any_risk"": true, ""canopy_dew_margin_lt0"": false, ""canopy_dew_margin_lt1"": false, ""dew_risk"": false, ""dry_or_high_vpd_risk"": true, ""dry_risk"": true, ""dry_vent_risk"": true, ""high_vpd"": true, ""humidity_or_dew_risk"": false, ""rh_ge_90"": false}","{""base_final_score"": 0.0003749997317792353, ""final_score"": 0.056374999731779285, ""prior_confidence_bonus"": 0.055999999999999994, ""projected_energy_proxy"": 0.0, ""projected_low_reversal"": 0.0, ""projected_smoothness"": 0.0008333327372869181, ""raw_energy_proxy"": 0.0, ""raw_low_reversal"": 0.0, ""raw_smoothness"": 0.0008333327372869181, ""rewrite_penalty"": 0.0, ""risk_static_hold_penalty"": 0.0, ""uncertainty_penalty"": 0.0}",335,25.563830145904493,1.4771644616794477
NORMAL_BALANCED,previous_plan_prior:previous_shift_all:2,1.06,previous_plan_prior,previous_shift_all,0.12,3.43636661741656,0.056374999731779285,conservative_prior:conservative_stabilize:5,1.1236250002682207,9.22946796425716,12.0,56.55553498059691,"{""any_risk"": true, ""canopy_dew_margin_lt0"": false, ""canopy_dew_margin_lt1"": false, ""dew_risk"": false, ""dry_or_high_vpd_risk"": true, ""dry_risk"": false, ""dry_vent_risk"": true, ""high_vpd"": true, ""humidity_or_dew_risk"": false, ""rh_ge_90"": false}","{""base_final_score"": 0.0003749997317792353, ""final_score"": 0.056374999731779285, ""prior_confidence_bonus"": 0.055999999999999994, ""projected_energy_proxy"": 0.0, ""projected_low_reversal"": 0.0, ""projected_smoothness"": 0.0008333327372869181, ""raw_energy_proxy"": 0.0, ""raw_low_reversal"": 0.0, ""raw_smoothness"": 0.0008333327372869181, ""rewrite_penalty"": 0.0, ""risk_static_hold_penalty"": 0.0, ""uncertainty_penalty"": 0.0}",336,24.785058993745064,1.358580712124477
NORMAL_BALANCED,previous_plan_prior:previous_shift_all:2,1.06,previous_plan_prior,previous_shift_all,0.12,2.861449150504045,0.056374999731779285,conservative_prior:conservative_stabilize:5,1.1236250002682207,8.890756544000306,8.5,57.641921711275685,"{""any_risk"": true, ""canopy_dew_margin_lt0"": false, ""canopy_dew_margin_lt1"": false, ""dew_risk"": false, ""dry_or_high_vpd_risk"": true, ""dry_risk"": false, ""dry_vent_risk"": true, ""high_vpd"": true, ""humidity_or_dew_risk"": false, ""rh_ge_90"": false}","{""base_final_score"": 0.0003749997317792353, ""final_score"": 0.056374999731779285, ""prior_confidence_bonus"": 0.055999999999999994, ""projected_energy_proxy"": 0.0, ""projected_low_reversal"": 0.0, ""projected_smoothness"": 0.0008333327372869181, ""raw_energy_proxy"": 0.0, ""raw_low_reversal"": 0.0, ""raw_smoothness"": 0.0008333327372869181, ""rewrite_penalty"": 0.0, ""risk_static_hold_penalty"": 0.0, ""uncertainty_penalty"": 0.0}",418,24.170296688781278,1.2767945703295254
NORMAL_BALANCED,previous_plan_prior:previous_shift_all:2,1.06,previous_plan_prior,previous_shift_all,0.12,-1.2616665605056205,0.056374999731779285,conservative_prior:conservative_stabilize:5,1.1236250002682207,9.456157616757206,9.0,56.48044449802184,"{""any_risk"": true, ""canopy_dew_margin_lt0"": true, ""canopy_dew_margin_lt1"": true, ""dew_risk"": true, ""dry_or_high_vpd_risk"": true, ""dry_risk"": false, ""dry_vent_risk"": true, ""high_vpd"": true, ""humidity_or_dew_risk"": true, ""rh_ge_90"": false}","{""base_final_score"": 0.0003749997317792353, ""final_score"": 0.056374999731779285, ""prior_confidence_bonus"": 0.055999999999999994, ""projected_energy_proxy"": 0.0, ""projected_low_reversal"": 0.0, ""projected_smoothness"": 0.0008333327372869181, ""raw_energy_proxy"": 0.0, ""raw_low_reversal"": 0.0, ""raw_smoothness"": 0.0008333327372869181, ""rewrite_penalty"": 0.0, ""risk_static_hold_penalty"": 0.0, ""uncertainty_penalty"": 0.0}",516,27.743459968169855,1.6204413170818737
NORMAL_BALANCED,previous_plan_prior:previous_shift_all:2,1.06,previous_plan_prior,previous_shift_all,0.12,-0.5626602454932801,0.056374999731779285,conservative_prior:conservative_stabilize:5,1.1236250002682207,9.492685155863427,9.5,56.246076591047284,"{""any_risk"": true, ""canopy_dew_margin_lt0"": true, ""canopy_dew_margin_lt1"": true, ""dew_risk"": true, ""dry_or_high_vpd_risk"": true, ""dry_risk"": false, ""dry_vent_risk"": true, ""high_vpd"": true, ""humidity_or_dew_risk"": true, ""rh_ge_90"": false}","{""base_final_score"": 0.0003749997317792353, ""final_score"": 0.056374999731779285, ""prior_confidence_bonus"": 0.055999999999999994, ""projected_energy_proxy"": 0.0, ""projected_low_reversal"": 0.0, ""projected_smoothness"": 0.0008333327372869181, ""raw_energy_proxy"": 0.0, ""raw_low_reversal"": 0.0, ""raw_smoothness"": 0.0008333327372869181, ""rewrite_penalty"": 0.0, ""risk_static_hold_penalty"": 0.0, ""uncertainty_penalty"": 0.0}",518,27.319752606818582,1.5893294871831878
NORMAL_BALANCED,previous_plan_prior:previous_shift_all:2,1.06,previous_plan_prior,previous_shift_all,0.12,-0.6865096997131985,0.056374999731779285,conservative_prior:conservative_stabilize:5,1.1236250002682207,9.25534941602092,10.0,57.119653847492,"{""any_risk"": true, ""canopy_dew_margin_lt0"": true, ""canopy_dew_margin_lt1"": true, ""dew_risk"": true, ""dry_or_high_vpd_risk"": true, ""dry_risk"": false, ""dry_vent_risk"": true, ""high_vpd"": true, ""humidity_or_dew_risk"": true, ""rh_ge_90"": false}","{""base_final_score"": 0.0003749997317792353, ""final_score"": 0.056374999731779285, ""prior_confidence_bonus"": 0.055999999999999994, ""projected_energy_proxy"": 0.0, ""projected_low_reversal"": 0.0, ""projected_smoothness"": 0.0008333327372869181, ""raw_energy_proxy"": 0.0, ""raw_low_reversal"": 0.0, ""raw_smoothness"": 0.0008333327372869181, ""rewrite_penalty"": 0.0, ""risk_static_hold_penalty"": 0.0, ""uncertainty_penalty"": 0.0}",520,27.436947417403612,1.568312406336445
NORMAL_BALANCED,previous_plan_prior:previous_shift_all:2,1.06,previous_plan_prior,previous_shift_all,0.12,-0.7525899879942699,0.056374999731779285,conservative_prior:conservative_stabilize:5,1.1236250002682207,9.365351839815222,10.5,56.82644935479121,"{""any_risk"": true, ""canopy_dew_margin_lt0"": true, ""canopy_dew_margin_lt1"": true, ""dew_risk"": true, ""dry_or_high_vpd_risk"": true, ""dry_risk"": false, ""dry_vent_risk"": true, ""high_vpd"": true, ""humidity_or_dew_risk"": true, ""rh_ge_90"": false}","{""base_final_score"": 0.0003749997317792353, ""final_score"": 0.056374999731779285, ""prior_confidence_bonus"": 0.055999999999999994, ""projected_energy_proxy"": 0.0, ""projected_low_reversal"": 0.0, ""projected_smoothness"": 0.0008333327372869181, ""raw_energy_proxy"": 0.0, ""raw_low_reversal"": 0.0, ""raw_smoothness"": 0.0008333327372869181, ""rewrite_penalty"": 0.0, ""risk_static_hold_penalty"": 0.0, ""uncertainty_penalty"": 0.0}",522,27.840514804847178,1.6166821087162488
NORMAL_BALANCED,previous_plan_prior:previous_shift_all:2,1.06,previous_plan_prior,previous_shift_all,0.12,1.0327574312835637,0.056374999731779285,conservative_prior:conservative_stabilize:5,1.1236250002682207,9.92047493861488,12.5,54.801782048047585,"{""any_risk"": true, ""canopy_dew_margin_lt0"": false, ""canopy_dew_margin_lt1"": false, ""dew_risk"": false, ""dry_or_high_vpd_risk"": true, ""dry_risk"": true, ""dry_vent_risk"": true, ""high_vpd"": true, ""humidity_or_dew_risk"": false, ""rh_ge_90"": false}","{""base_final_score"": 0.0003749997317792353, ""final_score"": 0.056374999731779285, ""prior_confidence_bonus"": 0.055999999999999994, ""projected_energy_proxy"": 0.0, ""projected_low_reversal"": 0.0, ""projected_smoothness"": 0.0008333327372869181, ""raw_energy_proxy"": 0.0, ""raw_low_reversal"": 0.0, ""raw_smoothness"": 0.0008333327372869181, ""rewrite_penalty"": 0.0, ""risk_static_hold_penalty"": 0.0, ""uncertainty_penalty"": 0.0}",530,27.520000352312426,1.6611314003850348
NORMAL_BALANCED,previous_plan_prior:previous_shift_all:2,1.06,previous_plan_prior,previous_shift_all,0.12,1.1501441055151567,0.056374999731779285,conservative_prior:conservative_stabilize:5,1.1236250002682207,8.686596655912972,13.0,58.930541446226904,"{""any_risk"": true, ""canopy_dew_margin_lt0"": false, ""canopy_dew_margin_lt1"": false, ""dew_risk"": false, ""dry_or_high_vpd_risk"": true, ""dry_risk"": false, ""dry_vent_risk"": true, ""high_vpd"": true, ""humidity_or_dew_risk"": false, ""rh_ge_90"": false}","{""base_final_score"": 0.0003749997317792353, ""final_score"": 0.056374999731779285, ""prior_confidence_bonus"": 0.055999999999999994, ""projected_energy_proxy"": 0.0, ""projected_low_reversal"": 0.0, ""projected_smoothness"": 0.0008333327372869181, ""raw_energy_proxy"": 0.0, ""raw_low_reversal"": 0.0, ""raw_smoothness"": 0.0008333327372869181, ""rewrite_penalty"": 0.0, ""risk_static_hold_penalty"": 0.0, ""uncertainty_penalty"": 0.0}",532,26.35780557681392,1.4098647145616452
NORMAL_BALANCED,previous_plan_prior:previous_shift_all:2,1.06,previous_plan_prior,previous_shift_all,0.12,0.11277812166455448,0.056374999731779285,conservative_prior:conservative_stabilize:5,1.1236250002682207,8.016380287780699,13.25,61.566475965704385,"{""any_risk"": true, ""canopy_dew_margin_lt0"": false, ""canopy_dew_margin_lt1"": true, ""dew_risk"": true, ""dry_or_high_vpd_risk"": true, ""dry_risk"": false, ""dry_vent_risk"": true, ""high_vpd"": true, ""humidity_or_dew_risk"": true, ""rh_ge_90"": false}","{""base_final_score"": 0.0003749997317792353, ""final_score"": 0.056374999731779285, ""prior_confidence_bonus"": 0.055999999999999994, ""projected_energy_proxy"": 0.0, ""projected_low_reversal"": 0.0, ""projected_smoothness"": 0.0008333327372869181, ""raw_energy_proxy"": 0.0, ""raw_low_reversal"": 0.0, ""raw_smoothness"": 0.0008333327372869181, ""rewrite_penalty"": 0.0, ""risk_static_hold_penalty"": 0.0, ""uncertainty_penalty"": 0.0}",533,26.8076779794075,1.3547738199084725
NORMAL_BALANCED,previous_plan_prior:previous_shift_all:2,1.06,previous_plan_prior,previous_shift_all,0.12,0.0011972408179765637,0.056374999731779285,conservative_prior:conservative_stabilize:5,1.1236250002682207,7.734074433664663,13.5,62.639719977665806,"{""any_risk"": true, ""canopy_dew_margin_lt0"": false, ""canopy_dew_margin_lt1"": true, ""dew_risk"": true, ""dry_or_high_vpd_risk"": true, ""dry_risk"": false, ""dry_vent_risk"": true, ""high_vpd"": true, ""humidity_or_dew_risk"": true, ""rh_ge_90"": false}","{""base_final_score"": 0.0003749997317792353, ""final_score"": 0.056374999731779285, ""prior_confidence_bonus"": 0.055999999999999994, ""projected_energy_proxy"": 0.0, ""projected_low_reversal"": 0.0, ""projected_smoothness"": 0.0008333327372869181, ""raw_energy_proxy"": 0.0, ""raw_low_reversal"": 0.0, ""raw_smoothness"": 0.0008333327372869181, ""rewrite_penalty"": 0.0, ""risk_static_hold_penalty"": 0.0, ""uncertainty_penalty"": 0.0}",534,26.72017478908021,1.3101870978034946
NORMAL_BALANCED,previous_plan_prior:previous_shift_all:2,1.06,previous_plan_prior,previous_shift_all,0.12,0.27123685057867775,0.056374999731779285,conservative_prior:conservative_stabilize:5,1.1236250002682207,7.766439126168791,13.75,62.47828254260211,"{""any_risk"": true, ""canopy_dew_margin_lt0"": false, ""canopy_dew_margin_lt1"": true, ""dew_risk"": true, ""dry_or_high_vpd_risk"": true, ""dry_risk"": false, ""dry_vent_risk"": true, ""high_vpd"": true, ""humidity_or_dew_risk"": true, ""rh_ge_90"": false}","{""base_final_score"": 0.0003749997317792353, ""final_score"": 0.056374999731779285, ""prior_confidence_bonus"": 0.055999999999999994, ""projected_energy_proxy"": 0.0, ""projected_low_reversal"": 0.0, ""projected_smoothness"": 0.0008333327372869181, ""raw_energy_proxy"": 0.0, ""raw_low_reversal"": 0.0, ""raw_smoothness"": 0.0008333327372869181, ""rewrite_penalty"": 0.0, ""risk_static_hold_penalty"": 0.0, ""uncertainty_penalty"": 0.0}",535,26.56399706492666,1.303815118226582
NORMAL_BALANCED,previous_plan_prior:previous_shift_all:2,1.06,previous_plan_prior,previous_shift_all,0.12,0.6779963868580268,0.056374999731779285,conservative_prior:conservative_stabilize:5,1.1236250002682207,7.932561599084615,14.0,61.796673711750884,"{""any_risk"": true, ""canopy_dew_margin_lt0"": false, ""canopy_dew_margin_lt1"": true, ""dew_risk"": true, ""dry_or_high_vpd_risk"": true, ""dry_risk"": false, ""dry_vent_risk"": true, ""high_vpd"": true, ""humidity_or_dew_risk"": true, ""rh_ge_90"": false}","{""base_final_score"": 0.0003749997317792353, ""final_score"": 0.056374999731779285, ""prior_confidence_bonus"": 0.055999999999999994, ""projected_energy_proxy"": 0.0, ""projected_low_reversal"": 0.0, ""projected_smoothness"": 0.0008333327372869181, ""raw_energy_proxy"": 0.0, ""raw_low_reversal"": 0.0, ""raw_smoothness"": 0.0008333327372869181, ""rewrite_penalty"": 0.0, ""risk_static_hold_penalty"": 0.0, ""uncertainty_penalty"": 0.0}",536,26.40244165262167,1.3149287833734555
NORMAL_BALANCED,previous_plan_prior:previous_shift_all:2,1.06,previous_plan_prior,previous_shift_all,0.12,1.1095142148654666,0.056374999731779285,conservative_prior:conservative_stabilize:5,1.1236250002682207,8.139900059396169,14.25,60.96543617664871,"{""any_risk"": true, ""canopy_dew_margin_lt0"": false, ""canopy_dew_margin_lt1"": false, ""dew_risk"": false, ""dry_or_high_vpd_risk"": true, ""dry_risk"": false, ""dry_vent_risk"": true, ""high_vpd"": true, ""humidity_or_dew_risk"": false, ""rh_ge_90"": false}","{""base_final_score"": 0.0003749997317792353, ""final_score"": 0.056374999731779285, ""prior_confidence_bonus"": 0.055999999999999994, ""projected_energy_proxy"": 0.0, ""projected_low_reversal"": 0.0, ""projected_smoothness"": 0.0008333327372869181, ""raw_energy_proxy"": 0.0, ""raw_low_reversal"": 0.0, ""raw_smoothness"": 0.0008333327372869181, ""rewrite_penalty"": 0.0, ""risk_static_hold_penalty"": 0.0, ""uncertainty_penalty"": 0.0}",537,26.254835320738113,1.3318965541448506
NORMAL_BALANCED,previous_plan_prior:previous_shift_all:2,1.06,previous_plan_prior,previous_shift_all,0.12,1.533872644574231,0.056374999731779285,conservative_prior:conservative_stabilize:5,1.1236250002682207,8.045759063302068,14.5,61.22351602925321,"{""any_risk"": true, ""canopy_dew_margin_lt0"": false, ""canopy_dew_margin_lt1"": false, ""dew_risk"": false, ""dry_or_high_vpd_risk"": true, ""dry_risk"": false, ""dry_vent_risk"": true, ""high_vpd"": true, ""humidity_or_dew_risk"": false, ""rh_ge_90"": false}","{""base_final_score"": 0.0003749997317792353, ""final_score"": 0.056374999731779285, ""prior_confidence_bonus"": 0.055999999999999994, ""projected_energy_proxy"": 0.0, ""projected_low_reversal"": 0.0, ""projected_smoothness"": 0.0008333327372869181, ""raw_energy_proxy"": 0.0, ""raw_low_reversal"": 0.0, ""raw_smoothness"": 0.0008333327372869181, ""rewrite_penalty"": 0.0, ""risk_static_hold_penalty"": 0.0, ""uncertainty_penalty"": 0.0}",538,25.8098253934926,1.2887484309372215
NORMAL_BALANCED,previous_plan_prior:previous_shift_all:2,1.06,previous_plan_prior,previous_shift_all,0.12,1.9494609561931426,0.056374999731779285,conservative_prior:conservative_stabilize:5,1.1236250002682207,7.9472224617676375,14.75,61.50166011290346,"{""any_risk"": true, ""canopy_dew_margin_lt0"": false, ""canopy_dew_margin_lt1"": false, ""dew_risk"": false, ""dry_or_high_vpd_risk"": true, ""dry_risk"": false, ""dry_vent_risk"": true, ""high_vpd"": true, ""humidity_or_dew_risk"": false, ""rh_ge_90"": false}","{""base_final_score"": 0.0003749997317792353, ""final_score"": 0.056374999731779285, ""prior_confidence_bonus"": 0.055999999999999994, ""projected_energy_proxy"": 0.0, ""projected_low_reversal"": 0.0, ""projected_smoothness"": 0.0008333327372869181, ""raw_energy_proxy"": 0.0, ""raw_low_reversal"": 0.0, ""raw_smoothness"": 0.0008333327372869181, ""rewrite_penalty"": 0.0, ""risk_static_hold_penalty"": 0.0, ""uncertainty_penalty"": 0.0}",539,25.365625855723728,1.246242296639482
NORMAL_BALANCED,previous_plan_prior:previous_shift_all:2,1.06,previous_plan_prior,previous_shift_all,0.12,2.348491096204558,0.056374999731779285,conservative_prior:conservative_stabilize:5,1.1236250002682207,7.853550120298181,15.0,61.76805588947125,"{""any_risk"": true, ""canopy_dew_margin_lt0"": false, ""canopy_dew_margin_lt1"": false, ""dew_risk"": false, ""dry_or_high_vpd_risk"": true, ""dry_risk"": false, ""dry_vent_risk"": true, ""high_vpd"": true, ""humidity_or_dew_risk"": false, ""rh_ge_90"": false}","{""base_final_score"": 0.0003749997317792353, ""final_score"": 0.056374999731779285, ""prior_confidence_bonus"": 0.055999999999999994, ""projected_energy_proxy"": 0.0, ""projected_low_reversal"": 0.0, ""projected_smoothness"": 0.0008333327372869181, ""raw_energy_proxy"": 0.0, ""raw_low_reversal"": 0.0, ""raw_smoothness"": 0.0008333327372869181, ""rewrite_penalty"": 0.0, ""risk_static_hold_penalty"": 0.0, ""uncertainty_penalty"": 0.0}",540,24.93943534013061,1.2066323865284543
NORMAL_BALANCED,previous_plan_prior:screen_dwell_hold:4,1.06,previous_plan_prior,screen_dwell_hold,0.12,-2.2686503801698485,0.05600000000000005,conservative_prior:conservative_stabilize:5,1.124,9.142816052103122,9.25,57.79677524120706,"{""any_risk"": true, ""canopy_dew_margin_lt0"": true, ""canopy_dew_margin_lt1"": true, ""dew_risk"": true, ""dry_or_high_vpd_risk"": true, ""dry_risk"": false, ""dry_vent_risk"": false, ""high_vpd"": true, ""humidity_or_dew_risk"": true, ""rh_ge_90"": false}","{""base_final_score"": 0.0, ""final_score"": 0.05600000000000005, ""prior_confidence_bonus"": 0.055999999999999994, ""projected_energy_proxy"": 0.0, ""projected_low_reversal"": 0.0, ""projected_smoothness"": 0.0, ""raw_energy_proxy"": 0.0, ""raw_low_reversal"": 0.0, ""raw_smoothness"": 0.0, ""rewrite_penalty"": 0.0, ""risk_static_hold_penalty"": 0.0, ""uncertainty_penalty"": 0.0}",517,28.558785403623368,1.6477359430766803
NORMAL_BALANCED,previous_plan_prior:previous_shift_all:2,1.06,previous_plan_prior,previous_shift_all,0.12,-2.11980499522436,0.05600000000000005,conservative_prior:conservative_stabilize:5,1.124,9.123041972920287,9.75,57.88361818482696,"{""any_risk"": true, ""canopy_dew_margin_lt0"": true, ""canopy_dew_margin_lt1"": true, ""dew_risk"": true, ""dry_or_high_vpd_risk"": true, ""dry_risk"": false, ""dry_vent_risk"": false, ""high_vpd"": true, ""humidity_or_dew_risk"": true, ""rh_ge_90"": false}","{""base_final_score"": 0.0, ""final_score"": 0.05600000000000005, ""prior_confidence_bonus"": 0.055999999999999994, ""projected_energy_proxy"": 0.0, ""projected_low_reversal"": 0.0, ""projected_smoothness"": 0.0, ""raw_energy_proxy"": 0.0, ""raw_low_reversal"": 0.0, ""raw_smoothness"": 0.0, ""rewrite_penalty"": 0.0, ""risk_static_hold_penalty"": 0.0, ""uncertainty_penalty"": 0.0}",519,28.624245082313017,1.6505964533360913
NORMAL_BALANCED,previous_plan_prior:previous_shift_all:2,1.06,previous_plan_prior,previous_shift_all,0.12,-2.179178600059604,0.05600000000000005,conservative_prior:conservative_stabilize:5,1.124,8.868114440925577,10.25,58.81320447398285,"{""any_risk"": true, ""canopy_dew_margin_lt0"": true, ""canopy_dew_margin_lt1"": true, ""dew_risk"": true, ""dry_or_high_vpd_risk"": true, ""dry_risk"": false, ""dry_vent_risk"": false, ""high_vpd"": true, ""humidity_or_dew_risk"": true, ""rh_ge_90"": false}","{""base_final_score"": 0.0, ""final_score"": 0.05600000000000005, ""prior_confidence_bonus"": 0.055999999999999994, ""projected_energy_proxy"": 0.0, ""projected_low_reversal"": 0.0, ""projected_smoothness"": 0.0, ""raw_energy_proxy"": 0.0, ""raw_low_reversal"": 0.0, ""raw_smoothness"": 0.0, ""rewrite_penalty"": 0.0, ""risk_static_hold_penalty"": 0.0, ""uncertainty_penalty"": 0.0}",521,28.655851565874915,1.6171236359402499
NORMAL_BALANCED,previous_plan_prior:previous_shift_all:2,1.06,previous_plan_prior,previous_shift_all,0.12,-2.3529321855666154,0.05600000000000005,conservative_prior:conservative_stabilize:5,1.124,9.324653111989711,10.75,57.381410614229004,"{""any_risk"": true, ""canopy_dew_margin_lt0"": true, ""canopy_dew_margin_lt1"": true, ""dew_risk"": true, ""dry_or_high_vpd_risk"": true, ""dry_risk"": false, ""dry_vent_risk"": false, ""high_vpd"": true, ""humidity_or_dew_risk"": true, ""rh_ge_90"": false}","{""base_final_score"": 0.0, ""final_score"": 0.05600000000000005, ""prior_confidence_bonus"": 0.055999999999999994, ""projected_energy_proxy"": 0.0, ""projected_low_reversal"": 0.0, ""projected_smoothness"": 0.0, ""raw_energy_proxy"": 0.0, ""raw_low_reversal"": 0.0, ""raw_smoothness"": 0.0, ""rewrite_penalty"": 0.0, ""risk_static_hold_penalty"": 0.0, ""uncertainty_penalty"": 0.0}",523,29.51907207529249,1.758871570127371
NORMAL_BALANCED,previous_plan_prior:previous_shift_all:2,1.06,previous_plan_prior,previous_shift_all,0.12,-0.8079538229024124,0.05600000000000005,conservative_prior:conservative_stabilize:5,1.124,9.884994599859912,11.0,55.21030446494242,"{""any_risk"": true, ""canopy_dew_margin_lt0"": true, ""canopy_dew_margin_lt1"": true, ""dew_risk"": true, ""dry_or_high_vpd_risk"": true, ""dry_risk"": false, ""dry_vent_risk"": false, ""high_vpd"": true, ""humidity_or_dew_risk"": true, ""rh_ge_90"": false}","{""base_final_score"": 0.0, ""final_score"": 0.05600000000000005, ""prior_confidence_bonus"": 0.055999999999999994, ""projected_energy_proxy"": 0.0, ""projected_low_reversal"": 0.0, ""projected_smoothness"": 0.0, ""raw_energy_proxy"": 0.0, ""raw_low_reversal"": 0.0, ""raw_smoothness"": 0.0, ""rewrite_penalty"": 0.0, ""risk_static_hold_penalty"": 0.0, ""uncertainty_penalty"": 0.0}",524,28.65470911542647,1.758468468511252
NORMAL_BALANCED,previous_plan_prior:previous_shift_all:2,1.06,previous_plan_prior,previous_shift_all,0.12,-0.36699729205856,0.05600000000000005,conservative_prior:conservative_stabilize:5,1.124,10.44645527389321,11.25,53.36645335382814,"{""any_risk"": true, ""canopy_dew_margin_lt0"": true, ""canopy_dew_margin_lt1"": true, ""dew_risk"": true, ""dry_or_high_vpd_risk"": true, ""dry_risk"": true, ""dry_vent_risk"": false, ""high_vpd"": true, ""humidity_or_dew_risk"": true, ""rh_ge_90"": false}","{""base_final_score"": 0.0, ""final_score"": 0.05600000000000005, ""prior_confidence_bonus"": 0.055999999999999994, ""projected_energy_proxy"": 0.0, ""projected_low_reversal"": 0.0, ""projected_smoothness"": 0.0, ""raw_energy_proxy"": 0.0, ""raw_low_reversal"": 0.0, ""raw_smoothness"": 0.0, ""rewrite_penalty"": 0.0, ""risk_static_hold_penalty"": 0.0, ""uncertainty_penalty"": 0.0}",525,28.89359624530659,1.8563522470299416
NORMAL_BALANCED,previous_plan_prior:previous_shift_all:2,1.06,previous_plan_prior,previous_shift_all,0.12,-0.030250897760812023,0.05600000000000005,conservative_prior:conservative_stabilize:5,1.124,10.494114451992456,11.5,53.16310885178364,"{""any_risk"": true, ""canopy_dew_margin_lt0"": true, ""canopy_dew_margin_lt1"": true, ""dew_risk"": true, ""dry_or_high_vpd_risk"": true, ""dry_risk"": true, ""dry_vent_risk"": false, ""high_vpd"": true, ""humidity_or_dew_risk"": true, ""rh_ge_90"": false}","{""base_final_score"": 0.0, ""final_score"": 0.05600000000000005, ""prior_confidence_bonus"": 0.055999999999999994, ""projected_energy_proxy"": 0.0, ""projected_low_reversal"": 0.0, ""projected_smoothness"": 0.0, ""raw_energy_proxy"": 0.0, ""raw_low_reversal"": 0.0, ""raw_smoothness"": 0.0, ""rewrite_penalty"": 0.0, ""risk_static_hold_penalty"": 0.0, ""uncertainty_penalty"": 0.0}",526,28.720869699643842,1.8459028888199025
NORMAL_BALANCED,previous_plan_prior:previous_shift_all:2,1.06,previous_plan_prior,previous_shift_all,0.12,0.28538727181414103,0.05600000000000005,conservative_prior:conservative_stabilize:5,1.124,10.496670313085048,11.75,53.10321559963851,"{""any_risk"": true, ""canopy_dew_margin_lt0"": false, ""canopy_dew_margin_lt1"": true, ""dew_risk"": true, ""dry_or_high_vpd_risk"": true, ""dry_risk"": true, ""dry_vent_risk"": false, ""high_vpd"": true, ""humidity_or_dew_risk"": true, ""rh_ge_90"": false}","{""base_final_score"": 0.0, ""final_score"": 0.05600000000000005, ""prior_confidence_bonus"": 0.055999999999999994, ""projected_energy_proxy"": 0.0, ""projected_low_reversal"": 0.0, ""projected_smoothness"": 0.0, ""raw_energy_proxy"": 0.0, ""raw_low_reversal"": 0.0, ""raw_smoothness"": 0.0, ""rewrite_penalty"": 0.0, ""risk_static_hold_penalty"": 0.0, ""uncertainty_penalty"": 0.0}",527,28.5213548528856,1.8270162345894612
NORMAL_BALANCED,previous_plan_prior:previous_shift_all:2,1.06,previous_plan_prior,previous_shift_all,0.12,0.6024813753522231,0.05600000000000005,conservative_prior:conservative_stabilize:5,1.124,10.489972131530504,12.0,53.070604710145524,"{""any_risk"": true, ""canopy_dew_margin_lt0"": false, ""canopy_dew_margin_lt1"": true, ""dew_risk"": true, ""dry_or_high_vpd_risk"": true, ""dry_risk"": true, ""dry_vent_risk"": false, ""high_vpd"": true, ""humidity_or_dew_risk"": true, ""rh_ge_90"": false}","{""base_final_score"": 0.0, ""final_score"": 0.05600000000000005, ""prior_confidence_bonus"": 0.055999999999999994, ""projected_energy_proxy"": 0.0, ""projected_low_reversal"": 0.0, ""projected_smoothness"": 0.0, ""raw_energy_proxy"": 0.0, ""raw_low_reversal"": 0.0, ""raw_smoothness"": 0.0, ""rewrite_penalty"": 0.0, ""risk_static_hold_penalty"": 0.0, ""uncertainty_penalty"": 0.0}",528,28.308232226457527,1.805809918055912
NORMAL_BALANCED,previous_plan_prior:previous_shift_all:2,1.06,previous_plan_prior,previous_shift_all,0.12,0.40282987818934757,0.05600000000000005,conservative_prior:conservative_stabilize:5,1.124,10.362895723806947,12.25,53.54282700115008,"{""any_risk"": true, ""canopy_dew_margin_lt0"": false, ""canopy_dew_margin_lt1"": true, ""dew_risk"": true, ""dry_or_high_vpd_risk"": true, ""dry_risk"": true, ""dry_vent_risk"": false, ""high_vpd"": true, ""humidity_or_dew_risk"": true, ""rh_ge_90"": false}","{""base_final_score"": 0.0, ""final_score"": 0.05600000000000005, ""prior_confidence_bonus"": 0.055999999999999994, ""projected_energy_proxy"": 0.0, ""projected_low_reversal"": 0.0, ""projected_smoothness"": 0.0, ""raw_energy_proxy"": 0.0, ""raw_low_reversal"": 0.0, ""raw_smoothness"": 0.0, ""rewrite_penalty"": 0.0, ""risk_static_hold_penalty"": 0.0, ""uncertainty_penalty"": 0.0}",529,28.490285669012266,1.8066311050764385
NORMAL_BALANCED,previous_plan_prior:previous_shift_all:2,1.06,previous_plan_prior,previous_shift_all,0.12,-0.4785615052533032,0.05600000000000005,conservative_prior:conservative_stabilize:5,1.124,9.095225354923429,12.75,57.906522029309336,"{""any_risk"": true, ""canopy_dew_margin_lt0"": true, ""canopy_dew_margin_lt1"": true, ""dew_risk"": true, ""dry_or_high_vpd_risk"": true, ""dry_risk"": false, ""dry_vent_risk"": false, ""high_vpd"": true, ""humidity_or_dew_risk"": true, ""rh_ge_90"": false}","{""base_final_score"": 0.0, ""final_score"": 0.05600000000000005, ""prior_confidence_bonus"": 0.055999999999999994, ""projected_energy_proxy"": 0.0, ""projected_low_reversal"": 0.0, ""projected_smoothness"": 0.0, ""raw_energy_proxy"": 0.0, ""raw_low_reversal"": 0.0, ""raw_smoothness"": 0.0, ""rewrite_penalty"": 0.0, ""risk_static_hold_penalty"": 0.0, ""uncertainty_penalty"": 0.0}",531,28.305429117527215,1.6194635221056515
