candidate_count,confidence,confidence_reasons,generated_template_count,no_candidate_reason,no_candidate_reasons,risk,step
0,0.05,"{""crash_warning_score"": 0.0, ""raw_confidence"": 0.05, ""solver_risk"": 0.0, ""vpd_risk"": 0.0}",0,confidence_below_candidate_threshold,"[""confidence_below_candidate_threshold""]",True,0
0,0.05,"{""crash_warning_score"": 0.0, ""raw_confidence"": 0.05, ""solver_risk"": 0.0, ""vpd_risk"": 0.0}",0,confidence_below_candidate_threshold,"[""confidence_below_candidate_threshold"", ""risk_trigger_missing_or_low""]",False,1
0,0.05,"{""crash_warning_score"": 0.0, ""raw_confidence"": 0.05, ""solver_risk"": 0.0, ""vpd_risk"": 0.0}",0,confidence_below_candidate_threshold,"[""confidence_below_candidate_threshold"", ""risk_trigger_missing_or_low""]",False,2
0,0.05,"{""crash_warning_score"": 0.0, ""raw_confidence"": 0.05, ""solver_risk"": 0.0, ""vpd_risk"": 0.0}",0,confidence_below_candidate_threshold,"[""confidence_below_candidate_threshold"", ""risk_trigger_missing_or_low""]",False,3
0,0.05,"{""crash_warning_score"": 0.0, ""raw_confidence"": 0.05, ""solver_risk"": 0.0, ""vpd_risk"": 0.0}",0,confidence_below_candidate_threshold,"[""confidence_below_candidate_threshold"", ""risk_trigger_missing_or_low""]",False,4
0,0.05,"{""crash_warning_score"": 0.0, ""raw_confidence"": 0.05, ""solver_risk"": 0.0, ""vpd_risk"": 0.0}",0,confidence_below_candidate_threshold,"[""confidence_below_candidate_threshold"", ""risk_trigger_missing_or_low""]",False,5
0,0.05,"{""crash_warning_score"": 0.0, ""raw_confidence"": 0.05, ""solver_risk"": 0.0, ""vpd_risk"": 0.0}",0,confidence_below_candidate_threshold,"[""confidence_below_candidate_threshold"", ""risk_trigger_missing_or_low""]",False,6
0,0.05,"{""crash_warning_score"": 0.0, ""raw_confidence"": 0.05, ""solver_risk"": 0.0, ""vpd_risk"": 0.0}",0,confidence_below_candidate_threshold,"[""confidence_below_candidate_threshold"", ""risk_trigger_missing_or_low""]",False,7
0,0.05,"{""crash_warning_score"": 0.0, ""raw_confidence"": 0.05, ""solver_risk"": 0.0, ""vpd_risk"": 0.0}",0,confidence_below_candidate_threshold,"[""confidence_below_candidate_threshold"", ""risk_trigger_missing_or_low""]",False,8
0,0.05,"{""crash_warning_score"": 0.0, ""raw_confidence"": 0.05, ""solver_risk"": 0.0, ""vpd_risk"": 0.0}",0,confidence_below_candidate_threshold,"[""confidence_below_candidate_threshold"", ""risk_trigger_missing_or_low""]",False,9
0,0.05,"{""crash_warning_score"": 0.0, ""raw_confidence"": 0.05, ""solver_risk"": 0.0, ""vpd_risk"": 0.0}",0,confidence_below_candidate_threshold,"[""confidence_below_candidate_threshold"", ""risk_trigger_missing_or_low""]",False,10
0,0.05,"{""crash_warning_score"": 0.0, ""raw_confidence"": 0.05, ""solver_risk"": 0.0, ""vpd_risk"": 0.0}",0,confidence_below_candidate_threshold,"[""confidence_below_candidate_threshold"", ""risk_trigger_missing_or_low""]",False,11
0,0.05,"{""crash_warning_score"": 0.0, ""raw_confidence"": 0.05, ""solver_risk"": 0.0, ""vpd_risk"": 0.0}",0,confidence_below_candidate_threshold,"[""confidence_below_candidate_threshold"", ""risk_trigger_missing_or_low""]",False,12
0,0.05,"{""crash_warning_score"": 0.0, ""raw_confidence"": 0.05, ""solver_risk"": 0.0, ""vpd_risk"": 0.0}",0,confidence_below_candidate_threshold,"[""confidence_below_candidate_threshold"", ""risk_trigger_missing_or_low""]",False,13
0,0.05,"{""crash_warning_score"": 0.0, ""raw_confidence"": 0.05, ""solver_risk"": 0.0, ""vpd_risk"": 0.0}",0,confidence_below_candidate_threshold,"[""confidence_below_candidate_threshold"", ""risk_trigger_missing_or_low""]",False,14
0,0.05,"{""crash_warning_score"": 0.0, ""raw_confidence"": 0.05, ""solver_risk"": 0.0, ""vpd_risk"": 0.0}",0,confidence_below_candidate_threshold,"[""confidence_below_candidate_threshold"", ""risk_trigger_missing_or_low""]",False,15
0,0.05,"{""crash_warning_score"": 0.0, ""raw_confidence"": 0.05, ""solver_risk"": 0.0, ""vpd_risk"": 0.0}",0,confidence_below_candidate_threshold,"[""confidence_below_candidate_threshold"", ""risk_trigger_missing_or_low""]",False,16
0,0.05,"{""crash_warning_score"": 0.0, ""raw_confidence"": 0.05, ""solver_risk"": 0.0, ""vpd_risk"": 0.0}",0,confidence_below_candidate_threshold,"[""confidence_below_candidate_threshold"", ""risk_trigger_missing_or_low""]",False,17
0,0.05,"{""crash_warning_score"": 0.0, ""raw_confidence"": 0.05, ""solver_risk"": 0.0, ""vpd_risk"": 0.0}",0,confidence_below_candidate_threshold,"[""confidence_below_candidate_threshold"", ""risk_trigger_missing_or_low""]",False,18
0,0.05,"{""crash_warning_score"": 0.0, ""raw_confidence"": 0.05, ""solver_risk"": 0.0, ""vpd_risk"": 0.0}",0,confidence_below_candidate_threshold,"[""confidence_below_candidate_threshold"", ""risk_trigger_missing_or_low""]",False,19
0,0.05,"{""crash_warning_score"": 0.0, ""raw_confidence"": 0.05, ""solver_risk"": 0.0, ""vpd_risk"": 0.0}",0,confidence_below_candidate_threshold,"[""confidence_below_candidate_threshold"", ""risk_trigger_missing_or_low""]",False,20
0,0.05,"{""crash_warning_score"": 0.0, ""raw_confidence"": 0.05, ""solver_risk"": 0.0, ""vpd_risk"": 0.0}",0,confidence_below_candidate_threshold,"[""confidence_below_candidate_threshold"", ""risk_trigger_missing_or_low""]",False,21
0,0.05,"{""crash_warning_score"": 0.0, ""raw_confidence"": 0.05, ""solver_risk"": 0.0, ""vpd_risk"": 0.0}",0,confidence_below_candidate_threshold,"[""confidence_below_candidate_threshold"", ""risk_trigger_missing_or_low""]",False,22
0,0.05,"{""crash_warning_score"": 0.0, ""raw_confidence"": 0.05, ""solver_risk"": 0.0, ""vpd_risk"": 0.0}",0,confidence_below_candidate_threshold,"[""confidence_below_candidate_threshold"", ""risk_trigger_missing_or_low""]",False,23
0,0.05,"{""crash_warning_score"": 0.0, ""raw_confidence"": 0.05, ""solver_risk"": 0.0, ""vpd_risk"": 0.0}",0,confidence_below_candidate_threshold,"[""confidence_below_candidate_threshold"", ""risk_trigger_missing_or_low""]",False,24
0,0.05,"{""crash_warning_score"": 0.0, ""raw_confidence"": 0.05, ""solver_risk"": 0.0, ""vpd_risk"": 0.0}",0,confidence_below_candidate_threshold,"[""confidence_below_candidate_threshold"", ""risk_trigger_missing_or_low""]",False,25
0,0.05,"{""crash_warning_score"": 0.0, ""raw_confidence"": 0.05, ""solver_risk"": 0.0, ""vpd_risk"": 0.0}",0,confidence_below_candidate_threshold,"[""confidence_below_candidate_threshold"", ""risk_trigger_missing_or_low""]",False,26
0,0.05,"{""crash_warning_score"": 0.0, ""raw_confidence"": 0.05, ""solver_risk"": 0.0, ""vpd_risk"": 0.0}",0,confidence_below_candidate_threshold,"[""confidence_below_candidate_threshold"", ""risk_trigger_missing_or_low""]",False,27
0,0.05,"{""crash_warning_score"": 0.0, ""raw_confidence"": 0.05, ""solver_risk"": 0.0, ""vpd_risk"": 0.0}",0,confidence_below_candidate_threshold,"[""confidence_below_candidate_threshold"", ""risk_trigger_missing_or_low""]",False,28
0,0.05,"{""crash_warning_score"": 0.0, ""raw_confidence"": 0.05, ""solver_risk"": 0.0, ""vpd_risk"": 0.0}",0,confidence_below_candidate_threshold,"[""confidence_below_candidate_threshold"", ""risk_trigger_missing_or_low""]",False,29
0,0.05,"{""crash_warning_score"": 0.0, ""raw_confidence"": 0.05, ""solver_risk"": 0.0, ""vpd_risk"": 0.0}",0,confidence_below_candidate_threshold,"[""confidence_below_candidate_threshold"", ""risk_trigger_missing_or_low""]",False,30
0,0.05,"{""crash_warning_score"": 0.0, ""raw_confidence"": 0.05, ""solver_risk"": 0.0, ""vpd_risk"": 0.0}",0,confidence_below_candidate_threshold,"[""confidence_below_candidate_threshold"", ""risk_trigger_missing_or_low""]",False,31
0,0.05,"{""crash_warning_score"": 0.0, ""raw_confidence"": 0.05, ""solver_risk"": 0.0, ""vpd_risk"": 0.0}",0,confidence_below_candidate_threshold,"[""confidence_below_candidate_threshold"", ""risk_trigger_missing_or_low""]",False,32
0,0.05,"{""crash_warning_score"": 0.0, ""raw_confidence"": 0.05, ""solver_risk"": 0.0, ""vpd_risk"": 0.0}",0,confidence_below_candidate_threshold,"[""confidence_below_candidate_threshold"", ""risk_trigger_missing_or_low""]",False,33
0,0.05,"{""crash_warning_score"": 0.0, ""raw_confidence"": 0.05, ""solver_risk"": 0.0, ""vpd_risk"": 0.0}",0,confidence_below_candidate_threshold,"[""confidence_below_candidate_threshold"", ""risk_trigger_missing_or_low""]",False,34
0,0.05,"{""crash_warning_score"": 0.0, ""raw_confidence"": 0.05, ""solver_risk"": 0.0, ""vpd_risk"": 0.0}",0,confidence_below_candidate_threshold,"[""confidence_below_candidate_threshold"", ""risk_trigger_missing_or_low""]",False,35
0,0.05,"{""crash_warning_score"": 0.0, ""raw_confidence"": 0.05, ""solver_risk"": 0.0, ""vpd_risk"": 0.0}",0,confidence_below_candidate_threshold,"[""confidence_below_candidate_threshold"", ""risk_trigger_missing_or_low""]",False,36
0,0.05,"{""crash_warning_score"": 0.0, ""raw_confidence"": 0.05, ""solver_risk"": 0.0, ""vpd_risk"": 0.0}",0,confidence_below_candidate_threshold,"[""confidence_below_candidate_threshold"", ""risk_trigger_missing_or_low""]",False,37
0,0.05,"{""crash_warning_score"": 0.0, ""raw_confidence"": 0.05, ""solver_risk"": 0.0, ""vpd_risk"": 0.0}",0,confidence_below_candidate_threshold,"[""confidence_below_candidate_threshold"", ""risk_trigger_missing_or_low""]",False,38
0,0.05,"{""crash_warning_score"": 0.0, ""raw_confidence"": 0.05, ""solver_risk"": 0.0, ""vpd_risk"": 0.0}",0,confidence_below_candidate_threshold,"[""confidence_below_candidate_threshold"", ""risk_trigger_missing_or_low""]",False,39
0,0.05,"{""crash_warning_score"": 0.0, ""raw_confidence"": 0.05, ""solver_risk"": 0.0, ""vpd_risk"": 0.0}",0,confidence_below_candidate_threshold,"[""confidence_below_candidate_threshold"", ""risk_trigger_missing_or_low""]",False,40
0,0.05,"{""crash_warning_score"": 0.0, ""raw_confidence"": 0.05, ""solver_risk"": 0.0, ""vpd_risk"": 0.0}",0,confidence_below_candidate_threshold,"[""confidence_below_candidate_threshold"", ""risk_trigger_missing_or_low""]",False,41
0,0.05,"{""crash_warning_score"": 0.0, ""raw_confidence"": 0.05, ""solver_risk"": 0.0, ""vpd_risk"": 0.0}",0,confidence_below_candidate_threshold,"[""confidence_below_candidate_threshold"", ""risk_trigger_missing_or_low""]",False,42
0,0.05,"{""crash_warning_score"": 0.0, ""raw_confidence"": 0.05, ""solver_risk"": 0.0, ""vpd_risk"": 0.0}",0,confidence_below_candidate_threshold,"[""confidence_below_candidate_threshold"", ""risk_trigger_missing_or_low""]",False,43
0,0.05,"{""crash_warning_score"": 0.0, ""raw_confidence"": 0.05, ""solver_risk"": 0.0, ""vpd_risk"": 0.0}",0,confidence_below_candidate_threshold,"[""confidence_below_candidate_threshold"", ""risk_trigger_missing_or_low""]",False,44
0,0.05,"{""crash_warning_score"": 0.0, ""raw_confidence"": 0.05, ""solver_risk"": 0.0, ""vpd_risk"": 0.0}",0,confidence_below_candidate_threshold,"[""confidence_below_candidate_threshold"", ""risk_trigger_missing_or_low""]",False,45
0,0.05,"{""crash_warning_score"": 0.0, ""raw_confidence"": 0.05, ""solver_risk"": 0.0, ""vpd_risk"": 0.0}",0,confidence_below_candidate_threshold,"[""confidence_below_candidate_threshold"", ""risk_trigger_missing_or_low""]",False,46
0,0.05,"{""crash_warning_score"": 0.0, ""raw_confidence"": 0.05, ""solver_risk"": 0.0, ""vpd_risk"": 0.0}",0,confidence_below_candidate_threshold,"[""confidence_below_candidate_threshold"", ""risk_trigger_missing_or_low""]",False,47
0,0.05,"{""crash_warning_score"": 0.0, ""raw_confidence"": 0.05, ""solver_risk"": 0.0, ""vpd_risk"": 0.0}",0,confidence_below_candidate_threshold,"[""confidence_below_candidate_threshold"", ""risk_trigger_missing_or_low""]",False,48
0,0.05,"{""crash_warning_score"": 0.0, ""raw_confidence"": 0.05, ""solver_risk"": 0.0, ""vpd_risk"": 0.0}",0,confidence_below_candidate_threshold,"[""confidence_below_candidate_threshold"", ""risk_trigger_missing_or_low""]",False,49
0,0.05,"{""crash_warning_score"": 0.0, ""raw_confidence"": 0.05, ""solver_risk"": 0.0, ""vpd_risk"": 0.0}",0,confidence_below_candidate_threshold,"[""confidence_below_candidate_threshold"", ""risk_trigger_missing_or_low""]",False,50
0,0.05,"{""crash_warning_score"": 0.0, ""raw_confidence"": 0.05, ""solver_risk"": 0.0, ""vpd_risk"": 0.0}",0,confidence_below_candidate_threshold,"[""confidence_below_candidate_threshold"", ""risk_trigger_missing_or_low""]",False,51
0,0.05,"{""crash_warning_score"": 0.0, ""raw_confidence"": 0.05, ""solver_risk"": 0.0, ""vpd_risk"": 0.0}",0,confidence_below_candidate_threshold,"[""confidence_below_candidate_threshold"", ""risk_trigger_missing_or_low""]",False,52
0,0.05,"{""crash_warning_score"": 0.0, ""raw_confidence"": 0.05, ""solver_risk"": 0.0, ""vpd_risk"": 0.0}",0,confidence_below_candidate_threshold,"[""confidence_below_candidate_threshold"", ""risk_trigger_missing_or_low""]",False,53
0,0.05,"{""crash_warning_score"": 0.0, ""raw_confidence"": 0.05, ""solver_risk"": 0.0, ""vpd_risk"": 0.0}",0,confidence_below_candidate_threshold,"[""confidence_below_candidate_threshold"", ""risk_trigger_missing_or_low""]",False,54
0,0.05,"{""crash_warning_score"": 0.0, ""raw_confidence"": 0.05, ""solver_risk"": 0.0, ""vpd_risk"": 0.0}",0,confidence_below_candidate_threshold,"[""confidence_below_candidate_threshold"", ""risk_trigger_missing_or_low""]",False,55
0,0.05,"{""crash_warning_score"": 0.0, ""raw_confidence"": 0.05, ""solver_risk"": 0.0, ""vpd_risk"": 0.0}",0,confidence_below_candidate_threshold,"[""confidence_below_candidate_threshold"", ""risk_trigger_missing_or_low""]",False,56
0,0.05,"{""crash_warning_score"": 0.0, ""raw_confidence"": 0.05, ""solver_risk"": 0.0, ""vpd_risk"": 0.0}",0,confidence_below_candidate_threshold,"[""confidence_below_candidate_threshold"", ""risk_trigger_missing_or_low""]",False,57
0,0.05,"{""crash_warning_score"": 0.0, ""raw_confidence"": 0.05, ""solver_risk"": 0.0, ""vpd_risk"": 0.0}",0,confidence_below_candidate_threshold,"[""confidence_below_candidate_threshold"", ""risk_trigger_missing_or_low""]",False,58
0,0.05,"{""crash_warning_score"": 0.0, ""raw_confidence"": 0.05, ""solver_risk"": 0.0, ""vpd_risk"": 0.0}",0,confidence_below_candidate_threshold,"[""confidence_below_candidate_threshold"", ""risk_trigger_missing_or_low""]",False,59
0,0.05,"{""crash_warning_score"": 0.0, ""raw_confidence"": 0.05, ""solver_risk"": 0.0, ""vpd_risk"": 0.0}",0,confidence_below_candidate_threshold,"[""confidence_below_candidate_threshold"", ""risk_trigger_missing_or_low""]",False,60
0,0.05,"{""crash_warning_score"": 0.0, ""raw_confidence"": 0.05, ""solver_risk"": 0.0, ""vpd_risk"": 0.0}",0,confidence_below_candidate_threshold,"[""confidence_below_candidate_threshold"", ""risk_trigger_missing_or_low""]",False,61
0,0.05,"{""crash_warning_score"": 0.0, ""raw_confidence"": 0.05, ""solver_risk"": 0.0, ""vpd_risk"": 0.0}",0,confidence_below_candidate_threshold,"[""confidence_below_candidate_threshold"", ""risk_trigger_missing_or_low""]",False,62
0,0.05,"{""crash_warning_score"": 0.0, ""raw_confidence"": 0.05, ""solver_risk"": 0.0, ""vpd_risk"": 0.0}",0,confidence_below_candidate_threshold,"[""confidence_below_candidate_threshold"", ""risk_trigger_missing_or_low""]",False,63
0,0.05,"{""crash_warning_score"": 0.0, ""raw_confidence"": 0.05, ""solver_risk"": 0.0, ""vpd_risk"": 0.0}",0,confidence_below_candidate_threshold,"[""confidence_below_candidate_threshold"", ""risk_trigger_missing_or_low""]",False,64
0,0.05,"{""crash_warning_score"": 0.0, ""raw_confidence"": 0.05, ""solver_risk"": 0.0, ""vpd_risk"": 0.0}",0,confidence_below_candidate_threshold,"[""confidence_below_candidate_threshold"", ""risk_trigger_missing_or_low""]",False,65
0,0.05,"{""crash_warning_score"": 0.0, ""raw_confidence"": 0.05, ""solver_risk"": 0.0, ""vpd_risk"": 0.0}",0,confidence_below_candidate_threshold,"[""confidence_below_candidate_threshold"", ""risk_trigger_missing_or_low""]",False,66
0,0.05,"{""crash_warning_score"": 0.0, ""raw_confidence"": 0.05, ""solver_risk"": 0.0, ""vpd_risk"": 0.0}",0,confidence_below_candidate_threshold,"[""confidence_below_candidate_threshold"", ""risk_trigger_missing_or_low""]",False,67
0,0.05,"{""crash_warning_score"": 0.0, ""raw_confidence"": 0.05, ""solver_risk"": 0.0, ""vpd_risk"": 0.0}",0,confidence_below_candidate_threshold,"[""confidence_below_candidate_threshold"", ""risk_trigger_missing_or_low""]",False,68
0,0.05,"{""crash_warning_score"": 0.0, ""raw_confidence"": 0.05, ""solver_risk"": 0.0, ""vpd_risk"": 0.0}",0,confidence_below_candidate_threshold,"[""confidence_below_candidate_threshold"", ""risk_trigger_missing_or_low""]",False,69
0,0.05,"{""crash_warning_score"": 0.0, ""raw_confidence"": 0.05, ""solver_risk"": 0.0, ""vpd_risk"": 0.0}",0,confidence_below_candidate_threshold,"[""confidence_below_candidate_threshold"", ""risk_trigger_missing_or_low""]",False,70
0,0.05,"{""crash_warning_score"": 0.0, ""raw_confidence"": 0.05, ""solver_risk"": 0.0, ""vpd_risk"": 0.0}",0,confidence_below_candidate_threshold,"[""confidence_below_candidate_threshold"", ""risk_trigger_missing_or_low""]",False,71
0,0.05,"{""crash_warning_score"": 0.0, ""raw_confidence"": 0.05, ""solver_risk"": 0.0, ""vpd_risk"": 0.0}",0,confidence_below_candidate_threshold,"[""confidence_below_candidate_threshold"", ""risk_trigger_missing_or_low""]",False,72
0,0.05,"{""crash_warning_score"": 0.0, ""raw_confidence"": 0.05, ""solver_risk"": 0.0, ""vpd_risk"": 0.0}",0,confidence_below_candidate_threshold,"[""confidence_below_candidate_threshold""]",True,73
0,0.05,"{""crash_warning_score"": 0.0, ""raw_confidence"": 0.05, ""solver_risk"": 0.0, ""vpd_risk"": 0.0}",0,confidence_below_candidate_threshold,"[""confidence_below_candidate_threshold"", ""risk_trigger_missing_or_low""]",False,74
0,0.05,"{""crash_warning_score"": 0.0, ""raw_confidence"": 0.05, ""solver_risk"": 0.0, ""vpd_risk"": 0.0}",0,confidence_below_candidate_threshold,"[""confidence_below_candidate_threshold"", ""risk_trigger_missing_or_low""]",False,75
0,0.05,"{""crash_warning_score"": 0.0, ""raw_confidence"": 0.05, ""solver_risk"": 0.0, ""vpd_risk"": 0.0}",0,confidence_below_candidate_threshold,"[""confidence_below_candidate_threshold"", ""risk_trigger_missing_or_low""]",False,76
0,0.05,"{""crash_warning_score"": 0.0, ""raw_confidence"": 0.05, ""solver_risk"": 0.0, ""vpd_risk"": 0.0}",0,confidence_below_candidate_threshold,"[""confidence_below_candidate_threshold"", ""risk_trigger_missing_or_low""]",False,77
0,0.05,"{""crash_warning_score"": 0.0, ""raw_confidence"": 0.05, ""solver_risk"": 0.0, ""vpd_risk"": 0.0}",0,confidence_below_candidate_threshold,"[""confidence_below_candidate_threshold"", ""risk_trigger_missing_or_low""]",False,78
0,0.05,"{""crash_warning_score"": 0.0, ""raw_confidence"": 0.05, ""solver_risk"": 0.0, ""vpd_risk"": 0.0}",0,confidence_below_candidate_threshold,"[""confidence_below_candidate_threshold"", ""risk_trigger_missing_or_low""]",False,79
0,0.05,"{""crash_warning_score"": 0.0, ""raw_confidence"": 0.05, ""solver_risk"": 0.0, ""vpd_risk"": 0.0}",0,confidence_below_candidate_threshold,"[""confidence_below_candidate_threshold"", ""risk_trigger_missing_or_low""]",False,80
0,0.05,"{""crash_warning_score"": 0.0, ""raw_confidence"": 0.05, ""solver_risk"": 0.0, ""vpd_risk"": 0.0}",0,confidence_below_candidate_threshold,"[""confidence_below_candidate_threshold"", ""risk_trigger_missing_or_low""]",False,81
0,0.05,"{""crash_warning_score"": 0.0, ""raw_confidence"": 0.05, ""solver_risk"": 0.0, ""vpd_risk"": 0.0}",0,confidence_below_candidate_threshold,"[""confidence_below_candidate_threshold"", ""risk_trigger_missing_or_low""]",False,82
0,0.05,"{""crash_warning_score"": 0.0, ""raw_confidence"": 0.05, ""solver_risk"": 0.0, ""vpd_risk"": 0.0}",0,confidence_below_candidate_threshold,"[""confidence_below_candidate_threshold"", ""risk_trigger_missing_or_low""]",False,83
0,0.05,"{""crash_warning_score"": 0.0, ""raw_confidence"": 0.05, ""solver_risk"": 0.0, ""vpd_risk"": 0.0}",0,confidence_below_candidate_threshold,"[""confidence_below_candidate_threshold"", ""risk_trigger_missing_or_low""]",False,84
0,0.05,"{""crash_warning_score"": 0.0, ""raw_confidence"": 0.05, ""solver_risk"": 0.0, ""vpd_risk"": 0.0}",0,confidence_below_candidate_threshold,"[""confidence_below_candidate_threshold"", ""risk_trigger_missing_or_low""]",False,85
0,0.05,"{""crash_warning_score"": 0.0, ""raw_confidence"": 0.05, ""solver_risk"": 0.0, ""vpd_risk"": 0.0}",0,confidence_below_candidate_threshold,"[""confidence_below_candidate_threshold"", ""risk_trigger_missing_or_low""]",False,86
0,0.05,"{""crash_warning_score"": 0.0, ""raw_confidence"": 0.05, ""solver_risk"": 0.0, ""vpd_risk"": 0.0}",0,confidence_below_candidate_threshold,"[""confidence_below_candidate_threshold"", ""risk_trigger_missing_or_low""]",False,87
0,0.05,"{""crash_warning_score"": 0.0, ""raw_confidence"": 0.05, ""solver_risk"": 0.0, ""vpd_risk"": 0.0}",0,confidence_below_candidate_threshold,"[""confidence_below_candidate_threshold"", ""risk_trigger_missing_or_low""]",False,88
0,0.05,"{""crash_warning_score"": 0.0, ""raw_confidence"": 0.05, ""solver_risk"": 0.0, ""vpd_risk"": 0.0}",0,confidence_below_candidate_threshold,"[""confidence_below_candidate_threshold"", ""risk_trigger_missing_or_low""]",False,89
0,0.05,"{""crash_warning_score"": 0.0, ""raw_confidence"": 0.05, ""solver_risk"": 0.0, ""vpd_risk"": 0.0}",0,confidence_below_candidate_threshold,"[""confidence_below_candidate_threshold"", ""risk_trigger_missing_or_low""]",False,90
0,0.05,"{""crash_warning_score"": 0.0, ""raw_confidence"": 0.05, ""solver_risk"": 0.0, ""vpd_risk"": 0.0}",0,confidence_below_candidate_threshold,"[""confidence_below_candidate_threshold"", ""risk_trigger_missing_or_low""]",False,91
0,0.05,"{""crash_warning_score"": 0.0, ""raw_confidence"": 0.05, ""solver_risk"": 0.0, ""vpd_risk"": 0.0}",0,confidence_below_candidate_threshold,"[""confidence_below_candidate_threshold"", ""risk_trigger_missing_or_low""]",False,92
0,0.05,"{""crash_warning_score"": 0.0, ""raw_confidence"": 0.05, ""solver_risk"": 0.0, ""vpd_risk"": 0.0}",0,confidence_below_candidate_threshold,"[""confidence_below_candidate_threshold"", ""risk_trigger_missing_or_low""]",False,93
0,0.05,"{""crash_warning_score"": 0.0, ""raw_confidence"": 0.05, ""solver_risk"": 0.0, ""vpd_risk"": 0.0}",0,confidence_below_candidate_threshold,"[""confidence_below_candidate_threshold"", ""risk_trigger_missing_or_low""]",False,94
0,0.05,"{""crash_warning_score"": 0.0, ""raw_confidence"": 0.05, ""solver_risk"": 0.0, ""vpd_risk"": 0.0}",0,confidence_below_candidate_threshold,"[""confidence_below_candidate_threshold"", ""risk_trigger_missing_or_low""]",False,95
0,0.05,"{""crash_warning_score"": 0.0, ""raw_confidence"": 0.05, ""solver_risk"": 0.0, ""vpd_risk"": 0.0}",0,confidence_below_candidate_threshold,"[""confidence_below_candidate_threshold"", ""risk_trigger_missing_or_low""]",False,96
0,0.05,"{""crash_warning_score"": 0.0, ""raw_confidence"": 0.05, ""solver_risk"": 0.0, ""vpd_risk"": 0.0}",0,confidence_below_candidate_threshold,"[""confidence_below_candidate_threshold"", ""risk_trigger_missing_or_low""]",False,97
0,0.05,"{""crash_warning_score"": 0.0, ""raw_confidence"": 0.05, ""solver_risk"": 0.0, ""vpd_risk"": 0.0}",0,confidence_below_candidate_threshold,"[""confidence_below_candidate_threshold"", ""risk_trigger_missing_or_low""]",False,98
0,0.05,"{""crash_warning_score"": 0.0, ""raw_confidence"": 0.05, ""solver_risk"": 0.0, ""vpd_risk"": 0.0}",0,confidence_below_candidate_threshold,"[""confidence_below_candidate_threshold"", ""risk_trigger_missing_or_low""]",False,99
0,0.05,"{""crash_warning_score"": 0.0, ""raw_confidence"": 0.05, ""solver_risk"": 0.0, ""vpd_risk"": 0.0}",0,confidence_below_candidate_threshold,"[""confidence_below_candidate_threshold"", ""risk_trigger_missing_or_low""]",False,100
0,0.05,"{""crash_warning_score"": 0.0, ""raw_confidence"": 0.05, ""solver_risk"": 0.0, ""vpd_risk"": 0.0}",0,confidence_below_candidate_threshold,"[""confidence_below_candidate_threshold"", ""risk_trigger_missing_or_low""]",False,101
0,0.05,"{""crash_warning_score"": 0.0, ""raw_confidence"": 0.05, ""solver_risk"": 0.0, ""vpd_risk"": 0.0}",0,confidence_below_candidate_threshold,"[""confidence_below_candidate_threshold"", ""risk_trigger_missing_or_low""]",False,102
0,0.05,"{""crash_warning_score"": 0.0, ""raw_confidence"": 0.05, ""solver_risk"": 0.0, ""vpd_risk"": 0.0}",0,confidence_below_candidate_threshold,"[""confidence_below_candidate_threshold"", ""risk_trigger_missing_or_low""]",False,103
0,0.05,"{""crash_warning_score"": 0.0, ""raw_confidence"": 0.05, ""solver_risk"": 0.0, ""vpd_risk"": 0.0}",0,confidence_below_candidate_threshold,"[""confidence_below_candidate_threshold"", ""risk_trigger_missing_or_low""]",False,104
0,0.05,"{""crash_warning_score"": 0.0, ""raw_confidence"": 0.05, ""solver_risk"": 0.0, ""vpd_risk"": 0.0}",0,confidence_below_candidate_threshold,"[""confidence_below_candidate_threshold"", ""risk_trigger_missing_or_low""]",False,105
0,0.05,"{""crash_warning_score"": 0.0, ""raw_confidence"": 0.05, ""solver_risk"": 0.0, ""vpd_risk"": 0.0}",0,confidence_below_candidate_threshold,"[""confidence_below_candidate_threshold"", ""risk_trigger_missing_or_low""]",False,106
0,0.05,"{""crash_warning_score"": 0.0, ""raw_confidence"": 0.05, ""solver_risk"": 0.0, ""vpd_risk"": 0.0}",0,confidence_below_candidate_threshold,"[""confidence_below_candidate_threshold"", ""risk_trigger_missing_or_low""]",False,107
0,0.05,"{""crash_warning_score"": 0.0, ""raw_confidence"": 0.05, ""solver_risk"": 0.0, ""vpd_risk"": 0.0}",0,confidence_below_candidate_threshold,"[""confidence_below_candidate_threshold"", ""risk_trigger_missing_or_low""]",False,108
0,0.05,"{""crash_warning_score"": 0.0, ""raw_confidence"": 0.05, ""solver_risk"": 0.0, ""vpd_risk"": 0.0}",0,confidence_below_candidate_threshold,"[""confidence_below_candidate_threshold"", ""risk_trigger_missing_or_low""]",False,109
0,0.05,"{""crash_warning_score"": 0.0, ""raw_confidence"": 0.05, ""solver_risk"": 0.0, ""vpd_risk"": 0.0}",0,confidence_below_candidate_threshold,"[""confidence_below_candidate_threshold"", ""risk_trigger_missing_or_low""]",False,110
0,0.05,"{""crash_warning_score"": 0.0, ""raw_confidence"": 0.05, ""solver_risk"": 0.0, ""vpd_risk"": 0.0}",0,confidence_below_candidate_threshold,"[""confidence_below_candidate_threshold"", ""risk_trigger_missing_or_low""]",False,111
0,0.05,"{""crash_warning_score"": 0.0, ""raw_confidence"": 0.05, ""solver_risk"": 0.0, ""vpd_risk"": 0.0}",0,confidence_below_candidate_threshold,"[""confidence_below_candidate_threshold"", ""risk_trigger_missing_or_low""]",False,112
0,0.05,"{""crash_warning_score"": 0.0, ""raw_confidence"": 0.05, ""solver_risk"": 0.0, ""vpd_risk"": 0.0}",0,confidence_below_candidate_threshold,"[""confidence_below_candidate_threshold"", ""risk_trigger_missing_or_low""]",False,113
0,0.05,"{""crash_warning_score"": 0.0, ""raw_confidence"": 0.05, ""solver_risk"": 0.0, ""vpd_risk"": 0.0}",0,confidence_below_candidate_threshold,"[""confidence_below_candidate_threshold"", ""risk_trigger_missing_or_low""]",False,114
0,0.05,"{""crash_warning_score"": 0.0, ""raw_confidence"": 0.05, ""solver_risk"": 0.0, ""vpd_risk"": 0.0}",0,confidence_below_candidate_threshold,"[""confidence_below_candidate_threshold"", ""risk_trigger_missing_or_low""]",False,115
0,0.05,"{""crash_warning_score"": 0.0, ""raw_confidence"": 0.05, ""solver_risk"": 0.0, ""vpd_risk"": 0.0}",0,confidence_below_candidate_threshold,"[""confidence_below_candidate_threshold"", ""risk_trigger_missing_or_low""]",False,116
0,0.05,"{""crash_warning_score"": 0.0, ""raw_confidence"": 0.05, ""solver_risk"": 0.0, ""vpd_risk"": 0.0}",0,confidence_below_candidate_threshold,"[""confidence_below_candidate_threshold"", ""risk_trigger_missing_or_low""]",False,117
0,0.05,"{""crash_warning_score"": 0.0, ""raw_confidence"": 0.05, ""solver_risk"": 0.0, ""vpd_risk"": 0.0}",0,confidence_below_candidate_threshold,"[""confidence_below_candidate_threshold"", ""risk_trigger_missing_or_low""]",False,118
0,0.05,"{""crash_warning_score"": 0.0, ""raw_confidence"": 0.05, ""solver_risk"": 0.0, ""vpd_risk"": 0.0}",0,confidence_below_candidate_threshold,"[""confidence_below_candidate_threshold"", ""risk_trigger_missing_or_low""]",False,119
0,0.05,"{""crash_warning_score"": 0.0, ""raw_confidence"": 0.05, ""solver_risk"": 0.0, ""vpd_risk"": 0.0}",0,confidence_below_candidate_threshold,"[""confidence_below_candidate_threshold"", ""risk_trigger_missing_or_low""]",False,120
0,0.05,"{""crash_warning_score"": 0.0, ""raw_confidence"": 0.05, ""solver_risk"": 0.0, ""vpd_risk"": 0.0}",0,confidence_below_candidate_threshold,"[""confidence_below_candidate_threshold"", ""risk_trigger_missing_or_low""]",False,121
0,0.05,"{""crash_warning_score"": 0.0, ""raw_confidence"": 0.05, ""solver_risk"": 0.0, ""vpd_risk"": 0.0}",0,confidence_below_candidate_threshold,"[""confidence_below_candidate_threshold"", ""risk_trigger_missing_or_low""]",False,122
0,0.05,"{""crash_warning_score"": 0.0, ""raw_confidence"": 0.05, ""solver_risk"": 0.0, ""vpd_risk"": 0.0}",0,confidence_below_candidate_threshold,"[""confidence_below_candidate_threshold"", ""risk_trigger_missing_or_low""]",False,123
0,0.05,"{""crash_warning_score"": 0.0, ""raw_confidence"": 0.05, ""solver_risk"": 0.0, ""vpd_risk"": 0.0}",0,confidence_below_candidate_threshold,"[""confidence_below_candidate_threshold"", ""risk_trigger_missing_or_low""]",False,124
0,0.05,"{""crash_warning_score"": 0.0, ""raw_confidence"": 0.05, ""solver_risk"": 0.0, ""vpd_risk"": 0.0}",0,confidence_below_candidate_threshold,"[""confidence_below_candidate_threshold"", ""risk_trigger_missing_or_low""]",False,125
0,0.05,"{""crash_warning_score"": 0.0, ""raw_confidence"": 0.05, ""solver_risk"": 0.0, ""vpd_risk"": 0.0}",0,confidence_below_candidate_threshold,"[""confidence_below_candidate_threshold"", ""risk_trigger_missing_or_low""]",False,126
0,0.05,"{""crash_warning_score"": 0.0, ""raw_confidence"": 0.05, ""solver_risk"": 0.0, ""vpd_risk"": 0.0}",0,confidence_below_candidate_threshold,"[""confidence_below_candidate_threshold"", ""risk_trigger_missing_or_low""]",False,127
0,0.05,"{""crash_warning_score"": 0.0, ""raw_confidence"": 0.05, ""solver_risk"": 0.0, ""vpd_risk"": 0.0}",0,confidence_below_candidate_threshold,"[""confidence_below_candidate_threshold"", ""risk_trigger_missing_or_low""]",False,128
0,0.05,"{""crash_warning_score"": 0.0, ""raw_confidence"": 0.05, ""solver_risk"": 0.0, ""vpd_risk"": 0.0}",0,confidence_below_candidate_threshold,"[""confidence_below_candidate_threshold"", ""risk_trigger_missing_or_low""]",False,129
0,0.05,"{""crash_warning_score"": 0.0, ""raw_confidence"": 0.05, ""solver_risk"": 0.0, ""vpd_risk"": 0.0}",0,confidence_below_candidate_threshold,"[""confidence_below_candidate_threshold"", ""risk_trigger_missing_or_low""]",False,130
0,0.05,"{""crash_warning_score"": 0.0, ""raw_confidence"": 0.05, ""solver_risk"": 0.0, ""vpd_risk"": 0.0}",0,confidence_below_candidate_threshold,"[""confidence_below_candidate_threshold"", ""risk_trigger_missing_or_low""]",False,131
0,0.05,"{""crash_warning_score"": 0.0, ""raw_confidence"": 0.05, ""solver_risk"": 0.0, ""vpd_risk"": 0.0}",0,confidence_below_candidate_threshold,"[""confidence_below_candidate_threshold"", ""risk_trigger_missing_or_low""]",False,132
0,0.05,"{""crash_warning_score"": 0.0, ""raw_confidence"": 0.05, ""solver_risk"": 0.0, ""vpd_risk"": 0.0}",0,confidence_below_candidate_threshold,"[""confidence_below_candidate_threshold"", ""risk_trigger_missing_or_low""]",False,133
0,0.05,"{""crash_warning_score"": 0.0, ""raw_confidence"": 0.05, ""solver_risk"": 0.0, ""vpd_risk"": 0.0}",0,confidence_below_candidate_threshold,"[""confidence_below_candidate_threshold"", ""risk_trigger_missing_or_low""]",False,134
0,0.05,"{""crash_warning_score"": 0.0, ""raw_confidence"": 0.05, ""solver_risk"": 0.0, ""vpd_risk"": 0.0}",0,confidence_below_candidate_threshold,"[""confidence_below_candidate_threshold"", ""risk_trigger_missing_or_low""]",False,135
0,0.05,"{""crash_warning_score"": 0.0, ""raw_confidence"": 0.05, ""solver_risk"": 0.0, ""vpd_risk"": 0.0}",0,confidence_below_candidate_threshold,"[""confidence_below_candidate_threshold"", ""risk_trigger_missing_or_low""]",False,136
0,0.05,"{""crash_warning_score"": 0.0, ""raw_confidence"": 0.05, ""solver_risk"": 0.0, ""vpd_risk"": 0.0}",0,confidence_below_candidate_threshold,"[""confidence_below_candidate_threshold"", ""risk_trigger_missing_or_low""]",False,137
0,0.05,"{""crash_warning_score"": 0.0, ""raw_confidence"": 0.05, ""solver_risk"": 0.0, ""vpd_risk"": 0.0}",0,confidence_below_candidate_threshold,"[""confidence_below_candidate_threshold"", ""risk_trigger_missing_or_low""]",False,138
0,0.05,"{""crash_warning_score"": 0.0, ""raw_confidence"": 0.05, ""solver_risk"": 0.0, ""vpd_risk"": 0.0}",0,confidence_below_candidate_threshold,"[""confidence_below_candidate_threshold"", ""risk_trigger_missing_or_low""]",False,139
0,0.05,"{""crash_warning_score"": 0.0, ""raw_confidence"": 0.05, ""solver_risk"": 0.0, ""vpd_risk"": 0.0}",0,confidence_below_candidate_threshold,"[""confidence_below_candidate_threshold"", ""risk_trigger_missing_or_low""]",False,140
0,0.05,"{""crash_warning_score"": 0.0, ""raw_confidence"": 0.05, ""solver_risk"": 0.0, ""vpd_risk"": 0.0}",0,confidence_below_candidate_threshold,"[""confidence_below_candidate_threshold"", ""risk_trigger_missing_or_low""]",False,141
0,0.05,"{""crash_warning_score"": 0.0, ""raw_confidence"": 0.05, ""solver_risk"": 0.0, ""vpd_risk"": 0.0}",0,confidence_below_candidate_threshold,"[""confidence_below_candidate_threshold"", ""risk_trigger_missing_or_low""]",False,142
0,0.05,"{""crash_warning_score"": 0.0, ""raw_confidence"": 0.05, ""solver_risk"": 0.0, ""vpd_risk"": 0.0}",0,confidence_below_candidate_threshold,"[""confidence_below_candidate_threshold"", ""risk_trigger_missing_or_low""]",False,143
0,0.05,"{""crash_warning_score"": 0.0, ""raw_confidence"": 0.05, ""solver_risk"": 0.0, ""vpd_risk"": 0.0}",0,confidence_below_candidate_threshold,"[""confidence_below_candidate_threshold"", ""risk_trigger_missing_or_low""]",False,144
0,0.05,"{""crash_warning_score"": 0.0, ""raw_confidence"": 0.05, ""solver_risk"": 0.0, ""vpd_risk"": 0.0}",0,confidence_below_candidate_threshold,"[""confidence_below_candidate_threshold"", ""risk_trigger_missing_or_low""]",False,145
0,0.05,"{""crash_warning_score"": 0.0, ""raw_confidence"": 0.05, ""solver_risk"": 0.0, ""vpd_risk"": 0.0}",0,confidence_below_candidate_threshold,"[""confidence_below_candidate_threshold"", ""risk_trigger_missing_or_low""]",False,146
0,0.05,"{""crash_warning_score"": 0.0, ""raw_confidence"": 0.05, ""solver_risk"": 0.0, ""vpd_risk"": 0.0}",0,confidence_below_candidate_threshold,"[""confidence_below_candidate_threshold""]",True,147
0,0.05,"{""crash_warning_score"": 0.0, ""raw_confidence"": 0.05, ""solver_risk"": 0.0, ""vpd_risk"": 0.0}",0,confidence_below_candidate_threshold,"[""confidence_below_candidate_threshold""]",True,148
0,0.05,"{""crash_warning_score"": 0.0, ""raw_confidence"": 0.05, ""solver_risk"": 0.0, ""vpd_risk"": 0.0}",0,confidence_below_candidate_threshold,"[""confidence_below_candidate_threshold""]",True,149
0,0.05,"{""crash_warning_score"": 0.0, ""raw_confidence"": 0.05, ""solver_risk"": 0.0, ""vpd_risk"": 0.0}",0,confidence_below_candidate_threshold,"[""confidence_below_candidate_threshold""]",True,150
0,0.05,"{""crash_warning_score"": 0.0, ""raw_confidence"": 0.05, ""solver_risk"": 0.0, ""vpd_risk"": 0.0}",0,confidence_below_candidate_threshold,"[""confidence_below_candidate_threshold""]",True,151
0,0.05,"{""crash_warning_score"": 0.0, ""raw_confidence"": 0.05, ""solver_risk"": 0.0, ""vpd_risk"": 0.0}",0,confidence_below_candidate_threshold,"[""confidence_below_candidate_threshold"", ""risk_trigger_missing_or_low""]",False,152
0,0.05,"{""crash_warning_score"": 0.0, ""raw_confidence"": 0.05, ""solver_risk"": 0.0, ""vpd_risk"": 0.0}",0,confidence_below_candidate_threshold,"[""confidence_below_candidate_threshold"", ""risk_trigger_missing_or_low""]",False,153
0,0.05,"{""crash_warning_score"": 0.0, ""raw_confidence"": 0.05, ""solver_risk"": 0.0, ""vpd_risk"": 0.0}",0,confidence_below_candidate_threshold,"[""confidence_below_candidate_threshold"", ""risk_trigger_missing_or_low""]",False,154
0,0.05,"{""crash_warning_score"": 0.0, ""raw_confidence"": 0.05, ""solver_risk"": 0.0, ""vpd_risk"": 0.0}",0,confidence_below_candidate_threshold,"[""confidence_below_candidate_threshold"", ""risk_trigger_missing_or_low""]",False,155
0,0.05,"{""crash_warning_score"": 0.0, ""raw_confidence"": 0.05, ""solver_risk"": 0.0, ""vpd_risk"": 0.0}",0,confidence_below_candidate_threshold,"[""confidence_below_candidate_threshold"", ""risk_trigger_missing_or_low""]",False,156
0,0.05,"{""crash_warning_score"": 0.0, ""raw_confidence"": 0.05, ""solver_risk"": 0.0, ""vpd_risk"": 0.0}",0,confidence_below_candidate_threshold,"[""confidence_below_candidate_threshold"", ""risk_trigger_missing_or_low""]",False,157
0,0.05,"{""crash_warning_score"": 0.0, ""raw_confidence"": 0.05, ""solver_risk"": 0.0, ""vpd_risk"": 0.0}",0,confidence_below_candidate_threshold,"[""confidence_below_candidate_threshold"", ""risk_trigger_missing_or_low""]",False,158
0,0.05,"{""crash_warning_score"": 0.0, ""raw_confidence"": 0.05, ""solver_risk"": 0.0, ""vpd_risk"": 0.0}",0,confidence_below_candidate_threshold,"[""confidence_below_candidate_threshold"", ""risk_trigger_missing_or_low""]",False,159
0,0.05,"{""crash_warning_score"": 0.0, ""raw_confidence"": 0.05, ""solver_risk"": 0.0, ""vpd_risk"": 0.0}",0,confidence_below_candidate_threshold,"[""confidence_below_candidate_threshold"", ""risk_trigger_missing_or_low""]",False,160
0,0.05,"{""crash_warning_score"": 0.0, ""raw_confidence"": 0.05, ""solver_risk"": 0.0, ""vpd_risk"": 0.0}",0,confidence_below_candidate_threshold,"[""confidence_below_candidate_threshold"", ""risk_trigger_missing_or_low""]",False,161
0,0.05,"{""crash_warning_score"": 0.0, ""raw_confidence"": 0.05, ""solver_risk"": 0.0, ""vpd_risk"": 0.0}",0,confidence_below_candidate_threshold,"[""confidence_below_candidate_threshold"", ""risk_trigger_missing_or_low""]",False,162
0,0.05,"{""crash_warning_score"": 0.0, ""raw_confidence"": 0.05, ""solver_risk"": 0.0, ""vpd_risk"": 0.0}",0,confidence_below_candidate_threshold,"[""confidence_below_candidate_threshold"", ""risk_trigger_missing_or_low""]",False,163
0,0.05,"{""crash_warning_score"": 0.0, ""raw_confidence"": 0.05, ""solver_risk"": 0.0, ""vpd_risk"": 0.0}",0,confidence_below_candidate_threshold,"[""confidence_below_candidate_threshold"", ""risk_trigger_missing_or_low""]",False,164
0,0.05,"{""crash_warning_score"": 0.0, ""raw_confidence"": 0.05, ""solver_risk"": 0.0, ""vpd_risk"": 0.0}",0,confidence_below_candidate_threshold,"[""confidence_below_candidate_threshold"", ""risk_trigger_missing_or_low""]",False,165
0,0.05,"{""crash_warning_score"": 0.0, ""raw_confidence"": 0.05, ""solver_risk"": 0.0, ""vpd_risk"": 0.0}",0,confidence_below_candidate_threshold,"[""confidence_below_candidate_threshold"", ""risk_trigger_missing_or_low""]",False,166
0,0.05,"{""crash_warning_score"": 0.0, ""raw_confidence"": 0.05, ""solver_risk"": 0.0, ""vpd_risk"": 0.0}",0,confidence_below_candidate_threshold,"[""confidence_below_candidate_threshold"", ""risk_trigger_missing_or_low""]",False,167
0,0.05,"{""crash_warning_score"": 0.0, ""raw_confidence"": 0.05, ""solver_risk"": 0.0, ""vpd_risk"": 0.0}",0,confidence_below_candidate_threshold,"[""confidence_below_candidate_threshold"", ""risk_trigger_missing_or_low""]",False,168
0,0.05,"{""crash_warning_score"": 0.0, ""raw_confidence"": 0.05, ""solver_risk"": 0.0, ""vpd_risk"": 0.0}",0,confidence_below_candidate_threshold,"[""confidence_below_candidate_threshold"", ""risk_trigger_missing_or_low""]",False,169
0,0.05,"{""crash_warning_score"": 0.0, ""raw_confidence"": 0.05, ""solver_risk"": 0.0, ""vpd_risk"": 0.0}",0,confidence_below_candidate_threshold,"[""confidence_below_candidate_threshold"", ""risk_trigger_missing_or_low""]",False,170
0,0.05,"{""crash_warning_score"": 0.0, ""raw_confidence"": 0.05, ""solver_risk"": 0.0, ""vpd_risk"": 0.0}",0,confidence_below_candidate_threshold,"[""confidence_below_candidate_threshold"", ""risk_trigger_missing_or_low""]",False,171
0,0.05,"{""crash_warning_score"": 0.0, ""raw_confidence"": 0.05, ""solver_risk"": 0.0, ""vpd_risk"": 0.0}",0,confidence_below_candidate_threshold,"[""confidence_below_candidate_threshold"", ""risk_trigger_missing_or_low""]",False,172
0,0.05,"{""crash_warning_score"": 0.0, ""raw_confidence"": 0.05, ""solver_risk"": 0.0, ""vpd_risk"": 0.0}",0,confidence_below_candidate_threshold,"[""confidence_below_candidate_threshold"", ""risk_trigger_missing_or_low""]",False,173
0,0.05,"{""crash_warning_score"": 0.0, ""raw_confidence"": 0.05, ""solver_risk"": 0.0, ""vpd_risk"": 0.0}",0,confidence_below_candidate_threshold,"[""confidence_below_candidate_threshold"", ""risk_trigger_missing_or_low""]",False,174
0,0.05,"{""crash_warning_score"": 0.0, ""raw_confidence"": 0.05, ""solver_risk"": 0.0, ""vpd_risk"": 0.0}",0,confidence_below_candidate_threshold,"[""confidence_below_candidate_threshold"", ""risk_trigger_missing_or_low""]",False,175
0,0.05,"{""crash_warning_score"": 0.0, ""raw_confidence"": 0.05, ""solver_risk"": 0.0, ""vpd_risk"": 0.0}",0,confidence_below_candidate_threshold,"[""confidence_below_candidate_threshold"", ""risk_trigger_missing_or_low""]",False,176
0,0.05,"{""crash_warning_score"": 0.0, ""raw_confidence"": 0.05, ""solver_risk"": 0.0, ""vpd_risk"": 0.0}",0,confidence_below_candidate_threshold,"[""confidence_below_candidate_threshold"", ""risk_trigger_missing_or_low""]",False,177
0,0.05,"{""crash_warning_score"": 0.0, ""raw_confidence"": 0.05, ""solver_risk"": 0.0, ""vpd_risk"": 0.0}",0,confidence_below_candidate_threshold,"[""confidence_below_candidate_threshold"", ""risk_trigger_missing_or_low""]",False,178
0,0.05,"{""crash_warning_score"": 0.0, ""raw_confidence"": 0.05, ""solver_risk"": 0.0, ""vpd_risk"": 0.0}",0,confidence_below_candidate_threshold,"[""confidence_below_candidate_threshold"", ""risk_trigger_missing_or_low""]",False,179
0,0.05,"{""crash_warning_score"": 0.0, ""raw_confidence"": 0.05, ""solver_risk"": 0.0, ""vpd_risk"": 0.0}",0,confidence_below_candidate_threshold,"[""confidence_below_candidate_threshold"", ""risk_trigger_missing_or_low""]",False,180
0,0.05,"{""crash_warning_score"": 0.0, ""raw_confidence"": 0.05, ""solver_risk"": 0.0, ""vpd_risk"": 0.0}",0,confidence_below_candidate_threshold,"[""confidence_below_candidate_threshold"", ""risk_trigger_missing_or_low""]",False,181
0,0.05,"{""crash_warning_score"": 0.0, ""raw_confidence"": 0.05, ""solver_risk"": 0.0, ""vpd_risk"": 0.0}",0,confidence_below_candidate_threshold,"[""confidence_below_candidate_threshold"", ""risk_trigger_missing_or_low""]",False,182
0,0.05,"{""crash_warning_score"": 0.0, ""raw_confidence"": 0.05, ""solver_risk"": 0.0, ""vpd_risk"": 0.0}",0,confidence_below_candidate_threshold,"[""confidence_below_candidate_threshold"", ""risk_trigger_missing_or_low""]",False,183
0,0.05,"{""crash_warning_score"": 0.0, ""raw_confidence"": 0.05, ""solver_risk"": 0.0, ""vpd_risk"": 0.0}",0,confidence_below_candidate_threshold,"[""confidence_below_candidate_threshold"", ""risk_trigger_missing_or_low""]",False,184
0,0.05,"{""crash_warning_score"": 0.0, ""raw_confidence"": 0.05, ""solver_risk"": 0.0, ""vpd_risk"": 0.0}",0,confidence_below_candidate_threshold,"[""confidence_below_candidate_threshold"", ""risk_trigger_missing_or_low""]",False,185
0,0.05,"{""crash_warning_score"": 0.0, ""raw_confidence"": 0.05, ""solver_risk"": 0.0, ""vpd_risk"": 0.0}",0,confidence_below_candidate_threshold,"[""confidence_below_candidate_threshold"", ""risk_trigger_missing_or_low""]",False,186
0,0.05,"{""crash_warning_score"": 0.0, ""raw_confidence"": 0.05, ""solver_risk"": 0.0, ""vpd_risk"": 0.0}",0,confidence_below_candidate_threshold,"[""confidence_below_candidate_threshold"", ""risk_trigger_missing_or_low""]",False,187
0,0.05,"{""crash_warning_score"": 0.0, ""raw_confidence"": 0.05, ""solver_risk"": 0.0, ""vpd_risk"": 0.0}",0,confidence_below_candidate_threshold,"[""confidence_below_candidate_threshold"", ""risk_trigger_missing_or_low""]",False,188
0,0.05,"{""crash_warning_score"": 0.0, ""raw_confidence"": 0.05, ""solver_risk"": 0.0, ""vpd_risk"": 0.0}",0,confidence_below_candidate_threshold,"[""confidence_below_candidate_threshold"", ""risk_trigger_missing_or_low""]",False,189
0,0.05,"{""crash_warning_score"": 0.0, ""raw_confidence"": 0.05, ""solver_risk"": 0.0, ""vpd_risk"": 0.0}",0,confidence_below_candidate_threshold,"[""confidence_below_candidate_threshold"", ""risk_trigger_missing_or_low""]",False,190
0,0.05,"{""crash_warning_score"": 0.0, ""raw_confidence"": 0.05, ""solver_risk"": 0.0, ""vpd_risk"": 0.0}",0,confidence_below_candidate_threshold,"[""confidence_below_candidate_threshold"", ""risk_trigger_missing_or_low""]",False,191
0,0.05,"{""crash_warning_score"": 0.0, ""raw_confidence"": 0.05, ""solver_risk"": 0.0, ""vpd_risk"": 0.0}",0,confidence_below_candidate_threshold,"[""confidence_below_candidate_threshold"", ""risk_trigger_missing_or_low""]",False,192
0,0.05,"{""crash_warning_score"": 0.0, ""raw_confidence"": 0.05, ""solver_risk"": 0.0, ""vpd_risk"": 0.0}",0,confidence_below_candidate_threshold,"[""confidence_below_candidate_threshold"", ""risk_trigger_missing_or_low""]",False,193
0,0.05,"{""crash_warning_score"": 0.0, ""raw_confidence"": 0.05, ""solver_risk"": 0.0, ""vpd_risk"": 0.0}",0,confidence_below_candidate_threshold,"[""confidence_below_candidate_threshold"", ""risk_trigger_missing_or_low""]",False,194
0,0.05,"{""crash_warning_score"": 0.0, ""raw_confidence"": 0.05, ""solver_risk"": 0.0, ""vpd_risk"": 0.0}",0,confidence_below_candidate_threshold,"[""confidence_below_candidate_threshold"", ""risk_trigger_missing_or_low""]",False,195
0,0.05,"{""crash_warning_score"": 0.0, ""raw_confidence"": 0.05, ""solver_risk"": 0.0, ""vpd_risk"": 0.0}",0,confidence_below_candidate_threshold,"[""confidence_below_candidate_threshold"", ""risk_trigger_missing_or_low""]",False,196
0,0.05,"{""crash_warning_score"": 0.0, ""raw_confidence"": 0.05, ""solver_risk"": 0.0, ""vpd_risk"": 0.0}",0,confidence_below_candidate_threshold,"[""confidence_below_candidate_threshold"", ""risk_trigger_missing_or_low""]",False,197
0,0.05,"{""crash_warning_score"": 0.0, ""raw_confidence"": 0.05, ""solver_risk"": 0.0, ""vpd_risk"": 0.0}",0,confidence_below_candidate_threshold,"[""confidence_below_candidate_threshold"", ""risk_trigger_missing_or_low""]",False,198
0,0.05,"{""crash_warning_score"": 0.0, ""raw_confidence"": 0.05, ""solver_risk"": 0.0, ""vpd_risk"": 0.0}",0,confidence_below_candidate_threshold,"[""confidence_below_candidate_threshold"", ""risk_trigger_missing_or_low""]",False,199
0,0.05,"{""crash_warning_score"": 0.0, ""raw_confidence"": 0.05, ""solver_risk"": 0.0, ""vpd_risk"": 0.0}",0,confidence_below_candidate_threshold,"[""confidence_below_candidate_threshold"", ""risk_trigger_missing_or_low""]",False,200
0,0.05,"{""crash_warning_score"": 0.0, ""raw_confidence"": 0.05, ""solver_risk"": 0.0, ""vpd_risk"": 0.0}",0,confidence_below_candidate_threshold,"[""confidence_below_candidate_threshold"", ""risk_trigger_missing_or_low""]",False,201
0,0.05,"{""crash_warning_score"": 0.0, ""raw_confidence"": 0.05, ""solver_risk"": 0.0, ""vpd_risk"": 0.0}",0,confidence_below_candidate_threshold,"[""confidence_below_candidate_threshold"", ""risk_trigger_missing_or_low""]",False,202
0,0.05,"{""crash_warning_score"": 0.0, ""raw_confidence"": 0.05, ""solver_risk"": 0.0, ""vpd_risk"": 0.0}",0,confidence_below_candidate_threshold,"[""confidence_below_candidate_threshold"", ""risk_trigger_missing_or_low""]",False,203
0,0.05,"{""crash_warning_score"": 0.0, ""raw_confidence"": 0.05, ""solver_risk"": 0.0, ""vpd_risk"": 0.0}",0,confidence_below_candidate_threshold,"[""confidence_below_candidate_threshold"", ""risk_trigger_missing_or_low""]",False,204
0,0.05,"{""crash_warning_score"": 0.0, ""raw_confidence"": 0.05, ""solver_risk"": 0.0, ""vpd_risk"": 0.0}",0,confidence_below_candidate_threshold,"[""confidence_below_candidate_threshold"", ""risk_trigger_missing_or_low""]",False,205
0,0.05,"{""crash_warning_score"": 0.0, ""raw_confidence"": 0.05, ""solver_risk"": 0.0, ""vpd_risk"": 0.0}",0,confidence_below_candidate_threshold,"[""confidence_below_candidate_threshold"", ""risk_trigger_missing_or_low""]",False,206
0,0.05,"{""crash_warning_score"": 0.0, ""raw_confidence"": 0.05, ""solver_risk"": 0.0, ""vpd_risk"": 0.0}",0,confidence_below_candidate_threshold,"[""confidence_below_candidate_threshold"", ""risk_trigger_missing_or_low""]",False,207
0,0.05,"{""crash_warning_score"": 0.0, ""raw_confidence"": 0.05, ""solver_risk"": 0.0, ""vpd_risk"": 0.0}",0,confidence_below_candidate_threshold,"[""confidence_below_candidate_threshold"", ""risk_trigger_missing_or_low""]",False,208
0,0.05,"{""crash_warning_score"": 0.0, ""raw_confidence"": 0.05, ""solver_risk"": 0.0, ""vpd_risk"": 0.0}",0,confidence_below_candidate_threshold,"[""confidence_below_candidate_threshold"", ""risk_trigger_missing_or_low""]",False,209
0,0.05,"{""crash_warning_score"": 0.0, ""raw_confidence"": 0.05, ""solver_risk"": 0.0, ""vpd_risk"": 0.0}",0,confidence_below_candidate_threshold,"[""confidence_below_candidate_threshold"", ""risk_trigger_missing_or_low""]",False,210
0,0.05,"{""crash_warning_score"": 0.0, ""raw_confidence"": 0.05, ""solver_risk"": 0.0, ""vpd_risk"": 0.0}",0,confidence_below_candidate_threshold,"[""confidence_below_candidate_threshold"", ""risk_trigger_missing_or_low""]",False,211
0,0.05,"{""crash_warning_score"": 0.0, ""raw_confidence"": 0.05, ""solver_risk"": 0.0, ""vpd_risk"": 0.0}",0,confidence_below_candidate_threshold,"[""confidence_below_candidate_threshold""]",True,212
0,0.05,"{""crash_warning_score"": 0.0, ""raw_confidence"": 0.05, ""solver_risk"": 0.0, ""vpd_risk"": 0.0}",0,confidence_below_candidate_threshold,"[""confidence_below_candidate_threshold""]",True,213
0,0.05,"{""crash_warning_score"": 0.0, ""raw_confidence"": 0.05, ""solver_risk"": 0.0, ""vpd_risk"": 0.0}",0,confidence_below_candidate_threshold,"[""confidence_below_candidate_threshold""]",True,214
0,0.05,"{""crash_warning_score"": 0.0, ""raw_confidence"": 0.05, ""solver_risk"": 0.0, ""vpd_risk"": 0.0}",0,confidence_below_candidate_threshold,"[""confidence_below_candidate_threshold"", ""risk_trigger_missing_or_low""]",False,215
0,0.05,"{""crash_warning_score"": 0.0, ""raw_confidence"": 0.05, ""solver_risk"": 0.0, ""vpd_risk"": 0.0}",0,confidence_below_candidate_threshold,"[""confidence_below_candidate_threshold"", ""risk_trigger_missing_or_low""]",False,216
0,0.05,"{""crash_warning_score"": 0.0, ""raw_confidence"": 0.05, ""solver_risk"": 0.0, ""vpd_risk"": 0.0}",0,confidence_below_candidate_threshold,"[""confidence_below_candidate_threshold"", ""risk_trigger_missing_or_low""]",False,217
0,0.05,"{""crash_warning_score"": 0.0, ""raw_confidence"": 0.05, ""solver_risk"": 0.0, ""vpd_risk"": 0.0}",0,confidence_below_candidate_threshold,"[""confidence_below_candidate_threshold"", ""risk_trigger_missing_or_low""]",False,218
0,0.05,"{""crash_warning_score"": 0.0, ""raw_confidence"": 0.05, ""solver_risk"": 0.0, ""vpd_risk"": 0.0}",0,confidence_below_candidate_threshold,"[""confidence_below_candidate_threshold"", ""risk_trigger_missing_or_low""]",False,219
0,0.05,"{""crash_warning_score"": 0.0, ""raw_confidence"": 0.05, ""solver_risk"": 0.0, ""vpd_risk"": 0.0}",0,confidence_below_candidate_threshold,"[""confidence_below_candidate_threshold"", ""risk_trigger_missing_or_low""]",False,220
0,0.05,"{""crash_warning_score"": 0.0, ""raw_confidence"": 0.05, ""solver_risk"": 0.0, ""vpd_risk"": 0.0}",0,confidence_below_candidate_threshold,"[""confidence_below_candidate_threshold"", ""risk_trigger_missing_or_low""]",False,221
0,0.05,"{""crash_warning_score"": 0.0, ""raw_confidence"": 0.05, ""solver_risk"": 0.0, ""vpd_risk"": 0.0}",0,confidence_below_candidate_threshold,"[""confidence_below_candidate_threshold"", ""risk_trigger_missing_or_low""]",False,222
0,0.05,"{""crash_warning_score"": 0.0, ""raw_confidence"": 0.05, ""solver_risk"": 0.0, ""vpd_risk"": 0.0}",0,confidence_below_candidate_threshold,"[""confidence_below_candidate_threshold"", ""risk_trigger_missing_or_low""]",False,223
0,0.05,"{""crash_warning_score"": 0.0, ""raw_confidence"": 0.05, ""solver_risk"": 0.0, ""vpd_risk"": 0.0}",0,confidence_below_candidate_threshold,"[""confidence_below_candidate_threshold"", ""risk_trigger_missing_or_low""]",False,224
0,0.05,"{""crash_warning_score"": 0.0, ""raw_confidence"": 0.05, ""solver_risk"": 0.0, ""vpd_risk"": 0.0}",0,confidence_below_candidate_threshold,"[""confidence_below_candidate_threshold"", ""risk_trigger_missing_or_low""]",False,225
0,0.05,"{""crash_warning_score"": 0.0, ""raw_confidence"": 0.05, ""solver_risk"": 0.0, ""vpd_risk"": 0.0}",0,confidence_below_candidate_threshold,"[""confidence_below_candidate_threshold"", ""risk_trigger_missing_or_low""]",False,226
0,0.05,"{""crash_warning_score"": 0.0, ""raw_confidence"": 0.05, ""solver_risk"": 0.0, ""vpd_risk"": 0.0}",0,confidence_below_candidate_threshold,"[""confidence_below_candidate_threshold"", ""risk_trigger_missing_or_low""]",False,227
0,0.05,"{""crash_warning_score"": 0.0, ""raw_confidence"": 0.05, ""solver_risk"": 0.0, ""vpd_risk"": 0.0}",0,confidence_below_candidate_threshold,"[""confidence_below_candidate_threshold"", ""risk_trigger_missing_or_low""]",False,228
0,0.05,"{""crash_warning_score"": 0.0, ""raw_confidence"": 0.05, ""solver_risk"": 0.0, ""vpd_risk"": 0.0}",0,confidence_below_candidate_threshold,"[""confidence_below_candidate_threshold"", ""risk_trigger_missing_or_low""]",False,229
0,0.05,"{""crash_warning_score"": 0.0, ""raw_confidence"": 0.05, ""solver_risk"": 0.0, ""vpd_risk"": 0.0}",0,confidence_below_candidate_threshold,"[""confidence_below_candidate_threshold"", ""risk_trigger_missing_or_low""]",False,230
0,0.05,"{""crash_warning_score"": 0.0, ""raw_confidence"": 0.05, ""solver_risk"": 0.0, ""vpd_risk"": 0.0}",0,confidence_below_candidate_threshold,"[""confidence_below_candidate_threshold"", ""risk_trigger_missing_or_low""]",False,231
0,0.05,"{""crash_warning_score"": 0.0, ""raw_confidence"": 0.05, ""solver_risk"": 0.0, ""vpd_risk"": 0.0}",0,confidence_below_candidate_threshold,"[""confidence_below_candidate_threshold"", ""risk_trigger_missing_or_low""]",False,232
0,0.05,"{""crash_warning_score"": 0.0, ""raw_confidence"": 0.05, ""solver_risk"": 0.0, ""vpd_risk"": 0.0}",0,confidence_below_candidate_threshold,"[""confidence_below_candidate_threshold"", ""risk_trigger_missing_or_low""]",False,233
0,0.05,"{""crash_warning_score"": 0.0, ""raw_confidence"": 0.05, ""solver_risk"": 0.0, ""vpd_risk"": 0.0}",0,confidence_below_candidate_threshold,"[""confidence_below_candidate_threshold"", ""risk_trigger_missing_or_low""]",False,234
0,0.05,"{""crash_warning_score"": 0.0, ""raw_confidence"": 0.05, ""solver_risk"": 0.0, ""vpd_risk"": 0.0}",0,confidence_below_candidate_threshold,"[""confidence_below_candidate_threshold"", ""risk_trigger_missing_or_low""]",False,235
0,0.05,"{""crash_warning_score"": 0.0, ""raw_confidence"": 0.05, ""solver_risk"": 0.0, ""vpd_risk"": 0.0}",0,confidence_below_candidate_threshold,"[""confidence_below_candidate_threshold"", ""risk_trigger_missing_or_low""]",False,236
0,0.05,"{""crash_warning_score"": 0.0, ""raw_confidence"": 0.05, ""solver_risk"": 0.0, ""vpd_risk"": 0.0}",0,confidence_below_candidate_threshold,"[""confidence_below_candidate_threshold"", ""risk_trigger_missing_or_low""]",False,237
0,0.05,"{""crash_warning_score"": 0.0, ""raw_confidence"": 0.05, ""solver_risk"": 0.0, ""vpd_risk"": 0.0}",0,confidence_below_candidate_threshold,"[""confidence_below_candidate_threshold"", ""risk_trigger_missing_or_low""]",False,238
0,0.05,"{""crash_warning_score"": 0.0, ""raw_confidence"": 0.05, ""solver_risk"": 0.0, ""vpd_risk"": 0.0}",0,confidence_below_candidate_threshold,"[""confidence_below_candidate_threshold"", ""risk_trigger_missing_or_low""]",False,239
0,0.05,"{""crash_warning_score"": 0.0, ""raw_confidence"": 0.05, ""solver_risk"": 0.0, ""vpd_risk"": 0.0}",0,confidence_below_candidate_threshold,"[""confidence_below_candidate_threshold"", ""risk_trigger_missing_or_low""]",False,240
0,0.05,"{""crash_warning_score"": 0.0, ""raw_confidence"": 0.05, ""solver_risk"": 0.0, ""vpd_risk"": 0.0}",0,confidence_below_candidate_threshold,"[""confidence_below_candidate_threshold"", ""risk_trigger_missing_or_low""]",False,241
0,0.05,"{""crash_warning_score"": 0.0, ""raw_confidence"": 0.05, ""solver_risk"": 0.0, ""vpd_risk"": 0.0}",0,confidence_below_candidate_threshold,"[""confidence_below_candidate_threshold"", ""risk_trigger_missing_or_low""]",False,242
0,0.05,"{""crash_warning_score"": 0.0, ""raw_confidence"": 0.05, ""solver_risk"": 0.0, ""vpd_risk"": 0.0}",0,confidence_below_candidate_threshold,"[""confidence_below_candidate_threshold"", ""risk_trigger_missing_or_low""]",False,243
0,0.05,"{""crash_warning_score"": 0.0, ""raw_confidence"": 0.05, ""solver_risk"": 0.0, ""vpd_risk"": 0.0}",0,confidence_below_candidate_threshold,"[""confidence_below_candidate_threshold"", ""risk_trigger_missing_or_low""]",False,244
0,0.05,"{""crash_warning_score"": 0.0, ""raw_confidence"": 0.05, ""solver_risk"": 0.0, ""vpd_risk"": 0.0}",0,confidence_below_candidate_threshold,"[""confidence_below_candidate_threshold"", ""risk_trigger_missing_or_low""]",False,245
0,0.05,"{""crash_warning_score"": 0.0, ""raw_confidence"": 0.05, ""solver_risk"": 0.0, ""vpd_risk"": 0.0}",0,confidence_below_candidate_threshold,"[""confidence_below_candidate_threshold"", ""risk_trigger_missing_or_low""]",False,246
0,0.05,"{""crash_warning_score"": 0.0, ""raw_confidence"": 0.05, ""solver_risk"": 0.0, ""vpd_risk"": 0.0}",0,confidence_below_candidate_threshold,"[""confidence_below_candidate_threshold"", ""risk_trigger_missing_or_low""]",False,247
0,0.05,"{""crash_warning_score"": 0.0, ""raw_confidence"": 0.05, ""solver_risk"": 0.0, ""vpd_risk"": 0.0}",0,confidence_below_candidate_threshold,"[""confidence_below_candidate_threshold"", ""risk_trigger_missing_or_low""]",False,248
0,0.05,"{""crash_warning_score"": 0.0, ""raw_confidence"": 0.05, ""solver_risk"": 0.0, ""vpd_risk"": 0.0}",0,confidence_below_candidate_threshold,"[""confidence_below_candidate_threshold"", ""risk_trigger_missing_or_low""]",False,249
0,0.05,"{""crash_warning_score"": 0.0, ""raw_confidence"": 0.05, ""solver_risk"": 0.0, ""vpd_risk"": 0.0}",0,confidence_below_candidate_threshold,"[""confidence_below_candidate_threshold"", ""risk_trigger_missing_or_low""]",False,250
0,0.05,"{""crash_warning_score"": 0.0, ""raw_confidence"": 0.05, ""solver_risk"": 0.0, ""vpd_risk"": 0.0}",0,confidence_below_candidate_threshold,"[""confidence_below_candidate_threshold"", ""risk_trigger_missing_or_low""]",False,251
0,0.05,"{""crash_warning_score"": 0.0, ""raw_confidence"": 0.05, ""solver_risk"": 0.0, ""vpd_risk"": 0.0}",0,confidence_below_candidate_threshold,"[""confidence_below_candidate_threshold"", ""risk_trigger_missing_or_low""]",False,252
0,0.05,"{""crash_warning_score"": 0.0, ""raw_confidence"": 0.05, ""solver_risk"": 0.0, ""vpd_risk"": 0.0}",0,confidence_below_candidate_threshold,"[""confidence_below_candidate_threshold"", ""risk_trigger_missing_or_low""]",False,253
0,0.05,"{""crash_warning_score"": 0.0, ""raw_confidence"": 0.05, ""solver_risk"": 0.0, ""vpd_risk"": 0.0}",0,confidence_below_candidate_threshold,"[""confidence_below_candidate_threshold"", ""risk_trigger_missing_or_low""]",False,254
0,0.05,"{""crash_warning_score"": 0.0, ""raw_confidence"": 0.05, ""solver_risk"": 0.0, ""vpd_risk"": 0.0}",0,confidence_below_candidate_threshold,"[""confidence_below_candidate_threshold"", ""risk_trigger_missing_or_low""]",False,255
0,0.05,"{""crash_warning_score"": 0.0, ""raw_confidence"": 0.05, ""solver_risk"": 0.0, ""vpd_risk"": 0.0}",0,confidence_below_candidate_threshold,"[""confidence_below_candidate_threshold"", ""risk_trigger_missing_or_low""]",False,256
0,0.05,"{""crash_warning_score"": 0.0, ""raw_confidence"": 0.05, ""solver_risk"": 0.0, ""vpd_risk"": 0.0}",0,confidence_below_candidate_threshold,"[""confidence_below_candidate_threshold"", ""risk_trigger_missing_or_low""]",False,257
0,0.05,"{""crash_warning_score"": 0.0, ""raw_confidence"": 0.05, ""solver_risk"": 0.0, ""vpd_risk"": 0.0}",0,confidence_below_candidate_threshold,"[""confidence_below_candidate_threshold"", ""risk_trigger_missing_or_low""]",False,258
0,0.05,"{""crash_warning_score"": 0.0, ""raw_confidence"": 0.05, ""solver_risk"": 0.0, ""vpd_risk"": 0.0}",0,confidence_below_candidate_threshold,"[""confidence_below_candidate_threshold"", ""risk_trigger_missing_or_low""]",False,259
0,0.05,"{""crash_warning_score"": 0.0, ""raw_confidence"": 0.05, ""solver_risk"": 0.0, ""vpd_risk"": 0.0}",0,confidence_below_candidate_threshold,"[""confidence_below_candidate_threshold"", ""risk_trigger_missing_or_low""]",False,260
0,0.05,"{""crash_warning_score"": 0.0, ""raw_confidence"": 0.05, ""solver_risk"": 0.0, ""vpd_risk"": 0.0}",0,confidence_below_candidate_threshold,"[""confidence_below_candidate_threshold"", ""risk_trigger_missing_or_low""]",False,261
0,0.05,"{""crash_warning_score"": 0.0, ""raw_confidence"": 0.05, ""solver_risk"": 0.0, ""vpd_risk"": 0.0}",0,confidence_below_candidate_threshold,"[""confidence_below_candidate_threshold"", ""risk_trigger_missing_or_low""]",False,262
0,0.05,"{""crash_warning_score"": 0.0, ""raw_confidence"": 0.05, ""solver_risk"": 0.0, ""vpd_risk"": 0.0}",0,confidence_below_candidate_threshold,"[""confidence_below_candidate_threshold"", ""risk_trigger_missing_or_low""]",False,263
0,0.05,"{""crash_warning_score"": 0.0, ""raw_confidence"": 0.05, ""solver_risk"": 0.0, ""vpd_risk"": 0.0}",0,confidence_below_candidate_threshold,"[""confidence_below_candidate_threshold"", ""risk_trigger_missing_or_low""]",False,264
0,0.05,"{""crash_warning_score"": 0.0, ""raw_confidence"": 0.05, ""solver_risk"": 0.0, ""vpd_risk"": 0.0}",0,confidence_below_candidate_threshold,"[""confidence_below_candidate_threshold"", ""risk_trigger_missing_or_low""]",False,265
0,0.05,"{""crash_warning_score"": 0.0, ""raw_confidence"": 0.05, ""solver_risk"": 0.0, ""vpd_risk"": 0.0}",0,confidence_below_candidate_threshold,"[""confidence_below_candidate_threshold"", ""risk_trigger_missing_or_low""]",False,266
0,0.05,"{""crash_warning_score"": 0.0, ""raw_confidence"": 0.05, ""solver_risk"": 0.0, ""vpd_risk"": 0.0}",0,confidence_below_candidate_threshold,"[""confidence_below_candidate_threshold"", ""risk_trigger_missing_or_low""]",False,267
0,0.05,"{""crash_warning_score"": 0.0, ""raw_confidence"": 0.05, ""solver_risk"": 0.0, ""vpd_risk"": 0.0}",0,confidence_below_candidate_threshold,"[""confidence_below_candidate_threshold"", ""risk_trigger_missing_or_low""]",False,268
0,0.05,"{""crash_warning_score"": 0.0, ""raw_confidence"": 0.05, ""solver_risk"": 0.0, ""vpd_risk"": 0.0}",0,confidence_below_candidate_threshold,"[""confidence_below_candidate_threshold"", ""risk_trigger_missing_or_low""]",False,269
0,0.05,"{""crash_warning_score"": 0.0, ""raw_confidence"": 0.05, ""solver_risk"": 0.0, ""vpd_risk"": 0.0}",0,confidence_below_candidate_threshold,"[""confidence_below_candidate_threshold"", ""risk_trigger_missing_or_low""]",False,270
0,0.05,"{""crash_warning_score"": 0.0, ""raw_confidence"": 0.05, ""solver_risk"": 0.0, ""vpd_risk"": 0.0}",0,confidence_below_candidate_threshold,"[""confidence_below_candidate_threshold"", ""risk_trigger_missing_or_low""]",False,271
0,0.05,"{""crash_warning_score"": 0.0, ""raw_confidence"": 0.05, ""solver_risk"": 0.0, ""vpd_risk"": 0.0}",0,confidence_below_candidate_threshold,"[""confidence_below_candidate_threshold"", ""risk_trigger_missing_or_low""]",False,272
0,0.05,"{""crash_warning_score"": 0.0, ""raw_confidence"": 0.05, ""solver_risk"": 0.0, ""vpd_risk"": 0.0}",0,confidence_below_candidate_threshold,"[""confidence_below_candidate_threshold"", ""risk_trigger_missing_or_low""]",False,273
0,0.05,"{""crash_warning_score"": 0.0, ""raw_confidence"": 0.05, ""solver_risk"": 0.0, ""vpd_risk"": 0.0}",0,confidence_below_candidate_threshold,"[""confidence_below_candidate_threshold"", ""risk_trigger_missing_or_low""]",False,274
0,0.05,"{""crash_warning_score"": 0.0, ""raw_confidence"": 0.05, ""solver_risk"": 0.0, ""vpd_risk"": 0.0}",0,confidence_below_candidate_threshold,"[""confidence_below_candidate_threshold"", ""risk_trigger_missing_or_low""]",False,275
0,0.05,"{""crash_warning_score"": 0.0, ""raw_confidence"": 0.05, ""solver_risk"": 0.0, ""vpd_risk"": 0.0}",0,confidence_below_candidate_threshold,"[""confidence_below_candidate_threshold"", ""risk_trigger_missing_or_low""]",False,276
0,0.05,"{""crash_warning_score"": 0.0, ""raw_confidence"": 0.05, ""solver_risk"": 0.0, ""vpd_risk"": 0.0}",0,confidence_below_candidate_threshold,"[""confidence_below_candidate_threshold"", ""risk_trigger_missing_or_low""]",False,277
0,0.05,"{""crash_warning_score"": 0.0, ""raw_confidence"": 0.05, ""solver_risk"": 0.0, ""vpd_risk"": 0.0}",0,confidence_below_candidate_threshold,"[""confidence_below_candidate_threshold"", ""risk_trigger_missing_or_low""]",False,278
0,0.05,"{""crash_warning_score"": 0.0, ""raw_confidence"": 0.05, ""solver_risk"": 0.0, ""vpd_risk"": 0.0}",0,confidence_below_candidate_threshold,"[""confidence_below_candidate_threshold"", ""risk_trigger_missing_or_low""]",False,279
0,0.05,"{""crash_warning_score"": 0.0, ""raw_confidence"": 0.05, ""solver_risk"": 0.0, ""vpd_risk"": 0.0}",0,confidence_below_candidate_threshold,"[""confidence_below_candidate_threshold"", ""risk_trigger_missing_or_low""]",False,280
0,0.05,"{""crash_warning_score"": 0.0, ""raw_confidence"": 0.05, ""solver_risk"": 0.0, ""vpd_risk"": 0.0}",0,confidence_below_candidate_threshold,"[""confidence_below_candidate_threshold"", ""risk_trigger_missing_or_low""]",False,281
0,0.05,"{""crash_warning_score"": 0.0, ""raw_confidence"": 0.05, ""solver_risk"": 0.0, ""vpd_risk"": 0.0}",0,confidence_below_candidate_threshold,"[""confidence_below_candidate_threshold"", ""risk_trigger_missing_or_low""]",False,282
0,0.05,"{""crash_warning_score"": 0.0, ""raw_confidence"": 0.05, ""solver_risk"": 0.0, ""vpd_risk"": 0.0}",0,confidence_below_candidate_threshold,"[""confidence_below_candidate_threshold"", ""risk_trigger_missing_or_low""]",False,283
0,0.05,"{""crash_warning_score"": 0.0, ""raw_confidence"": 0.05, ""solver_risk"": 0.0, ""vpd_risk"": 0.0}",0,confidence_below_candidate_threshold,"[""confidence_below_candidate_threshold"", ""risk_trigger_missing_or_low""]",False,284
0,0.05,"{""crash_warning_score"": 0.0, ""raw_confidence"": 0.05, ""solver_risk"": 0.0, ""vpd_risk"": 0.0}",0,confidence_below_candidate_threshold,"[""confidence_below_candidate_threshold"", ""risk_trigger_missing_or_low""]",False,285
0,0.05,"{""crash_warning_score"": 0.0, ""raw_confidence"": 0.05, ""solver_risk"": 0.0, ""vpd_risk"": 0.0}",0,confidence_below_candidate_threshold,"[""confidence_below_candidate_threshold"", ""risk_trigger_missing_or_low""]",False,286
0,0.05,"{""crash_warning_score"": 0.0, ""raw_confidence"": 0.05, ""solver_risk"": 0.0, ""vpd_risk"": 0.0}",0,confidence_below_candidate_threshold,"[""confidence_below_candidate_threshold"", ""risk_trigger_missing_or_low""]",False,287
0,0.05,"{""crash_warning_score"": 0.0, ""raw_confidence"": 0.05, ""solver_risk"": 0.0, ""vpd_risk"": 0.0}",0,confidence_below_candidate_threshold,"[""confidence_below_candidate_threshold"", ""risk_trigger_missing_or_low""]",False,288
0,0.05,"{""crash_warning_score"": 0.0, ""raw_confidence"": 0.05, ""solver_risk"": 0.0, ""vpd_risk"": 0.0}",0,confidence_below_candidate_threshold,"[""confidence_below_candidate_threshold"", ""risk_trigger_missing_or_low""]",False,289
0,0.05,"{""crash_warning_score"": 0.0, ""raw_confidence"": 0.05, ""solver_risk"": 0.0, ""vpd_risk"": 0.0}",0,confidence_below_candidate_threshold,"[""confidence_below_candidate_threshold"", ""risk_trigger_missing_or_low""]",False,290
0,0.05,"{""crash_warning_score"": 0.0, ""raw_confidence"": 0.05, ""solver_risk"": 0.0, ""vpd_risk"": 0.0}",0,confidence_below_candidate_threshold,"[""confidence_below_candidate_threshold"", ""risk_trigger_missing_or_low""]",False,291
0,0.05,"{""crash_warning_score"": 0.0, ""raw_confidence"": 0.05, ""solver_risk"": 0.0, ""vpd_risk"": 0.0}",0,confidence_below_candidate_threshold,"[""confidence_below_candidate_threshold"", ""risk_trigger_missing_or_low""]",False,292
0,0.05,"{""crash_warning_score"": 0.0, ""raw_confidence"": 0.05, ""solver_risk"": 0.0, ""vpd_risk"": 0.0}",0,confidence_below_candidate_threshold,"[""confidence_below_candidate_threshold"", ""risk_trigger_missing_or_low""]",False,293
0,0.05,"{""crash_warning_score"": 0.0, ""raw_confidence"": 0.05, ""solver_risk"": 0.0, ""vpd_risk"": 0.0}",0,confidence_below_candidate_threshold,"[""confidence_below_candidate_threshold"", ""risk_trigger_missing_or_low""]",False,294
0,0.05,"{""crash_warning_score"": 0.0, ""raw_confidence"": 0.05, ""solver_risk"": 0.0, ""vpd_risk"": 0.0}",0,confidence_below_candidate_threshold,"[""confidence_below_candidate_threshold"", ""risk_trigger_missing_or_low""]",False,295
0,0.05,"{""crash_warning_score"": 0.0, ""raw_confidence"": 0.05, ""solver_risk"": 0.0, ""vpd_risk"": 0.0}",0,confidence_below_candidate_threshold,"[""confidence_below_candidate_threshold"", ""risk_trigger_missing_or_low""]",False,296
0,0.05,"{""crash_warning_score"": 0.0, ""raw_confidence"": 0.05, ""solver_risk"": 0.0, ""vpd_risk"": 0.0}",0,confidence_below_candidate_threshold,"[""confidence_below_candidate_threshold"", ""risk_trigger_missing_or_low""]",False,297
0,0.05,"{""crash_warning_score"": 0.0, ""raw_confidence"": 0.05, ""solver_risk"": 0.0, ""vpd_risk"": 0.0}",0,confidence_below_candidate_threshold,"[""confidence_below_candidate_threshold"", ""risk_trigger_missing_or_low""]",False,298
0,0.05,"{""crash_warning_score"": 0.0, ""raw_confidence"": 0.05, ""solver_risk"": 0.0, ""vpd_risk"": 0.0}",0,confidence_below_candidate_threshold,"[""confidence_below_candidate_threshold"", ""risk_trigger_missing_or_low""]",False,299
0,0.05,"{""crash_warning_score"": 0.0, ""raw_confidence"": 0.05, ""solver_risk"": 0.0, ""vpd_risk"": 0.0}",0,confidence_below_candidate_threshold,"[""confidence_below_candidate_threshold"", ""risk_trigger_missing_or_low""]",False,300
0,0.05,"{""crash_warning_score"": 0.0, ""raw_confidence"": 0.05, ""solver_risk"": 0.0, ""vpd_risk"": 0.0}",0,confidence_below_candidate_threshold,"[""confidence_below_candidate_threshold"", ""risk_trigger_missing_or_low""]",False,301
0,0.05,"{""crash_warning_score"": 0.0, ""raw_confidence"": 0.05, ""solver_risk"": 0.0, ""vpd_risk"": 0.0}",0,confidence_below_candidate_threshold,"[""confidence_below_candidate_threshold"", ""risk_trigger_missing_or_low""]",False,302
0,0.05,"{""crash_warning_score"": 0.0, ""raw_confidence"": 0.05, ""solver_risk"": 0.0, ""vpd_risk"": 0.0}",0,confidence_below_candidate_threshold,"[""confidence_below_candidate_threshold"", ""risk_trigger_missing_or_low""]",False,303
0,0.05,"{""crash_warning_score"": 0.0, ""raw_confidence"": 0.05, ""solver_risk"": 0.0, ""vpd_risk"": 0.0}",0,confidence_below_candidate_threshold,"[""confidence_below_candidate_threshold"", ""risk_trigger_missing_or_low""]",False,304
0,0.05,"{""crash_warning_score"": 0.0, ""raw_confidence"": 0.05, ""solver_risk"": 0.0, ""vpd_risk"": 0.0}",0,confidence_below_candidate_threshold,"[""confidence_below_candidate_threshold"", ""risk_trigger_missing_or_low""]",False,305
0,0.05,"{""crash_warning_score"": 0.0, ""raw_confidence"": 0.05, ""solver_risk"": 0.0, ""vpd_risk"": 0.0}",0,confidence_below_candidate_threshold,"[""confidence_below_candidate_threshold"", ""risk_trigger_missing_or_low""]",False,306
0,0.05,"{""crash_warning_score"": 0.0, ""raw_confidence"": 0.05, ""solver_risk"": 0.0, ""vpd_risk"": 0.0}",0,confidence_below_candidate_threshold,"[""confidence_below_candidate_threshold"", ""risk_trigger_missing_or_low""]",False,307
0,0.05,"{""crash_warning_score"": 0.0, ""raw_confidence"": 0.05, ""solver_risk"": 0.0, ""vpd_risk"": 0.0}",0,confidence_below_candidate_threshold,"[""confidence_below_candidate_threshold"", ""risk_trigger_missing_or_low""]",False,308
0,0.05,"{""crash_warning_score"": 0.0, ""raw_confidence"": 0.05, ""solver_risk"": 0.0, ""vpd_risk"": 0.0}",0,confidence_below_candidate_threshold,"[""confidence_below_candidate_threshold"", ""risk_trigger_missing_or_low""]",False,309
0,0.05,"{""crash_warning_score"": 0.0, ""raw_confidence"": 0.05, ""solver_risk"": 0.0, ""vpd_risk"": 0.0}",0,confidence_below_candidate_threshold,"[""confidence_below_candidate_threshold"", ""risk_trigger_missing_or_low""]",False,310
0,0.05,"{""crash_warning_score"": 0.0, ""raw_confidence"": 0.05, ""solver_risk"": 0.0, ""vpd_risk"": 0.0}",0,confidence_below_candidate_threshold,"[""confidence_below_candidate_threshold"", ""risk_trigger_missing_or_low""]",False,311
0,0.05,"{""crash_warning_score"": 0.0, ""raw_confidence"": 0.05, ""solver_risk"": 0.0, ""vpd_risk"": 0.0}",0,confidence_below_candidate_threshold,"[""confidence_below_candidate_threshold"", ""risk_trigger_missing_or_low""]",False,312
0,0.05,"{""crash_warning_score"": 0.0, ""raw_confidence"": 0.05, ""solver_risk"": 0.0, ""vpd_risk"": 0.0}",0,confidence_below_candidate_threshold,"[""confidence_below_candidate_threshold"", ""risk_trigger_missing_or_low""]",False,313
0,0.05,"{""crash_warning_score"": 0.0, ""raw_confidence"": 0.05, ""solver_risk"": 0.0, ""vpd_risk"": 0.0}",0,confidence_below_candidate_threshold,"[""confidence_below_candidate_threshold"", ""risk_trigger_missing_or_low""]",False,314
0,0.05,"{""crash_warning_score"": 0.0, ""raw_confidence"": 0.05, ""solver_risk"": 0.0, ""vpd_risk"": 0.0}",0,confidence_below_candidate_threshold,"[""confidence_below_candidate_threshold"", ""risk_trigger_missing_or_low""]",False,315
0,0.05,"{""crash_warning_score"": 0.0, ""raw_confidence"": 0.05, ""solver_risk"": 0.0, ""vpd_risk"": 0.0}",0,confidence_below_candidate_threshold,"[""confidence_below_candidate_threshold"", ""risk_trigger_missing_or_low""]",False,316
0,0.05,"{""crash_warning_score"": 0.0, ""raw_confidence"": 0.05, ""solver_risk"": 0.0, ""vpd_risk"": 0.0}",0,confidence_below_candidate_threshold,"[""confidence_below_candidate_threshold"", ""risk_trigger_missing_or_low""]",False,317
0,0.05,"{""crash_warning_score"": 0.0, ""raw_confidence"": 0.05, ""solver_risk"": 0.0, ""vpd_risk"": 0.0}",0,confidence_below_candidate_threshold,"[""confidence_below_candidate_threshold"", ""risk_trigger_missing_or_low""]",False,318
0,0.05,"{""crash_warning_score"": 0.0, ""raw_confidence"": 0.05, ""solver_risk"": 0.0, ""vpd_risk"": 0.0}",0,confidence_below_candidate_threshold,"[""confidence_below_candidate_threshold"", ""risk_trigger_missing_or_low""]",False,319
0,0.05,"{""crash_warning_score"": 0.0, ""raw_confidence"": 0.05, ""solver_risk"": 0.0, ""vpd_risk"": 0.0}",0,confidence_below_candidate_threshold,"[""confidence_below_candidate_threshold"", ""risk_trigger_missing_or_low""]",False,320
0,0.05,"{""crash_warning_score"": 0.0, ""raw_confidence"": 0.05, ""solver_risk"": 0.0, ""vpd_risk"": 0.0}",0,confidence_below_candidate_threshold,"[""confidence_below_candidate_threshold"", ""risk_trigger_missing_or_low""]",False,321
0,0.05,"{""crash_warning_score"": 0.0, ""raw_confidence"": 0.05, ""solver_risk"": 0.0, ""vpd_risk"": 0.0}",0,confidence_below_candidate_threshold,"[""confidence_below_candidate_threshold"", ""risk_trigger_missing_or_low""]",False,322
0,0.05,"{""crash_warning_score"": 0.0, ""raw_confidence"": 0.05, ""solver_risk"": 0.0, ""vpd_risk"": 0.0}",0,confidence_below_candidate_threshold,"[""confidence_below_candidate_threshold"", ""risk_trigger_missing_or_low""]",False,323
0,0.05,"{""crash_warning_score"": 0.0, ""raw_confidence"": 0.05, ""solver_risk"": 0.0, ""vpd_risk"": 0.0}",0,confidence_below_candidate_threshold,"[""confidence_below_candidate_threshold"", ""risk_trigger_missing_or_low""]",False,324
0,0.05,"{""crash_warning_score"": 0.0, ""raw_confidence"": 0.05, ""solver_risk"": 0.0, ""vpd_risk"": 0.0}",0,confidence_below_candidate_threshold,"[""confidence_below_candidate_threshold"", ""risk_trigger_missing_or_low""]",False,325
0,0.05,"{""crash_warning_score"": 0.0, ""raw_confidence"": 0.05, ""solver_risk"": 0.0, ""vpd_risk"": 0.0}",0,confidence_below_candidate_threshold,"[""confidence_below_candidate_threshold"", ""risk_trigger_missing_or_low""]",False,326
0,0.05,"{""crash_warning_score"": 0.0, ""raw_confidence"": 0.05, ""solver_risk"": 0.0, ""vpd_risk"": 0.0}",0,confidence_below_candidate_threshold,"[""confidence_below_candidate_threshold""]",True,327
0,0.05,"{""crash_warning_score"": 0.0, ""raw_confidence"": 0.05, ""solver_risk"": 0.0, ""vpd_risk"": 0.0}",0,confidence_below_candidate_threshold,"[""confidence_below_candidate_threshold""]",True,328
0,0.05,"{""crash_warning_score"": 0.0, ""raw_confidence"": 0.05, ""solver_risk"": 0.0, ""vpd_risk"": 0.0}",0,confidence_below_candidate_threshold,"[""confidence_below_candidate_threshold""]",True,329
0,0.05,"{""crash_warning_score"": 0.0, ""raw_confidence"": 0.05, ""solver_risk"": 0.0, ""vpd_risk"": 0.0}",0,confidence_below_candidate_threshold,"[""confidence_below_candidate_threshold""]",True,330
0,0.05,"{""crash_warning_score"": 0.0, ""raw_confidence"": 0.05, ""solver_risk"": 0.0, ""vpd_risk"": 0.0}",0,confidence_below_candidate_threshold,"[""confidence_below_candidate_threshold""]",True,331
0,0.05,"{""crash_warning_score"": 0.0, ""raw_confidence"": 0.05, ""solver_risk"": 0.0, ""vpd_risk"": 0.0}",0,confidence_below_candidate_threshold,"[""confidence_below_candidate_threshold""]",True,332
0,0.05,"{""crash_warning_score"": 0.0, ""raw_confidence"": 0.05, ""solver_risk"": 0.0, ""vpd_risk"": 0.0}",0,confidence_below_candidate_threshold,"[""confidence_below_candidate_threshold""]",True,333
0,0.05,"{""crash_warning_score"": 0.0, ""raw_confidence"": 0.05, ""solver_risk"": 0.0, ""vpd_risk"": 0.0}",0,confidence_below_candidate_threshold,"[""confidence_below_candidate_threshold""]",True,334
0,0.05,"{""crash_warning_score"": 0.0, ""raw_confidence"": 0.05, ""solver_risk"": 0.0, ""vpd_risk"": 0.0}",0,confidence_below_candidate_threshold,"[""confidence_below_candidate_threshold""]",True,335
0,0.05,"{""crash_warning_score"": 0.0, ""raw_confidence"": 0.05, ""solver_risk"": 0.0, ""vpd_risk"": 0.0}",0,confidence_below_candidate_threshold,"[""confidence_below_candidate_threshold""]",True,336
0,0.05,"{""crash_warning_score"": 0.0, ""raw_confidence"": 0.05, ""solver_risk"": 0.0, ""vpd_risk"": 0.0}",0,confidence_below_candidate_threshold,"[""confidence_below_candidate_threshold""]",True,337
0,0.05,"{""crash_warning_score"": 0.0, ""raw_confidence"": 0.05, ""solver_risk"": 0.0, ""vpd_risk"": 0.0}",0,confidence_below_candidate_threshold,"[""confidence_below_candidate_threshold"", ""risk_trigger_missing_or_low""]",False,338
0,0.05,"{""crash_warning_score"": 0.0, ""raw_confidence"": 0.05, ""solver_risk"": 0.0, ""vpd_risk"": 0.0}",0,confidence_below_candidate_threshold,"[""confidence_below_candidate_threshold"", ""risk_trigger_missing_or_low""]",False,339
0,0.05,"{""crash_warning_score"": 0.0, ""raw_confidence"": 0.05, ""solver_risk"": 0.0, ""vpd_risk"": 0.0}",0,confidence_below_candidate_threshold,"[""confidence_below_candidate_threshold"", ""risk_trigger_missing_or_low""]",False,340
0,0.05,"{""crash_warning_score"": 0.0, ""raw_confidence"": 0.05, ""solver_risk"": 0.0, ""vpd_risk"": 0.0}",0,confidence_below_candidate_threshold,"[""confidence_below_candidate_threshold"", ""risk_trigger_missing_or_low""]",False,341
0,0.05,"{""crash_warning_score"": 0.0, ""raw_confidence"": 0.05, ""solver_risk"": 0.0, ""vpd_risk"": 0.0}",0,confidence_below_candidate_threshold,"[""confidence_below_candidate_threshold"", ""risk_trigger_missing_or_low""]",False,342
0,0.05,"{""crash_warning_score"": 0.0, ""raw_confidence"": 0.05, ""solver_risk"": 0.0, ""vpd_risk"": 0.0}",0,confidence_below_candidate_threshold,"[""confidence_below_candidate_threshold"", ""risk_trigger_missing_or_low""]",False,343
0,0.05,"{""crash_warning_score"": 0.0, ""raw_confidence"": 0.05, ""solver_risk"": 0.0, ""vpd_risk"": 0.0}",0,confidence_below_candidate_threshold,"[""confidence_below_candidate_threshold"", ""risk_trigger_missing_or_low""]",False,344
0,0.05,"{""crash_warning_score"": 0.0, ""raw_confidence"": 0.05, ""solver_risk"": 0.0, ""vpd_risk"": 0.0}",0,confidence_below_candidate_threshold,"[""confidence_below_candidate_threshold"", ""risk_trigger_missing_or_low""]",False,345
0,0.05,"{""crash_warning_score"": 0.0, ""raw_confidence"": 0.05, ""solver_risk"": 0.0, ""vpd_risk"": 0.0}",0,confidence_below_candidate_threshold,"[""confidence_below_candidate_threshold"", ""risk_trigger_missing_or_low""]",False,346
0,0.05,"{""crash_warning_score"": 0.0, ""raw_confidence"": 0.05, ""solver_risk"": 0.0, ""vpd_risk"": 0.0}",0,confidence_below_candidate_threshold,"[""confidence_below_candidate_threshold""]",True,347
0,0.05,"{""crash_warning_score"": 0.0, ""raw_confidence"": 0.05, ""solver_risk"": 0.0, ""vpd_risk"": 0.0}",0,confidence_below_candidate_threshold,"[""confidence_below_candidate_threshold"", ""risk_trigger_missing_or_low""]",False,348
0,0.05,"{""crash_warning_score"": 0.0, ""raw_confidence"": 0.05, ""solver_risk"": 0.0, ""vpd_risk"": 0.0}",0,confidence_below_candidate_threshold,"[""confidence_below_candidate_threshold""]",True,349
0,0.05,"{""crash_warning_score"": 0.0, ""raw_confidence"": 0.05, ""solver_risk"": 0.0, ""vpd_risk"": 0.0}",0,confidence_below_candidate_threshold,"[""confidence_below_candidate_threshold"", ""risk_trigger_missing_or_low""]",False,350
0,0.05,"{""crash_warning_score"": 0.0, ""raw_confidence"": 0.05, ""solver_risk"": 0.0, ""vpd_risk"": 0.0}",0,confidence_below_candidate_threshold,"[""confidence_below_candidate_threshold""]",True,351
0,0.05,"{""crash_warning_score"": 0.0, ""raw_confidence"": 0.05, ""solver_risk"": 0.0, ""vpd_risk"": 0.0}",0,confidence_below_candidate_threshold,"[""confidence_below_candidate_threshold"", ""risk_trigger_missing_or_low""]",False,352
0,0.05,"{""crash_warning_score"": 0.0, ""raw_confidence"": 0.05, ""solver_risk"": 0.0, ""vpd_risk"": 0.0}",0,confidence_below_candidate_threshold,"[""confidence_below_candidate_threshold""]",True,353
0,0.05,"{""crash_warning_score"": 0.0, ""raw_confidence"": 0.05, ""solver_risk"": 0.0, ""vpd_risk"": 0.0}",0,confidence_below_candidate_threshold,"[""confidence_below_candidate_threshold"", ""risk_trigger_missing_or_low""]",False,354
0,0.05,"{""crash_warning_score"": 0.0, ""raw_confidence"": 0.05, ""solver_risk"": 0.0, ""vpd_risk"": 0.0}",0,confidence_below_candidate_threshold,"[""confidence_below_candidate_threshold"", ""risk_trigger_missing_or_low""]",False,355
0,0.05,"{""crash_warning_score"": 0.0, ""raw_confidence"": 0.05, ""solver_risk"": 0.0, ""vpd_risk"": 0.0}",0,confidence_below_candidate_threshold,"[""confidence_below_candidate_threshold"", ""risk_trigger_missing_or_low""]",False,356
0,0.05,"{""crash_warning_score"": 0.0, ""raw_confidence"": 0.05, ""solver_risk"": 0.0, ""vpd_risk"": 0.0}",0,confidence_below_candidate_threshold,"[""confidence_below_candidate_threshold"", ""risk_trigger_missing_or_low""]",False,357
0,0.05,"{""crash_warning_score"": 0.0, ""raw_confidence"": 0.05, ""solver_risk"": 0.0, ""vpd_risk"": 0.0}",0,confidence_below_candidate_threshold,"[""confidence_below_candidate_threshold"", ""risk_trigger_missing_or_low""]",False,358
0,0.05,"{""crash_warning_score"": 0.0, ""raw_confidence"": 0.05, ""solver_risk"": 0.0, ""vpd_risk"": 0.0}",0,confidence_below_candidate_threshold,"[""confidence_below_candidate_threshold"", ""risk_trigger_missing_or_low""]",False,359
0,0.05,"{""crash_warning_score"": 0.0, ""raw_confidence"": 0.05, ""solver_risk"": 0.0, ""vpd_risk"": 0.0}",0,confidence_below_candidate_threshold,"[""confidence_below_candidate_threshold"", ""risk_trigger_missing_or_low""]",False,360
0,0.05,"{""crash_warning_score"": 0.0, ""raw_confidence"": 0.05, ""solver_risk"": 0.0, ""vpd_risk"": 0.0}",0,confidence_below_candidate_threshold,"[""confidence_below_candidate_threshold"", ""risk_trigger_missing_or_low""]",False,361
0,0.05,"{""crash_warning_score"": 0.0, ""raw_confidence"": 0.05, ""solver_risk"": 0.0, ""vpd_risk"": 0.0}",0,confidence_below_candidate_threshold,"[""confidence_below_candidate_threshold"", ""risk_trigger_missing_or_low""]",False,362
0,0.05,"{""crash_warning_score"": 0.0, ""raw_confidence"": 0.05, ""solver_risk"": 0.0, ""vpd_risk"": 0.0}",0,confidence_below_candidate_threshold,"[""confidence_below_candidate_threshold"", ""risk_trigger_missing_or_low""]",False,363
0,0.05,"{""crash_warning_score"": 0.0, ""raw_confidence"": 0.05, ""solver_risk"": 0.0, ""vpd_risk"": 0.0}",0,confidence_below_candidate_threshold,"[""confidence_below_candidate_threshold"", ""risk_trigger_missing_or_low""]",False,364
0,0.05,"{""crash_warning_score"": 0.0, ""raw_confidence"": 0.05, ""solver_risk"": 0.0, ""vpd_risk"": 0.0}",0,confidence_below_candidate_threshold,"[""confidence_below_candidate_threshold"", ""risk_trigger_missing_or_low""]",False,365
0,0.05,"{""crash_warning_score"": 0.0, ""raw_confidence"": 0.05, ""solver_risk"": 0.0, ""vpd_risk"": 0.0}",0,confidence_below_candidate_threshold,"[""confidence_below_candidate_threshold"", ""risk_trigger_missing_or_low""]",False,366
0,0.05,"{""crash_warning_score"": 0.0, ""raw_confidence"": 0.05, ""solver_risk"": 0.0, ""vpd_risk"": 0.0}",0,confidence_below_candidate_threshold,"[""confidence_below_candidate_threshold"", ""risk_trigger_missing_or_low""]",False,367
0,0.05,"{""crash_warning_score"": 0.0, ""raw_confidence"": 0.05, ""solver_risk"": 0.0, ""vpd_risk"": 0.0}",0,confidence_below_candidate_threshold,"[""confidence_below_candidate_threshold"", ""risk_trigger_missing_or_low""]",False,368
0,0.05,"{""crash_warning_score"": 0.0, ""raw_confidence"": 0.05, ""solver_risk"": 0.0, ""vpd_risk"": 0.0}",0,confidence_below_candidate_threshold,"[""confidence_below_candidate_threshold"", ""risk_trigger_missing_or_low""]",False,369
0,0.05,"{""crash_warning_score"": 0.0, ""raw_confidence"": 0.05, ""solver_risk"": 0.0, ""vpd_risk"": 0.0}",0,confidence_below_candidate_threshold,"[""confidence_below_candidate_threshold"", ""risk_trigger_missing_or_low""]",False,370
0,0.05,"{""crash_warning_score"": 0.0, ""raw_confidence"": 0.05, ""solver_risk"": 0.0, ""vpd_risk"": 0.0}",0,confidence_below_candidate_threshold,"[""confidence_below_candidate_threshold"", ""risk_trigger_missing_or_low""]",False,371
0,0.05,"{""crash_warning_score"": 0.0, ""raw_confidence"": 0.05, ""solver_risk"": 0.0, ""vpd_risk"": 0.0}",0,confidence_below_candidate_threshold,"[""confidence_below_candidate_threshold"", ""risk_trigger_missing_or_low""]",False,372
0,0.05,"{""crash_warning_score"": 0.0, ""raw_confidence"": 0.05, ""solver_risk"": 0.0, ""vpd_risk"": 0.0}",0,confidence_below_candidate_threshold,"[""confidence_below_candidate_threshold"", ""risk_trigger_missing_or_low""]",False,373
0,0.05,"{""crash_warning_score"": 0.0, ""raw_confidence"": 0.05, ""solver_risk"": 0.0, ""vpd_risk"": 0.0}",0,confidence_below_candidate_threshold,"[""confidence_below_candidate_threshold"", ""risk_trigger_missing_or_low""]",False,374
0,0.05,"{""crash_warning_score"": 0.0, ""raw_confidence"": 0.05, ""solver_risk"": 0.0, ""vpd_risk"": 0.0}",0,confidence_below_candidate_threshold,"[""confidence_below_candidate_threshold"", ""risk_trigger_missing_or_low""]",False,375
0,0.05,"{""crash_warning_score"": 0.0, ""raw_confidence"": 0.05, ""solver_risk"": 0.0, ""vpd_risk"": 0.0}",0,confidence_below_candidate_threshold,"[""confidence_below_candidate_threshold"", ""risk_trigger_missing_or_low""]",False,376
0,0.05,"{""crash_warning_score"": 0.0, ""raw_confidence"": 0.05, ""solver_risk"": 0.0, ""vpd_risk"": 0.0}",0,confidence_below_candidate_threshold,"[""confidence_below_candidate_threshold"", ""risk_trigger_missing_or_low""]",False,377
0,0.05,"{""crash_warning_score"": 0.0, ""raw_confidence"": 0.05, ""solver_risk"": 0.0, ""vpd_risk"": 0.0}",0,confidence_below_candidate_threshold,"[""confidence_below_candidate_threshold"", ""risk_trigger_missing_or_low""]",False,378
0,0.05,"{""crash_warning_score"": 0.0, ""raw_confidence"": 0.05, ""solver_risk"": 0.0, ""vpd_risk"": 0.0}",0,confidence_below_candidate_threshold,"[""confidence_below_candidate_threshold"", ""risk_trigger_missing_or_low""]",False,379
0,0.05,"{""crash_warning_score"": 0.0, ""raw_confidence"": 0.05, ""solver_risk"": 0.0, ""vpd_risk"": 0.0}",0,confidence_below_candidate_threshold,"[""confidence_below_candidate_threshold"", ""risk_trigger_missing_or_low""]",False,380
0,0.05,"{""crash_warning_score"": 0.0, ""raw_confidence"": 0.05, ""solver_risk"": 0.0, ""vpd_risk"": 0.0}",0,confidence_below_candidate_threshold,"[""confidence_below_candidate_threshold"", ""risk_trigger_missing_or_low""]",False,381
0,0.05,"{""crash_warning_score"": 0.0, ""raw_confidence"": 0.05, ""solver_risk"": 0.0, ""vpd_risk"": 0.0}",0,confidence_below_candidate_threshold,"[""confidence_below_candidate_threshold"", ""risk_trigger_missing_or_low""]",False,382
0,0.05,"{""crash_warning_score"": 0.0, ""raw_confidence"": 0.05, ""solver_risk"": 0.0, ""vpd_risk"": 0.0}",0,confidence_below_candidate_threshold,"[""confidence_below_candidate_threshold"", ""risk_trigger_missing_or_low""]",False,383
0,0.05,"{""crash_warning_score"": 0.0, ""raw_confidence"": 0.05, ""solver_risk"": 0.0, ""vpd_risk"": 0.0}",0,confidence_below_candidate_threshold,"[""confidence_below_candidate_threshold"", ""risk_trigger_missing_or_low""]",False,384
0,0.05,"{""crash_warning_score"": 0.0, ""raw_confidence"": 0.05, ""solver_risk"": 0.0, ""vpd_risk"": 0.0}",0,confidence_below_candidate_threshold,"[""confidence_below_candidate_threshold"", ""risk_trigger_missing_or_low""]",False,385
0,0.05,"{""crash_warning_score"": 0.0, ""raw_confidence"": 0.05, ""solver_risk"": 0.0, ""vpd_risk"": 0.0}",0,confidence_below_candidate_threshold,"[""confidence_below_candidate_threshold"", ""risk_trigger_missing_or_low""]",False,386
0,0.05,"{""crash_warning_score"": 0.0, ""raw_confidence"": 0.05, ""solver_risk"": 0.0, ""vpd_risk"": 0.0}",0,confidence_below_candidate_threshold,"[""confidence_below_candidate_threshold"", ""risk_trigger_missing_or_low""]",False,387
0,0.05,"{""crash_warning_score"": 0.0, ""raw_confidence"": 0.05, ""solver_risk"": 0.0, ""vpd_risk"": 0.0}",0,confidence_below_candidate_threshold,"[""confidence_below_candidate_threshold"", ""risk_trigger_missing_or_low""]",False,388
0,0.05,"{""crash_warning_score"": 0.0, ""raw_confidence"": 0.05, ""solver_risk"": 0.0, ""vpd_risk"": 0.0}",0,confidence_below_candidate_threshold,"[""confidence_below_candidate_threshold"", ""risk_trigger_missing_or_low""]",False,389
0,0.05,"{""crash_warning_score"": 0.0, ""raw_confidence"": 0.05, ""solver_risk"": 0.0, ""vpd_risk"": 0.0}",0,confidence_below_candidate_threshold,"[""confidence_below_candidate_threshold"", ""risk_trigger_missing_or_low""]",False,390
0,0.05,"{""crash_warning_score"": 0.0, ""raw_confidence"": 0.05, ""solver_risk"": 0.0, ""vpd_risk"": 0.0}",0,confidence_below_candidate_threshold,"[""confidence_below_candidate_threshold"", ""risk_trigger_missing_or_low""]",False,391
0,0.05,"{""crash_warning_score"": 0.0, ""raw_confidence"": 0.05, ""solver_risk"": 0.0, ""vpd_risk"": 0.0}",0,confidence_below_candidate_threshold,"[""confidence_below_candidate_threshold"", ""risk_trigger_missing_or_low""]",False,392
0,0.05,"{""crash_warning_score"": 0.0, ""raw_confidence"": 0.05, ""solver_risk"": 0.0, ""vpd_risk"": 0.0}",0,confidence_below_candidate_threshold,"[""confidence_below_candidate_threshold"", ""risk_trigger_missing_or_low""]",False,393
0,0.05,"{""crash_warning_score"": 0.0, ""raw_confidence"": 0.05, ""solver_risk"": 0.0, ""vpd_risk"": 0.0}",0,confidence_below_candidate_threshold,"[""confidence_below_candidate_threshold"", ""risk_trigger_missing_or_low""]",False,394
0,0.05,"{""crash_warning_score"": 0.0, ""raw_confidence"": 0.05, ""solver_risk"": 0.0, ""vpd_risk"": 0.0}",0,confidence_below_candidate_threshold,"[""confidence_below_candidate_threshold"", ""risk_trigger_missing_or_low""]",False,395
0,0.05,"{""crash_warning_score"": 0.0, ""raw_confidence"": 0.05, ""solver_risk"": 0.0, ""vpd_risk"": 0.0}",0,confidence_below_candidate_threshold,"[""confidence_below_candidate_threshold"", ""risk_trigger_missing_or_low""]",False,396
0,0.05,"{""crash_warning_score"": 0.0, ""raw_confidence"": 0.05, ""solver_risk"": 0.0, ""vpd_risk"": 0.0}",0,confidence_below_candidate_threshold,"[""confidence_below_candidate_threshold"", ""risk_trigger_missing_or_low""]",False,397
0,0.05,"{""crash_warning_score"": 0.0, ""raw_confidence"": 0.05, ""solver_risk"": 0.0, ""vpd_risk"": 0.0}",0,confidence_below_candidate_threshold,"[""confidence_below_candidate_threshold"", ""risk_trigger_missing_or_low""]",False,398
0,0.05,"{""crash_warning_score"": 0.0, ""raw_confidence"": 0.05, ""solver_risk"": 0.0, ""vpd_risk"": 0.0}",0,confidence_below_candidate_threshold,"[""confidence_below_candidate_threshold"", ""risk_trigger_missing_or_low""]",False,399
0,0.05,"{""crash_warning_score"": 0.0, ""raw_confidence"": 0.05, ""solver_risk"": 0.0, ""vpd_risk"": 0.0}",0,confidence_below_candidate_threshold,"[""confidence_below_candidate_threshold"", ""risk_trigger_missing_or_low""]",False,400
0,0.05,"{""crash_warning_score"": 0.0, ""raw_confidence"": 0.05, ""solver_risk"": 0.0, ""vpd_risk"": 0.0}",0,confidence_below_candidate_threshold,"[""confidence_below_candidate_threshold"", ""risk_trigger_missing_or_low""]",False,401
0,0.05,"{""crash_warning_score"": 0.0, ""raw_confidence"": 0.05, ""solver_risk"": 0.0, ""vpd_risk"": 0.0}",0,confidence_below_candidate_threshold,"[""confidence_below_candidate_threshold"", ""risk_trigger_missing_or_low""]",False,402
0,0.05,"{""crash_warning_score"": 0.0, ""raw_confidence"": 0.05, ""solver_risk"": 0.0, ""vpd_risk"": 0.0}",0,confidence_below_candidate_threshold,"[""confidence_below_candidate_threshold"", ""risk_trigger_missing_or_low""]",False,403
0,0.05,"{""crash_warning_score"": 0.0, ""raw_confidence"": 0.05, ""solver_risk"": 0.0, ""vpd_risk"": 0.0}",0,confidence_below_candidate_threshold,"[""confidence_below_candidate_threshold"", ""risk_trigger_missing_or_low""]",False,404
0,0.05,"{""crash_warning_score"": 0.0, ""raw_confidence"": 0.05, ""solver_risk"": 0.0, ""vpd_risk"": 0.0}",0,confidence_below_candidate_threshold,"[""confidence_below_candidate_threshold"", ""risk_trigger_missing_or_low""]",False,405
0,0.05,"{""crash_warning_score"": 0.0, ""raw_confidence"": 0.05, ""solver_risk"": 0.0, ""vpd_risk"": 0.0}",0,confidence_below_candidate_threshold,"[""confidence_below_candidate_threshold"", ""risk_trigger_missing_or_low""]",False,406
0,0.05,"{""crash_warning_score"": 0.0, ""raw_confidence"": 0.05, ""solver_risk"": 0.0, ""vpd_risk"": 0.0}",0,confidence_below_candidate_threshold,"[""confidence_below_candidate_threshold"", ""risk_trigger_missing_or_low""]",False,407
0,0.05,"{""crash_warning_score"": 0.0, ""raw_confidence"": 0.05, ""solver_risk"": 0.0, ""vpd_risk"": 0.0}",0,confidence_below_candidate_threshold,"[""confidence_below_candidate_threshold"", ""risk_trigger_missing_or_low""]",False,408
0,0.05,"{""crash_warning_score"": 0.0, ""raw_confidence"": 0.05, ""solver_risk"": 0.0, ""vpd_risk"": 0.0}",0,confidence_below_candidate_threshold,"[""confidence_below_candidate_threshold"", ""risk_trigger_missing_or_low""]",False,409
0,0.05,"{""crash_warning_score"": 0.0, ""raw_confidence"": 0.05, ""solver_risk"": 0.0, ""vpd_risk"": 0.0}",0,confidence_below_candidate_threshold,"[""confidence_below_candidate_threshold"", ""risk_trigger_missing_or_low""]",False,410
0,0.05,"{""crash_warning_score"": 0.0, ""raw_confidence"": 0.05, ""solver_risk"": 0.0, ""vpd_risk"": 0.0}",0,confidence_below_candidate_threshold,"[""confidence_below_candidate_threshold"", ""risk_trigger_missing_or_low""]",False,411
0,0.05,"{""crash_warning_score"": 0.0, ""raw_confidence"": 0.05, ""solver_risk"": 0.0, ""vpd_risk"": 0.0}",0,confidence_below_candidate_threshold,"[""confidence_below_candidate_threshold"", ""risk_trigger_missing_or_low""]",False,412
0,0.05,"{""crash_warning_score"": 0.0, ""raw_confidence"": 0.05, ""solver_risk"": 0.0, ""vpd_risk"": 0.0}",0,confidence_below_candidate_threshold,"[""confidence_below_candidate_threshold"", ""risk_trigger_missing_or_low""]",False,413
0,0.05,"{""crash_warning_score"": 0.0, ""raw_confidence"": 0.05, ""solver_risk"": 0.0, ""vpd_risk"": 0.0}",0,confidence_below_candidate_threshold,"[""confidence_below_candidate_threshold"", ""risk_trigger_missing_or_low""]",False,414
0,0.05,"{""crash_warning_score"": 0.0, ""raw_confidence"": 0.05, ""solver_risk"": 0.0, ""vpd_risk"": 0.0}",0,confidence_below_candidate_threshold,"[""confidence_below_candidate_threshold"", ""risk_trigger_missing_or_low""]",False,415
0,0.05,"{""crash_warning_score"": 0.0, ""raw_confidence"": 0.05, ""solver_risk"": 0.0, ""vpd_risk"": 0.0}",0,confidence_below_candidate_threshold,"[""confidence_below_candidate_threshold"", ""risk_trigger_missing_or_low""]",False,416
0,0.05,"{""crash_warning_score"": 0.0, ""raw_confidence"": 0.05, ""solver_risk"": 0.0, ""vpd_risk"": 0.0}",0,confidence_below_candidate_threshold,"[""confidence_below_candidate_threshold""]",True,417
0,0.05,"{""crash_warning_score"": 0.0, ""raw_confidence"": 0.05, ""solver_risk"": 0.0, ""vpd_risk"": 0.0}",0,confidence_below_candidate_threshold,"[""confidence_below_candidate_threshold""]",True,418
0,0.05,"{""crash_warning_score"": 0.0, ""raw_confidence"": 0.05, ""solver_risk"": 0.0, ""vpd_risk"": 0.0}",0,confidence_below_candidate_threshold,"[""confidence_below_candidate_threshold"", ""risk_trigger_missing_or_low""]",False,419
0,0.05,"{""crash_warning_score"": 0.0, ""raw_confidence"": 0.05, ""solver_risk"": 0.0, ""vpd_risk"": 0.0}",0,confidence_below_candidate_threshold,"[""confidence_below_candidate_threshold"", ""risk_trigger_missing_or_low""]",False,420
0,0.05,"{""crash_warning_score"": 0.0, ""raw_confidence"": 0.05, ""solver_risk"": 0.0, ""vpd_risk"": 0.0}",0,confidence_below_candidate_threshold,"[""confidence_below_candidate_threshold"", ""risk_trigger_missing_or_low""]",False,421
0,0.05,"{""crash_warning_score"": 0.0, ""raw_confidence"": 0.05, ""solver_risk"": 0.0, ""vpd_risk"": 0.0}",0,confidence_below_candidate_threshold,"[""confidence_below_candidate_threshold"", ""risk_trigger_missing_or_low""]",False,422
0,0.05,"{""crash_warning_score"": 0.0, ""raw_confidence"": 0.05, ""solver_risk"": 0.0, ""vpd_risk"": 0.0}",0,confidence_below_candidate_threshold,"[""confidence_below_candidate_threshold"", ""risk_trigger_missing_or_low""]",False,423
0,0.05,"{""crash_warning_score"": 0.0, ""raw_confidence"": 0.05, ""solver_risk"": 0.0, ""vpd_risk"": 0.0}",0,confidence_below_candidate_threshold,"[""confidence_below_candidate_threshold"", ""risk_trigger_missing_or_low""]",False,424
0,0.05,"{""crash_warning_score"": 0.0, ""raw_confidence"": 0.05, ""solver_risk"": 0.0, ""vpd_risk"": 0.0}",0,confidence_below_candidate_threshold,"[""confidence_below_candidate_threshold"", ""risk_trigger_missing_or_low""]",False,425
0,0.05,"{""crash_warning_score"": 0.0, ""raw_confidence"": 0.05, ""solver_risk"": 0.0, ""vpd_risk"": 0.0}",0,confidence_below_candidate_threshold,"[""confidence_below_candidate_threshold"", ""risk_trigger_missing_or_low""]",False,426
0,0.05,"{""crash_warning_score"": 0.0, ""raw_confidence"": 0.05, ""solver_risk"": 0.0, ""vpd_risk"": 0.0}",0,confidence_below_candidate_threshold,"[""confidence_below_candidate_threshold"", ""risk_trigger_missing_or_low""]",False,427
0,0.05,"{""crash_warning_score"": 0.0, ""raw_confidence"": 0.05, ""solver_risk"": 0.0, ""vpd_risk"": 0.0}",0,confidence_below_candidate_threshold,"[""confidence_below_candidate_threshold"", ""risk_trigger_missing_or_low""]",False,428
0,0.05,"{""crash_warning_score"": 0.0, ""raw_confidence"": 0.05, ""solver_risk"": 0.0, ""vpd_risk"": 0.0}",0,confidence_below_candidate_threshold,"[""confidence_below_candidate_threshold"", ""risk_trigger_missing_or_low""]",False,429
0,0.05,"{""crash_warning_score"": 0.0, ""raw_confidence"": 0.05, ""solver_risk"": 0.0, ""vpd_risk"": 0.0}",0,confidence_below_candidate_threshold,"[""confidence_below_candidate_threshold"", ""risk_trigger_missing_or_low""]",False,430
0,0.05,"{""crash_warning_score"": 0.0, ""raw_confidence"": 0.05, ""solver_risk"": 0.0, ""vpd_risk"": 0.0}",0,confidence_below_candidate_threshold,"[""confidence_below_candidate_threshold"", ""risk_trigger_missing_or_low""]",False,431
0,0.05,"{""crash_warning_score"": 0.0, ""raw_confidence"": 0.05, ""solver_risk"": 0.0, ""vpd_risk"": 0.0}",0,confidence_below_candidate_threshold,"[""confidence_below_candidate_threshold"", ""risk_trigger_missing_or_low""]",False,432
0,0.05,"{""crash_warning_score"": 0.0, ""raw_confidence"": 0.05, ""solver_risk"": 0.0, ""vpd_risk"": 0.0}",0,confidence_below_candidate_threshold,"[""confidence_below_candidate_threshold"", ""risk_trigger_missing_or_low""]",False,433
0,0.05,"{""crash_warning_score"": 0.0, ""raw_confidence"": 0.05, ""solver_risk"": 0.0, ""vpd_risk"": 0.0}",0,confidence_below_candidate_threshold,"[""confidence_below_candidate_threshold"", ""risk_trigger_missing_or_low""]",False,434
0,0.05,"{""crash_warning_score"": 0.0, ""raw_confidence"": 0.05, ""solver_risk"": 0.0, ""vpd_risk"": 0.0}",0,confidence_below_candidate_threshold,"[""confidence_below_candidate_threshold"", ""risk_trigger_missing_or_low""]",False,435
0,0.05,"{""crash_warning_score"": 0.0, ""raw_confidence"": 0.05, ""solver_risk"": 0.0, ""vpd_risk"": 0.0}",0,confidence_below_candidate_threshold,"[""confidence_below_candidate_threshold"", ""risk_trigger_missing_or_low""]",False,436
0,0.05,"{""crash_warning_score"": 0.0, ""raw_confidence"": 0.05, ""solver_risk"": 0.0, ""vpd_risk"": 0.0}",0,confidence_below_candidate_threshold,"[""confidence_below_candidate_threshold"", ""risk_trigger_missing_or_low""]",False,437
0,0.05,"{""crash_warning_score"": 0.0, ""raw_confidence"": 0.05, ""solver_risk"": 0.0, ""vpd_risk"": 0.0}",0,confidence_below_candidate_threshold,"[""confidence_below_candidate_threshold"", ""risk_trigger_missing_or_low""]",False,438
0,0.05,"{""crash_warning_score"": 0.0, ""raw_confidence"": 0.05, ""solver_risk"": 0.0, ""vpd_risk"": 0.0}",0,confidence_below_candidate_threshold,"[""confidence_below_candidate_threshold"", ""risk_trigger_missing_or_low""]",False,439
0,0.05,"{""crash_warning_score"": 0.0, ""raw_confidence"": 0.05, ""solver_risk"": 0.0, ""vpd_risk"": 0.0}",0,confidence_below_candidate_threshold,"[""confidence_below_candidate_threshold"", ""risk_trigger_missing_or_low""]",False,440
0,0.05,"{""crash_warning_score"": 0.0, ""raw_confidence"": 0.05, ""solver_risk"": 0.0, ""vpd_risk"": 0.0}",0,confidence_below_candidate_threshold,"[""confidence_below_candidate_threshold"", ""risk_trigger_missing_or_low""]",False,441
0,0.05,"{""crash_warning_score"": 0.0, ""raw_confidence"": 0.05, ""solver_risk"": 0.0, ""vpd_risk"": 0.0}",0,confidence_below_candidate_threshold,"[""confidence_below_candidate_threshold"", ""risk_trigger_missing_or_low""]",False,442
0,0.05,"{""crash_warning_score"": 0.0, ""raw_confidence"": 0.05, ""solver_risk"": 0.0, ""vpd_risk"": 0.0}",0,confidence_below_candidate_threshold,"[""confidence_below_candidate_threshold"", ""risk_trigger_missing_or_low""]",False,443
0,0.05,"{""crash_warning_score"": 0.0, ""raw_confidence"": 0.05, ""solver_risk"": 0.0, ""vpd_risk"": 0.0}",0,confidence_below_candidate_threshold,"[""confidence_below_candidate_threshold"", ""risk_trigger_missing_or_low""]",False,444
0,0.05,"{""crash_warning_score"": 0.0, ""raw_confidence"": 0.05, ""solver_risk"": 0.0, ""vpd_risk"": 0.0}",0,confidence_below_candidate_threshold,"[""confidence_below_candidate_threshold"", ""risk_trigger_missing_or_low""]",False,445
0,0.05,"{""crash_warning_score"": 0.0, ""raw_confidence"": 0.05, ""solver_risk"": 0.0, ""vpd_risk"": 0.0}",0,confidence_below_candidate_threshold,"[""confidence_below_candidate_threshold"", ""risk_trigger_missing_or_low""]",False,446
0,0.05,"{""crash_warning_score"": 0.0, ""raw_confidence"": 0.05, ""solver_risk"": 0.0, ""vpd_risk"": 0.0}",0,confidence_below_candidate_threshold,"[""confidence_below_candidate_threshold"", ""risk_trigger_missing_or_low""]",False,447
0,0.05,"{""crash_warning_score"": 0.0, ""raw_confidence"": 0.05, ""solver_risk"": 0.0, ""vpd_risk"": 0.0}",0,confidence_below_candidate_threshold,"[""confidence_below_candidate_threshold"", ""risk_trigger_missing_or_low""]",False,448
0,0.05,"{""crash_warning_score"": 0.0, ""raw_confidence"": 0.05, ""solver_risk"": 0.0, ""vpd_risk"": 0.0}",0,confidence_below_candidate_threshold,"[""confidence_below_candidate_threshold"", ""risk_trigger_missing_or_low""]",False,449
0,0.05,"{""crash_warning_score"": 0.0, ""raw_confidence"": 0.05, ""solver_risk"": 0.0, ""vpd_risk"": 0.0}",0,confidence_below_candidate_threshold,"[""confidence_below_candidate_threshold"", ""risk_trigger_missing_or_low""]",False,450
0,0.05,"{""crash_warning_score"": 0.0, ""raw_confidence"": 0.05, ""solver_risk"": 0.0, ""vpd_risk"": 0.0}",0,confidence_below_candidate_threshold,"[""confidence_below_candidate_threshold"", ""risk_trigger_missing_or_low""]",False,451
0,0.05,"{""crash_warning_score"": 0.0, ""raw_confidence"": 0.05, ""solver_risk"": 0.0, ""vpd_risk"": 0.0}",0,confidence_below_candidate_threshold,"[""confidence_below_candidate_threshold"", ""risk_trigger_missing_or_low""]",False,452
0,0.05,"{""crash_warning_score"": 0.0, ""raw_confidence"": 0.05, ""solver_risk"": 0.0, ""vpd_risk"": 0.0}",0,confidence_below_candidate_threshold,"[""confidence_below_candidate_threshold"", ""risk_trigger_missing_or_low""]",False,453
0,0.05,"{""crash_warning_score"": 0.0, ""raw_confidence"": 0.05, ""solver_risk"": 0.0, ""vpd_risk"": 0.0}",0,confidence_below_candidate_threshold,"[""confidence_below_candidate_threshold"", ""risk_trigger_missing_or_low""]",False,454
0,0.05,"{""crash_warning_score"": 0.0, ""raw_confidence"": 0.05, ""solver_risk"": 0.0, ""vpd_risk"": 0.0}",0,confidence_below_candidate_threshold,"[""confidence_below_candidate_threshold"", ""risk_trigger_missing_or_low""]",False,455
0,0.05,"{""crash_warning_score"": 0.0, ""raw_confidence"": 0.05, ""solver_risk"": 0.0, ""vpd_risk"": 0.0}",0,confidence_below_candidate_threshold,"[""confidence_below_candidate_threshold"", ""risk_trigger_missing_or_low""]",False,456
0,0.05,"{""crash_warning_score"": 0.0, ""raw_confidence"": 0.05, ""solver_risk"": 0.0, ""vpd_risk"": 0.0}",0,confidence_below_candidate_threshold,"[""confidence_below_candidate_threshold"", ""risk_trigger_missing_or_low""]",False,457
0,0.05,"{""crash_warning_score"": 0.0, ""raw_confidence"": 0.05, ""solver_risk"": 0.0, ""vpd_risk"": 0.0}",0,confidence_below_candidate_threshold,"[""confidence_below_candidate_threshold"", ""risk_trigger_missing_or_low""]",False,458
0,0.05,"{""crash_warning_score"": 0.0, ""raw_confidence"": 0.05, ""solver_risk"": 0.0, ""vpd_risk"": 0.0}",0,confidence_below_candidate_threshold,"[""confidence_below_candidate_threshold"", ""risk_trigger_missing_or_low""]",False,459
0,0.05,"{""crash_warning_score"": 0.0, ""raw_confidence"": 0.05, ""solver_risk"": 0.0, ""vpd_risk"": 0.0}",0,confidence_below_candidate_threshold,"[""confidence_below_candidate_threshold"", ""risk_trigger_missing_or_low""]",False,460
0,0.05,"{""crash_warning_score"": 0.0, ""raw_confidence"": 0.05, ""solver_risk"": 0.0, ""vpd_risk"": 0.0}",0,confidence_below_candidate_threshold,"[""confidence_below_candidate_threshold"", ""risk_trigger_missing_or_low""]",False,461
0,0.05,"{""crash_warning_score"": 0.0, ""raw_confidence"": 0.05, ""solver_risk"": 0.0, ""vpd_risk"": 0.0}",0,confidence_below_candidate_threshold,"[""confidence_below_candidate_threshold"", ""risk_trigger_missing_or_low""]",False,462
0,0.05,"{""crash_warning_score"": 0.0, ""raw_confidence"": 0.05, ""solver_risk"": 0.0, ""vpd_risk"": 0.0}",0,confidence_below_candidate_threshold,"[""confidence_below_candidate_threshold"", ""risk_trigger_missing_or_low""]",False,463
0,0.05,"{""crash_warning_score"": 0.0, ""raw_confidence"": 0.05, ""solver_risk"": 0.0, ""vpd_risk"": 0.0}",0,confidence_below_candidate_threshold,"[""confidence_below_candidate_threshold"", ""risk_trigger_missing_or_low""]",False,464
0,0.05,"{""crash_warning_score"": 0.0, ""raw_confidence"": 0.05, ""solver_risk"": 0.0, ""vpd_risk"": 0.0}",0,confidence_below_candidate_threshold,"[""confidence_below_candidate_threshold"", ""risk_trigger_missing_or_low""]",False,465
0,0.05,"{""crash_warning_score"": 0.0, ""raw_confidence"": 0.05, ""solver_risk"": 0.0, ""vpd_risk"": 0.0}",0,confidence_below_candidate_threshold,"[""confidence_below_candidate_threshold"", ""risk_trigger_missing_or_low""]",False,466
0,0.05,"{""crash_warning_score"": 0.0, ""raw_confidence"": 0.05, ""solver_risk"": 0.0, ""vpd_risk"": 0.0}",0,confidence_below_candidate_threshold,"[""confidence_below_candidate_threshold"", ""risk_trigger_missing_or_low""]",False,467
0,0.05,"{""crash_warning_score"": 0.0, ""raw_confidence"": 0.05, ""solver_risk"": 0.0, ""vpd_risk"": 0.0}",0,confidence_below_candidate_threshold,"[""confidence_below_candidate_threshold"", ""risk_trigger_missing_or_low""]",False,468
0,0.05,"{""crash_warning_score"": 0.0, ""raw_confidence"": 0.05, ""solver_risk"": 0.0, ""vpd_risk"": 0.0}",0,confidence_below_candidate_threshold,"[""confidence_below_candidate_threshold"", ""risk_trigger_missing_or_low""]",False,469
0,0.05,"{""crash_warning_score"": 0.0, ""raw_confidence"": 0.05, ""solver_risk"": 0.0, ""vpd_risk"": 0.0}",0,confidence_below_candidate_threshold,"[""confidence_below_candidate_threshold"", ""risk_trigger_missing_or_low""]",False,470
0,0.05,"{""crash_warning_score"": 0.0, ""raw_confidence"": 0.05, ""solver_risk"": 0.0, ""vpd_risk"": 0.0}",0,confidence_below_candidate_threshold,"[""confidence_below_candidate_threshold"", ""risk_trigger_missing_or_low""]",False,471
0,0.05,"{""crash_warning_score"": 0.0, ""raw_confidence"": 0.05, ""solver_risk"": 0.0, ""vpd_risk"": 0.0}",0,confidence_below_candidate_threshold,"[""confidence_below_candidate_threshold"", ""risk_trigger_missing_or_low""]",False,472
0,0.05,"{""crash_warning_score"": 0.0, ""raw_confidence"": 0.05, ""solver_risk"": 0.0, ""vpd_risk"": 0.0}",0,confidence_below_candidate_threshold,"[""confidence_below_candidate_threshold"", ""risk_trigger_missing_or_low""]",False,473
0,0.05,"{""crash_warning_score"": 0.0, ""raw_confidence"": 0.05, ""solver_risk"": 0.0, ""vpd_risk"": 0.0}",0,confidence_below_candidate_threshold,"[""confidence_below_candidate_threshold"", ""risk_trigger_missing_or_low""]",False,474
0,0.05,"{""crash_warning_score"": 0.0, ""raw_confidence"": 0.05, ""solver_risk"": 0.0, ""vpd_risk"": 0.0}",0,confidence_below_candidate_threshold,"[""confidence_below_candidate_threshold"", ""risk_trigger_missing_or_low""]",False,475
0,0.05,"{""crash_warning_score"": 0.0, ""raw_confidence"": 0.05, ""solver_risk"": 0.0, ""vpd_risk"": 0.0}",0,confidence_below_candidate_threshold,"[""confidence_below_candidate_threshold"", ""risk_trigger_missing_or_low""]",False,476
0,0.05,"{""crash_warning_score"": 0.0, ""raw_confidence"": 0.05, ""solver_risk"": 0.0, ""vpd_risk"": 0.0}",0,confidence_below_candidate_threshold,"[""confidence_below_candidate_threshold"", ""risk_trigger_missing_or_low""]",False,477
0,0.05,"{""crash_warning_score"": 0.0, ""raw_confidence"": 0.05, ""solver_risk"": 0.0, ""vpd_risk"": 0.0}",0,confidence_below_candidate_threshold,"[""confidence_below_candidate_threshold"", ""risk_trigger_missing_or_low""]",False,478
0,0.05,"{""crash_warning_score"": 0.0, ""raw_confidence"": 0.05, ""solver_risk"": 0.0, ""vpd_risk"": 0.0}",0,confidence_below_candidate_threshold,"[""confidence_below_candidate_threshold"", ""risk_trigger_missing_or_low""]",False,479
0,0.05,"{""crash_warning_score"": 0.0, ""raw_confidence"": 0.05, ""solver_risk"": 0.0, ""vpd_risk"": 0.0}",0,confidence_below_candidate_threshold,"[""confidence_below_candidate_threshold"", ""risk_trigger_missing_or_low""]",False,480
0,0.05,"{""crash_warning_score"": 0.0, ""raw_confidence"": 0.05, ""solver_risk"": 0.0, ""vpd_risk"": 0.0}",0,confidence_below_candidate_threshold,"[""confidence_below_candidate_threshold"", ""risk_trigger_missing_or_low""]",False,481
0,0.05,"{""crash_warning_score"": 0.0, ""raw_confidence"": 0.05, ""solver_risk"": 0.0, ""vpd_risk"": 0.0}",0,confidence_below_candidate_threshold,"[""confidence_below_candidate_threshold"", ""risk_trigger_missing_or_low""]",False,482
0,0.05,"{""crash_warning_score"": 0.0, ""raw_confidence"": 0.05, ""solver_risk"": 0.0, ""vpd_risk"": 0.0}",0,confidence_below_candidate_threshold,"[""confidence_below_candidate_threshold"", ""risk_trigger_missing_or_low""]",False,483
0,0.05,"{""crash_warning_score"": 0.0, ""raw_confidence"": 0.05, ""solver_risk"": 0.0, ""vpd_risk"": 0.0}",0,confidence_below_candidate_threshold,"[""confidence_below_candidate_threshold"", ""risk_trigger_missing_or_low""]",False,484
0,0.05,"{""crash_warning_score"": 0.0, ""raw_confidence"": 0.05, ""solver_risk"": 0.0, ""vpd_risk"": 0.0}",0,confidence_below_candidate_threshold,"[""confidence_below_candidate_threshold"", ""risk_trigger_missing_or_low""]",False,485
0,0.05,"{""crash_warning_score"": 0.0, ""raw_confidence"": 0.05, ""solver_risk"": 0.0, ""vpd_risk"": 0.0}",0,confidence_below_candidate_threshold,"[""confidence_below_candidate_threshold"", ""risk_trigger_missing_or_low""]",False,486
0,0.05,"{""crash_warning_score"": 0.0, ""raw_confidence"": 0.05, ""solver_risk"": 0.0, ""vpd_risk"": 0.0}",0,confidence_below_candidate_threshold,"[""confidence_below_candidate_threshold"", ""risk_trigger_missing_or_low""]",False,487
0,0.05,"{""crash_warning_score"": 0.0, ""raw_confidence"": 0.05, ""solver_risk"": 0.0, ""vpd_risk"": 0.0}",0,confidence_below_candidate_threshold,"[""confidence_below_candidate_threshold"", ""risk_trigger_missing_or_low""]",False,488
0,0.05,"{""crash_warning_score"": 0.0, ""raw_confidence"": 0.05, ""solver_risk"": 0.0, ""vpd_risk"": 0.0}",0,confidence_below_candidate_threshold,"[""confidence_below_candidate_threshold"", ""risk_trigger_missing_or_low""]",False,489
0,0.05,"{""crash_warning_score"": 0.0, ""raw_confidence"": 0.05, ""solver_risk"": 0.0, ""vpd_risk"": 0.0}",0,confidence_below_candidate_threshold,"[""confidence_below_candidate_threshold"", ""risk_trigger_missing_or_low""]",False,490
0,0.05,"{""crash_warning_score"": 0.0, ""raw_confidence"": 0.05, ""solver_risk"": 0.0, ""vpd_risk"": 0.0}",0,confidence_below_candidate_threshold,"[""confidence_below_candidate_threshold"", ""risk_trigger_missing_or_low""]",False,491
0,0.05,"{""crash_warning_score"": 0.0, ""raw_confidence"": 0.05, ""solver_risk"": 0.0, ""vpd_risk"": 0.0}",0,confidence_below_candidate_threshold,"[""confidence_below_candidate_threshold"", ""risk_trigger_missing_or_low""]",False,492
0,0.05,"{""crash_warning_score"": 0.0, ""raw_confidence"": 0.05, ""solver_risk"": 0.0, ""vpd_risk"": 0.0}",0,confidence_below_candidate_threshold,"[""confidence_below_candidate_threshold"", ""risk_trigger_missing_or_low""]",False,493
0,0.05,"{""crash_warning_score"": 0.0, ""raw_confidence"": 0.05, ""solver_risk"": 0.0, ""vpd_risk"": 0.0}",0,confidence_below_candidate_threshold,"[""confidence_below_candidate_threshold"", ""risk_trigger_missing_or_low""]",False,494
0,0.05,"{""crash_warning_score"": 0.0, ""raw_confidence"": 0.05, ""solver_risk"": 0.0, ""vpd_risk"": 0.0}",0,confidence_below_candidate_threshold,"[""confidence_below_candidate_threshold"", ""risk_trigger_missing_or_low""]",False,495
0,0.05,"{""crash_warning_score"": 0.0, ""raw_confidence"": 0.05, ""solver_risk"": 0.0, ""vpd_risk"": 0.0}",0,confidence_below_candidate_threshold,"[""confidence_below_candidate_threshold"", ""risk_trigger_missing_or_low""]",False,496
0,0.05,"{""crash_warning_score"": 0.0, ""raw_confidence"": 0.05, ""solver_risk"": 0.0, ""vpd_risk"": 0.0}",0,confidence_below_candidate_threshold,"[""confidence_below_candidate_threshold"", ""risk_trigger_missing_or_low""]",False,497
0,0.05,"{""crash_warning_score"": 0.0, ""raw_confidence"": 0.05, ""solver_risk"": 0.0, ""vpd_risk"": 0.0}",0,confidence_below_candidate_threshold,"[""confidence_below_candidate_threshold"", ""risk_trigger_missing_or_low""]",False,498
0,0.05,"{""crash_warning_score"": 0.0, ""raw_confidence"": 0.05, ""solver_risk"": 0.0, ""vpd_risk"": 0.0}",0,confidence_below_candidate_threshold,"[""confidence_below_candidate_threshold"", ""risk_trigger_missing_or_low""]",False,499
0,0.05,"{""crash_warning_score"": 0.0, ""raw_confidence"": 0.05, ""solver_risk"": 0.0, ""vpd_risk"": 0.0}",0,confidence_below_candidate_threshold,"[""confidence_below_candidate_threshold"", ""risk_trigger_missing_or_low""]",False,500
0,0.05,"{""crash_warning_score"": 0.0, ""raw_confidence"": 0.05, ""solver_risk"": 0.0, ""vpd_risk"": 0.0}",0,confidence_below_candidate_threshold,"[""confidence_below_candidate_threshold"", ""risk_trigger_missing_or_low""]",False,501
0,0.05,"{""crash_warning_score"": 0.0, ""raw_confidence"": 0.05, ""solver_risk"": 0.0, ""vpd_risk"": 0.0}",0,confidence_below_candidate_threshold,"[""confidence_below_candidate_threshold"", ""risk_trigger_missing_or_low""]",False,502
0,0.05,"{""crash_warning_score"": 0.0, ""raw_confidence"": 0.05, ""solver_risk"": 0.0, ""vpd_risk"": 0.0}",0,confidence_below_candidate_threshold,"[""confidence_below_candidate_threshold"", ""risk_trigger_missing_or_low""]",False,503
0,0.05,"{""crash_warning_score"": 0.0, ""raw_confidence"": 0.05, ""solver_risk"": 0.0, ""vpd_risk"": 0.0}",0,confidence_below_candidate_threshold,"[""confidence_below_candidate_threshold"", ""risk_trigger_missing_or_low""]",False,504
0,0.05,"{""crash_warning_score"": 0.0, ""raw_confidence"": 0.05, ""solver_risk"": 0.0, ""vpd_risk"": 0.0}",0,confidence_below_candidate_threshold,"[""confidence_below_candidate_threshold"", ""risk_trigger_missing_or_low""]",False,505
0,0.05,"{""crash_warning_score"": 0.0, ""raw_confidence"": 0.05, ""solver_risk"": 0.0, ""vpd_risk"": 0.0}",0,confidence_below_candidate_threshold,"[""confidence_below_candidate_threshold"", ""risk_trigger_missing_or_low""]",False,506
0,0.05,"{""crash_warning_score"": 0.0, ""raw_confidence"": 0.05, ""solver_risk"": 0.0, ""vpd_risk"": 0.0}",0,confidence_below_candidate_threshold,"[""confidence_below_candidate_threshold"", ""risk_trigger_missing_or_low""]",False,507
0,0.05,"{""crash_warning_score"": 0.0, ""raw_confidence"": 0.05, ""solver_risk"": 0.0, ""vpd_risk"": 0.0}",0,confidence_below_candidate_threshold,"[""confidence_below_candidate_threshold"", ""risk_trigger_missing_or_low""]",False,508
0,0.05,"{""crash_warning_score"": 0.0, ""raw_confidence"": 0.05, ""solver_risk"": 0.0, ""vpd_risk"": 0.0}",0,confidence_below_candidate_threshold,"[""confidence_below_candidate_threshold"", ""risk_trigger_missing_or_low""]",False,509
0,0.05,"{""crash_warning_score"": 0.0, ""raw_confidence"": 0.05, ""solver_risk"": 0.0, ""vpd_risk"": 0.0}",0,confidence_below_candidate_threshold,"[""confidence_below_candidate_threshold"", ""risk_trigger_missing_or_low""]",False,510
0,0.05,"{""crash_warning_score"": 0.0, ""raw_confidence"": 0.05, ""solver_risk"": 0.0, ""vpd_risk"": 0.0}",0,confidence_below_candidate_threshold,"[""confidence_below_candidate_threshold"", ""risk_trigger_missing_or_low""]",False,511
0,0.05,"{""crash_warning_score"": 0.0, ""raw_confidence"": 0.05, ""solver_risk"": 0.0, ""vpd_risk"": 0.0}",0,confidence_below_candidate_threshold,"[""confidence_below_candidate_threshold"", ""risk_trigger_missing_or_low""]",False,512
0,0.05,"{""crash_warning_score"": 0.0, ""raw_confidence"": 0.05, ""solver_risk"": 0.0, ""vpd_risk"": 0.0}",0,confidence_below_candidate_threshold,"[""confidence_below_candidate_threshold"", ""risk_trigger_missing_or_low""]",False,513
0,0.05,"{""crash_warning_score"": 0.0, ""raw_confidence"": 0.05, ""solver_risk"": 0.0, ""vpd_risk"": 0.0}",0,confidence_below_candidate_threshold,"[""confidence_below_candidate_threshold"", ""risk_trigger_missing_or_low""]",False,514
0,0.05,"{""crash_warning_score"": 0.0, ""raw_confidence"": 0.05, ""solver_risk"": 0.0, ""vpd_risk"": 0.0}",0,confidence_below_candidate_threshold,"[""confidence_below_candidate_threshold""]",True,515
0,0.05,"{""crash_warning_score"": 0.0, ""raw_confidence"": 0.05, ""solver_risk"": 0.0, ""vpd_risk"": 0.0}",0,confidence_below_candidate_threshold,"[""confidence_below_candidate_threshold""]",True,516
0,0.05,"{""crash_warning_score"": 0.0, ""raw_confidence"": 0.05, ""solver_risk"": 0.0, ""vpd_risk"": 0.0}",0,confidence_below_candidate_threshold,"[""confidence_below_candidate_threshold""]",True,517
0,0.05,"{""crash_warning_score"": 0.0, ""raw_confidence"": 0.05, ""solver_risk"": 0.0, ""vpd_risk"": 0.0}",0,confidence_below_candidate_threshold,"[""confidence_below_candidate_threshold""]",True,518
0,0.05,"{""crash_warning_score"": 0.0, ""raw_confidence"": 0.05, ""solver_risk"": 0.0, ""vpd_risk"": 0.0}",0,confidence_below_candidate_threshold,"[""confidence_below_candidate_threshold""]",True,519
0,0.05,"{""crash_warning_score"": 0.0, ""raw_confidence"": 0.05, ""solver_risk"": 0.0, ""vpd_risk"": 0.0}",0,confidence_below_candidate_threshold,"[""confidence_below_candidate_threshold""]",True,520
0,0.05,"{""crash_warning_score"": 0.0, ""raw_confidence"": 0.05, ""solver_risk"": 0.0, ""vpd_risk"": 0.0}",0,confidence_below_candidate_threshold,"[""confidence_below_candidate_threshold""]",True,521
0,0.05,"{""crash_warning_score"": 0.0, ""raw_confidence"": 0.05, ""solver_risk"": 0.0, ""vpd_risk"": 0.0}",0,confidence_below_candidate_threshold,"[""confidence_below_candidate_threshold""]",True,522
0,0.05,"{""crash_warning_score"": 0.0, ""raw_confidence"": 0.05, ""solver_risk"": 0.0, ""vpd_risk"": 0.0}",0,confidence_below_candidate_threshold,"[""confidence_below_candidate_threshold""]",True,523
0,0.05,"{""crash_warning_score"": 0.0, ""raw_confidence"": 0.05, ""solver_risk"": 0.0, ""vpd_risk"": 0.0}",0,confidence_below_candidate_threshold,"[""confidence_below_candidate_threshold""]",True,524
0,0.05,"{""crash_warning_score"": 0.0, ""raw_confidence"": 0.05, ""solver_risk"": 0.0, ""vpd_risk"": 0.0}",0,confidence_below_candidate_threshold,"[""confidence_below_candidate_threshold""]",True,525
0,0.05,"{""crash_warning_score"": 0.0, ""raw_confidence"": 0.05, ""solver_risk"": 0.0, ""vpd_risk"": 0.0}",0,confidence_below_candidate_threshold,"[""confidence_below_candidate_threshold""]",True,526
0,0.05,"{""crash_warning_score"": 0.0, ""raw_confidence"": 0.05, ""solver_risk"": 0.0, ""vpd_risk"": 0.0}",0,confidence_below_candidate_threshold,"[""confidence_below_candidate_threshold""]",True,527
0,0.05,"{""crash_warning_score"": 0.0, ""raw_confidence"": 0.05, ""solver_risk"": 0.0, ""vpd_risk"": 0.0}",0,confidence_below_candidate_threshold,"[""confidence_below_candidate_threshold""]",True,528
0,0.05,"{""crash_warning_score"": 0.0, ""raw_confidence"": 0.05, ""solver_risk"": 0.0, ""vpd_risk"": 0.0}",0,confidence_below_candidate_threshold,"[""confidence_below_candidate_threshold""]",True,529
0,0.05,"{""crash_warning_score"": 0.0, ""raw_confidence"": 0.05, ""solver_risk"": 0.0, ""vpd_risk"": 0.0}",0,confidence_below_candidate_threshold,"[""confidence_below_candidate_threshold""]",True,530
0,0.05,"{""crash_warning_score"": 0.0, ""raw_confidence"": 0.05, ""solver_risk"": 0.0, ""vpd_risk"": 0.0}",0,confidence_below_candidate_threshold,"[""confidence_below_candidate_threshold""]",True,531
0,0.05,"{""crash_warning_score"": 0.0, ""raw_confidence"": 0.05, ""solver_risk"": 0.0, ""vpd_risk"": 0.0}",0,confidence_below_candidate_threshold,"[""confidence_below_candidate_threshold""]",True,532
0,0.05,"{""crash_warning_score"": 0.0, ""raw_confidence"": 0.05, ""solver_risk"": 0.0, ""vpd_risk"": 0.0}",0,confidence_below_candidate_threshold,"[""confidence_below_candidate_threshold""]",True,533
0,0.05,"{""crash_warning_score"": 0.0, ""raw_confidence"": 0.05, ""solver_risk"": 0.0, ""vpd_risk"": 0.0}",0,confidence_below_candidate_threshold,"[""confidence_below_candidate_threshold""]",True,534
0,0.05,"{""crash_warning_score"": 0.0, ""raw_confidence"": 0.05, ""solver_risk"": 0.0, ""vpd_risk"": 0.0}",0,confidence_below_candidate_threshold,"[""confidence_below_candidate_threshold""]",True,535
0,0.05,"{""crash_warning_score"": 0.0, ""raw_confidence"": 0.05, ""solver_risk"": 0.0, ""vpd_risk"": 0.0}",0,confidence_below_candidate_threshold,"[""confidence_below_candidate_threshold""]",True,536
0,0.05,"{""crash_warning_score"": 0.0, ""raw_confidence"": 0.05, ""solver_risk"": 0.0, ""vpd_risk"": 0.0}",0,confidence_below_candidate_threshold,"[""confidence_below_candidate_threshold""]",True,537
0,0.05,"{""crash_warning_score"": 0.0, ""raw_confidence"": 0.05, ""solver_risk"": 0.0, ""vpd_risk"": 0.0}",0,confidence_below_candidate_threshold,"[""confidence_below_candidate_threshold""]",True,538
0,0.05,"{""crash_warning_score"": 0.0, ""raw_confidence"": 0.05, ""solver_risk"": 0.0, ""vpd_risk"": 0.0}",0,confidence_below_candidate_threshold,"[""confidence_below_candidate_threshold""]",True,539
0,0.05,"{""crash_warning_score"": 0.0, ""raw_confidence"": 0.05, ""solver_risk"": 0.0, ""vpd_risk"": 0.0}",0,confidence_below_candidate_threshold,"[""confidence_below_candidate_threshold""]",True,540
0,0.05,"{""crash_warning_score"": 0.0, ""raw_confidence"": 0.05, ""solver_risk"": 0.0, ""vpd_risk"": 0.0}",0,confidence_below_candidate_threshold,"[""confidence_below_candidate_threshold"", ""risk_trigger_missing_or_low""]",False,541
0,0.05,"{""crash_warning_score"": 0.0, ""raw_confidence"": 0.05, ""solver_risk"": 0.0, ""vpd_risk"": 0.0}",0,confidence_below_candidate_threshold,"[""confidence_below_candidate_threshold"", ""risk_trigger_missing_or_low""]",False,542
0,0.05,"{""crash_warning_score"": 0.0, ""raw_confidence"": 0.05, ""solver_risk"": 0.0, ""vpd_risk"": 0.0}",0,confidence_below_candidate_threshold,"[""confidence_below_candidate_threshold"", ""risk_trigger_missing_or_low""]",False,543
0,0.05,"{""crash_warning_score"": 0.0, ""raw_confidence"": 0.05, ""solver_risk"": 0.0, ""vpd_risk"": 0.0}",0,confidence_below_candidate_threshold,"[""confidence_below_candidate_threshold"", ""risk_trigger_missing_or_low""]",False,544
0,0.05,"{""crash_warning_score"": 0.0, ""raw_confidence"": 0.05, ""solver_risk"": 0.0, ""vpd_risk"": 0.0}",0,confidence_below_candidate_threshold,"[""confidence_below_candidate_threshold"", ""risk_trigger_missing_or_low""]",False,545
0,0.05,"{""crash_warning_score"": 0.0, ""raw_confidence"": 0.05, ""solver_risk"": 0.0, ""vpd_risk"": 0.0}",0,confidence_below_candidate_threshold,"[""confidence_below_candidate_threshold"", ""risk_trigger_missing_or_low""]",False,546
0,0.05,"{""crash_warning_score"": 0.0, ""raw_confidence"": 0.05, ""solver_risk"": 0.0, ""vpd_risk"": 0.0}",0,confidence_below_candidate_threshold,"[""confidence_below_candidate_threshold"", ""risk_trigger_missing_or_low""]",False,547
0,0.05,"{""crash_warning_score"": 0.0, ""raw_confidence"": 0.05, ""solver_risk"": 0.0, ""vpd_risk"": 0.0}",0,confidence_below_candidate_threshold,"[""confidence_below_candidate_threshold"", ""risk_trigger_missing_or_low""]",False,548
0,0.05,"{""crash_warning_score"": 0.0, ""raw_confidence"": 0.05, ""solver_risk"": 0.0, ""vpd_risk"": 0.0}",0,confidence_below_candidate_threshold,"[""confidence_below_candidate_threshold"", ""risk_trigger_missing_or_low""]",False,549
0,0.05,"{""crash_warning_score"": 0.0, ""raw_confidence"": 0.05, ""solver_risk"": 0.0, ""vpd_risk"": 0.0}",0,confidence_below_candidate_threshold,"[""confidence_below_candidate_threshold"", ""risk_trigger_missing_or_low""]",False,550
0,0.05,"{""crash_warning_score"": 0.0, ""raw_confidence"": 0.05, ""solver_risk"": 0.0, ""vpd_risk"": 0.0}",0,confidence_below_candidate_threshold,"[""confidence_below_candidate_threshold"", ""risk_trigger_missing_or_low""]",False,551
0,0.05,"{""crash_warning_score"": 0.0, ""raw_confidence"": 0.05, ""solver_risk"": 0.0, ""vpd_risk"": 0.0}",0,confidence_below_candidate_threshold,"[""confidence_below_candidate_threshold"", ""risk_trigger_missing_or_low""]",False,552
0,0.05,"{""crash_warning_score"": 0.0, ""raw_confidence"": 0.05, ""solver_risk"": 0.0, ""vpd_risk"": 0.0}",0,confidence_below_candidate_threshold,"[""confidence_below_candidate_threshold"", ""risk_trigger_missing_or_low""]",False,553
0,0.05,"{""crash_warning_score"": 0.0, ""raw_confidence"": 0.05, ""solver_risk"": 0.0, ""vpd_risk"": 0.0}",0,confidence_below_candidate_threshold,"[""confidence_below_candidate_threshold"", ""risk_trigger_missing_or_low""]",False,554
0,0.05,"{""crash_warning_score"": 0.0, ""raw_confidence"": 0.05, ""solver_risk"": 0.0, ""vpd_risk"": 0.0}",0,confidence_below_candidate_threshold,"[""confidence_below_candidate_threshold"", ""risk_trigger_missing_or_low""]",False,555
0,0.05,"{""crash_warning_score"": 0.0, ""raw_confidence"": 0.05, ""solver_risk"": 0.0, ""vpd_risk"": 0.0}",0,confidence_below_candidate_threshold,"[""confidence_below_candidate_threshold"", ""risk_trigger_missing_or_low""]",False,556
0,0.05,"{""crash_warning_score"": 0.0, ""raw_confidence"": 0.05, ""solver_risk"": 0.0, ""vpd_risk"": 0.0}",0,confidence_below_candidate_threshold,"[""confidence_below_candidate_threshold"", ""risk_trigger_missing_or_low""]",False,557
0,0.05,"{""crash_warning_score"": 0.0, ""raw_confidence"": 0.05, ""solver_risk"": 0.0, ""vpd_risk"": 0.0}",0,confidence_below_candidate_threshold,"[""confidence_below_candidate_threshold"", ""risk_trigger_missing_or_low""]",False,558
0,0.05,"{""crash_warning_score"": 0.0, ""raw_confidence"": 0.05, ""solver_risk"": 0.0, ""vpd_risk"": 0.0}",0,confidence_below_candidate_threshold,"[""confidence_below_candidate_threshold"", ""risk_trigger_missing_or_low""]",False,559
0,0.05,"{""crash_warning_score"": 0.0, ""raw_confidence"": 0.05, ""solver_risk"": 0.0, ""vpd_risk"": 0.0}",0,confidence_below_candidate_threshold,"[""confidence_below_candidate_threshold"", ""risk_trigger_missing_or_low""]",False,560
0,0.05,"{""crash_warning_score"": 0.0, ""raw_confidence"": 0.05, ""solver_risk"": 0.0, ""vpd_risk"": 0.0}",0,confidence_below_candidate_threshold,"[""confidence_below_candidate_threshold"", ""risk_trigger_missing_or_low""]",False,561
0,0.05,"{""crash_warning_score"": 0.0, ""raw_confidence"": 0.05, ""solver_risk"": 0.0, ""vpd_risk"": 0.0}",0,confidence_below_candidate_threshold,"[""confidence_below_candidate_threshold"", ""risk_trigger_missing_or_low""]",False,562
0,0.05,"{""crash_warning_score"": 0.0, ""raw_confidence"": 0.05, ""solver_risk"": 0.0, ""vpd_risk"": 0.0}",0,confidence_below_candidate_threshold,"[""confidence_below_candidate_threshold"", ""risk_trigger_missing_or_low""]",False,563
0,0.05,"{""crash_warning_score"": 0.0, ""raw_confidence"": 0.05, ""solver_risk"": 0.0, ""vpd_risk"": 0.0}",0,confidence_below_candidate_threshold,"[""confidence_below_candidate_threshold"", ""risk_trigger_missing_or_low""]",False,564
0,0.05,"{""crash_warning_score"": 0.0, ""raw_confidence"": 0.05, ""solver_risk"": 0.0, ""vpd_risk"": 0.0}",0,confidence_below_candidate_threshold,"[""confidence_below_candidate_threshold"", ""risk_trigger_missing_or_low""]",False,565
0,0.05,"{""crash_warning_score"": 0.0, ""raw_confidence"": 0.05, ""solver_risk"": 0.0, ""vpd_risk"": 0.0}",0,confidence_below_candidate_threshold,"[""confidence_below_candidate_threshold"", ""risk_trigger_missing_or_low""]",False,566
0,0.05,"{""crash_warning_score"": 0.0, ""raw_confidence"": 0.05, ""solver_risk"": 0.0, ""vpd_risk"": 0.0}",0,confidence_below_candidate_threshold,"[""confidence_below_candidate_threshold"", ""risk_trigger_missing_or_low""]",False,567
0,0.05,"{""crash_warning_score"": 0.0, ""raw_confidence"": 0.05, ""solver_risk"": 0.0, ""vpd_risk"": 0.0}",0,confidence_below_candidate_threshold,"[""confidence_below_candidate_threshold"", ""risk_trigger_missing_or_low""]",False,568
0,0.05,"{""crash_warning_score"": 0.0, ""raw_confidence"": 0.05, ""solver_risk"": 0.0, ""vpd_risk"": 0.0}",0,confidence_below_candidate_threshold,"[""confidence_below_candidate_threshold"", ""risk_trigger_missing_or_low""]",False,569
0,0.05,"{""crash_warning_score"": 0.0, ""raw_confidence"": 0.05, ""solver_risk"": 0.0, ""vpd_risk"": 0.0}",0,confidence_below_candidate_threshold,"[""confidence_below_candidate_threshold"", ""risk_trigger_missing_or_low""]",False,570
0,0.05,"{""crash_warning_score"": 0.0, ""raw_confidence"": 0.05, ""solver_risk"": 0.0, ""vpd_risk"": 0.0}",0,confidence_below_candidate_threshold,"[""confidence_below_candidate_threshold"", ""risk_trigger_missing_or_low""]",False,571
0,0.05,"{""crash_warning_score"": 0.0, ""raw_confidence"": 0.05, ""solver_risk"": 0.0, ""vpd_risk"": 0.0}",0,confidence_below_candidate_threshold,"[""confidence_below_candidate_threshold"", ""risk_trigger_missing_or_low""]",False,572
0,0.05,"{""crash_warning_score"": 0.0, ""raw_confidence"": 0.05, ""solver_risk"": 0.0, ""vpd_risk"": 0.0}",0,confidence_below_candidate_threshold,"[""confidence_below_candidate_threshold"", ""risk_trigger_missing_or_low""]",False,573
0,0.05,"{""crash_warning_score"": 0.0, ""raw_confidence"": 0.05, ""solver_risk"": 0.0, ""vpd_risk"": 0.0}",0,confidence_below_candidate_threshold,"[""confidence_below_candidate_threshold"", ""risk_trigger_missing_or_low""]",False,574
0,0.05,"{""crash_warning_score"": 0.0, ""raw_confidence"": 0.05, ""solver_risk"": 0.0, ""vpd_risk"": 0.0}",0,confidence_below_candidate_threshold,"[""confidence_below_candidate_threshold"", ""risk_trigger_missing_or_low""]",False,575
0,0.05,"{""crash_warning_score"": 0.0, ""raw_confidence"": 0.05, ""solver_risk"": 0.0, ""vpd_risk"": 0.0}",0,confidence_below_candidate_threshold,"[""confidence_below_candidate_threshold"", ""risk_trigger_missing_or_low""]",False,576
0,0.05,"{""crash_warning_score"": 0.0, ""raw_confidence"": 0.05, ""solver_risk"": 0.0, ""vpd_risk"": 0.0}",0,confidence_below_candidate_threshold,"[""confidence_below_candidate_threshold"", ""risk_trigger_missing_or_low""]",False,577
0,0.05,"{""crash_warning_score"": 0.0, ""raw_confidence"": 0.05, ""solver_risk"": 0.0, ""vpd_risk"": 0.0}",0,confidence_below_candidate_threshold,"[""confidence_below_candidate_threshold"", ""risk_trigger_missing_or_low""]",False,578
0,0.05,"{""crash_warning_score"": 0.0, ""raw_confidence"": 0.05, ""solver_risk"": 0.0, ""vpd_risk"": 0.0}",0,confidence_below_candidate_threshold,"[""confidence_below_candidate_threshold"", ""risk_trigger_missing_or_low""]",False,579
0,0.05,"{""crash_warning_score"": 0.0, ""raw_confidence"": 0.05, ""solver_risk"": 0.0, ""vpd_risk"": 0.0}",0,confidence_below_candidate_threshold,"[""confidence_below_candidate_threshold"", ""risk_trigger_missing_or_low""]",False,580
0,0.05,"{""crash_warning_score"": 0.0, ""raw_confidence"": 0.05, ""solver_risk"": 0.0, ""vpd_risk"": 0.0}",0,confidence_below_candidate_threshold,"[""confidence_below_candidate_threshold"", ""risk_trigger_missing_or_low""]",False,581
0,0.05,"{""crash_warning_score"": 0.0, ""raw_confidence"": 0.05, ""solver_risk"": 0.0, ""vpd_risk"": 0.0}",0,confidence_below_candidate_threshold,"[""confidence_below_candidate_threshold"", ""risk_trigger_missing_or_low""]",False,582
0,0.05,"{""crash_warning_score"": 0.0, ""raw_confidence"": 0.05, ""solver_risk"": 0.0, ""vpd_risk"": 0.0}",0,confidence_below_candidate_threshold,"[""confidence_below_candidate_threshold"", ""risk_trigger_missing_or_low""]",False,583
0,0.05,"{""crash_warning_score"": 0.0, ""raw_confidence"": 0.05, ""solver_risk"": 0.0, ""vpd_risk"": 0.0}",0,confidence_below_candidate_threshold,"[""confidence_below_candidate_threshold"", ""risk_trigger_missing_or_low""]",False,584
0,0.05,"{""crash_warning_score"": 0.0, ""raw_confidence"": 0.05, ""solver_risk"": 0.0, ""vpd_risk"": 0.0}",0,confidence_below_candidate_threshold,"[""confidence_below_candidate_threshold"", ""risk_trigger_missing_or_low""]",False,585
0,0.05,"{""crash_warning_score"": 0.0, ""raw_confidence"": 0.05, ""solver_risk"": 0.0, ""vpd_risk"": 0.0}",0,confidence_below_candidate_threshold,"[""confidence_below_candidate_threshold"", ""risk_trigger_missing_or_low""]",False,586
0,0.05,"{""crash_warning_score"": 0.0, ""raw_confidence"": 0.05, ""solver_risk"": 0.0, ""vpd_risk"": 0.0}",0,confidence_below_candidate_threshold,"[""confidence_below_candidate_threshold"", ""risk_trigger_missing_or_low""]",False,587
0,0.05,"{""crash_warning_score"": 0.0, ""raw_confidence"": 0.05, ""solver_risk"": 0.0, ""vpd_risk"": 0.0}",0,confidence_below_candidate_threshold,"[""confidence_below_candidate_threshold"", ""risk_trigger_missing_or_low""]",False,588
0,0.05,"{""crash_warning_score"": 0.0, ""raw_confidence"": 0.05, ""solver_risk"": 0.0, ""vpd_risk"": 0.0}",0,confidence_below_candidate_threshold,"[""confidence_below_candidate_threshold"", ""risk_trigger_missing_or_low""]",False,589
0,0.05,"{""crash_warning_score"": 0.0, ""raw_confidence"": 0.05, ""solver_risk"": 0.0, ""vpd_risk"": 0.0}",0,confidence_below_candidate_threshold,"[""confidence_below_candidate_threshold"", ""risk_trigger_missing_or_low""]",False,590
0,0.05,"{""crash_warning_score"": 0.0, ""raw_confidence"": 0.05, ""solver_risk"": 0.0, ""vpd_risk"": 0.0}",0,confidence_below_candidate_threshold,"[""confidence_below_candidate_threshold"", ""risk_trigger_missing_or_low""]",False,591
0,0.05,"{""crash_warning_score"": 0.0, ""raw_confidence"": 0.05, ""solver_risk"": 0.0, ""vpd_risk"": 0.0}",0,confidence_below_candidate_threshold,"[""confidence_below_candidate_threshold"", ""risk_trigger_missing_or_low""]",False,592
0,0.05,"{""crash_warning_score"": 0.0, ""raw_confidence"": 0.05, ""solver_risk"": 0.0, ""vpd_risk"": 0.0}",0,confidence_below_candidate_threshold,"[""confidence_below_candidate_threshold"", ""risk_trigger_missing_or_low""]",False,593
0,0.05,"{""crash_warning_score"": 0.0, ""raw_confidence"": 0.05, ""solver_risk"": 0.0, ""vpd_risk"": 0.0}",0,confidence_below_candidate_threshold,"[""confidence_below_candidate_threshold"", ""risk_trigger_missing_or_low""]",False,594
0,0.05,"{""crash_warning_score"": 0.0, ""raw_confidence"": 0.05, ""solver_risk"": 0.0, ""vpd_risk"": 0.0}",0,confidence_below_candidate_threshold,"[""confidence_below_candidate_threshold"", ""risk_trigger_missing_or_low""]",False,595
0,0.05,"{""crash_warning_score"": 0.0, ""raw_confidence"": 0.05, ""solver_risk"": 0.0, ""vpd_risk"": 0.0}",0,confidence_below_candidate_threshold,"[""confidence_below_candidate_threshold"", ""risk_trigger_missing_or_low""]",False,596
0,0.05,"{""crash_warning_score"": 0.0, ""raw_confidence"": 0.05, ""solver_risk"": 0.0, ""vpd_risk"": 0.0}",0,confidence_below_candidate_threshold,"[""confidence_below_candidate_threshold"", ""risk_trigger_missing_or_low""]",False,597
0,0.05,"{""crash_warning_score"": 0.0, ""raw_confidence"": 0.05, ""solver_risk"": 0.0, ""vpd_risk"": 0.0}",0,confidence_below_candidate_threshold,"[""confidence_below_candidate_threshold"", ""risk_trigger_missing_or_low""]",False,598
0,0.05,"{""crash_warning_score"": 0.0, ""raw_confidence"": 0.05, ""solver_risk"": 0.0, ""vpd_risk"": 0.0}",0,confidence_below_candidate_threshold,"[""confidence_below_candidate_threshold"", ""risk_trigger_missing_or_low""]",False,599
0,0.05,"{""crash_warning_score"": 0.0, ""raw_confidence"": 0.05, ""solver_risk"": 0.0, ""vpd_risk"": 0.0}",0,confidence_below_candidate_threshold,"[""confidence_below_candidate_threshold"", ""risk_trigger_missing_or_low""]",False,600
0,0.05,"{""crash_warning_score"": 0.0, ""raw_confidence"": 0.05, ""solver_risk"": 0.0, ""vpd_risk"": 0.0}",0,confidence_below_candidate_threshold,"[""confidence_below_candidate_threshold"", ""risk_trigger_missing_or_low""]",False,601
0,0.05,"{""crash_warning_score"": 0.0, ""raw_confidence"": 0.05, ""solver_risk"": 0.0, ""vpd_risk"": 0.0}",0,confidence_below_candidate_threshold,"[""confidence_below_candidate_threshold"", ""risk_trigger_missing_or_low""]",False,602
0,0.05,"{""crash_warning_score"": 0.0, ""raw_confidence"": 0.05, ""solver_risk"": 0.0, ""vpd_risk"": 0.0}",0,confidence_below_candidate_threshold,"[""confidence_below_candidate_threshold"", ""risk_trigger_missing_or_low""]",False,603
0,0.05,"{""crash_warning_score"": 0.0, ""raw_confidence"": 0.05, ""solver_risk"": 0.0, ""vpd_risk"": 0.0}",0,confidence_below_candidate_threshold,"[""confidence_below_candidate_threshold"", ""risk_trigger_missing_or_low""]",False,604
0,0.05,"{""crash_warning_score"": 0.0, ""raw_confidence"": 0.05, ""solver_risk"": 0.0, ""vpd_risk"": 0.0}",0,confidence_below_candidate_threshold,"[""confidence_below_candidate_threshold"", ""risk_trigger_missing_or_low""]",False,605
0,0.05,"{""crash_warning_score"": 0.0, ""raw_confidence"": 0.05, ""solver_risk"": 0.0, ""vpd_risk"": 0.0}",0,confidence_below_candidate_threshold,"[""confidence_below_candidate_threshold"", ""risk_trigger_missing_or_low""]",False,606
0,0.05,"{""crash_warning_score"": 0.0, ""raw_confidence"": 0.05, ""solver_risk"": 0.0, ""vpd_risk"": 0.0}",0,confidence_below_candidate_threshold,"[""confidence_below_candidate_threshold"", ""risk_trigger_missing_or_low""]",False,607
0,0.05,"{""crash_warning_score"": 0.0, ""raw_confidence"": 0.05, ""solver_risk"": 0.0, ""vpd_risk"": 0.0}",0,confidence_below_candidate_threshold,"[""confidence_below_candidate_threshold"", ""risk_trigger_missing_or_low""]",False,608
0,0.05,"{""crash_warning_score"": 0.0, ""raw_confidence"": 0.05, ""solver_risk"": 0.0, ""vpd_risk"": 0.0}",0,confidence_below_candidate_threshold,"[""confidence_below_candidate_threshold"", ""risk_trigger_missing_or_low""]",False,609
0,0.05,"{""crash_warning_score"": 0.0, ""raw_confidence"": 0.05, ""solver_risk"": 0.0, ""vpd_risk"": 0.0}",0,confidence_below_candidate_threshold,"[""confidence_below_candidate_threshold"", ""risk_trigger_missing_or_low""]",False,610
0,0.05,"{""crash_warning_score"": 0.0, ""raw_confidence"": 0.05, ""solver_risk"": 0.0, ""vpd_risk"": 0.0}",0,confidence_below_candidate_threshold,"[""confidence_below_candidate_threshold""]",True,611
0,0.05,"{""crash_warning_score"": 0.0, ""raw_confidence"": 0.05, ""solver_risk"": 0.0, ""vpd_risk"": 0.0}",0,confidence_below_candidate_threshold,"[""confidence_below_candidate_threshold""]",True,612
0,0.05,"{""crash_warning_score"": 0.0, ""raw_confidence"": 0.05, ""solver_risk"": 0.0, ""vpd_risk"": 0.0}",0,confidence_below_candidate_threshold,"[""confidence_below_candidate_threshold""]",True,613
0,0.05,"{""crash_warning_score"": 0.0, ""raw_confidence"": 0.05, ""solver_risk"": 0.0, ""vpd_risk"": 0.0}",0,confidence_below_candidate_threshold,"[""confidence_below_candidate_threshold""]",True,614
0,0.05,"{""crash_warning_score"": 0.0, ""raw_confidence"": 0.05, ""solver_risk"": 0.0, ""vpd_risk"": 0.0}",0,confidence_below_candidate_threshold,"[""confidence_below_candidate_threshold""]",True,615
0,0.05,"{""crash_warning_score"": 0.0, ""raw_confidence"": 0.05, ""solver_risk"": 0.0, ""vpd_risk"": 0.0}",0,confidence_below_candidate_threshold,"[""confidence_below_candidate_threshold""]",True,616
0,0.05,"{""crash_warning_score"": 0.0, ""raw_confidence"": 0.05, ""solver_risk"": 0.0, ""vpd_risk"": 0.0}",0,confidence_below_candidate_threshold,"[""confidence_below_candidate_threshold"", ""risk_trigger_missing_or_low""]",False,617
0,0.05,"{""crash_warning_score"": 0.0, ""raw_confidence"": 0.05, ""solver_risk"": 0.0, ""vpd_risk"": 0.0}",0,confidence_below_candidate_threshold,"[""confidence_below_candidate_threshold"", ""risk_trigger_missing_or_low""]",False,618
0,0.05,"{""crash_warning_score"": 0.0, ""raw_confidence"": 0.05, ""solver_risk"": 0.0, ""vpd_risk"": 0.0}",0,confidence_below_candidate_threshold,"[""confidence_below_candidate_threshold"", ""risk_trigger_missing_or_low""]",False,619
0,0.05,"{""crash_warning_score"": 0.0, ""raw_confidence"": 0.05, ""solver_risk"": 0.0, ""vpd_risk"": 0.0}",0,confidence_below_candidate_threshold,"[""confidence_below_candidate_threshold"", ""risk_trigger_missing_or_low""]",False,620
0,0.05,"{""crash_warning_score"": 0.0, ""raw_confidence"": 0.05, ""solver_risk"": 0.0, ""vpd_risk"": 0.0}",0,confidence_below_candidate_threshold,"[""confidence_below_candidate_threshold"", ""risk_trigger_missing_or_low""]",False,621
0,0.05,"{""crash_warning_score"": 0.0, ""raw_confidence"": 0.05, ""solver_risk"": 0.0, ""vpd_risk"": 0.0}",0,confidence_below_candidate_threshold,"[""confidence_below_candidate_threshold"", ""risk_trigger_missing_or_low""]",False,622
0,0.05,"{""crash_warning_score"": 0.0, ""raw_confidence"": 0.05, ""solver_risk"": 0.0, ""vpd_risk"": 0.0}",0,confidence_below_candidate_threshold,"[""confidence_below_candidate_threshold""]",True,623
0,0.05,"{""crash_warning_score"": 0.0, ""raw_confidence"": 0.05, ""solver_risk"": 0.0, ""vpd_risk"": 0.0}",0,confidence_below_candidate_threshold,"[""confidence_below_candidate_threshold""]",True,624
0,0.05,"{""crash_warning_score"": 0.0, ""raw_confidence"": 0.05, ""solver_risk"": 0.0, ""vpd_risk"": 0.0}",0,confidence_below_candidate_threshold,"[""confidence_below_candidate_threshold""]",True,625
0,0.05,"{""crash_warning_score"": 0.0, ""raw_confidence"": 0.05, ""solver_risk"": 0.0, ""vpd_risk"": 0.0}",0,confidence_below_candidate_threshold,"[""confidence_below_candidate_threshold""]",True,626
0,0.05,"{""crash_warning_score"": 0.0, ""raw_confidence"": 0.05, ""solver_risk"": 0.0, ""vpd_risk"": 0.0}",0,confidence_below_candidate_threshold,"[""confidence_below_candidate_threshold""]",True,627
0,0.05,"{""crash_warning_score"": 0.0, ""raw_confidence"": 0.05, ""solver_risk"": 0.0, ""vpd_risk"": 0.0}",0,confidence_below_candidate_threshold,"[""confidence_below_candidate_threshold""]",True,628
0,0.05,"{""crash_warning_score"": 0.0, ""raw_confidence"": 0.05, ""solver_risk"": 0.0, ""vpd_risk"": 0.0}",0,confidence_below_candidate_threshold,"[""confidence_below_candidate_threshold""]",True,629
0,0.05,"{""crash_warning_score"": 0.0, ""raw_confidence"": 0.05, ""solver_risk"": 0.0, ""vpd_risk"": 0.0}",0,confidence_below_candidate_threshold,"[""confidence_below_candidate_threshold""]",True,630
0,0.05,"{""crash_warning_score"": 0.0, ""raw_confidence"": 0.05, ""solver_risk"": 0.0, ""vpd_risk"": 0.0}",0,confidence_below_candidate_threshold,"[""confidence_below_candidate_threshold""]",True,631
0,0.05,"{""crash_warning_score"": 0.0, ""raw_confidence"": 0.05, ""solver_risk"": 0.0, ""vpd_risk"": 0.0}",0,confidence_below_candidate_threshold,"[""confidence_below_candidate_threshold""]",True,632
0,0.05,"{""crash_warning_score"": 0.0, ""raw_confidence"": 0.05, ""solver_risk"": 0.0, ""vpd_risk"": 0.0}",0,confidence_below_candidate_threshold,"[""confidence_below_candidate_threshold""]",True,633
0,0.05,"{""crash_warning_score"": 0.0, ""raw_confidence"": 0.05, ""solver_risk"": 0.0, ""vpd_risk"": 0.0}",0,confidence_below_candidate_threshold,"[""confidence_below_candidate_threshold""]",True,634
0,0.05,"{""crash_warning_score"": 0.0, ""raw_confidence"": 0.05, ""solver_risk"": 0.0, ""vpd_risk"": 0.0}",0,confidence_below_candidate_threshold,"[""confidence_below_candidate_threshold""]",True,635
0,0.05,"{""crash_warning_score"": 0.0, ""raw_confidence"": 0.05, ""solver_risk"": 0.0, ""vpd_risk"": 0.0}",0,confidence_below_candidate_threshold,"[""confidence_below_candidate_threshold""]",True,636
0,0.05,"{""crash_warning_score"": 0.0, ""raw_confidence"": 0.05, ""solver_risk"": 0.0, ""vpd_risk"": 0.0}",0,confidence_below_candidate_threshold,"[""confidence_below_candidate_threshold""]",True,637
0,0.05,"{""crash_warning_score"": 0.0, ""raw_confidence"": 0.05, ""solver_risk"": 0.0, ""vpd_risk"": 0.0}",0,confidence_below_candidate_threshold,"[""confidence_below_candidate_threshold""]",True,638
0,0.05,"{""crash_warning_score"": 0.0, ""raw_confidence"": 0.05, ""solver_risk"": 0.0, ""vpd_risk"": 0.0}",0,confidence_below_candidate_threshold,"[""confidence_below_candidate_threshold""]",True,639
0,0.05,"{""crash_warning_score"": 0.0, ""raw_confidence"": 0.05, ""solver_risk"": 0.0, ""vpd_risk"": 0.0}",0,confidence_below_candidate_threshold,"[""confidence_below_candidate_threshold""]",True,640
0,0.05,"{""crash_warning_score"": 0.0, ""raw_confidence"": 0.05, ""solver_risk"": 0.0, ""vpd_risk"": 0.0}",0,confidence_below_candidate_threshold,"[""confidence_below_candidate_threshold""]",True,641
0,0.05,"{""crash_warning_score"": 0.0, ""raw_confidence"": 0.05, ""solver_risk"": 0.0, ""vpd_risk"": 0.0}",0,confidence_below_candidate_threshold,"[""confidence_below_candidate_threshold""]",True,642
0,0.05,"{""crash_warning_score"": 0.0, ""raw_confidence"": 0.05, ""solver_risk"": 0.0, ""vpd_risk"": 0.0}",0,confidence_below_candidate_threshold,"[""confidence_below_candidate_threshold""]",True,643
0,0.05,"{""crash_warning_score"": 0.0, ""raw_confidence"": 0.05, ""solver_risk"": 0.0, ""vpd_risk"": 0.0}",0,confidence_below_candidate_threshold,"[""confidence_below_candidate_threshold""]",True,644
0,0.05,"{""crash_warning_score"": 0.0, ""raw_confidence"": 0.05, ""solver_risk"": 0.0, ""vpd_risk"": 0.0}",0,confidence_below_candidate_threshold,"[""confidence_below_candidate_threshold""]",True,645
0,0.05,"{""crash_warning_score"": 0.0, ""raw_confidence"": 0.05, ""solver_risk"": 0.0, ""vpd_risk"": 0.0}",0,confidence_below_candidate_threshold,"[""confidence_below_candidate_threshold""]",True,646
0,0.05,"{""crash_warning_score"": 0.0, ""raw_confidence"": 0.05, ""solver_risk"": 0.0, ""vpd_risk"": 0.0}",0,confidence_below_candidate_threshold,"[""confidence_below_candidate_threshold""]",True,647
0,0.05,"{""crash_warning_score"": 0.0, ""raw_confidence"": 0.05, ""solver_risk"": 0.0, ""vpd_risk"": 0.0}",0,confidence_below_candidate_threshold,"[""confidence_below_candidate_threshold""]",True,648
0,0.05,"{""crash_warning_score"": 0.0, ""raw_confidence"": 0.05, ""solver_risk"": 0.0, ""vpd_risk"": 0.0}",0,confidence_below_candidate_threshold,"[""confidence_below_candidate_threshold""]",True,649
0,0.05,"{""crash_warning_score"": 0.0, ""raw_confidence"": 0.05, ""solver_risk"": 0.0, ""vpd_risk"": 0.0}",0,confidence_below_candidate_threshold,"[""confidence_below_candidate_threshold""]",True,650
0,0.05,"{""crash_warning_score"": 0.0, ""raw_confidence"": 0.05, ""solver_risk"": 0.0, ""vpd_risk"": 0.0}",0,confidence_below_candidate_threshold,"[""confidence_below_candidate_threshold""]",True,651
0,0.05,"{""crash_warning_score"": 0.0, ""raw_confidence"": 0.05, ""solver_risk"": 0.0, ""vpd_risk"": 0.0}",0,confidence_below_candidate_threshold,"[""confidence_below_candidate_threshold""]",True,652
0,0.05,"{""crash_warning_score"": 0.0, ""raw_confidence"": 0.05, ""solver_risk"": 0.0, ""vpd_risk"": 0.0}",0,confidence_below_candidate_threshold,"[""confidence_below_candidate_threshold""]",True,653
0,0.05,"{""crash_warning_score"": 0.0, ""raw_confidence"": 0.05, ""solver_risk"": 0.0, ""vpd_risk"": 0.0}",0,confidence_below_candidate_threshold,"[""confidence_below_candidate_threshold""]",True,654
0,0.05,"{""crash_warning_score"": 0.0, ""raw_confidence"": 0.05, ""solver_risk"": 0.0, ""vpd_risk"": 0.0}",0,confidence_below_candidate_threshold,"[""confidence_below_candidate_threshold""]",True,655
0,0.05,"{""crash_warning_score"": 0.0, ""raw_confidence"": 0.05, ""solver_risk"": 0.0, ""vpd_risk"": 0.0}",0,confidence_below_candidate_threshold,"[""confidence_below_candidate_threshold""]",True,656
0,0.05,"{""crash_warning_score"": 0.0, ""raw_confidence"": 0.05, ""solver_risk"": 0.0, ""vpd_risk"": 0.0}",0,confidence_below_candidate_threshold,"[""confidence_below_candidate_threshold""]",True,657
0,0.05,"{""crash_warning_score"": 0.0, ""raw_confidence"": 0.05, ""solver_risk"": 0.0, ""vpd_risk"": 0.0}",0,confidence_below_candidate_threshold,"[""confidence_below_candidate_threshold""]",True,658
0,0.05,"{""crash_warning_score"": 0.0, ""raw_confidence"": 0.05, ""solver_risk"": 0.0, ""vpd_risk"": 0.0}",0,confidence_below_candidate_threshold,"[""confidence_below_candidate_threshold""]",True,659
0,0.05,"{""crash_warning_score"": 0.0, ""raw_confidence"": 0.05, ""solver_risk"": 0.0, ""vpd_risk"": 0.0}",0,confidence_below_candidate_threshold,"[""confidence_below_candidate_threshold""]",True,660
0,0.05,"{""crash_warning_score"": 0.0, ""raw_confidence"": 0.05, ""solver_risk"": 0.0, ""vpd_risk"": 0.0}",0,confidence_below_candidate_threshold,"[""confidence_below_candidate_threshold""]",True,661
0,0.05,"{""crash_warning_score"": 0.0, ""raw_confidence"": 0.05, ""solver_risk"": 0.0, ""vpd_risk"": 0.0}",0,confidence_below_candidate_threshold,"[""confidence_below_candidate_threshold""]",True,662
0,0.05,"{""crash_warning_score"": 0.0, ""raw_confidence"": 0.05, ""solver_risk"": 0.0, ""vpd_risk"": 0.0}",0,confidence_below_candidate_threshold,"[""confidence_below_candidate_threshold""]",True,663
0,0.05,"{""crash_warning_score"": 0.0, ""raw_confidence"": 0.05, ""solver_risk"": 0.0, ""vpd_risk"": 0.0}",0,confidence_below_candidate_threshold,"[""confidence_below_candidate_threshold""]",True,664
0,0.05,"{""crash_warning_score"": 0.0, ""raw_confidence"": 0.05, ""solver_risk"": 0.0, ""vpd_risk"": 0.0}",0,confidence_below_candidate_threshold,"[""confidence_below_candidate_threshold""]",True,665
0,0.05,"{""crash_warning_score"": 0.0, ""raw_confidence"": 0.05, ""solver_risk"": 0.0, ""vpd_risk"": 0.0}",0,confidence_below_candidate_threshold,"[""confidence_below_candidate_threshold""]",True,666
0,0.05,"{""crash_warning_score"": 0.0, ""raw_confidence"": 0.05, ""solver_risk"": 0.0, ""vpd_risk"": 0.0}",0,confidence_below_candidate_threshold,"[""confidence_below_candidate_threshold""]",True,667
0,0.05,"{""crash_warning_score"": 0.0, ""raw_confidence"": 0.05, ""solver_risk"": 0.0, ""vpd_risk"": 0.0}",0,confidence_below_candidate_threshold,"[""confidence_below_candidate_threshold""]",True,668
0,0.05,"{""crash_warning_score"": 0.0, ""raw_confidence"": 0.05, ""solver_risk"": 0.0, ""vpd_risk"": 0.0}",0,confidence_below_candidate_threshold,"[""confidence_below_candidate_threshold""]",True,669
0,0.05,"{""crash_warning_score"": 0.0, ""raw_confidence"": 0.05, ""solver_risk"": 0.0, ""vpd_risk"": 0.0}",0,confidence_below_candidate_threshold,"[""confidence_below_candidate_threshold""]",True,670
0,0.05,"{""crash_warning_score"": 0.0, ""raw_confidence"": 0.05, ""solver_risk"": 0.0, ""vpd_risk"": 0.0}",0,confidence_below_candidate_threshold,"[""confidence_below_candidate_threshold""]",True,671
0,0.05,"{""crash_warning_score"": 0.0, ""raw_confidence"": 0.05, ""solver_risk"": 0.0, ""vpd_risk"": 0.0}",0,confidence_below_candidate_threshold,"[""confidence_below_candidate_threshold""]",True,672
0,0.05,"{""crash_warning_score"": 0.0, ""raw_confidence"": 0.05, ""solver_risk"": 0.0, ""vpd_risk"": 0.0}",0,confidence_below_candidate_threshold,"[""confidence_below_candidate_threshold""]",True,673
0,0.05,"{""crash_warning_score"": 0.0, ""raw_confidence"": 0.05, ""solver_risk"": 0.0, ""vpd_risk"": 0.0}",0,confidence_below_candidate_threshold,"[""confidence_below_candidate_threshold""]",True,674
0,0.05,"{""crash_warning_score"": 0.0, ""raw_confidence"": 0.05, ""solver_risk"": 0.0, ""vpd_risk"": 0.0}",0,confidence_below_candidate_threshold,"[""confidence_below_candidate_threshold""]",True,675
0,0.05,"{""crash_warning_score"": 0.0, ""raw_confidence"": 0.05, ""solver_risk"": 0.0, ""vpd_risk"": 0.0}",0,confidence_below_candidate_threshold,"[""confidence_below_candidate_threshold""]",True,676
0,0.05,"{""crash_warning_score"": 0.0, ""raw_confidence"": 0.05, ""solver_risk"": 0.0, ""vpd_risk"": 0.0}",0,confidence_below_candidate_threshold,"[""confidence_below_candidate_threshold""]",True,677
0,0.05,"{""crash_warning_score"": 0.0, ""raw_confidence"": 0.05, ""solver_risk"": 0.0, ""vpd_risk"": 0.0}",0,confidence_below_candidate_threshold,"[""confidence_below_candidate_threshold""]",True,678
0,0.05,"{""crash_warning_score"": 0.0, ""raw_confidence"": 0.05, ""solver_risk"": 0.0, ""vpd_risk"": 0.0}",0,confidence_below_candidate_threshold,"[""confidence_below_candidate_threshold""]",True,679
0,0.05,"{""crash_warning_score"": 0.0, ""raw_confidence"": 0.05, ""solver_risk"": 0.0, ""vpd_risk"": 0.0}",0,confidence_below_candidate_threshold,"[""confidence_below_candidate_threshold""]",True,680
0,0.05,"{""crash_warning_score"": 0.0, ""raw_confidence"": 0.05, ""solver_risk"": 0.0, ""vpd_risk"": 0.0}",0,confidence_below_candidate_threshold,"[""confidence_below_candidate_threshold""]",True,681
0,0.05,"{""crash_warning_score"": 0.0, ""raw_confidence"": 0.05, ""solver_risk"": 0.0, ""vpd_risk"": 0.0}",0,confidence_below_candidate_threshold,"[""confidence_below_candidate_threshold""]",True,682
0,0.05,"{""crash_warning_score"": 0.0, ""raw_confidence"": 0.05, ""solver_risk"": 0.0, ""vpd_risk"": 0.0}",0,confidence_below_candidate_threshold,"[""confidence_below_candidate_threshold""]",True,683
0,0.05,"{""crash_warning_score"": 0.0, ""raw_confidence"": 0.05, ""solver_risk"": 0.0, ""vpd_risk"": 0.0}",0,confidence_below_candidate_threshold,"[""confidence_below_candidate_threshold"", ""risk_trigger_missing_or_low""]",False,684
0,0.05,"{""crash_warning_score"": 0.0, ""raw_confidence"": 0.05, ""solver_risk"": 0.0, ""vpd_risk"": 0.0}",0,confidence_below_candidate_threshold,"[""confidence_below_candidate_threshold"", ""risk_trigger_missing_or_low""]",False,685
0,0.05,"{""crash_warning_score"": 0.0, ""raw_confidence"": 0.05, ""solver_risk"": 0.0, ""vpd_risk"": 0.0}",0,confidence_below_candidate_threshold,"[""confidence_below_candidate_threshold"", ""risk_trigger_missing_or_low""]",False,686
0,0.05,"{""crash_warning_score"": 0.0, ""raw_confidence"": 0.05, ""solver_risk"": 0.0, ""vpd_risk"": 0.0}",0,confidence_below_candidate_threshold,"[""confidence_below_candidate_threshold"", ""risk_trigger_missing_or_low""]",False,687
0,0.05,"{""crash_warning_score"": 0.0, ""raw_confidence"": 0.05, ""solver_risk"": 0.0, ""vpd_risk"": 0.0}",0,confidence_below_candidate_threshold,"[""confidence_below_candidate_threshold""]",True,688
0,0.05,"{""crash_warning_score"": 0.0, ""raw_confidence"": 0.05, ""solver_risk"": 0.0, ""vpd_risk"": 0.0}",0,confidence_below_candidate_threshold,"[""confidence_below_candidate_threshold""]",True,689
0,0.05,"{""crash_warning_score"": 0.0, ""raw_confidence"": 0.05, ""solver_risk"": 0.0, ""vpd_risk"": 0.0}",0,confidence_below_candidate_threshold,"[""confidence_below_candidate_threshold""]",True,690
0,0.05,"{""crash_warning_score"": 0.0, ""raw_confidence"": 0.05, ""solver_risk"": 0.0, ""vpd_risk"": 0.0}",0,confidence_below_candidate_threshold,"[""confidence_below_candidate_threshold""]",True,691
0,0.05,"{""crash_warning_score"": 0.0, ""raw_confidence"": 0.05, ""solver_risk"": 0.0, ""vpd_risk"": 0.0}",0,confidence_below_candidate_threshold,"[""confidence_below_candidate_threshold""]",True,692
0,0.05,"{""crash_warning_score"": 0.0, ""raw_confidence"": 0.05, ""solver_risk"": 0.0, ""vpd_risk"": 0.0}",0,confidence_below_candidate_threshold,"[""confidence_below_candidate_threshold""]",True,693
0,0.05,"{""crash_warning_score"": 0.0, ""raw_confidence"": 0.05, ""solver_risk"": 0.0, ""vpd_risk"": 0.0}",0,confidence_below_candidate_threshold,"[""confidence_below_candidate_threshold"", ""risk_trigger_missing_or_low""]",False,694
0,0.05,"{""crash_warning_score"": 0.0, ""raw_confidence"": 0.05, ""solver_risk"": 0.0, ""vpd_risk"": 0.0}",0,confidence_below_candidate_threshold,"[""confidence_below_candidate_threshold"", ""risk_trigger_missing_or_low""]",False,695
0,0.05,"{""crash_warning_score"": 0.0, ""raw_confidence"": 0.05, ""solver_risk"": 0.0, ""vpd_risk"": 0.0}",0,confidence_below_candidate_threshold,"[""confidence_below_candidate_threshold"", ""risk_trigger_missing_or_low""]",False,696
0,0.05,"{""crash_warning_score"": 0.0, ""raw_confidence"": 0.05, ""solver_risk"": 0.0, ""vpd_risk"": 0.0}",0,confidence_below_candidate_threshold,"[""confidence_below_candidate_threshold"", ""risk_trigger_missing_or_low""]",False,697
0,0.05,"{""crash_warning_score"": 0.0, ""raw_confidence"": 0.05, ""solver_risk"": 0.0, ""vpd_risk"": 0.0}",0,confidence_below_candidate_threshold,"[""confidence_below_candidate_threshold"", ""risk_trigger_missing_or_low""]",False,698
0,0.05,"{""crash_warning_score"": 0.0, ""raw_confidence"": 0.05, ""solver_risk"": 0.0, ""vpd_risk"": 0.0}",0,confidence_below_candidate_threshold,"[""confidence_below_candidate_threshold"", ""risk_trigger_missing_or_low""]",False,699
0,0.05,"{""crash_warning_score"": 0.0, ""raw_confidence"": 0.05, ""solver_risk"": 0.0, ""vpd_risk"": 0.0}",0,confidence_below_candidate_threshold,"[""confidence_below_candidate_threshold"", ""risk_trigger_missing_or_low""]",False,700
0,0.05,"{""crash_warning_score"": 0.0, ""raw_confidence"": 0.05, ""solver_risk"": 0.0, ""vpd_risk"": 0.0}",0,confidence_below_candidate_threshold,"[""confidence_below_candidate_threshold"", ""risk_trigger_missing_or_low""]",False,701
0,0.05,"{""crash_warning_score"": 0.0, ""raw_confidence"": 0.05, ""solver_risk"": 0.0, ""vpd_risk"": 0.0}",0,confidence_below_candidate_threshold,"[""confidence_below_candidate_threshold"", ""risk_trigger_missing_or_low""]",False,702
0,0.05,"{""crash_warning_score"": 0.0, ""raw_confidence"": 0.05, ""solver_risk"": 0.0, ""vpd_risk"": 0.0}",0,confidence_below_candidate_threshold,"[""confidence_below_candidate_threshold"", ""risk_trigger_missing_or_low""]",False,703
0,0.05,"{""crash_warning_score"": 0.0, ""raw_confidence"": 0.05, ""solver_risk"": 0.0, ""vpd_risk"": 0.0}",0,confidence_below_candidate_threshold,"[""confidence_below_candidate_threshold"", ""risk_trigger_missing_or_low""]",False,704
0,0.05,"{""crash_warning_score"": 0.0, ""raw_confidence"": 0.05, ""solver_risk"": 0.0, ""vpd_risk"": 0.0}",0,confidence_below_candidate_threshold,"[""confidence_below_candidate_threshold"", ""risk_trigger_missing_or_low""]",False,705
0,0.05,"{""crash_warning_score"": 0.0, ""raw_confidence"": 0.05, ""solver_risk"": 0.0, ""vpd_risk"": 0.0}",0,confidence_below_candidate_threshold,"[""confidence_below_candidate_threshold"", ""risk_trigger_missing_or_low""]",False,706
0,0.05,"{""crash_warning_score"": 0.0, ""raw_confidence"": 0.05, ""solver_risk"": 0.0, ""vpd_risk"": 0.0}",0,confidence_below_candidate_threshold,"[""confidence_below_candidate_threshold"", ""risk_trigger_missing_or_low""]",False,707
0,0.05,"{""crash_warning_score"": 0.0, ""raw_confidence"": 0.05, ""solver_risk"": 0.0, ""vpd_risk"": 0.0}",0,confidence_below_candidate_threshold,"[""confidence_below_candidate_threshold"", ""risk_trigger_missing_or_low""]",False,708
0,0.05,"{""crash_warning_score"": 0.0, ""raw_confidence"": 0.05, ""solver_risk"": 0.0, ""vpd_risk"": 0.0}",0,confidence_below_candidate_threshold,"[""confidence_below_candidate_threshold"", ""risk_trigger_missing_or_low""]",False,709
0,0.05,"{""crash_warning_score"": 0.0, ""raw_confidence"": 0.05, ""solver_risk"": 0.0, ""vpd_risk"": 0.0}",0,confidence_below_candidate_threshold,"[""confidence_below_candidate_threshold"", ""risk_trigger_missing_or_low""]",False,710
0,0.05,"{""crash_warning_score"": 0.0, ""raw_confidence"": 0.05, ""solver_risk"": 0.0, ""vpd_risk"": 0.0}",0,confidence_below_candidate_threshold,"[""confidence_below_candidate_threshold"", ""risk_trigger_missing_or_low""]",False,711
0,0.05,"{""crash_warning_score"": 0.0, ""raw_confidence"": 0.05, ""solver_risk"": 0.0, ""vpd_risk"": 0.0}",0,confidence_below_candidate_threshold,"[""confidence_below_candidate_threshold"", ""risk_trigger_missing_or_low""]",False,712
0,0.05,"{""crash_warning_score"": 0.0, ""raw_confidence"": 0.05, ""solver_risk"": 0.0, ""vpd_risk"": 0.0}",0,confidence_below_candidate_threshold,"[""confidence_below_candidate_threshold"", ""risk_trigger_missing_or_low""]",False,713
0,0.05,"{""crash_warning_score"": 0.0, ""raw_confidence"": 0.05, ""solver_risk"": 0.0, ""vpd_risk"": 0.0}",0,confidence_below_candidate_threshold,"[""confidence_below_candidate_threshold"", ""risk_trigger_missing_or_low""]",False,714
0,0.05,"{""crash_warning_score"": 0.0, ""raw_confidence"": 0.05, ""solver_risk"": 0.0, ""vpd_risk"": 0.0}",0,confidence_below_candidate_threshold,"[""confidence_below_candidate_threshold"", ""risk_trigger_missing_or_low""]",False,715
0,0.05,"{""crash_warning_score"": 0.0, ""raw_confidence"": 0.05, ""solver_risk"": 0.0, ""vpd_risk"": 0.0}",0,confidence_below_candidate_threshold,"[""confidence_below_candidate_threshold"", ""risk_trigger_missing_or_low""]",False,716
0,0.05,"{""crash_warning_score"": 0.0, ""raw_confidence"": 0.05, ""solver_risk"": 0.0, ""vpd_risk"": 0.0}",0,confidence_below_candidate_threshold,"[""confidence_below_candidate_threshold"", ""risk_trigger_missing_or_low""]",False,717
0,0.05,"{""crash_warning_score"": 0.0, ""raw_confidence"": 0.05, ""solver_risk"": 0.0, ""vpd_risk"": 0.0}",0,confidence_below_candidate_threshold,"[""confidence_below_candidate_threshold"", ""risk_trigger_missing_or_low""]",False,718
0,0.05,"{""crash_warning_score"": 0.0, ""raw_confidence"": 0.05, ""solver_risk"": 0.0, ""vpd_risk"": 0.0}",0,confidence_below_candidate_threshold,"[""confidence_below_candidate_threshold"", ""risk_trigger_missing_or_low""]",False,719
